{
  "type": "FeatureCollection",
  "features": [
    {
      "type": "Feature",
      "id": "06001",
      "properties": {
        "county_id": "06001",
        "county_label": "Alameda County",
        "state_name": "California",
        "state_fips": "06"
      },
      "geometry": {
        "type": "Polygon",
        "coordinates": [
          [
            [-122.342253, 37.805558],
            [-122.296618, 37.828465],
            [-122.315913, 37.836812],
            [-122.299233, 37.840479],
            [-122.301372, 37.855493],
            [-122.316944, 37.858809],
            [-122.325193, 37.874276],
            [-122.308502, 37.87088],
            [-122.326912, 37.892492],
            [-122.27108, 37.905824],
            [-122.22362, 37.878566],
            [-122.185577, 37.820726],
            [-122.045473, 37.798126],
            [-121.997411, 37.76336],
            [-122.011771, 37.747428],
            [-121.96004, 37.718531],
            [-121.556997, 37.816488],
            [-121.556655, 37.542732],
            [-121.501475, 37.525003],
            [-121.471925, 37.481783],
            [-121.865267, 37.484637],
            [-121.925041, 37.454186],
            [-121.944914, 37.469163],
            [-122.040872722043, 37.4628633674882],
            [-122.055541, 37.49523],
            [-122.10942, 37.500254],
            [-122.167587, 37.677178],
            [-122.204161, 37.711603],
            [-122.214744, 37.699247],
            [-122.252172, 37.724952],
            [-122.261679, 37.743373],
            [-122.243947, 37.751779],
            [-122.328024583922, 37.7813728248168],
            [-122.34151, 37.804158],
            [-122.342253, 37.805558]
          ]
        ]
      }
    },
    {
      "type": "Feature",
      "id": "06081",
      "properties": {
        "county_id": "06081",
        "county_label": "San Mateo County",
        "state_name": "California",
        "state_fips": "06"
      },
      "geometry": {
        "type": "Polygon",
        "coordinates": [
          [
            [-122.520852, 37.594178],
            [-122.496786, 37.612136],
            [-122.502426880724, 37.7081329861058],
            [-122.39337898114, 37.7082675699903],
            [-122.374291, 37.662206],
            [-122.389313, 37.640193],
            [-122.355627, 37.615293],
            [-122.378545, 37.605592],
            [-122.262868, 37.573914],
            [-122.162091, 37.500222],
            [-122.127706, 37.500053],
            [-122.121772, 37.454241],
            [-122.162695, 37.453844],
            [-122.190506, 37.430956],
            [-122.202591, 37.36272],
            [-122.175075, 37.325741],
            [-122.193062, 37.318277],
            [-122.15257, 37.28822],
            [-122.152774, 37.215444],
            [-122.242573, 37.215134],
            [-122.24266, 37.190035],
            [-122.317682, 37.186945],
            [-122.289382, 37.113472],
            [-122.337071, 37.117382],
            [-122.367085, 37.172817],
            [-122.405073, 37.195791],
            [-122.419113, 37.24147],
            [-122.40085, 37.359225],
            [-122.459577, 37.492731],
            [-122.493789, 37.492341],
            [-122.516689, 37.52134],
            [-122.517187, 37.590637],
            [-122.520852, 37.594178]
          ]
        ]
      }
    },
    {
      "type": "Feature",
      "id": "06065",
      "properties": {
        "county_id": "06065",
        "county_label": "Riverside County",
        "state_name": "California",
        "state_fips": "06"
      },
      "geometry": {
        "type": "Polygon",
        "coordinates": [
          [
            [-117.676684, 33.888734],
            [-117.654885, 33.888815],
            [-117.655386, 33.925114],
            [-117.610947, 33.925114],
            [-117.610386, 33.971614],
            [-117.558377, 33.98842],
            [-117.558312, 34.033451],
            [-117.375278, 34.033875],
            [-117.375416, 34.019399],
            [-117.225373, 34.018715],
            [-117.225372, 34.004314],
            [-116.929537, 34.004914],
            [-116.929558, 34.034113],
            [-115.316212, 34.03411],
            [-115.316065, 34.077843],
            [-114.435429, 34.079727],
            [-114.438266, 34.022609],
            [-114.535478, 33.934651],
            [-114.50792, 33.903807],
            [-114.525872, 33.901008],
            [-114.503017, 33.867998],
            [-114.530607, 33.85544],
            [-114.52805, 33.814963],
            [-114.494197, 33.707922],
            [-114.531523, 33.675108],
            [-114.514057, 33.660179],
            [-114.533194, 33.65166],
            [-114.522071, 33.611277],
            [-114.540617, 33.591412],
            [-114.524599, 33.552231],
            [-114.591554, 33.499443],
            [-114.627125, 33.433554],
            [-117.241271, 33.431993],
            [-117.242167, 33.449015],
            [-117.370925, 33.490549],
            [-117.364272, 33.505025],
            [-117.509722, 33.505019],
            [-117.51021, 33.533999],
            [-117.413314, 33.659302],
            [-117.474573, 33.703811],
            [-117.533999, 33.710355],
            [-117.536448, 33.757665],
            [-117.580136, 33.767988],
            [-117.674282, 33.857956],
            [-117.675478, 33.888119],
            [-117.676684, 33.888734]
          ]
        ]
      }
    },
    {
      "type": "Feature",
      "id": "06095",
      "properties": {
        "county_id": "06095",
        "county_label": "Solano County",
        "state_name": "California",
        "state_fips": "06"
      },
      "geometry": {
        "type": "Polygon",
        "coordinates": [
          [
            [-122.403475, 38.155465],
            [-122.19538, 38.155017],
            [-122.21508, 38.179717],
            [-122.193374, 38.221215],
            [-122.212481, 38.248715],
            [-122.193281, 38.256415],
            [-122.216482, 38.266015],
            [-122.188381, 38.271614],
            [-122.205982, 38.315713],
            [-122.064779, 38.315912],
            [-122.061379, 38.327411],
            [-122.126389, 38.428918],
            [-122.103281, 38.513348],
            [-122.057415, 38.517441],
            [-122.013377, 38.488721],
            [-121.940285, 38.533384],
            [-121.86012, 38.538512],
            [-121.785811, 38.523074],
            [-121.712034, 38.537962],
            [-121.694677, 38.527054],
            [-121.693697, 38.313732],
            [-121.593273, 38.313089],
            [-121.612102, 38.200068],
            [-121.685586, 38.159705],
            [-121.713926, 38.084542],
            [-121.743164, 38.087229],
            [-121.801643, 38.059503],
            [-121.843228, 38.076655],
            [-121.901171, 38.045361],
            [-121.97744, 38.06684],
            [-122.061103, 38.062137],
            [-122.148577, 38.031721],
            [-122.183863, 38.053997],
            [-122.269666188168, 38.0603362895779],
            [-122.302557, 38.103248],
            [-122.406786, 38.155632],
            [-122.403475, 38.155465]
          ]
        ]
      }
    },
    {
      "type": "Feature",
      "id": "06103",
      "properties": {
        "county_id": "06103",
        "county_label": "Tehama County",
        "state_name": "California",
        "state_fips": "06"
      },
      "geometry": {
        "type": "Polygon",
        "coordinates": [
          [
            [-123.065426, 40.286971],
            [-122.976548, 40.315162],
            [-122.918213, 40.306846],
            [-122.875704, 40.347841],
            [-122.749393, 40.365522],
            [-122.731895, 40.347091],
            [-122.651341, 40.328288],
            [-122.524566, 40.394477],
            [-122.445021, 40.373398],
            [-122.310412, 40.371064],
            [-122.227155, 40.38931],
            [-122.199173, 40.377943],
            [-122.193557, 40.392311],
            [-122.173092, 40.379052],
            [-122.182918, 40.392501],
            [-122.00994, 40.426767],
            [-121.900652, 40.421014],
            [-121.850984, 40.442601],
            [-121.734895, 40.435689],
            [-121.685877, 40.45313],
            [-121.593086, 40.431126],
            [-121.565132, 40.445797],
            [-121.50108, 40.445746],
            [-121.473806, 40.424641],
            [-121.484278, 40.396559],
            [-121.47242, 40.35162],
            [-121.380383, 40.340288],
            [-121.342264, 40.309751],
            [-121.3768, 40.297989],
            [-121.349367, 40.273418],
            [-121.365348, 40.216708],
            [-121.407356, 40.191404],
            [-121.44237, 40.192913],
            [-121.436886, 40.151905],
            [-121.452898, 40.122125],
            [-121.595551, 40.09346],
            [-121.595647, 40.057714],
            [-121.636174, 40.02581],
            [-121.646032, 39.982527],
            [-121.703241, 39.98423],
            [-121.776224, 39.888858],
            [-122.044865, 39.883771],
            [-122.069431, 39.84053],
            [-122.046471, 39.797648],
            [-122.937654, 39.798156],
            [-122.959947, 39.845022],
            [-122.950964, 39.906108],
            [-122.909787, 39.936385],
            [-122.951671, 39.998271],
            [-122.948886, 40.049745],
            [-122.973222, 40.077553],
            [-122.961441, 40.089754],
            [-122.968525, 40.138763],
            [-122.989407, 40.144906],
            [-122.970064, 40.186306],
            [-122.976774, 40.238899],
            [-123.066009, 40.285688],
            [-123.065426, 40.286971]
          ]
        ]
      }
    },
    {
      "type": "Feature",
      "id": "06111",
      "properties": {
        "county_id": "06111",
        "county_label": "Ventura County",
        "state_name": "California",
        "state_fips": "06"
      },
      "geometry": {
        "type": "MultiPolygon",
        "coordinates": [
          [
            [
              [-119.374486, 34.014151],
              [-119.357658, 34.015985],
              [-119.37407, 34.012817],
              [-119.374486, 34.014151]
            ]
          ],
          [
            [
              [-119.441999, 34.013551],
              [-119.379935, 34.010773],
              [-119.441478, 34.012732],
              [-119.441999, 34.013551]
            ]
          ],
          [
            [
              [-119.477837, 34.379417],
              [-119.447372, 34.401709],
              [-119.453423, 34.42861],
              [-119.440414, 34.441842],
              [-119.443691, 34.901171],
              [-119.383705, 34.900817],
              [-119.381854, 34.87399],
              [-119.276435, 34.872481],
              [-119.277245, 34.857284],
              [-119.242581, 34.857598],
              [-119.242534, 34.814323],
              [-118.977926, 34.811714],
              [-118.978022, 34.789809],
              [-118.880405, 34.788655],
              [-118.636789, 34.291804],
              [-118.632494, 34.240391],
              [-118.667714, 34.240345],
              [-118.668152, 34.168195],
              [-118.788889, 34.168214],
              [-118.940965, 34.07483],
              [-118.944593638436, 34.0458150893772],
              [-119.085994, 34.099266],
              [-119.129252, 34.10084],
              [-119.216441, 34.146105],
              [-119.278644, 34.266902],
              [-119.478273, 34.377258],
              [-119.477837, 34.379417]
            ]
          ],
          [
            [
              [-119.577271, 33.278582],
              [-119.528778, 33.285417],
              [-119.465429, 33.25925],
              [-119.438882, 33.220095],
              [-119.546212, 33.232561],
              [-119.578843, 33.278193],
              [-119.577271, 33.278582]
            ]
          ]
        ]
      }
    },
    {
      "type": "Feature",
      "id": "06083",
      "properties": {
        "county_id": "06083",
        "county_label": "Santa Barbara County",
        "state_name": "California",
        "state_fips": "06"
      },
      "geometry": {
        "type": "MultiPolygon",
        "coordinates": [
          [
            [
              [-119.047038, 33.483819],
              [-119.028501, 33.487425],
              [-119.031095, 33.468576],
              [-119.048091, 33.482062],
              [-119.047038, 33.483819]
            ]
          ],
          [
            [
              [-119.929889, 34.059734],
              [-119.912857, 34.077508],
              [-119.818742, 34.052997],
              [-119.759428, 34.058835],
              [-119.686507, 34.019805],
              [-119.637742, 34.013178],
              [-119.584301, 34.053643],
              [-119.529603, 34.041155],
              [-119.52177, 34.032247],
              [-119.560464, 33.99553],
              [-119.662825, 33.985889],
              [-119.721206, 33.959583],
              [-119.818249, 33.959858],
              [-119.873358, 33.980375],
              [-119.887, 34.008584],
              [-119.876329, 34.032087],
              [-119.926544, 34.057399],
              [-119.929889, 34.059734]
            ]
          ],
          [
            [
              [-120.249536, 34.002477],
              [-120.167306, 34.008219],
              [-120.140362, 34.025974],
              [-120.090182, 34.019806],
              [-120.055107, 34.037729],
              [-120.043259, 34.035806],
              [-120.041311, 33.994507],
              [-119.97902, 33.981207],
              [-119.968636, 33.942878],
              [-120.115885, 33.894361],
              [-120.180417, 33.925103],
              [-120.222106, 33.987559],
              [-120.248484, 33.999329],
              [-120.249536, 34.002477]
            ]
          ],
          [
            [
              [-120.450064, 34.034194],
              [-120.390906, 34.051994],
              [-120.368278, 34.076465],
              [-120.358608, 34.050235],
              [-120.331161, 34.049097],
              [-120.307219, 34.022375],
              [-120.454134, 34.028081],
              [-120.450064, 34.034194]
            ]
          ],
          [
            [
              [-120.670835, 34.904115],
              [-120.649338482465, 34.9747100117234],
              [-120.634144, 34.959562],
              [-120.496222, 34.993155],
              [-120.435959, 34.986928],
              [-120.301827, 34.905571],
              [-120.294548, 34.946594],
              [-120.333416, 34.994756],
              [-120.323823, 35.017314],
              [-120.278619, 35.01156],
              [-120.249988, 35.030059],
              [-120.209907, 35.020582],
              [-120.180504, 35.038035],
              [-120.1743, 35.070574],
              [-120.142918, 35.082216],
              [-120.143368, 35.095564],
              [-120.082084, 35.114678],
              [-119.980122, 35.057573],
              [-119.928419, 35.059794],
              [-119.901968, 35.035793],
              [-119.854517, 35.032149],
              [-119.789292, 34.98867],
              [-119.673563, 34.973575],
              [-119.61502, 34.950351],
              [-119.535972, 34.89772],
              [-119.443691, 34.901171],
              [-119.447372, 34.401709],
              [-119.47863, 34.373275],
              [-119.606513, 34.420445],
              [-119.688167, 34.412497],
              [-119.709067, 34.395397],
              [-119.793567, 34.418289],
              [-119.878293, 34.407289],
              [-120.008077, 34.460447],
              [-120.141165, 34.473405],
              [-120.471376, 34.447846],
              [-120.511421, 34.522953],
              [-120.581293, 34.556959],
              [-120.622575, 34.554017],
              [-120.64924, 34.576707],
              [-120.60045, 34.70464],
              [-120.637415, 34.755895],
              [-120.610266, 34.85818],
              [-120.647328, 34.901133],
              [-120.672269, 34.90254],
              [-120.670835, 34.904115]
            ]
          ]
        ]
      }
    },
    {
      "type": "Feature",
      "id": "36081",
      "properties": {
        "county_id": "36081",
        "county_label": "Queens County",
        "state_name": "New York",
        "state_fips": "36"
      },
      "geometry": {
        "type": "Polygon",
        "coordinates": [
          [
            [-73.96262, 40.739033],
            [-73.912456, 40.796096],
            [-73.873088, 40.785855],
            [-73.817418, 40.80579],
            [-73.793879, 40.789013],
            [-73.775558, 40.795613],
            [-73.756221, 40.766364],
            [-73.750295, 40.782478],
            [-73.70036, 40.741031],
            [-73.730326, 40.722157],
            [-73.724984, 40.652678],
            [-73.768761, 40.624352],
            [-73.737185, 40.592965],
            [-73.937988, 40.543737],
            [-73.935379, 40.557387],
            [-73.849852, 40.588669],
            [-73.833041, 40.628261],
            [-73.854938, 40.64265],
            [-73.868917, 40.69515],
            [-73.896518, 40.682397],
            [-73.929058, 40.727688],
            [-73.962478, 40.736802],
            [-73.96262, 40.739033]
          ]
        ]
      }
    },
    {
      "type": "Feature",
      "id": "06093",
      "properties": {
        "county_id": "06093",
        "county_label": "Siskiyou County",
        "state_name": "California",
        "state_fips": "06"
      },
      "geometry": {
        "type": "Polygon",
        "coordinates": [
          [
            [-123.718448, 41.597965],
            [-123.69664, 41.633863],
            [-123.680444, 41.633957],
            [-123.689583, 41.669434],
            [-123.660205, 41.714055],
            [-123.68834, 41.781221],
            [-123.672701, 41.79595],
            [-123.703768, 41.829117],
            [-123.67078, 41.835432],
            [-123.642812, 41.889353],
            [-123.606301, 41.880773],
            [-123.59363, 41.90589],
            [-123.559492, 41.905968],
            [-123.533251, 41.955169],
            [-123.540934, 41.985313],
            [-123.517910995163, 42.0007581373596],
            [-122.378511, 42.009485],
            [-121.447537949131, 41.9974692924328],
            [-121.446495, 41.183484],
            [-122.498376, 41.182675],
            [-122.522636, 41.213525],
            [-122.508247, 41.245288],
            [-122.51397, 41.280152],
            [-122.50192, 41.309113],
            [-122.478771, 41.320085],
            [-122.572326, 41.368025],
            [-122.590808, 41.32591],
            [-122.642128, 41.326608],
            [-122.652876, 41.289735],
            [-122.711957, 41.27479],
            [-122.726819, 41.246386],
            [-122.777012, 41.230841],
            [-122.802109, 41.203048],
            [-122.885921, 41.205142],
            [-122.929171, 41.178691],
            [-122.961347, 41.181525],
            [-122.95174, 41.151045],
            [-122.97097, 41.09016],
            [-122.923328, 41.071952],
            [-122.901522, 41.014646],
            [-122.934978, 40.992433],
            [-122.980131, 41.014314],
            [-123.037118, 41.004176],
            [-123.055385, 41.046721],
            [-123.109333, 41.075459],
            [-123.23948, 41.075763],
            [-123.295065, 41.14065],
            [-123.353237, 41.163054],
            [-123.381192, 41.15129],
            [-123.455307, 41.236537],
            [-123.443814, 41.273234],
            [-123.463089, 41.28555],
            [-123.459592, 41.310239],
            [-123.48251, 41.35365],
            [-123.474085, 41.366193],
            [-123.489411, 41.37767],
            [-123.661363, 41.38209],
            [-123.611627, 41.461571],
            [-123.637771, 41.482382],
            [-123.648046, 41.535024],
            [-123.693887, 41.551858],
            [-123.682203, 41.594561],
            [-123.719089, 41.595258],
            [-123.718448, 41.597965]
          ]
        ]
      }
    },
    {
      "type": "Feature",
      "id": "06115",
      "properties": {
        "county_id": "06115",
        "county_label": "Yuba County",
        "state_name": "California",
        "state_fips": "06"
      },
      "geometry": {
        "type": "Polygon",
        "coordinates": [
          [
            [-121.636314, 39.249413],
            [-121.611177, 39.31928],
            [-121.56314, 39.305006],
            [-121.497206, 39.314374],
            [-121.474964, 39.333341],
            [-121.407527, 39.339754],
            [-121.372901, 39.36459],
            [-121.363493, 39.403297],
            [-121.334071, 39.425802],
            [-121.345139, 39.452567],
            [-121.314787, 39.475899],
            [-121.305122, 39.519585],
            [-121.159296, 39.519595],
            [-121.141213, 39.562278],
            [-121.10697, 39.567191],
            [-121.107465, 39.585275],
            [-121.079543, 39.585263],
            [-121.009477, 39.639459],
            [-121.024383, 39.559049],
            [-121.058203, 39.537043],
            [-121.0344, 39.514436],
            [-121.022085, 39.391558],
            [-121.128007, 39.379752],
            [-121.157533, 39.332467],
            [-121.195619, 39.329582],
            [-121.219853, 39.283076],
            [-121.266132, 39.272717],
            [-121.259182, 39.256421],
            [-121.27953, 39.230537],
            [-121.279533, 39.034618],
            [-121.311552, 39.051993],
            [-121.414779, 38.996452],
            [-121.543306, 38.972404],
            [-121.575459, 38.918393],
            [-121.589399, 38.990344],
            [-121.57933, 39.007573],
            [-121.600036, 39.012106],
            [-121.61025, 39.056907],
            [-121.587388, 39.101614],
            [-121.602678, 39.100158],
            [-121.613121, 39.190617],
            [-121.629089, 39.204678],
            [-121.614307, 39.228745],
            [-121.636368, 39.246076],
            [-121.636314, 39.249413]
          ]
        ]
      }
    },
    {
      "type": "Feature",
      "id": "06033",
      "properties": {
        "county_id": "06033",
        "county_label": "Lake County",
        "state_name": "California",
        "state_fips": "06"
      },
      "geometry": {
        "type": "Polygon",
        "coordinates": [
          [
            [-123.094212, 39.095294],
            [-123.077812, 39.173791],
            [-123.045811, 39.173492],
            [-123.01271, 39.236188],
            [-122.994839, 39.235924],
            [-123.004514, 39.278187],
            [-123.019612, 39.277986],
            [-123.037914, 39.363885],
            [-123.057113, 39.378684],
            [-123.056314, 39.407583],
            [-123.075114, 39.407683],
            [-123.063181, 39.503539],
            [-122.89031, 39.529014],
            [-122.885352, 39.580108],
            [-122.735639, 39.580668],
            [-122.739062, 39.383266],
            [-122.78509, 39.382975],
            [-122.741719, 39.358899],
            [-122.775252, 39.312563],
            [-122.665362, 39.217548],
            [-122.515331, 39.209215],
            [-122.475383, 39.170148],
            [-122.474541, 39.144699],
            [-122.496835, 39.140501],
            [-122.500909, 39.121075],
            [-122.486037, 39.085466],
            [-122.492175, 39.053951],
            [-122.411507, 39.019087],
            [-122.409214, 38.963001],
            [-122.340172, 38.924246],
            [-122.403941, 38.925289],
            [-122.421904, 38.90377],
            [-122.373488, 38.817],
            [-122.379388, 38.802101],
            [-122.397989, 38.804001],
            [-122.412289, 38.785801],
            [-122.402889, 38.772902],
            [-122.46389, 38.705203],
            [-122.627396, 38.667506],
            [-122.646569, 38.706177],
            [-122.695451, 38.71309],
            [-122.747756, 38.803344],
            [-122.812089, 38.838412],
            [-122.821388, 38.85792],
            [-122.894633, 38.880832],
            [-122.911386, 38.901529],
            [-122.948865, 38.90022],
            [-122.949067, 38.925442],
            [-122.977712, 38.946693],
            [-122.98664, 38.997283],
            [-123.028035, 38.996593],
            [-123.056212, 39.021096],
            [-123.065114, 39.064393],
            [-123.094207, 39.080524],
            [-123.094212, 39.095294]
          ]
        ]
      }
    },
    {
      "type": "Feature",
      "id": "06061",
      "properties": {
        "county_id": "06061",
        "county_label": "Placer County",
        "state_name": "California",
        "state_fips": "06"
      },
      "geometry": {
        "type": "Polygon",
        "coordinates": [
          [
            [-121.48444, 38.751354],
            [-121.469753, 38.751603],
            [-121.469356, 38.925992],
            [-121.414399, 38.926214],
            [-121.414787, 38.998418],
            [-121.37238, 39.02773],
            [-121.305992, 39.052943],
            [-121.221787, 39.011962],
            [-121.137397, 39.037858],
            [-121.104247, 39.01185],
            [-121.041608, 39.013791],
            [-120.99215, 39.075406],
            [-120.988717, 39.111777],
            [-120.904831, 39.172737],
            [-120.869551, 39.180241],
            [-120.851713, 39.212033],
            [-120.671433, 39.310371],
            [-120.006315645404, 39.3164959768657],
            [-120.002461, 39.067489],
            [-120.143663, 39.067285],
            [-120.165028, 39.038485],
            [-120.24041, 39.023668],
            [-120.435299, 39.028163],
            [-120.492735, 38.943351],
            [-120.564258, 38.913644],
            [-120.672748, 38.958593],
            [-120.684428, 38.989029],
            [-120.704866, 38.981345],
            [-120.747656, 39.010397],
            [-120.808224, 39.001059],
            [-120.83506, 38.971509],
            [-120.850514, 38.975899],
            [-120.859863, 38.951653],
            [-120.937269, 38.963684],
            [-120.93857, 38.935565],
            [-121.040511, 38.915538],
            [-121.053373, 38.897297],
            [-121.044175, 38.890826],
            [-121.061696, 38.882651],
            [-121.058408, 38.847129],
            [-121.101428, 38.815282],
            [-121.134507, 38.712032],
            [-121.484396, 38.734598],
            [-121.48444, 38.751354]
          ]
        ]
      }
    },
    {
      "type": "Feature",
      "id": "06005",
      "properties": {
        "county_id": "06005",
        "county_label": "Amador County",
        "state_name": "California",
        "state_fips": "06"
      },
      "geometry": {
        "type": "Polygon",
        "coordinates": [
          [
            [-121.027406, 38.50354],
            [-121.005307, 38.519592],
            [-120.885067, 38.525071],
            [-120.87671, 38.542975],
            [-120.864051, 38.53526],
            [-120.812953, 38.562209],
            [-120.722476, 38.547165],
            [-120.676564, 38.51766],
            [-120.606157, 38.502349],
            [-120.317142, 38.54511],
            [-120.233849, 38.588316],
            [-120.214632, 38.628869],
            [-120.140494, 38.638168],
            [-120.116945, 38.679154],
            [-120.122538, 38.695362],
            [-120.098322, 38.709029],
            [-120.072392, 38.702767],
            [-120.072484, 38.509869],
            [-120.123445, 38.495958],
            [-120.209405, 38.500757],
            [-120.33104, 38.465192],
            [-120.423215, 38.473322],
            [-120.461404, 38.446171],
            [-120.494893, 38.449555],
            [-120.53013, 38.418884],
            [-120.608736, 38.397538],
            [-120.63129, 38.340263],
            [-120.738286, 38.307768],
            [-120.754442, 38.288469],
            [-120.80774, 38.288723],
            [-120.893792, 38.221277],
            [-120.972104, 38.217951],
            [-120.995497, 38.225402],
            [-121.027084, 38.300252],
            [-121.02771, 38.500068],
            [-121.027406, 38.50354]
          ]
        ]
      }
    },
    {
      "type": "Feature",
      "id": "06043",
      "properties": {
        "county_id": "06043",
        "county_label": "Mariposa County",
        "state_name": "California",
        "state_fips": "06"
      },
      "geometry": {
        "type": "Polygon",
        "coordinates": [
          [
            [-120.394425, 37.67504],
            [-120.36631, 37.680794],
            [-120.328376, 37.650045],
            [-120.312572, 37.653668],
            [-120.306407, 37.665759],
            [-120.34521, 37.725664],
            [-120.286494, 37.729449],
            [-120.282617, 37.745277],
            [-120.259074, 37.734269],
            [-120.237935, 37.765244],
            [-120.188981, 37.767934],
            [-120.17431, 37.799342],
            [-120.127226, 37.781566],
            [-120.079508, 37.828808],
            [-119.938414, 37.763026],
            [-119.901213, 37.757826],
            [-119.868212, 37.773225],
            [-119.852011, 37.757726],
            [-119.837909, 37.770226],
            [-119.808509, 37.754925],
            [-119.667203, 37.801224],
            [-119.648603, 37.845023],
            [-119.597874, 37.860971],
            [-119.586401, 37.890122],
            [-119.5586, 37.903122],
            [-119.535699, 37.904122],
            [-119.474295, 37.855623],
            [-119.454194, 37.870723],
            [-119.426792, 37.866724],
            [-119.402689, 37.835225],
            [-119.375511, 37.840873],
            [-119.307284, 37.782828],
            [-119.583585, 37.560335],
            [-119.58422, 37.494696],
            [-119.615029, 37.494681],
            [-119.615495, 37.461522],
            [-119.651172, 37.461351],
            [-119.651191, 37.417832],
            [-119.761809, 37.417114],
            [-120.052055, 37.183108],
            [-120.085878, 37.218743],
            [-120.18207, 37.267548],
            [-120.187709, 37.301072],
            [-120.283398, 37.424363],
            [-120.279579, 37.457947],
            [-120.38767, 37.633364],
            [-120.375144, 37.652208],
            [-120.395345, 37.672256],
            [-120.394425, 37.67504]
          ]
        ]
      }
    },
    {
      "type": "Feature",
      "id": "12119",
      "properties": {
        "county_id": "12119",
        "county_label": "Sumter County",
        "state_name": "Florida",
        "state_fips": "12"
      },
      "geometry": {
        "type": "Polygon",
        "coordinates": [
          [
            [-82.311697, 28.960391],
            [-81.95419, 28.960053],
            [-81.957805, 28.308888],
            [-81.985781, 28.30532],
            [-82.007642, 28.323205],
            [-82.055819, 28.312794],
            [-82.054469, 28.521367],
            [-82.09498, 28.523618],
            [-82.156164, 28.57335],
            [-82.213724, 28.575363],
            [-82.274823, 28.656198],
            [-82.249207, 28.717393],
            [-82.184809, 28.761771],
            [-82.169141, 28.792954],
            [-82.183637, 28.823626],
            [-82.273585, 28.897216],
            [-82.311268, 28.958428],
            [-82.311697, 28.960391]
          ]
        ]
      }
    },
    {
      "type": "Feature",
      "id": "12069",
      "properties": {
        "county_id": "12069",
        "county_label": "Lake County",
        "state_name": "Florida",
        "state_fips": "12"
      },
      "geometry": {
        "type": "Polygon",
        "coordinates": [
          [
            [-81.95616, 28.41358],
            [-81.95419, 28.960053],
            [-81.658698, 28.960345],
            [-81.659197, 29.04776],
            [-81.638696, 29.04776],
            [-81.641916, 29.276766],
            [-81.61234, 29.202943],
            [-81.560905, 29.20019],
            [-81.531465, 29.176919],
            [-81.502055, 29.097802],
            [-81.459158, 29.094224],
            [-81.455289, 29.063071],
            [-81.355898, 28.987047],
            [-81.370776, 28.957954],
            [-81.349723, 28.939641],
            [-81.357168, 28.887149],
            [-81.416846, 28.824569],
            [-81.414682, 28.785564],
            [-81.646513, 28.785872],
            [-81.658597, 28.766423],
            [-81.657268, 28.347098],
            [-81.790727, 28.346413],
            [-81.790887, 28.361837],
            [-81.857624, 28.361868],
            [-81.857512, 28.345965],
            [-81.957641, 28.34518],
            [-81.95616, 28.41358]
          ]
        ]
      }
    },
    {
      "type": "Feature",
      "id": "12079",
      "properties": {
        "county_id": "12079",
        "county_label": "Madison County",
        "state_name": "Florida",
        "state_fips": "12"
      },
      "geometry": {
        "type": "Polygon",
        "coordinates": [
          [
            [-83.820463, 30.309231],
            [-83.787711, 30.328375],
            [-83.807559, 30.348728],
            [-83.804607, 30.376903],
            [-83.78977, 30.390219],
            [-83.783186, 30.378863],
            [-83.758403, 30.384901],
            [-83.721711, 30.43484],
            [-83.72997, 30.518751],
            [-83.70436, 30.523021],
            [-83.704293, 30.538094],
            [-83.671073, 30.53802],
            [-83.670488, 30.552901],
            [-83.637412, 30.552671],
            [-83.637343, 30.567471],
            [-83.604186, 30.581916],
            [-83.6117200011691, 30.6512579664548],
            [-83.3092496470182, 30.6344048972559],
            [-83.269107, 30.622204],
            [-83.260807, 30.552821],
            [-83.238938, 30.518022],
            [-83.243599, 30.472984],
            [-83.217797, 30.464226],
            [-83.222208, 30.423531],
            [-83.180033, 30.41016],
            [-83.170969, 30.385225],
            [-83.192869, 30.374032],
            [-83.190057, 30.352239],
            [-83.212551, 30.345851],
            [-83.209924, 30.311878],
            [-83.233007, 30.29202],
            [-83.236954, 30.261628],
            [-83.469267, 30.260351],
            [-83.468768, 30.304212],
            [-83.821862, 30.307397],
            [-83.820463, 30.309231]
          ]
        ]
      }
    },
    {
      "type": "Feature",
      "id": "12127",
      "properties": {
        "county_id": "12127",
        "county_label": "Volusia County",
        "state_name": "Florida",
        "state_fips": "12"
      },
      "geometry": {
        "type": "Polygon",
        "coordinates": [
          [
            [-81.680903, 29.32443],
            [-81.450892, 29.378464],
            [-81.422945, 29.400448],
            [-81.41729, 29.261156],
            [-81.150081, 29.265957],
            [-81.155881, 29.410954],
            [-81.1019097824214, 29.4270547299613],
            [-80.966176, 29.14796],
            [-80.7329248249869, 28.7912445868159],
            [-80.967895, 28.790197],
            [-80.964466, 28.612992],
            [-80.989885, 28.613926],
            [-81.021287, 28.674253],
            [-81.016646, 28.693037],
            [-81.06111, 28.750001],
            [-81.053087, 28.773557],
            [-81.076085, 28.819325],
            [-81.120502, 28.825677],
            [-81.136167, 28.792222],
            [-81.178936, 28.781886],
            [-81.180999, 28.79661],
            [-81.213717, 28.804212],
            [-81.225678, 28.832453],
            [-81.359339, 28.84894],
            [-81.366124, 28.887755],
            [-81.352788, 28.896685],
            [-81.349723, 28.939641],
            [-81.370776, 28.957954],
            [-81.355898, 28.987047],
            [-81.455289, 29.063071],
            [-81.459158, 29.094224],
            [-81.502055, 29.097802],
            [-81.531465, 29.176919],
            [-81.560905, 29.20019],
            [-81.61234, 29.202943],
            [-81.648438, 29.290173],
            [-81.679584, 29.320157],
            [-81.680903, 29.32443]
          ]
        ]
      }
    },
    {
      "type": "Feature",
      "id": "12099",
      "properties": {
        "county_id": "12099",
        "county_label": "Palm Beach County",
        "state_name": "Florida",
        "state_fips": "12"
      },
      "geometry": {
        "type": "Polygon",
        "coordinates": [
          [
            [-80.886014, 26.652887],
            [-80.885639, 26.958919],
            [-80.142007, 26.95664],
            [-80.141758, 26.97094],
            [-80.079948827411, 26.9705170314788],
            [-80.031362, 26.796339],
            [-80.038863, 26.569347],
            [-80.0748372451019, 26.3210316022663],
            [-80.204083, 26.327822],
            [-80.296881, 26.355431],
            [-80.296986, 26.334356],
            [-80.881833, 26.3338],
            [-80.886013, 26.652696],
            [-80.886014, 26.652887]
          ]
        ]
      }
    },
    {
      "type": "Feature",
      "id": "12113",
      "properties": {
        "county_id": "12113",
        "county_label": "Santa Rosa County",
        "state_name": "Florida",
        "state_fips": "12"
      },
      "geometry": {
        "type": "Polygon",
        "coordinates": [
          [
            [-87.313908, 30.848708],
            [-87.284486, 30.887986],
            [-87.286882, 30.925441],
            [-87.255998, 30.931186],
            [-87.24183, 30.96141],
            [-87.213203, 30.962034],
            [-87.176004, 30.996586],
            [-86.785692460564, 30.9969741853795],
            [-86.7994809735241, 30.3872241102845],
            [-86.9188716905368, 30.3709250843817],
            [-86.918937, 30.386514],
            [-86.972699, 30.381113],
            [-87.179021, 30.33593],
            [-87.231429, 30.343309],
            [-87.233284, 30.370331],
            [-87.151906, 30.412598],
            [-87.121451, 30.497419],
            [-87.159333, 30.539257],
            [-87.209715, 30.555266],
            [-87.259508, 30.612049],
            [-87.269407, 30.711687],
            [-87.312409, 30.73477],
            [-87.299614, 30.766108],
            [-87.31268, 30.785521],
            [-87.292766, 30.811283],
            [-87.313611, 30.847266],
            [-87.313908, 30.848708]
          ]
        ]
      }
    },
    {
      "type": "Feature",
      "id": "12125",
      "properties": {
        "county_id": "12125",
        "county_label": "Union County",
        "state_name": "Florida",
        "state_fips": "12"
      },
      "geometry": {
        "type": "Polygon",
        "coordinates": [
          [
            [-82.575991, 29.990857],
            [-82.573116, 30.010651],
            [-82.534689, 30.027781],
            [-82.519019, 30.076011],
            [-82.45768, 30.102795],
            [-82.458364, 30.136449],
            [-82.142578, 30.143117],
            [-82.142372, 30.116303],
            [-82.169921, 30.099203],
            [-82.184015, 30.066846],
            [-82.225638, 30.034264],
            [-82.259971, 30.02809],
            [-82.304744, 29.958389],
            [-82.342569, 29.961086],
            [-82.358025, 29.933574],
            [-82.422399, 29.919923],
            [-82.529705, 29.940881],
            [-82.574424, 29.988916],
            [-82.575991, 29.990857]
          ]
        ]
      }
    },
    {
      "type": "Feature",
      "id": "12093",
      "properties": {
        "county_id": "12093",
        "county_label": "Okeechobee County",
        "state_name": "Florida",
        "state_fips": "12"
      },
      "geometry": {
        "type": "Polygon",
        "coordinates": [
          [
            [-81.213926, 27.529471],
            [-81.156551, 27.574975],
            [-81.140482, 27.600833],
            [-81.142164, 27.643238],
            [-80.778047, 27.643195],
            [-80.777166, 27.558733],
            [-80.679821, 27.55847],
            [-80.677427, 27.121619],
            [-80.885639, 26.958919],
            [-80.878669, 27.169221],
            [-80.903478, 27.16909],
            [-80.906403, 27.189049],
            [-80.934756, 27.196247],
            [-80.948255, 27.222338],
            [-80.964714, 27.215866],
            [-80.985302, 27.231706],
            [-80.980612, 27.246411],
            [-81.000634, 27.267602],
            [-80.994598, 27.297326],
            [-81.025602, 27.302375],
            [-81.044109, 27.329673],
            [-81.034645, 27.359319],
            [-81.068402, 27.382346],
            [-81.121296, 27.389808],
            [-81.144078, 27.412277],
            [-81.144872, 27.445007],
            [-81.205388, 27.490254],
            [-81.199437, 27.515046],
            [-81.214284, 27.528709],
            [-81.213926, 27.529471]
          ]
        ]
      }
    },
    {
      "type": "Feature",
      "id": "36011",
      "properties": {
        "county_id": "36011",
        "county_label": "Cayuga County",
        "state_name": "New York",
        "state_fips": "36"
      },
      "geometry": {
        "type": "Polygon",
        "coordinates": [
          [
            [-76.74006, 42.789419],
            [-76.717185, 42.83883],
            [-76.739361, 42.954473],
            [-76.702325, 43.080393],
            [-76.7225013128626, 43.3436862821829],
            [-76.684856, 43.352691],
            [-76.6169252975653, 43.4180442652892],
            [-76.605012, 43.25357],
            [-76.481148, 43.256641],
            [-76.473066, 43.146017],
            [-76.486303, 43.143223],
            [-76.471774, 43.104983],
            [-76.499274, 43.097201],
            [-76.491941, 43.004964],
            [-76.462999, 43.006316],
            [-76.450738, 42.84576],
            [-76.357018, 42.849448],
            [-76.286198, 42.794443],
            [-76.265584, 42.623588],
            [-76.666543, 42.623457],
            [-76.687899, 42.674784],
            [-76.728951, 42.712898],
            [-76.740201, 42.782885],
            [-76.74006, 42.789419]
          ]
        ]
      }
    },
    {
      "type": "Feature",
      "id": "36025",
      "properties": {
        "county_id": "36025",
        "county_label": "Delaware County",
        "state_name": "New York",
        "state_fips": "36"
      },
      "geometry": {
        "type": "Polygon",
        "coordinates": [
          [
            [-75.422637, 42.055913],
            [-75.415319, 42.314151],
            [-75.308405, 42.321151],
            [-75.261569, 42.366673],
            [-75.19096, 42.379852],
            [-75.197237, 42.358329],
            [-75.093408, 42.420634],
            [-75.01981, 42.429159],
            [-75.017958, 42.454243],
            [-74.99377, 42.439882],
            [-74.97494, 42.467488],
            [-74.957926, 42.462756],
            [-74.844121, 42.512591],
            [-74.771507, 42.504387],
            [-74.71158, 42.517799],
            [-74.618895, 42.424389],
            [-74.428196, 42.349075],
            [-74.53731, 42.201424],
            [-74.451713, 42.169225],
            [-74.530985, 42.146475],
            [-74.553598, 42.121484],
            [-75.152898, 41.848564],
            [-75.174574, 41.87266],
            [-75.185254, 41.85993],
            [-75.260527, 41.8638],
            [-75.279094, 41.938917],
            [-75.342204, 41.972872],
            [-75.341125, 41.992772],
            [-75.364225, 42.008168],
            [-75.402239, 42.010699],
            [-75.423038, 42.054022],
            [-75.422637, 42.055913]
          ]
        ]
      }
    },
    {
      "type": "Feature",
      "id": "36115",
      "properties": {
        "county_id": "36115",
        "county_label": "Washington County",
        "state_name": "New York",
        "state_fips": "36"
      },
      "geometry": {
        "type": "Polygon",
        "coordinates": [
          [
            [-73.636215, 43.498238],
            [-73.61323, 43.562932],
            [-73.581441, 43.57337],
            [-73.494314, 43.653966],
            [-73.459294, 43.730031],
            [-73.469801, 43.777437],
            [-73.43812, 43.803687],
            [-73.3793298267232, 43.808476322237],
            [-73.357547, 43.785933],
            [-73.370612, 43.725329],
            [-73.426463, 43.642598],
            [-73.417668, 43.621687],
            [-73.431229, 43.588285],
            [-73.395767, 43.568087],
            [-73.371889, 43.624489],
            [-73.306234, 43.628018],
            [-73.294621, 43.57897],
            [-73.258631, 43.564949],
            [-73.241589, 43.534973],
            [-73.274294, 42.943652],
            [-73.380235, 42.943739],
            [-73.430623, 42.95865],
            [-73.450593, 42.944581],
            [-73.635463, 42.94129],
            [-73.631467, 42.969739],
            [-73.593635, 43.01433],
            [-73.573342, 43.100545],
            [-73.590938, 43.13511],
            [-73.579279, 43.208906],
            [-73.600738, 43.268836],
            [-73.588549, 43.299414],
            [-73.636651, 43.497242],
            [-73.636215, 43.498238]
          ]
        ]
      }
    },
    {
      "type": "Feature",
      "id": "48029",
      "properties": {
        "county_id": "48029",
        "county_label": "Bexar County",
        "state_name": "Texas",
        "state_fips": "48"
      },
      "geometry": {
        "type": "Polygon",
        "coordinates": [
          [
            [-98.806552, 29.690709],
            [-98.778782, 29.720167],
            [-98.73816, 29.716576],
            [-98.734126, 29.729451],
            [-98.650938, 29.754002],
            [-98.614343, 29.737602],
            [-98.550489, 29.760713],
            [-98.526106, 29.740335],
            [-98.445978, 29.735884],
            [-98.438344, 29.715627],
            [-98.408049, 29.748471],
            [-98.37521, 29.719975],
            [-98.352589, 29.734365],
            [-98.34135, 29.70965],
            [-98.380487, 29.703464],
            [-98.384341, 29.676534],
            [-98.342733, 29.653442],
            [-98.345252, 29.618297],
            [-98.312222, 29.601802],
            [-98.298524, 29.561141],
            [-98.255377, 29.540491],
            [-98.258027, 29.555182],
            [-98.223112, 29.549236],
            [-98.185085, 29.486089],
            [-98.17023, 29.497864],
            [-98.164638, 29.478091],
            [-98.128206, 29.482596],
            [-98.116902, 29.463884],
            [-98.407336, 29.114435],
            [-98.804763, 29.250693],
            [-98.806415, 29.675817],
            [-98.806552, 29.690709]
          ]
        ]
      }
    },
    {
      "type": "Feature",
      "id": "48423",
      "properties": {
        "county_id": "48423",
        "county_label": "Smith County",
        "state_name": "Texas",
        "state_fips": "48"
      },
      "geometry": {
        "type": "Polygon",
        "coordinates": [
          [
            [-95.594541, 32.687026],
            [-95.4748, 32.606141],
            [-95.37567, 32.597439],
            [-95.34595, 32.609291],
            [-95.278288, 32.571786],
            [-95.250879, 32.577947],
            [-95.238315, 32.560704],
            [-95.204964, 32.572369],
            [-95.183548, 32.540968],
            [-95.17544, 32.555477],
            [-95.164973, 32.544583],
            [-95.150507, 32.572116],
            [-95.118786, 32.542496],
            [-95.093259, 32.557682],
            [-95.075322, 32.537073],
            [-95.04076, 32.532285],
            [-95.020974, 32.546726],
            [-95.011602, 32.516477],
            [-94.986935, 32.537246],
            [-94.985411, 32.37082],
            [-94.985272, 32.137989],
            [-95.459908, 32.135559],
            [-95.479821, 32.151938],
            [-95.462578, 32.201763],
            [-95.488473, 32.232577],
            [-95.446969, 32.295807],
            [-95.458738, 32.328429],
            [-95.449456, 32.359878],
            [-95.5943, 32.479858],
            [-95.594524, 32.66975],
            [-95.594541, 32.687026]
          ]
        ]
      }
    },
    {
      "type": "Feature",
      "id": "48201",
      "properties": {
        "county_id": "48201",
        "county_label": "Harris County",
        "state_name": "Texas",
        "state_fips": "48"
      },
      "geometry": {
        "type": "MultiPolygon",
        "coordinates": [
          [
            [
              [-94.978386, 29.683654],
              [-94.977435, 29.685202],
              [-94.976128, 29.685202],
              [-94.973751, 29.686131],
              [-94.97185, 29.685305],
              [-94.969948, 29.683654],
              [-94.968576, 29.682546],
              [-94.969379, 29.682517],
              [-94.969366, 29.681676],
              [-94.970049, 29.681519],
              [-94.976099, 29.678265],
              [-94.977911, 29.681176],
              [-94.978386, 29.683654]
            ]
          ],
          [
            [
              [-94.992053, 29.698416],
              [-94.973751, 29.689125],
              [-94.992409, 29.697797],
              [-94.992053, 29.698416]
            ]
          ],
          [
            [
              [-95.95911, 30.163243],
              [-95.817045, 30.081779],
              [-95.668303, 30.101723],
              [-95.541399, 30.170279],
              [-95.499839, 30.142475],
              [-95.487878, 30.107808],
              [-95.424216, 30.115491],
              [-95.410033, 30.09283],
              [-95.349539, 30.076398],
              [-95.292997, 30.027905],
              [-95.264138, 30.032069],
              [-95.096708, 30.167214],
              [-95.031179, 29.993324],
              [-94.999834, 29.991322],
              [-94.982095, 29.964754],
              [-94.998656, 29.919771],
              [-94.977138, 29.868181],
              [-94.908971, 29.82673],
              [-94.923812, 29.796401],
              [-94.913813, 29.7663],
              [-94.945858, 29.716812],
              [-94.91581, 29.698434],
              [-94.930708691215, 29.6737462591277],
              [-94.942681, 29.697778],
              [-94.989849, 29.713383],
              [-95.019685, 29.704371],
              [-94.982154, 29.676865],
              [-95.015636, 29.639457],
              [-94.982706, 29.601344],
              [-95.0170022544903, 29.5484617569936],
              [-95.065065, 29.558478],
              [-95.103874, 29.51129],
              [-95.160724, 29.49749],
              [-95.199453, 29.544528],
              [-95.193154, 29.559518],
              [-95.253952, 29.553943],
              [-95.261606, 29.593157],
              [-95.331146, 29.599108],
              [-95.346447, 29.585548],
              [-95.424286, 29.580312],
              [-95.825975, 29.788616],
              [-95.960733, 30.163415],
              [-95.95911, 30.163243]
            ]
          ]
        ]
      }
    },
    {
      "type": "Feature",
      "id": "48471",
      "properties": {
        "county_id": "48471",
        "county_label": "Walker County",
        "state_name": "Texas",
        "state_fips": "48"
      },
      "geometry": {
        "type": "Polygon",
        "coordinates": [
          [
            [-95.862266, 30.865361],
            [-95.829952, 30.862096],
            [-95.716508, 30.911405],
            [-95.654501, 30.89324],
            [-95.629597, 30.900084],
            [-95.617872, 30.930418],
            [-95.434781, 31.058098],
            [-95.434335, 30.937405],
            [-95.411444, 30.930959],
            [-95.415504, 30.907862],
            [-95.381253, 30.887062],
            [-95.398763, 30.882261],
            [-95.398351, 30.859651],
            [-95.35587, 30.855754],
            [-95.342526, 30.875655],
            [-95.32748, 30.859547],
            [-95.359156, 30.504369],
            [-95.598878, 30.50898],
            [-95.83024, 30.630284],
            [-95.863059, 30.864125],
            [-95.862266, 30.865361]
          ]
        ]
      }
    },
    {
      "type": "Feature",
      "id": "48257",
      "properties": {
        "county_id": "48257",
        "county_label": "Kaufman County",
        "state_name": "Texas",
        "state_fips": "48"
      },
      "geometry": {
        "type": "Polygon",
        "coordinates": [
          [
            [-96.529412, 32.545277],
            [-96.51897, 32.813616],
            [-96.297376, 32.814185],
            [-96.297322, 32.841723],
            [-96.076801, 32.838489],
            [-96.075899, 32.357505],
            [-96.452372, 32.358659],
            [-96.434278, 32.410853],
            [-96.498216, 32.453729],
            [-96.513286, 32.512143],
            [-96.503287, 32.526563],
            [-96.528952, 32.542442],
            [-96.529412, 32.545277]
          ]
        ]
      }
    },
    {
      "type": "Feature",
      "id": "48223",
      "properties": {
        "county_id": "48223",
        "county_label": "Hopkins County",
        "state_name": "Texas",
        "state_fips": "48"
      },
      "geometry": {
        "type": "Polygon",
        "coordinates": [
          [
            [-95.863326, 33.049892],
            [-95.861778, 33.21933],
            [-95.784661, 33.255574],
            [-95.758192, 33.29666],
            [-95.650082, 33.310035],
            [-95.584092, 33.359442],
            [-95.513933, 33.346289],
            [-95.456211, 33.368447],
            [-95.345197, 33.360394],
            [-95.308593, 33.37719],
            [-95.307716, 33.300334],
            [-95.308957, 32.962572],
            [-95.665389, 32.960434],
            [-95.667728, 32.979554],
            [-95.862521, 32.979571],
            [-95.863296, 33.000117],
            [-95.863326, 33.049892]
          ]
        ]
      }
    },
    {
      "type": "Feature",
      "id": "48321",
      "properties": {
        "county_id": "48321",
        "county_label": "Matagorda County",
        "state_name": "Texas",
        "state_fips": "48"
      },
      "geometry": {
        "type": "Polygon",
        "coordinates": [
          [
            [-96.3783265241194, 28.3907774793216],
            [-96.322731, 28.642944],
            [-96.309178, 28.963291],
            [-95.965196, 29.146865],
            [-95.874028, 29.229702],
            [-95.844667, 29.204676],
            [-95.857805, 29.193315],
            [-95.838371, 29.176564],
            [-95.850703, 29.151877],
            [-95.841499, 29.09862],
            [-95.765049, 29.060458],
            [-95.7855, 29.03915],
            [-95.768249, 28.969872],
            [-95.67513, 28.964244],
            [-95.645822, 28.938888],
            [-95.64167, 28.903749],
            [-95.57924, 28.859613],
            [-95.572958, 28.832364],
            [-95.504075, 28.82865],
            [-95.83398, 28.655623],
            [-96.205438, 28.497868],
            [-96.371241, 28.395904],
            [-96.3783265241194, 28.3907774793216]
          ]
        ]
      }
    },
    {
      "type": "Feature",
      "id": "48473",
      "properties": {
        "county_id": "48473",
        "county_label": "Waller County",
        "state_name": "Texas",
        "state_fips": "48"
      },
      "geometry": {
        "type": "Polygon",
        "coordinates": [
          [
            [-96.191782, 30.13842],
            [-96.17176, 30.13983],
            [-96.180662, 30.155684],
            [-96.152527, 30.143128],
            [-96.15901, 30.206613],
            [-96.117159, 30.227275],
            [-96.098936, 30.214525],
            [-96.088941, 30.228718],
            [-95.804306, 30.24557],
            [-95.8096, 30.085314],
            [-95.838944, 30.083243],
            [-95.872162, 30.120593],
            [-95.898617, 30.120928],
            [-95.960733, 30.163415],
            [-95.825975, 29.788616],
            [-95.971287, 29.740454],
            [-95.97094, 29.728554],
            [-96.032711, 29.727944],
            [-96.042242, 29.795314],
            [-96.102496, 29.809665],
            [-96.097843, 29.825834],
            [-96.121898, 29.840067],
            [-96.100939, 29.852514],
            [-96.112227, 29.872557],
            [-96.092739, 29.882765],
            [-96.125949, 29.897709],
            [-96.11332, 29.915316],
            [-96.130575, 29.939565],
            [-96.100796, 29.943526],
            [-96.125572, 29.966337],
            [-96.092768, 29.961488],
            [-96.104516, 29.996378],
            [-96.084541, 30.005137],
            [-96.09663, 30.027613],
            [-96.113221, 30.026997],
            [-96.114671, 30.048808],
            [-96.146441, 30.064486],
            [-96.151247, 30.076396],
            [-96.13378, 30.07096],
            [-96.158421, 30.091709],
            [-96.153985, 30.107989],
            [-96.169936, 30.098785],
            [-96.188653, 30.110463],
            [-96.1789, 30.120943],
            [-96.192208, 30.136664],
            [-96.191782, 30.13842]
          ]
        ]
      }
    },
    {
      "type": "Feature",
      "id": "48215",
      "properties": {
        "county_id": "48215",
        "county_label": "Hidalgo County",
        "state_name": "Texas",
        "state_fips": "48"
      },
      "geometry": {
        "type": "Polygon",
        "coordinates": [
          [
            [-98.585295, 26.26027],
            [-98.32067, 26.783081],
            [-97.985494, 26.780917],
            [-97.985303, 26.615809],
            [-97.957405, 26.611769],
            [-97.963943, 26.53364],
            [-97.984367, 26.536578],
            [-98.004189, 26.448784],
            [-97.862227, 26.433579],
            [-97.8617592374405, 26.0697492816372],
            [-97.868606, 26.057156],
            [-97.933924, 26.064834],
            [-97.93542, 26.052688],
            [-97.967358, 26.051718],
            [-97.981335, 26.067182],
            [-98.011833, 26.05602],
            [-98.028759, 26.06647],
            [-98.039239, 26.041275],
            [-98.073242, 26.036481],
            [-98.080495, 26.070932],
            [-98.094432, 26.058625],
            [-98.128331, 26.061929],
            [-98.131494, 26.0742],
            [-98.147398, 26.049483],
            [-98.177534, 26.075023],
            [-98.193985, 26.053324],
            [-98.286476, 26.102292],
            [-98.266258, 26.120722],
            [-98.296195, 26.120321],
            [-98.306515, 26.10429],
            [-98.335204, 26.137617],
            [-98.334725, 26.165559],
            [-98.352341, 26.15112],
            [-98.359836, 26.172285],
            [-98.387206, 26.15832],
            [-98.442536, 26.199151],
            [-98.443406, 26.223653],
            [-98.481582, 26.219379],
            [-98.48274, 26.201644],
            [-98.545328, 26.244536],
            [-98.558816, 26.245932],
            [-98.546005, 26.236889],
            [-98.563414, 26.22534],
            [-98.5866993125035, 26.2575704070883],
            [-98.585295, 26.26027]
          ]
        ]
      }
    },
    {
      "type": "Feature",
      "id": "48323",
      "properties": {
        "county_id": "48323",
        "county_label": "Maverick County",
        "state_name": "Texas",
        "state_fips": "48"
      },
      "geometry": {
        "type": "Polygon",
        "coordinates": [
          [
            [-100.667522988428, 29.0842931847587],
            [-100.111406, 29.086318],
            [-100.113719, 28.197819],
            [-100.212165531128, 28.1968371629783],
            [-100.220284, 28.23221],
            [-100.251634, 28.236177],
            [-100.291397, 28.275397],
            [-100.286471, 28.312296],
            [-100.348122, 28.398052],
            [-100.337797, 28.44296],
            [-100.368108, 28.478999],
            [-100.333814, 28.499252],
            [-100.38886, 28.515748],
            [-100.411414, 28.551899],
            [-100.398385, 28.584884],
            [-100.44732, 28.609325],
            [-100.447091, 28.642197],
            [-100.500354, 28.66196],
            [-100.507613, 28.740599],
            [-100.533408, 28.759207],
            [-100.53583, 28.805888],
            [-100.547324, 28.825817],
            [-100.574699, 28.828787],
            [-100.600768, 28.900764],
            [-100.640568, 28.914212],
            [-100.629706, 28.921146],
            [-100.651512, 28.943432],
            [-100.645894, 28.986421],
            [-100.666848, 29.082596],
            [-100.667522988428, 29.0842931847587]
          ]
        ]
      }
    },
    {
      "type": "Feature",
      "id": "48187",
      "properties": {
        "county_id": "48187",
        "county_label": "Guadalupe County",
        "state_name": "Texas",
        "state_fips": "48"
      },
      "geometry": {
        "type": "Polygon",
        "coordinates": [
          [
            [-98.310928, 29.594473],
            [-98.089941, 29.683479],
            [-97.875259, 29.858208],
            [-97.837614, 29.828497],
            [-97.846362, 29.808648],
            [-97.829259, 29.779597],
            [-97.817138, 29.790383],
            [-97.803416, 29.753651],
            [-97.780917, 29.759258],
            [-97.763364, 29.713042],
            [-97.738308, 29.712744],
            [-97.743629, 29.697496],
            [-97.702229, 29.668592],
            [-97.652612, 29.667843],
            [-97.651654, 29.653965],
            [-97.631432, 29.650606],
            [-97.840383, 29.376791],
            [-98.084684, 29.379594],
            [-98.113175, 29.365667],
            [-98.136578, 29.429869],
            [-98.120702, 29.446982],
            [-98.123119, 29.478549],
            [-98.164638, 29.478091],
            [-98.17023, 29.497864],
            [-98.185085, 29.486089],
            [-98.223112, 29.549236],
            [-98.243162, 29.557052],
            [-98.267432, 29.544178],
            [-98.298524, 29.561141],
            [-98.312058, 29.590854],
            [-98.310928, 29.594473]
          ]
        ]
      }
    },
    {
      "type": "Feature",
      "id": "48343",
      "properties": {
        "county_id": "48343",
        "county_label": "Morris County",
        "state_name": "Texas",
        "state_fips": "48"
      },
      "geometry": {
        "type": "Polygon",
        "coordinates": [
          [
            [-94.817709, 33.037202],
            [-94.808428, 33.365606],
            [-94.781867, 33.344261],
            [-94.781447, 33.318722],
            [-94.745195, 33.329819],
            [-94.725921, 33.307107],
            [-94.691826, 33.312405],
            [-94.687214, 33.293464],
            [-94.652448, 33.275709],
            [-94.653994, 32.879506],
            [-94.705878, 32.879177],
            [-94.7083, 32.896054],
            [-94.768966, 32.925894],
            [-94.819828, 32.982886],
            [-94.817709, 33.037202]
          ]
        ]
      }
    },
    {
      "type": "Feature",
      "id": "48389",
      "properties": {
        "county_id": "48389",
        "county_label": "Reeves County",
        "state_name": "Texas",
        "state_fips": "48"
      },
      "geometry": {
        "type": "Polygon",
        "coordinates": [
          [
            [-104.101034, 31.12474],
            [-104.024521, 32.00001],
            [-103.980179, 32.000125],
            [-103.974457, 31.979206],
            [-103.950089, 31.986838],
            [-103.948592, 31.954483],
            [-103.922396, 31.942527],
            [-103.912248, 31.902424],
            [-103.88145, 31.891096],
            [-103.880828, 31.864845],
            [-103.829718, 31.888352],
            [-103.797232, 31.770187],
            [-103.782953, 31.774589],
            [-103.745228, 31.738866],
            [-103.691717, 31.747783],
            [-103.669083, 31.715267],
            [-103.625726, 31.705032],
            [-103.621247, 31.688468],
            [-103.635267, 31.683671],
            [-103.615997, 31.650681],
            [-103.573028, 31.632291],
            [-103.530927, 31.642284],
            [-103.509379, 31.625934],
            [-103.514742, 31.576884],
            [-103.49538, 31.549951],
            [-103.503505, 31.505477],
            [-103.480847, 31.474902],
            [-103.489455, 31.456757],
            [-103.462313, 31.429872],
            [-103.398779, 31.433788],
            [-103.381002, 31.416889],
            [-103.329941, 31.411998],
            [-103.261677, 31.42757],
            [-103.244934, 31.389368],
            [-103.193685, 31.371735],
            [-103.069373, 31.364807],
            [-103.056753, 31.385082],
            [-103.010487, 31.373438],
            [-103.585084, 30.76647],
            [-104.102351, 31.105203],
            [-104.101034, 31.12474]
          ]
        ]
      }
    },
    {
      "type": "Feature",
      "id": "48071",
      "properties": {
        "county_id": "48071",
        "county_label": "Chambers County",
        "state_name": "Texas",
        "state_fips": "48"
      },
      "geometry": {
        "type": "MultiPolygon",
        "coordinates": [
          [
            [
              [-94.718296, 29.728855],
              [-94.717207, 29.732114],
              [-94.716514, 29.733515],
              [-94.714443, 29.732992],
              [-94.713849, 29.731445],
              [-94.715156, 29.729793],
              [-94.716185, 29.727775],
              [-94.716746, 29.727687],
              [-94.717886, 29.728116],
              [-94.718296, 29.728855]
            ]
          ],
          [
            [
              [-94.928592, 29.58356],
              [-94.907676, 29.573741],
              [-94.927998, 29.582216],
              [-94.928592, 29.58356]
            ]
          ],
          [
            [
              [-94.976099, 29.678265],
              [-94.953192, 29.677459],
              [-94.941427, 29.653398],
              [-94.954239, 29.6503],
              [-94.947369, 29.613423],
              [-94.975554, 29.67618],
              [-94.976099, 29.678265]
            ]
          ],
          [
            [
              [-94.98146, 29.884276],
              [-94.357976, 29.887464],
              [-94.3540940185201, 29.5625650084448],
              [-94.3708230339094, 29.5562445220171],
              [-94.371622, 29.597247],
              [-94.405958, 29.598241],
              [-94.422868, 29.566256],
              [-94.503474, 29.543847],
              [-94.521532, 29.540816],
              [-94.560965, 29.574434],
              [-94.762569, 29.524162],
              [-94.788582, 29.546092],
              [-94.751164, 29.550483],
              [-94.713433, 29.610141],
              [-94.689367, 29.693255],
              [-94.695946, 29.759147],
              [-94.726247, 29.795108],
              [-94.797784, 29.76679],
              [-94.851108, 29.721373],
              [-94.872551, 29.67125],
              [-94.920454, 29.657106],
              [-94.930708691215, 29.6737462591277],
              [-94.91581, 29.698434],
              [-94.945858, 29.716812],
              [-94.913813, 29.7663],
              [-94.923812, 29.796401],
              [-94.908971, 29.82673],
              [-94.978735, 29.879773],
              [-94.98146, 29.884276]
            ]
          ]
        ]
      }
    },
    {
      "type": "Feature",
      "id": "48351",
      "properties": {
        "county_id": "48351",
        "county_label": "Newton County",
        "state_name": "Texas",
        "state_fips": "48"
      },
      "geometry": {
        "type": "Polygon",
        "coordinates": [
          [
            [-93.911126, 31.158071],
            [-93.600308, 31.176158],
            [-93.588503, 31.165581],
            [-93.548931, 31.186601],
            [-93.531744, 31.180817],
            [-93.5487, 31.155839],
            [-93.5397, 31.114449],
            [-93.563472, 31.093989],
            [-93.527747, 31.07457],
            [-93.518912, 31.061863],
            [-93.531219, 31.051678],
            [-93.50846, 31.029441],
            [-93.578207, 30.999995],
            [-93.564289, 30.989601],
            [-93.572823, 30.970723],
            [-93.531758, 30.958217],
            [-93.526013, 30.937535],
            [-93.57408, 30.884529],
            [-93.554057, 30.824941],
            [-93.583775, 30.801779],
            [-93.592101, 30.763675],
            [-93.614448, 30.75987],
            [-93.609544, 30.723139],
            [-93.629904, 30.67994],
            [-93.6831, 30.640763],
            [-93.678662, 30.594097],
            [-93.721936, 30.580324],
            [-93.740253, 30.539569],
            [-93.706507, 30.50991],
            [-93.717421, 30.483822],
            [-93.6978, 30.440583],
            [-93.726824, 30.429675],
            [-93.757654, 30.390423],
            [-93.751744, 30.361046],
            [-93.765822, 30.333318],
            [-93.743941, 30.304032],
            [-93.704584, 30.289949],
            [-93.7051585596811, 30.2438609876218],
            [-93.901452, 30.242672],
            [-93.865711, 30.947218],
            [-93.897761, 31.095634],
            [-93.911126, 31.158071]
          ]
        ]
      }
    },
    {
      "type": "Feature",
      "id": "48057",
      "properties": {
        "county_id": "48057",
        "county_label": "Calhoun County",
        "state_name": "Texas",
        "state_fips": "48"
      },
      "geometry": {
        "type": "MultiPolygon",
        "coordinates": [
          [
            [
              [-96.8093527035728, 28.2205944147045],
              [-96.7987181122199, 28.2759479998208],
              [-96.776789, 28.244826],
              [-96.804479, 28.223153],
              [-96.8093527035728, 28.2205944147045]
            ]
          ],
          [
            [
              [-96.930367, 28.586728],
              [-96.853757, 28.635199],
              [-96.587544, 28.726175],
              [-96.57829, 28.696939],
              [-96.428394, 28.703523],
              [-96.39954, 28.730231],
              [-96.404445, 28.674409],
              [-96.323522, 28.675597],
              [-96.3783265241194, 28.3907774793216],
              [-96.407197, 28.348733],
              [-96.65636, 28.207433],
              [-96.8530539631559, 28.0608472718433],
              [-96.803171, 28.135579],
              [-96.819334, 28.143333],
              [-96.816957, 28.17508],
              [-96.786415, 28.189745],
              [-96.720379, 28.186001],
              [-96.697641, 28.202209],
              [-96.702633, 28.215509],
              [-96.659375, 28.227446],
              [-96.648475, 28.25204],
              [-96.595946, 28.277305],
              [-96.611232, 28.28013],
              [-96.603639, 28.292554],
              [-96.440591, 28.34298],
              [-96.438689, 28.368812],
              [-96.471252, 28.367557],
              [-96.416348, 28.413871],
              [-96.45295, 28.418679],
              [-96.573097, 28.358773],
              [-96.625149, 28.316201],
              [-96.620396, 28.30396],
              [-96.632398, 28.318712],
              [-96.684355, 28.314464],
              [-96.706911, 28.354694],
              [-96.706171, 28.404596],
              [-96.747911, 28.409481],
              [-96.79307, 28.480432],
              [-96.827415, 28.46612],
              [-96.7842032768908, 28.4468223251528],
              [-96.815736, 28.431864],
              [-96.898965, 28.5178],
              [-96.89822, 28.560157],
              [-96.928424, 28.585785],
              [-96.930367, 28.586728]
            ]
          ]
        ]
      }
    },
    {
      "type": "Feature",
      "id": "48455",
      "properties": {
        "county_id": "48455",
        "county_label": "Trinity County",
        "state_name": "Texas",
        "state_fips": "48"
      },
      "geometry": {
        "type": "Polygon",
        "coordinates": [
          [
            [-95.434781, 31.058098],
            [-94.95811, 31.38693],
            [-94.95782, 31.342847],
            [-94.909258, 31.336804],
            [-94.894179, 31.291584],
            [-94.877834, 31.287497],
            [-94.897578, 31.257834],
            [-94.860436, 31.234495],
            [-94.856263, 31.150079],
            [-94.842947, 31.146578],
            [-94.939245, 31.041981],
            [-95.20018, 30.824566],
            [-95.232092, 30.842816],
            [-95.243097, 30.866856],
            [-95.230777, 30.887007],
            [-95.252385, 30.906719],
            [-95.312898, 30.897873],
            [-95.32748, 30.859547],
            [-95.342526, 30.875655],
            [-95.352072, 30.856951],
            [-95.396697, 30.857706],
            [-95.398763, 30.882261],
            [-95.381253, 30.887062],
            [-95.415504, 30.907862],
            [-95.411444, 30.930959],
            [-95.434335, 30.937405],
            [-95.434711, 31.04663],
            [-95.434781, 31.058098]
          ]
        ]
      }
    },
    {
      "type": "Feature",
      "id": "48273",
      "properties": {
        "county_id": "48273",
        "county_label": "Kleberg County",
        "state_name": "Texas",
        "state_fips": "48"
      },
      "geometry": {
        "type": "MultiPolygon",
        "coordinates": [
          [
            [
              [-97.317802, 27.494562],
              [-97.310078, 27.505947],
              [-97.317446, 27.493824],
              [-97.317802, 27.494562]
            ]
          ],
          [
            [
              [-97.318872, 27.480225],
              [-97.316852, 27.483282],
              [-97.315782, 27.486656],
              [-97.313524, 27.490451],
              [-97.311979, 27.490451],
              [-97.307939, 27.491611],
              [-97.305562, 27.494879],
              [-97.304492, 27.495511],
              [-97.303779, 27.494457],
              [-97.305086, 27.491505],
              [-97.309721, 27.488553],
              [-97.31293, 27.48655],
              [-97.313881, 27.483387],
              [-97.315544, 27.48149],
              [-97.316376, 27.480014],
              [-97.316733, 27.477905],
              [-97.319704, 27.4778],
              [-97.318872, 27.480225]
            ]
          ],
          [
            [
              [-97.370971, 27.298776],
              [-97.355997, 27.308703],
              [-97.361821, 27.35906],
              [-97.281318, 27.552737],
              [-97.2681595636956, 27.5759713728181],
              [-97.2226506131795, 27.5764948600858],
              [-97.303642, 27.409136],
              [-97.3475797525063, 27.2779639491206],
              [-97.370852, 27.27871],
              [-97.371803, 27.294024],
              [-97.370971, 27.298776]
            ]
          ],
          [
            [
              [-97.405642, 27.294747],
              [-97.404097, 27.301928],
              [-97.402909, 27.306468],
              [-97.402077, 27.310481],
              [-97.400532, 27.310903],
              [-97.399106, 27.309108],
              [-97.400294, 27.306363],
              [-97.401364, 27.303089],
              [-97.402433, 27.298971],
              [-97.403146, 27.295908],
              [-97.403503, 27.291261],
              [-97.404335, 27.290205],
              [-97.405642, 27.290205],
              [-97.405642, 27.294747]
            ]
          ],
          [
            [
              [-97.406593, 27.315655],
              [-97.404335, 27.319878],
              [-97.402909, 27.323151],
              [-97.400651, 27.325474],
              [-97.399581, 27.324524],
              [-97.400532, 27.322096],
              [-97.402314, 27.3184],
              [-97.403859, 27.314916],
              [-97.40481, 27.313754],
              [-97.405998, 27.313543],
              [-97.406593, 27.315655]
            ]
          ],
          [
            [
              [-98.0598, 27.635869],
              [-97.932261, 27.635834],
              [-97.888411, 27.620051],
              [-97.840678, 27.558358],
              [-97.3246374442316, 27.5610768378161],
              [-97.369396, 27.410433],
              [-97.414436, 27.321568],
              [-97.508304, 27.275014],
              [-97.544437, 27.284175],
              [-97.500595, 27.306574],
              [-97.501189, 27.328219],
              [-97.481462, 27.340465],
              [-97.493583, 27.390597],
              [-97.533734, 27.340039],
              [-97.613017, 27.285241],
              [-97.636904, 27.300977],
              [-97.63322, 27.32463],
              [-97.658418, 27.329696],
              [-97.661266, 27.360099],
              [-97.708802, 27.385638],
              [-97.68444, 27.319878],
              [-97.654877, 27.305103],
              [-97.66368, 27.286419],
              [-97.725294, 27.269306],
              [-97.784181, 27.283811],
              [-97.84134, 27.243955],
              [-97.919393, 27.243162],
              [-97.985887, 27.209308],
              [-97.986076, 27.260494],
              [-98.058078, 27.260981],
              [-98.059668, 27.609234],
              [-98.0598, 27.635869]
            ]
          ]
        ]
      }
    },
    {
      "type": "Feature",
      "id": "48179",
      "properties": {
        "county_id": "48179",
        "county_label": "Gray County",
        "state_name": "Texas",
        "state_fips": "48"
      },
      "geometry": {
        "type": "Polygon",
        "coordinates": [
          [
            [-101.086364, 35.241151],
            [-101.085935, 35.619102],
            [-100.540158, 35.619296],
            [-100.538283, 35.312669],
            [-100.538978, 35.183144],
            [-101.086281, 35.18214],
            [-101.086364, 35.241151]
          ]
        ]
      }
    },
    {
      "type": "Feature",
      "id": "48195",
      "properties": {
        "county_id": "48195",
        "county_label": "Hansford County",
        "state_name": "Texas",
        "state_fips": "48"
      },
      "geometry": {
        "type": "Polygon",
        "coordinates": [
          [
            [-101.623915, 36.499528],
            [-101.085156, 36.499244],
            [-101.084793, 36.37503],
            [-101.085735, 36.055276],
            [-101.623466, 36.055405],
            [-101.623829, 36.416633],
            [-101.623915, 36.499528]
          ]
        ]
      }
    },
    {
      "type": "Feature",
      "id": "48379",
      "properties": {
        "county_id": "48379",
        "county_label": "Rains County",
        "state_name": "Texas",
        "state_fips": "48"
      },
      "geometry": {
        "type": "Polygon",
        "coordinates": [
          [
            [-95.987259, 32.876415],
            [-95.9453, 32.979877],
            [-95.667728, 32.979554],
            [-95.634949, 32.721064],
            [-95.659042, 32.711563],
            [-95.702508, 32.742424],
            [-95.762041, 32.755431],
            [-95.765465, 32.771591],
            [-95.863949, 32.777061],
            [-95.986282, 32.875121],
            [-95.987259, 32.876415]
          ]
        ]
      }
    },
    {
      "type": "Feature",
      "id": "48277",
      "properties": {
        "county_id": "48277",
        "county_label": "Lamar County",
        "state_name": "Texas",
        "state_fips": "48"
      },
      "geometry": {
        "type": "Polygon",
        "coordinates": [
          [
            [-95.85772, 33.462718],
            [-95.851222, 33.836299],
            [-95.822787, 33.838756],
            [-95.821666, 33.856633],
            [-95.805149, 33.861304],
            [-95.763586, 33.846824],
            [-95.751746, 33.855557],
            [-95.756367, 33.892625],
            [-95.697882, 33.88611],
            [-95.665466, 33.908978],
            [-95.629055, 33.90587],
            [-95.593827, 33.943031],
            [-95.554478, 33.928072],
            [-95.545197, 33.880294],
            [-95.510739, 33.897877],
            [-95.502304, 33.874742],
            [-95.461673, 33.886998],
            [-95.464211, 33.873372],
            [-95.440928, 33.866429],
            [-95.362517, 33.866581],
            [-95.326436, 33.88607],
            [-95.3104056193911, 33.8773685301904],
            [-95.308072, 33.37845],
            [-95.396789, 33.398924],
            [-95.481459, 33.452398],
            [-95.526956, 33.445923],
            [-95.562235, 33.47587],
            [-95.590449, 33.469006],
            [-95.603675, 33.484721],
            [-95.682493, 33.470487],
            [-95.761076, 33.495387],
            [-95.82673, 33.459038],
            [-95.857738, 33.461722],
            [-95.85772, 33.462718]
          ]
        ]
      }
    },
    {
      "type": "Feature",
      "id": "47037",
      "properties": {
        "county_id": "47037",
        "county_label": "Davidson County",
        "state_name": "Tennessee",
        "state_fips": "47"
      },
      "geometry": {
        "type": "MultiPolygon",
        "coordinates": [
          [
            [
              [-86.522556, 36.141284],
              [-86.521057, 36.141141],
              [-86.52168, 36.137606],
              [-86.521736, 36.137294],
              [-86.523452, 36.137463],
              [-86.522556, 36.141284]
            ]
          ],
          [
            [
              [-87.054705, 36.049986],
              [-87.041362, 36.041312],
              [-87.038173, 36.094314],
              [-86.997705, 36.128512],
              [-86.987831, 36.215515],
              [-86.920798, 36.3307],
              [-86.909198, 36.390256],
              [-86.877483, 36.372191],
              [-86.852919, 36.380135],
              [-86.825053, 36.349817],
              [-86.787357, 36.35964],
              [-86.791034, 36.37676],
              [-86.754795, 36.405496],
              [-86.731049, 36.382165],
              [-86.720959, 36.341911],
              [-86.642, 36.288251],
              [-86.639095, 36.255105],
              [-86.594286, 36.245105],
              [-86.556609, 36.134928],
              [-86.527841, 36.140769],
              [-86.535943, 36.108166],
              [-86.515589, 36.10061],
              [-86.525689, 36.057318],
              [-86.546884, 36.087817],
              [-86.562427, 36.035323],
              [-86.612335, 36.009994],
              [-86.614415, 35.967785],
              [-86.783079, 36.034886],
              [-86.928602, 36.052909],
              [-87.039386, 35.989242],
              [-87.05453, 36.048776],
              [-87.054705, 36.049986]
            ]
          ]
        ]
      }
    },
    {
      "type": "Feature",
      "id": "47045",
      "properties": {
        "county_id": "47045",
        "county_label": "Dyer County",
        "state_name": "Tennessee",
        "state_fips": "47"
      },
      "geometry": {
        "type": "Polygon",
        "coordinates": [
          [
            [-89.733056, 36.000809],
            [-89.706932, 36.000981],
            [-89.692437, 36.020507],
            [-89.672463, 36.091837],
            [-89.594, 36.12719],
            [-89.594397, 36.155457],
            [-89.629452, 36.185382],
            [-89.488283, 36.187544],
            [-89.482007, 36.212734],
            [-89.154464, 36.204678],
            [-89.163862, 36.02619],
            [-89.206182, 36.013764],
            [-89.188844, 35.99976],
            [-89.198345, 35.970209],
            [-89.280148, 35.886499],
            [-89.342829, 35.880934],
            [-89.406965, 35.946599],
            [-89.490925, 35.947723],
            [-89.506854, 35.924386],
            [-89.557965, 35.937704],
            [-89.637309, 35.923175],
            [-89.6410718557004, 35.9062360721498],
            [-89.650267, 35.927663],
            [-89.718497, 35.963123],
            [-89.731096, 35.99662],
            [-89.733056, 36.000809]
          ]
        ]
      }
    },
    {
      "type": "Feature",
      "id": "47129",
      "properties": {
        "county_id": "47129",
        "county_label": "Morgan County",
        "state_name": "Tennessee",
        "state_fips": "47"
      },
      "geometry": {
        "type": "Polygon",
        "coordinates": [
          [
            [-84.914155, 36.20829],
            [-84.88385, 36.239121],
            [-84.870967, 36.289234],
            [-84.79568, 36.297689],
            [-84.774063, 36.334639],
            [-84.739936, 36.33664],
            [-84.745486, 36.351083],
            [-84.726904, 36.352837],
            [-84.724775, 36.376233],
            [-84.700785, 36.370824],
            [-84.611042, 36.270377],
            [-84.573041, 36.266577],
            [-84.573299, 36.22977],
            [-84.471037, 36.203778],
            [-84.441034, 36.163478],
            [-84.449034, 36.139577],
            [-84.420432, 36.108377],
            [-84.37903, 36.095377],
            [-84.341812, 36.048977],
            [-84.446054, 35.985984],
            [-84.541719, 35.970425],
            [-84.55499, 35.950359],
            [-84.60346, 35.954125],
            [-84.680633, 35.908454],
            [-84.720727, 35.994914],
            [-84.791936, 36.059371],
            [-84.80546, 36.090501],
            [-84.832377, 36.08401],
            [-84.870888, 36.136925],
            [-84.905735, 36.153537],
            [-84.913458, 36.205787],
            [-84.914155, 36.20829]
          ]
        ]
      }
    },
    {
      "type": "Feature",
      "id": "47163",
      "properties": {
        "county_id": "47163",
        "county_label": "Sullivan County",
        "state_name": "Tennessee",
        "state_fips": "47"
      },
      "geometry": {
        "type": "Polygon",
        "coordinates": [
          [
            [-82.702079, 36.455899],
            [-82.626776, 36.4954],
            [-82.628569, 36.51239],
            [-82.610175, 36.5193],
            [-82.609176, 36.594099],
            [-81.934144, 36.594213],
            [-81.922644, 36.616213],
            [-81.829171, 36.609263],
            [-81.928044, 36.567914],
            [-81.999086, 36.491954],
            [-82.099049, 36.45901],
            [-82.188053, 36.400608],
            [-82.242255, 36.421949],
            [-82.288615, 36.39517],
            [-82.369413, 36.403057],
            [-82.386163, 36.392104],
            [-82.375387, 36.421198],
            [-82.407884, 36.423725],
            [-82.421572, 36.447254],
            [-82.601798, 36.423454],
            [-82.662877, 36.4425],
            [-82.683671, 36.431196],
            [-82.702279, 36.455499],
            [-82.702079, 36.455899]
          ]
        ]
      }
    },
    {
      "type": "Feature",
      "id": "47055",
      "properties": {
        "county_id": "47055",
        "county_label": "Giles County",
        "state_name": "Tennessee",
        "state_fips": "47"
      },
      "geometry": {
        "type": "Polygon",
        "coordinates": [
          [
            [-87.232054, 35.292704],
            [-87.215082, 35.295769],
            [-87.206578, 35.433207],
            [-87.160263, 35.435371],
            [-87.122529, 35.456061],
            [-87.030114, 35.432201],
            [-86.998805, 35.409573],
            [-86.984405, 35.420075],
            [-86.924802, 35.409075],
            [-86.924603, 35.363076],
            [-86.901802, 35.338475],
            [-86.910636, 35.318151],
            [-86.859481, 35.298966],
            [-86.845688, 35.321021],
            [-86.8285, 35.293376],
            [-86.836306, 34.991764],
            [-87.224053220297, 34.9993266591169],
            [-87.213984, 35.12331],
            [-87.202549, 35.12165],
            [-87.197359, 35.159439],
            [-87.220472, 35.168874],
            [-87.2153, 35.286625],
            [-87.232442, 35.28767],
            [-87.232054, 35.292704]
          ]
        ]
      }
    },
    {
      "type": "Feature",
      "id": "47107",
      "properties": {
        "county_id": "47107",
        "county_label": "McMinn County",
        "state_name": "Tennessee",
        "state_fips": "47"
      },
      "geometry": {
        "type": "Polygon",
        "coordinates": [
          [
            [-84.858702, 35.352545],
            [-84.801749, 35.454282],
            [-84.711961, 35.534835],
            [-84.689814, 35.577603],
            [-84.629452, 35.640251],
            [-84.584472, 35.644424],
            [-84.584296, 35.633086],
            [-84.547603, 35.641327],
            [-84.522511, 35.622269],
            [-84.540328, 35.611744],
            [-84.52271, 35.607783],
            [-84.522628, 35.586136],
            [-84.504786, 35.586154],
            [-84.443282, 35.462746],
            [-84.451129, 35.455299],
            [-84.434027, 35.448645],
            [-84.443597, 35.433485],
            [-84.409226, 35.398378],
            [-84.401025, 35.330374],
            [-84.454713, 35.318518],
            [-84.51613, 35.266472],
            [-84.667398, 35.268041],
            [-84.703607, 35.241043],
            [-84.703538, 35.258773],
            [-84.737384, 35.255359],
            [-84.752702, 35.272598],
            [-84.726539, 35.276273],
            [-84.72534, 35.289471],
            [-84.752707, 35.288595],
            [-84.860164, 35.350074],
            [-84.858702, 35.352545]
          ]
        ]
      }
    },
    {
      "type": "Feature",
      "id": "47031",
      "properties": {
        "county_id": "47031",
        "county_label": "Coffee County",
        "state_name": "Tennessee",
        "state_fips": "47"
      },
      "geometry": {
        "type": "Polygon",
        "coordinates": [
          [
            [-86.279905, 35.387452],
            [-86.251673, 35.403511],
            [-86.246613, 35.449195],
            [-86.234529, 35.453308],
            [-86.246872, 35.465375],
            [-86.236679, 35.505836],
            [-86.249052, 35.66504],
            [-86.245406, 35.688899],
            [-86.221631, 35.706429],
            [-86.08889, 35.646823],
            [-86.037896, 35.643001],
            [-85.985062, 35.660108],
            [-85.950184, 35.609874],
            [-85.948192, 35.573422],
            [-85.880025, 35.535405],
            [-85.886982, 35.38154],
            [-85.869478, 35.380435],
            [-85.904877, 35.330434],
            [-85.913593, 35.289189],
            [-85.959142, 35.301612],
            [-85.962473, 35.314708],
            [-86.001882, 35.31468],
            [-86.033482, 35.335157],
            [-86.02704, 35.343837],
            [-86.15212, 35.361921],
            [-86.197589, 35.333479],
            [-86.216403, 35.348378],
            [-86.261489, 35.333579],
            [-86.24429, 35.356079],
            [-86.274691, 35.370578],
            [-86.253335, 35.385299],
            [-86.274321, 35.387035],
            [-86.279905, 35.387452]
          ]
        ]
      }
    },
    {
      "type": "Feature",
      "id": "47173",
      "properties": {
        "county_id": "47173",
        "county_label": "Union County",
        "state_name": "Tennessee",
        "state_fips": "47"
      },
      "geometry": {
        "type": "Polygon",
        "coordinates": [
          [
            [-84.007298, 36.270304],
            [-83.974017, 36.298278],
            [-83.950919, 36.401278],
            [-83.921217, 36.387879],
            [-83.890517, 36.431279],
            [-83.833282, 36.419654],
            [-83.805515, 36.435879],
            [-83.805014, 36.416379],
            [-83.79273, 36.423099],
            [-83.764512, 36.398779],
            [-83.733054, 36.345043],
            [-83.714009, 36.344181],
            [-83.696909, 36.365681],
            [-83.667408, 36.344381],
            [-83.702739, 36.272837],
            [-83.700705, 36.206283],
            [-83.729805, 36.186682],
            [-83.714704, 36.173783],
            [-83.905169, 36.160906],
            [-83.96914, 36.210105],
            [-84.009753, 36.27031],
            [-84.007298, 36.270304]
          ]
        ]
      }
    },
    {
      "type": "Feature",
      "id": "47189",
      "properties": {
        "county_id": "47189",
        "county_label": "Wilson County",
        "state_name": "Tennessee",
        "state_fips": "47"
      },
      "geometry": {
        "type": "Polygon",
        "coordinates": [
          [
            [-86.595088, 36.241461],
            [-86.546578, 36.321255],
            [-86.522074, 36.278015],
            [-86.509276, 36.302938],
            [-86.438225, 36.339441],
            [-86.393113, 36.307671],
            [-86.366388, 36.357746],
            [-86.345651, 36.34089],
            [-86.358539, 36.309236],
            [-86.300075, 36.312374],
            [-86.27911, 36.348523],
            [-86.263446, 36.299448],
            [-86.230096, 36.349172],
            [-86.189251, 36.320088],
            [-86.175916, 36.328836],
            [-86.115607, 36.268886],
            [-86.121367, 36.231389],
            [-86.092527, 36.203502],
            [-86.063413, 36.070052],
            [-86.014849, 35.96106],
            [-86.090502, 35.974451],
            [-86.095732, 35.960886],
            [-86.153214, 35.954399],
            [-86.217565, 35.969303],
            [-86.23776, 35.959424],
            [-86.326252, 35.985008],
            [-86.376999, 36.012043],
            [-86.382528, 36.035251],
            [-86.535943, 36.108166],
            [-86.525559, 36.13854],
            [-86.556609, 36.134928],
            [-86.595439, 36.239407],
            [-86.595088, 36.241461]
          ],
          [
            [-86.523452, 36.137463],
            [-86.521736, 36.137294],
            [-86.52168, 36.137606],
            [-86.521057, 36.141141],
            [-86.522556, 36.141284],
            [-86.523452, 36.137463]
          ]
        ]
      }
    },
    {
      "type": "Feature",
      "id": "47097",
      "properties": {
        "county_id": "47097",
        "county_label": "Lauderdale County",
        "state_name": "Tennessee",
        "state_fips": "47"
      },
      "geometry": {
        "type": "Polygon",
        "coordinates": [
          [
            [-89.958336, 35.72656],
            [-89.911984, 35.758313],
            [-89.825451, 35.745188],
            [-89.79895, 35.759356],
            [-89.799565, 35.788331],
            [-89.781662, 35.805228],
            [-89.72817, 35.802697],
            [-89.696497, 35.820583],
            [-89.69741, 35.836683],
            [-89.773858, 35.86766],
            [-89.743132, 35.911176],
            [-89.663284, 35.874703],
            [-89.645617, 35.885833],
            [-89.635957, 35.923664],
            [-89.557965, 35.937704],
            [-89.506854, 35.924386],
            [-89.490925, 35.947723],
            [-89.406965, 35.946599],
            [-89.354722, 35.904462],
            [-89.339556, 35.862383],
            [-89.358948, 35.839747],
            [-89.356033, 35.817635],
            [-89.401805, 35.822657],
            [-89.43264, 35.780464],
            [-89.440123, 35.747919],
            [-89.427691, 35.740184],
            [-89.452712, 35.682545],
            [-89.466354, 35.682706],
            [-89.469993, 35.595226],
            [-89.502118, 35.580621],
            [-89.602153, 35.623777],
            [-89.623015, 35.652344],
            [-89.66654, 35.631269],
            [-89.758116, 35.650361],
            [-89.817679, 35.623732],
            [-89.824146, 35.603139],
            [-89.884497, 35.584976],
            [-89.911948, 35.535926],
            [-89.912881, 35.549094],
            [-89.941995, 35.556903],
            [-89.956592, 35.590622],
            [-89.856619, 35.634444],
            [-89.851176, 35.657432],
            [-89.8622, 35.670419],
            [-89.898916, 35.650904],
            [-89.92735, 35.659461],
            [-89.955665, 35.690089],
            [-89.958877, 35.723049],
            [-89.958336, 35.72656]
          ]
        ]
      }
    },
    {
      "type": "Feature",
      "id": "47079",
      "properties": {
        "county_id": "47079",
        "county_label": "Henry County",
        "state_name": "Tennessee",
        "state_fips": "47"
      },
      "geometry": {
        "type": "Polygon",
        "coordinates": [
          [
            [-88.529397, 36.170176],
            [-88.5163456859488, 36.5014314866172],
            [-88.0532916180151, 36.4971306477427],
            [-88.061456, 36.444093],
            [-87.99092, 36.360133],
            [-88.095985, 36.358716],
            [-88.102848, 36.31012],
            [-88.083157, 36.256724],
            [-88.135824, 36.218678],
            [-88.208803, 36.121072],
            [-88.211698, 36.145974],
            [-88.530322, 36.152023],
            [-88.529397, 36.170176]
          ]
        ]
      }
    },
    {
      "type": "Feature",
      "id": "12045",
      "properties": {
        "county_id": "12045",
        "county_label": "Gulf County",
        "state_name": "Florida",
        "state_fips": "12"
      },
      "geometry": {
        "type": "Polygon",
        "coordinates": [
          [
            [-85.417495, 29.829933],
            [-85.411765, 29.85979],
            [-85.391232, 29.87432],
            [-85.409696, 29.802353],
            [-85.363594, 29.680544],
            [-85.313731, 29.68646],
            [-85.30396, 29.720621],
            [-85.302789, 29.808864],
            [-85.3891744104151, 29.92478455112],
            [-85.389679, 30.200973],
            [-85.11566, 30.199976],
            [-85.138669, 30.172546],
            [-85.132111, 30.144344],
            [-85.145424, 30.124664],
            [-85.130237, 30.117359],
            [-85.154015, 30.092043],
            [-85.134346, 30.082046],
            [-85.135254, 30.04327],
            [-85.0298, 29.987412],
            [-85.017939, 29.950973],
            [-85.053757, 29.910296],
            [-85.019693, 29.819874],
            [-85.038614, 29.781188],
            [-85.064765, 29.787026],
            [-85.079193, 29.768617],
            [-85.109401, 29.776793],
            [-85.2174996110487, 29.6947430959589],
            [-85.250913, 29.687155],
            [-85.222039, 29.685467],
            [-85.232229, 29.677355],
            [-85.298623, 29.684019],
            [-85.356743, 29.66956],
            [-85.398407, 29.742964],
            [-85.416682, 29.820246],
            [-85.417495, 29.829933]
          ]
        ]
      }
    },
    {
      "type": "Feature",
      "id": "12123",
      "properties": {
        "county_id": "12123",
        "county_label": "Taylor County",
        "state_name": "Florida",
        "state_fips": "12"
      },
      "geometry": {
        "type": "MultiPolygon",
        "coordinates": [
          [
            [
              [-83.830048, 29.973025],
              [-83.827844, 29.972811],
              [-83.827012, 29.971061],
              [-83.829032, 29.969825],
              [-83.830815, 29.971061],
              [-83.830048, 29.973025]
            ]
          ],
          [
            [
              [-83.991984, 30.093408],
              [-83.951753, 30.185148],
              [-83.925453, 30.19286],
              [-83.915827, 30.245152],
              [-83.837652, 30.280764],
              [-83.820235, 30.30354],
              [-83.468768, 30.304212],
              [-83.469267, 30.260351],
              [-83.36726, 30.26044],
              [-83.37089, 29.887934],
              [-83.352986, 29.887859],
              [-83.35286, 29.822222],
              [-83.318859, 29.822623],
              [-83.319462, 29.778328],
              [-83.345676, 29.74349],
              [-83.366398, 29.665701],
              [-83.483691, 29.688209],
              [-83.492953, 29.712686],
              [-83.547927, 29.728081],
              [-83.566018, 29.761434],
              [-83.584222, 29.758503],
              [-83.586836, 29.818941],
              [-83.680791, 29.921574],
              [-83.925364, 30.034568],
              [-83.992284, 30.089108],
              [-83.991984, 30.093408]
            ]
          ]
        ]
      }
    },
    {
      "type": "Feature",
      "id": "48443",
      "properties": {
        "county_id": "48443",
        "county_label": "Terrell County",
        "state_name": "Texas",
        "state_fips": "48"
      },
      "geometry": {
        "type": "Polygon",
        "coordinates": [
          [
            [-102.566873, 30.134165],
            [-102.566937, 30.283269],
            [-102.343085, 30.284116],
            [-102.342986, 30.598759],
            [-102.138406, 30.597521],
            [-102.137778, 30.655982],
            [-101.760671, 30.658323],
            [-101.669833, 30.637907],
            [-101.652446, 30.620471],
            [-101.663509, 30.588727],
            [-101.646245, 30.560763],
            [-101.679184, 30.523493],
            [-101.688867, 30.46762],
            [-101.705508, 30.457485],
            [-101.731846, 30.467339],
            [-101.720323, 30.442225],
            [-101.740552, 30.421321],
            [-101.700187, 30.401095],
            [-101.697417, 30.380493],
            [-101.657927, 30.345903],
            [-101.715404, 30.339822],
            [-101.758381, 30.289685],
            [-101.760923744511, 29.7818615288962],
            [-101.807536, 29.781373],
            [-101.803613, 29.803446],
            [-101.818275, 29.811621],
            [-101.824101, 29.787152],
            [-101.850958, 29.807881],
            [-101.929323, 29.782576],
            [-101.976632, 29.815992],
            [-101.986071, 29.797493],
            [-102.034759, 29.804028],
            [-102.050044, 29.78507],
            [-102.115682, 29.79239],
            [-102.180076, 29.826573],
            [-102.18525, 29.847735],
            [-102.223528, 29.84053],
            [-102.246915, 29.86431],
            [-102.261389, 29.853283],
            [-102.264954, 29.867806],
            [-102.320703761477, 29.8788549124151],
            [-102.567049, 30.052808],
            [-102.566873, 30.134165]
          ]
        ]
      }
    },
    {
      "type": "Feature",
      "id": "48205",
      "properties": {
        "county_id": "48205",
        "county_label": "Hartley County",
        "state_name": "Texas",
        "state_fips": "48"
      },
      "geometry": {
        "type": "Polygon",
        "coordinates": [
          [
            [-103.042186, 35.825217],
            [-103.040824, 36.055231],
            [-102.163015, 36.055249],
            [-102.162809, 35.627515],
            [-103.041554, 35.622487],
            [-103.041716, 35.814072],
            [-103.042186, 35.825217]
          ]
        ]
      }
    },
    {
      "type": "Feature",
      "id": "48405",
      "properties": {
        "county_id": "48405",
        "county_label": "San Augustine County",
        "state_name": "Texas",
        "state_fips": "48"
      },
      "geometry": {
        "type": "Polygon",
        "coordinates": [
          [
            [-94.398984, 31.650208],
            [-94.090812, 31.620618],
            [-93.984461, 31.569419],
            [-93.983239, 31.466114],
            [-94.044154, 31.409979],
            [-94.021741, 31.366995],
            [-94.047265, 31.298544],
            [-94.029124, 31.251401],
            [-94.042298, 31.119435],
            [-94.129632, 31.09928],
            [-94.192732, 31.135455],
            [-94.218997, 31.173265],
            [-94.262206, 31.180334],
            [-94.339773, 31.24082],
            [-94.315119, 31.308439],
            [-94.330933, 31.363317],
            [-94.326934, 31.399991],
            [-94.30526, 31.421852],
            [-94.324993, 31.43941],
            [-94.316109, 31.495614],
            [-94.302217, 31.505144],
            [-94.305583, 31.570929],
            [-94.310888, 31.589043],
            [-94.39962, 31.649194],
            [-94.398984, 31.650208]
          ]
        ]
      }
    },
    {
      "type": "Feature",
      "id": "48119",
      "properties": {
        "county_id": "48119",
        "county_label": "Delta County",
        "state_name": "Texas",
        "state_fips": "48"
      },
      "geometry": {
        "type": "Polygon",
        "coordinates": [
          [
            [-95.86168, 33.228116],
            [-95.857738, 33.461722],
            [-95.825865, 33.459347],
            [-95.778965, 33.491842],
            [-95.707786, 33.48776],
            [-95.682493, 33.470487],
            [-95.644218, 33.486105],
            [-95.603675, 33.484721],
            [-95.590449, 33.469006],
            [-95.565836, 33.47706],
            [-95.526956, 33.445923],
            [-95.481459, 33.452398],
            [-95.396789, 33.398924],
            [-95.30664, 33.378027],
            [-95.345197, 33.360394],
            [-95.456211, 33.368447],
            [-95.513933, 33.346289],
            [-95.586852, 33.358711],
            [-95.650082, 33.310035],
            [-95.758192, 33.29666],
            [-95.784661, 33.255574],
            [-95.861778, 33.21933],
            [-95.86168, 33.228116]
          ]
        ]
      }
    },
    {
      "type": "Feature",
      "id": "48301",
      "properties": {
        "county_id": "48301",
        "county_label": "Loving County",
        "state_name": "Texas",
        "state_fips": "48"
      },
      "geometry": {
        "type": "Polygon",
        "coordinates": [
          [
            [-103.983936, 31.994113],
            [-103.326501, 32.00037],
            [-103.327538, 31.65142],
            [-103.615997, 31.650681],
            [-103.634625, 31.680465],
            [-103.620752, 31.690342],
            [-103.627801, 31.706521],
            [-103.669083, 31.715267],
            [-103.691717, 31.747783],
            [-103.745228, 31.738866],
            [-103.782953, 31.774589],
            [-103.797232, 31.770187],
            [-103.829718, 31.888352],
            [-103.883213, 31.866258],
            [-103.88145, 31.891096],
            [-103.912248, 31.902424],
            [-103.922396, 31.942527],
            [-103.948592, 31.954483],
            [-103.950089, 31.986838],
            [-103.974457, 31.979206],
            [-103.98406, 31.99342],
            [-103.983936, 31.994113]
          ]
        ]
      }
    },
    {
      "type": "Feature",
      "id": "48155",
      "properties": {
        "county_id": "48155",
        "county_label": "Foard County",
        "state_name": "Texas",
        "state_fips": "48"
      },
      "geometry": {
        "type": "Polygon",
        "coordinates": [
          [
            [-100.047962, 34.006272],
            [-100.037843, 34.238412],
            [-100.009793, 34.241955],
            [-100.006052, 34.225668],
            [-99.772043, 34.093286],
            [-99.624954, 34.096646],
            [-99.5485, 34.055774],
            [-99.532145, 34.074899],
            [-99.490408, 34.065453],
            [-99.475294, 34.085618],
            [-99.474498, 33.733849],
            [-99.4756, 33.752309],
            [-99.519773, 33.76819],
            [-99.523957, 33.783367],
            [-99.546168, 33.78086],
            [-99.544475, 33.795494],
            [-99.57758, 33.802698],
            [-99.5818, 33.784723],
            [-99.599863, 33.787634],
            [-99.634461, 33.802671],
            [-99.635786, 33.817098],
            [-99.663898, 33.808071],
            [-99.685332, 33.8273],
            [-99.70001, 33.800075],
            [-99.721371, 33.814428],
            [-99.725026, 33.797473],
            [-99.739169, 33.811566],
            [-99.758657, 33.803783],
            [-99.756663, 33.823522],
            [-99.83262, 33.817397],
            [-99.835143, 33.8358],
            [-100.04848, 33.835974],
            [-100.047962, 34.006272]
          ]
        ]
      }
    },
    {
      "type": "Feature",
      "id": "06037",
      "properties": {
        "county_id": "06037",
        "county_label": "Los Angeles County",
        "state_name": "California",
        "state_fips": "06"
      },
      "geometry": {
        "type": "MultiPolygon",
        "coordinates": [
          [
            [
              [-118.604415, 33.478552],
              [-118.538624, 33.477015],
              [-118.497435, 33.441964],
              [-118.477646, 33.448392],
              [-118.370323, 33.409285],
              [-118.368126, 33.389533],
              [-118.310213, 33.335795],
              [-118.305084, 33.310323],
              [-118.325244, 33.299075],
              [-118.374768, 33.320065],
              [-118.465368, 33.326056],
              [-118.487453, 33.350883],
              [-118.475331, 33.383238],
              [-118.48875, 33.419826],
              [-118.575394, 33.440179],
              [-118.607243, 33.478449],
              [-118.604415, 33.478552]
            ]
          ],
          [
            [
              [-118.6105, 33.032941],
              [-118.573897, 33.03055],
              [-118.499503, 32.933654],
              [-118.354185, 32.820919],
              [-118.391834, 32.826266],
              [-118.431809, 32.801462],
              [-118.506206, 32.852985],
              [-118.593435, 33.012386],
              [-118.610262, 33.015803],
              [-118.6105, 33.032941]
            ]
          ],
          [
            [
              [-118.944502, 34.046563],
              [-118.940965, 34.07483],
              [-118.788889, 34.168214],
              [-118.668152, 34.168195],
              [-118.667714, 34.240345],
              [-118.632494, 34.240391],
              [-118.636789, 34.291804],
              [-118.894634, 34.817972],
              [-118.854271, 34.803014],
              [-118.854009, 34.817684],
              [-117.667292, 34.822526],
              [-117.667121, 34.557906],
              [-117.646374, 34.28917],
              [-117.730125, 34.021371],
              [-117.767657, 34.023508],
              [-117.767525, 34.004695],
              [-117.78517, 34.004625],
              [-117.802539, 33.975551],
              [-117.783252, 33.946261],
              [-117.976498, 33.94605],
              [-117.976593, 33.90281],
              [-118.05892, 33.846196],
              [-118.096705, 33.779085],
              [-118.09197, 33.758472],
              [-118.115411077283, 33.7432945549888],
              [-118.180801, 33.765054],
              [-118.185726, 33.73296],
              [-118.24277, 33.743355],
              [-118.247115, 33.715226],
              [-118.267839, 33.722145],
              [-118.278159, 33.707682],
              [-118.411315, 33.741701],
              [-118.428162, 33.774345],
              [-118.393997, 33.804183],
              [-118.390549, 33.838779],
              [-118.451436, 33.959108],
              [-118.524356, 34.03068],
              [-118.571479, 34.041738],
              [-118.742354, 34.03294],
              [-118.806552, 34.000448],
              [-118.854908, 34.034919],
              [-118.944593638436, 34.0458150893772],
              [-118.944502, 34.046563]
            ]
          ]
        ]
      }
    },
    {
      "type": "Feature",
      "id": "06087",
      "properties": {
        "county_id": "06087",
        "county_label": "Santa Cruz County",
        "state_name": "California",
        "state_fips": "06"
      },
      "geometry": {
        "type": "Polygon",
        "coordinates": [
          [
            [-122.317682, 37.186945],
            [-122.24266, 37.190035],
            [-122.242573, 37.215134],
            [-122.152774, 37.215444],
            [-122.152278, 37.286055],
            [-121.99109, 37.14427],
            [-121.82402, 37.08757],
            [-121.725771, 37.02065],
            [-121.736186, 37.015342],
            [-121.718762, 37.007557],
            [-121.738697, 36.989991],
            [-121.695358, 36.98515],
            [-121.698129, 36.972605],
            [-121.664787, 36.963714],
            [-121.645791, 36.93233],
            [-121.624755, 36.940451],
            [-121.581154, 36.919252],
            [-121.581354, 36.899152],
            [-121.629489, 36.911681],
            [-121.644001, 36.893996],
            [-121.657904, 36.913814],
            [-121.745365, 36.909293],
            [-121.793216, 36.880017],
            [-121.810551858284, 36.8506482495196],
            [-121.862266, 36.931552],
            [-121.930069, 36.97815],
            [-121.972771, 36.954151],
            [-122.012739, 36.963216],
            [-122.065642, 36.948466],
            [-122.153586, 36.976808],
            [-122.223799, 37.025672],
            [-122.292973615833, 37.1073182889556],
            [-122.316981, 37.182238],
            [-122.317682, 37.186945]
          ]
        ]
      }
    },
    {
      "type": "Feature",
      "id": "06039",
      "properties": {
        "county_id": "06039",
        "county_label": "Madera County",
        "state_name": "California",
        "state_fips": "06"
      },
      "geometry": {
        "type": "Polygon",
        "coordinates": [
          [
            [-120.545536, 37.027582],
            [-120.476692, 37.09639],
            [-120.341204, 37.124596],
            [-120.290384, 37.152428],
            [-120.056921, 37.180835],
            [-119.761809, 37.417114],
            [-119.651191, 37.417832],
            [-119.651172, 37.461351],
            [-119.615495, 37.461522],
            [-119.615029, 37.494681],
            [-119.58422, 37.494696],
            [-119.583585, 37.560335],
            [-119.308995, 37.777986],
            [-119.257878, 37.724631],
            [-119.216333, 37.714123],
            [-119.198491, 37.736657],
            [-119.124312, 37.733944],
            [-119.065166, 37.684556],
            [-119.022363, 37.585737],
            [-119.312186, 37.352725],
            [-119.325774, 37.335417],
            [-119.316297, 37.323934],
            [-119.335266, 37.311761],
            [-119.329505, 37.209758],
            [-119.361762, 37.167998],
            [-119.386521, 37.14953],
            [-119.432125, 37.162571],
            [-119.434875, 37.146954],
            [-119.462634, 37.144211],
            [-119.474807, 37.109963],
            [-119.506733, 37.150554],
            [-119.524544, 37.128324],
            [-119.560839, 37.142901],
            [-119.568566, 37.116689],
            [-119.537592, 37.105067],
            [-119.561432, 37.065485],
            [-119.604908, 37.071016],
            [-119.620657, 37.027058],
            [-119.635371, 37.021545],
            [-119.629033, 37.034619],
            [-119.651604, 37.042961],
            [-119.658611, 37.01333],
            [-119.698075, 37.008748],
            [-119.7405, 36.970212],
            [-119.733767, 36.946441],
            [-119.772737, 36.918599],
            [-119.785546, 36.879808],
            [-119.818746, 36.848068],
            [-119.884889, 36.858549],
            [-119.943507, 36.83403],
            [-119.984651, 36.840841],
            [-120.028143, 36.814485],
            [-120.079458, 36.825345],
            [-120.172724, 36.802871],
            [-120.18883, 36.776408],
            [-120.207076, 36.790905],
            [-120.233263, 36.781057],
            [-120.229922, 36.769055],
            [-120.291823, 36.763449],
            [-120.346623, 36.797655],
            [-120.345124, 36.785049],
            [-120.371551, 36.785836],
            [-120.369612, 36.810355],
            [-120.454082, 36.860206],
            [-120.466752, 36.892193],
            [-120.450825, 36.913471],
            [-120.502812, 37.00041],
            [-120.544566, 37.026085],
            [-120.545536, 37.027582]
          ]
        ]
      }
    },
    {
      "type": "Feature",
      "id": "06019",
      "properties": {
        "county_id": "06019",
        "county_label": "Fresno County",
        "state_name": "California",
        "state_fips": "06"
      },
      "geometry": {
        "type": "Polygon",
        "coordinates": [
          [
            [-120.909422, 36.747696],
            [-120.65595, 36.952832],
            [-120.590566, 36.952641],
            [-120.585407, 36.991248],
            [-120.598564, 36.99863],
            [-120.541696, 37.044505],
            [-120.544566, 37.026085],
            [-120.502812, 37.00041],
            [-120.450825, 36.913471],
            [-120.466752, 36.892193],
            [-120.454082, 36.860206],
            [-120.369612, 36.810355],
            [-120.371551, 36.785836],
            [-120.345124, 36.785049],
            [-120.346623, 36.797655],
            [-120.291823, 36.763449],
            [-120.229922, 36.769055],
            [-120.233263, 36.781057],
            [-120.207076, 36.790905],
            [-120.18883, 36.776408],
            [-120.172724, 36.802871],
            [-120.079458, 36.825345],
            [-120.028143, 36.814485],
            [-119.984651, 36.840841],
            [-119.943507, 36.83403],
            [-119.884889, 36.858549],
            [-119.818746, 36.848068],
            [-119.785546, 36.879808],
            [-119.772737, 36.918599],
            [-119.733767, 36.946441],
            [-119.7405, 36.970212],
            [-119.698075, 37.008748],
            [-119.658611, 37.01333],
            [-119.651604, 37.042961],
            [-119.629033, 37.034619],
            [-119.635371, 37.021545],
            [-119.620657, 37.027058],
            [-119.604908, 37.071016],
            [-119.561432, 37.065485],
            [-119.537592, 37.105067],
            [-119.568566, 37.116689],
            [-119.560839, 37.142901],
            [-119.524544, 37.128324],
            [-119.506733, 37.150554],
            [-119.474807, 37.109963],
            [-119.462634, 37.144211],
            [-119.434875, 37.146954],
            [-119.432125, 37.162571],
            [-119.386521, 37.14953],
            [-119.361762, 37.167998],
            [-119.329505, 37.209758],
            [-119.335266, 37.311761],
            [-119.316297, 37.323934],
            [-119.325774, 37.335417],
            [-119.312186, 37.352725],
            [-119.022363, 37.585737],
            [-118.97696, 37.556837],
            [-118.952661, 37.565836],
            [-118.917158, 37.550336],
            [-118.860758, 37.501535],
            [-118.856049, 37.478395],
            [-118.795839, 37.488372],
            [-118.763287, 37.456537],
            [-118.760175, 37.433632],
            [-118.790031, 37.394032],
            [-118.768148, 37.361178],
            [-118.786736, 37.34338],
            [-118.740026, 37.315237],
            [-118.716016, 37.328208],
            [-118.665332, 37.261917],
            [-118.686424, 37.227575],
            [-118.654593, 37.141826],
            [-118.592661, 37.138147],
            [-118.437137, 37.059818],
            [-118.419533, 36.987435],
            [-118.360831, 36.887734],
            [-118.362169, 36.844002],
            [-118.393724, 36.829668],
            [-118.360586, 36.744773],
            [-118.982441, 36.741646],
            [-118.984779, 36.657147],
            [-119.304625, 36.660606],
            [-119.305102, 36.573725],
            [-119.466322, 36.575238],
            [-119.66692, 36.418728],
            [-119.671493, 36.431074],
            [-119.74705, 36.416435],
            [-119.753114, 36.401894],
            [-119.959227, 36.400975],
            [-119.958916, 36.181414],
            [-120.318719, 35.906914],
            [-120.360402, 35.964418],
            [-120.433053, 35.968933],
            [-120.480447, 36.011296],
            [-120.529796, 36.024281],
            [-120.526994, 36.035709],
            [-120.587608, 36.066604],
            [-120.600607, 36.101587],
            [-120.648784, 36.10799],
            [-120.672105, 36.163844],
            [-120.649937, 36.168007],
            [-120.627055, 36.203039],
            [-120.679741, 36.246665],
            [-120.682723, 36.294441],
            [-120.658806, 36.316235],
            [-120.596562, 36.328488],
            [-120.597155, 36.488235],
            [-120.918731, 36.740381],
            [-120.909422, 36.747696]
          ]
        ]
      }
    },
    {
      "type": "Feature",
      "id": "06097",
      "properties": {
        "county_id": "06097",
        "county_label": "Sonoma County",
        "state_name": "California",
        "state_fips": "06"
      },
      "geometry": {
        "type": "Polygon",
        "coordinates": [
          [
            [-123.533535, 38.768408],
            [-123.520961, 38.758575],
            [-123.497042, 38.778604],
            [-123.368236, 38.777066],
            [-123.368394, 38.80664],
            [-123.136253, 38.809136],
            [-123.136636, 38.839448],
            [-123.08123, 38.838406],
            [-123.080997, 38.852438],
            [-122.817651, 38.849839],
            [-122.747756, 38.803344],
            [-122.695451, 38.71309],
            [-122.646569, 38.706177],
            [-122.623696, 38.664306],
            [-122.646421, 38.598593],
            [-122.631832, 38.569367],
            [-122.543893, 38.519966],
            [-122.529592, 38.469609],
            [-122.482991, 38.45271],
            [-122.497191, 38.423811],
            [-122.396336, 38.309179],
            [-122.404592, 38.281423],
            [-122.366787, 38.247015],
            [-122.350391, 38.200552],
            [-122.369048, 38.181777],
            [-122.366215, 38.160855],
            [-122.404003, 38.160409],
            [-122.400006, 38.138588],
            [-122.443499, 38.116985],
            [-122.44478, 38.138345],
            [-122.498801216835, 38.111297326741],
            [-122.570732, 38.187142],
            [-122.63387, 38.178451],
            [-122.7399, 38.207018],
            [-122.908105, 38.320752],
            [-122.921588, 38.308554],
            [-122.966124, 38.31697],
            [-123.002787, 38.29571],
            [-123.044674, 38.313175],
            [-123.058239, 38.298355],
            [-123.07977, 38.324076],
            [-123.068265, 38.359865],
            [-123.128825, 38.450418],
            [-123.331899, 38.565542],
            [-123.441774, 38.699744],
            [-123.531108, 38.764179],
            [-123.533535, 38.768408]
          ]
        ]
      }
    },
    {
      "type": "Feature",
      "id": "06099",
      "properties": {
        "county_id": "06099",
        "county_label": "Stanislaus County",
        "state_name": "California",
        "state_fips": "06"
      },
      "geometry": {
        "type": "Polygon",
        "coordinates": [
          [
            [-121.486775, 37.475652],
            [-121.220357, 37.671044],
            [-121.22315, 37.683728],
            [-121.199817, 37.696219],
            [-121.181124, 37.688092],
            [-121.17845, 37.705529],
            [-121.121356, 37.721919],
            [-121.110208, 37.742043],
            [-121.094385, 37.733662],
            [-121.056212, 37.750374],
            [-121.037872, 37.73916],
            [-120.99276, 37.760755],
            [-120.920599, 37.738329],
            [-120.926449, 38.077421],
            [-120.655205, 37.83326],
            [-120.387613, 37.633704],
            [-120.983756, 37.39964],
            [-120.994534, 37.386186],
            [-120.973119, 37.376148],
            [-120.9814, 37.364869],
            [-120.964685, 37.345385],
            [-121.226804, 37.134774],
            [-121.281107, 37.183603],
            [-121.298552, 37.165963],
            [-121.328409, 37.16595],
            [-121.360942, 37.184321],
            [-121.383551, 37.151487],
            [-121.404636, 37.155989],
            [-121.416869, 37.211262],
            [-121.448493, 37.23702],
            [-121.459068, 37.282319],
            [-121.405753, 37.31099],
            [-121.42365, 37.358837],
            [-121.409075, 37.380672],
            [-121.456651, 37.395535],
            [-121.472606, 37.423345],
            [-121.462917, 37.451489],
            [-121.486252, 37.474333],
            [-121.486775, 37.475652]
          ]
        ]
      }
    },
    {
      "type": "Feature",
      "id": "06107",
      "properties": {
        "county_id": "06107",
        "county_label": "Tulare County",
        "state_name": "California",
        "state_fips": "06"
      },
      "geometry": {
        "type": "Polygon",
        "coordinates": [
          [
            [-119.566468, 36.494339],
            [-119.466322, 36.575238],
            [-119.305102, 36.573725],
            [-119.304625, 36.660606],
            [-118.984779, 36.657147],
            [-118.982441, 36.741646],
            [-118.351329, 36.741034],
            [-118.334728, 36.705534],
            [-118.366128, 36.690435],
            [-118.331227, 36.669434],
            [-118.338227, 36.655434],
            [-118.320826, 36.627034],
            [-118.274624, 36.597334],
            [-118.292123, 36.562735],
            [-118.239021, 36.523635],
            [-118.23502, 36.493735],
            [-118.24992, 36.482435],
            [-118.21592, 36.456736],
            [-118.209819, 36.430336],
            [-118.157019, 36.432636],
            [-118.137919, 36.418036],
            [-118.163019, 36.389636],
            [-118.100317, 36.346137],
            [-118.127601, 36.280348],
            [-118.105616, 36.213439],
            [-118.059315, 36.17014],
            [-118.073514, 36.140341],
            [-118.067313, 36.093442],
            [-118.051513, 36.083242],
            [-118.033611, 36.008944],
            [-118.003577, 35.983718],
            [-118.016791, 35.954551],
            [-117.983287, 35.926563],
            [-117.981043, 35.866912],
            [-118.007418, 35.85818],
            [-118.008094, 35.788935],
            [-119.53812, 35.789898],
            [-119.529358, 36.26985],
            [-119.474607, 36.269025],
            [-119.474892, 36.400953],
            [-119.528792, 36.401465],
            [-119.527194, 36.488886],
            [-119.573194, 36.488835],
            [-119.566468, 36.494339]
          ]
        ]
      }
    },
    {
      "type": "Feature",
      "id": "06013",
      "properties": {
        "county_id": "06013",
        "county_label": "Contra Costa County",
        "state_name": "California",
        "state_fips": "06"
      },
      "geometry": {
        "type": "Polygon",
        "coordinates": [
          [
            [-122.42976, 37.965405],
            [-122.402906, 37.954852],
            [-122.401004, 37.968532],
            [-122.367582, 37.978168],
            [-122.367909, 38.01253],
            [-122.332552, 38.001502],
            [-122.300823, 38.010893],
            [-122.262861, 38.0446],
            [-122.269666188168, 38.0603362895779],
            [-122.183863, 38.053997],
            [-122.146866, 38.031727],
            [-122.061103, 38.062137],
            [-121.97744, 38.06684],
            [-121.906801, 38.045002],
            [-121.862462, 38.06603],
            [-121.816954, 38.021519],
            [-121.78139, 38.018612],
            [-121.699765, 38.04522],
            [-121.673065, 38.093518],
            [-121.638088, 38.086131],
            [-121.604923, 38.099878],
            [-121.578338, 38.091739],
            [-121.584388, 38.036025],
            [-121.572169, 38.041412],
            [-121.557554, 38.017037],
            [-121.57991, 38.007783],
            [-121.556419, 37.923302],
            [-121.57865, 37.858041],
            [-121.534247, 37.849891],
            [-121.556997, 37.816488],
            [-121.96004, 37.718531],
            [-122.011771, 37.747428],
            [-121.997411, 37.76336],
            [-122.045473, 37.798126],
            [-122.177873, 37.816323],
            [-122.257113, 37.899856],
            [-122.322332, 37.895419],
            [-122.364764, 37.917928],
            [-122.363534, 37.905611],
            [-122.390546, 37.90911],
            [-122.430087, 37.963115],
            [-122.42976, 37.965405]
          ]
        ]
      }
    },
    {
      "type": "Feature",
      "id": "06047",
      "properties": {
        "county_id": "06047",
        "county_label": "Merced County",
        "state_name": "California",
        "state_fips": "06"
      },
      "geometry": {
        "type": "Polygon",
        "coordinates": [
          [
            [-121.248461, 37.033488],
            [-121.208378, 37.060932],
            [-121.245484, 37.089148],
            [-121.217339, 37.123042],
            [-121.226804, 37.134774],
            [-120.964685, 37.345385],
            [-120.988724, 37.396512],
            [-120.38767, 37.633364],
            [-120.279579, 37.457947],
            [-120.283398, 37.424363],
            [-120.187709, 37.301072],
            [-120.177636, 37.261526],
            [-120.090078, 37.22147],
            [-120.052055, 37.183108],
            [-120.290384, 37.152428],
            [-120.341204, 37.124596],
            [-120.476692, 37.09639],
            [-120.598564, 36.99863],
            [-120.585407, 36.991248],
            [-120.590566, 36.952641],
            [-120.65595, 36.952832],
            [-120.918731, 36.740381],
            [-121.141523, 36.836656],
            [-121.188796, 36.913238],
            [-121.221378, 36.910301],
            [-121.234683, 36.926894],
            [-121.211794, 36.957113],
            [-121.245887, 36.983036],
            [-121.233337, 37.011746],
            [-121.247499, 37.0311],
            [-121.248461, 37.033488]
          ]
        ]
      }
    },
    {
      "type": "Feature",
      "id": "36047",
      "properties": {
        "county_id": "36047",
        "county_label": "Kings County",
        "state_name": "New York",
        "state_fips": "36"
      },
      "geometry": {
        "type": "Polygon",
        "coordinates": [
          [
            [-74.041712, 40.626379],
            [-73.999994, 40.663822],
            [-74.018828, 40.679595],
            [-73.969613, 40.707634],
            [-73.955087, 40.7394],
            [-73.896518, 40.682397],
            [-73.868917, 40.69515],
            [-73.854938, 40.64265],
            [-73.833041, 40.628261],
            [-73.849852, 40.588669],
            [-73.879222, 40.574656],
            [-73.900446, 40.588096],
            [-73.990899, 40.570628],
            [-74.01147, 40.574479],
            [-73.997084, 40.591414],
            [-74.031384, 40.605201],
            [-74.0416815445561, 40.6261478910369],
            [-74.041712, 40.626379]
          ]
        ]
      }
    },
    {
      "type": "Feature",
      "id": "36005",
      "properties": {
        "county_id": "36005",
        "county_label": "Bronx County",
        "state_name": "New York",
        "state_fips": "36"
      },
      "geometry": {
        "type": "MultiPolygon",
        "coordinates": [
          [
            [
              [-73.7724178973261, 40.8595369572044],
              [-73.769792, 40.844967],
              [-73.772649, 40.859464],
              [-73.7724178973261, 40.8595369572044]
            ]
          ],
          [
            [
              [-73.792287998482, 40.8554424402514],
              [-73.781534, 40.838948],
              [-73.792643, 40.854799],
              [-73.792287998482, 40.8554424402514]
            ]
          ],
          [
            [
              [-73.9325634797383, 40.884204169247],
              [-73.918317529127, 40.9177052097217],
              [-73.859393, 40.900381],
              [-73.851123, 40.910009],
              [-73.784803, 40.878528],
              [-73.799843, 40.848667],
              [-73.817976, 40.863639],
              [-73.814172, 40.825911],
              [-73.79024, 40.805032],
              [-73.878307, 40.785357],
              [-73.92725, 40.802558],
              [-73.933006, 40.835679],
              [-73.907198, 40.876389],
              [-73.9337868955222, 40.882206616177],
              [-73.9325634797383, 40.884204169247]
            ]
          ]
        ]
      }
    },
    {
      "type": "Feature",
      "id": "06105",
      "properties": {
        "county_id": "06105",
        "county_label": "Trinity County",
        "state_name": "California",
        "state_fips": "06"
      },
      "geometry": {
        "type": "Polygon",
        "coordinates": [
          [
            [-123.622387, 40.931703],
            [-123.587861, 40.927755],
            [-123.560163, 40.950257],
            [-123.481457, 40.914957],
            [-123.447956, 40.943758],
            [-123.453258, 40.964153],
            [-123.40604, 41.012897],
            [-123.407218, 41.030619],
            [-123.423272, 41.058157],
            [-123.457942, 41.068215],
            [-123.464222, 41.094408],
            [-123.439806, 41.092541],
            [-123.433027, 41.160578],
            [-123.408291, 41.179944],
            [-123.381192, 41.15129],
            [-123.353237, 41.163054],
            [-123.295065, 41.14065],
            [-123.23948, 41.075763],
            [-123.109333, 41.075459],
            [-123.055385, 41.046721],
            [-123.037118, 41.004176],
            [-122.980131, 41.014314],
            [-122.917529, 40.99399],
            [-122.897363, 41.02918],
            [-122.923328, 41.071952],
            [-122.97097, 41.09016],
            [-122.95174, 41.151045],
            [-122.961347, 41.181525],
            [-122.929171, 41.178691],
            [-122.885921, 41.205142],
            [-122.802109, 41.203048],
            [-122.777012, 41.230841],
            [-122.726819, 41.246386],
            [-122.711957, 41.27479],
            [-122.652876, 41.289735],
            [-122.642128, 41.326608],
            [-122.590808, 41.32591],
            [-122.572326, 41.368025],
            [-122.478771, 41.320085],
            [-122.51333, 41.28368],
            [-122.508247, 41.245288],
            [-122.522636, 41.213525],
            [-122.495018, 41.192438],
            [-122.497735, 41.178572],
            [-122.446023, 41.159241],
            [-122.451864, 41.108235],
            [-122.539775, 41.072605],
            [-122.523166, 41.059208],
            [-122.527753, 41.014395],
            [-122.598528, 40.975847],
            [-122.612751, 40.921245],
            [-122.600013, 40.900343],
            [-122.666058, 40.825875],
            [-122.658204, 40.787646],
            [-122.717407, 40.747182],
            [-122.706712, 40.725674],
            [-122.722358, 40.695473],
            [-122.752266, 40.689642],
            [-122.727281, 40.651008],
            [-122.736338, 40.636666],
            [-122.71003, 40.631525],
            [-122.693075, 40.575338],
            [-122.76762, 40.555029],
            [-122.793252, 40.514518],
            [-122.845954, 40.505181],
            [-122.901261, 40.445575],
            [-122.998682, 40.418142],
            [-122.996579, 40.396381],
            [-123.018296, 40.372407],
            [-123.065552, 40.344813],
            [-123.061241, 40.277764],
            [-122.97755, 40.241285],
            [-122.970064, 40.186306],
            [-122.989407, 40.144906],
            [-122.968525, 40.138763],
            [-122.961441, 40.089754],
            [-122.973222, 40.077553],
            [-122.950914, 40.055914],
            [-122.952025, 39.999875],
            [-122.934013, 39.978131],
            [-123.544563, 39.977015],
            [-123.543102, 40.734014],
            [-123.549865, 40.775808],
            [-123.566253, 40.78881],
            [-123.554292, 40.795541],
            [-123.563059, 40.840417],
            [-123.610051, 40.879182],
            [-123.597588, 40.885231],
            [-123.623891, 40.928674],
            [-123.622387, 40.931703]
          ]
        ]
      }
    },
    {
      "type": "Feature",
      "id": "36119",
      "properties": {
        "county_id": "36119",
        "county_label": "Westchester County",
        "state_name": "New York",
        "state_fips": "36"
      },
      "geometry": {
        "type": "MultiPolygon",
        "coordinates": [
          [
            [
              [-73.772371, 40.884793],
              [-73.771462, 40.887452],
              [-73.770373, 40.887804],
              [-73.7672555901763, 40.8861315657864],
              [-73.76707, 40.886032],
              [-73.7671347396069, 40.8858403122672],
              [-73.768221, 40.882624],
              [-73.767715, 40.881038],
              [-73.769903, 40.880021],
              [-73.774013, 40.882641],
              [-73.772371, 40.884793]
            ]
          ],
          [
            [
              [-73.982532, 41.321824],
              [-73.5447070189854, 41.3665399980477],
              [-73.550961, 41.295422],
              [-73.482709, 41.21276],
              [-73.727775, 41.100696],
              [-73.655255, 41.012246],
              [-73.656297, 40.979725],
              [-73.686473, 40.945198],
              [-73.715964, 40.944514],
              [-73.7936809343305, 40.8823465207937],
              [-73.851123, 40.910009],
              [-73.859393, 40.900381],
              [-73.918317529127, 40.9177052097217],
              [-73.893628, 40.997165],
              [-73.88748, 41.138295],
              [-73.970784, 41.247893],
              [-73.945783, 41.287593],
              [-73.983284, 41.317393],
              [-73.982532, 41.321824]
            ]
          ]
        ]
      }
    },
    {
      "type": "Feature",
      "id": "36071",
      "properties": {
        "county_id": "36071",
        "county_label": "Orange County",
        "state_name": "New York",
        "state_fips": "36"
      },
      "geometry": {
        "type": "Polygon",
        "coordinates": [
          [
            [-74.762466, 41.449525],
            [-74.752399, 41.493743],
            [-74.475619, 41.503953],
            [-74.418399, 41.569397],
            [-74.264093, 41.632738],
            [-74.250186, 41.629324],
            [-74.251601, 41.605374],
            [-74.187505, 41.590793],
            [-74.126393, 41.582544],
            [-74.134511, 41.615695],
            [-74.089896, 41.598602],
            [-74.068083, 41.606001],
            [-74.053685, 41.58061],
            [-73.953307, 41.589977],
            [-73.996536, 41.522649],
            [-74.000108, 41.456549],
            [-73.947355, 41.395254],
            [-73.981384, 41.324693],
            [-74.2341633829452, 41.1430920081385],
            [-74.696398, 41.357339],
            [-74.691129, 41.367324],
            [-74.740963, 41.40512],
            [-74.736688, 41.429228],
            [-74.754708208531, 41.4249933746765],
            [-74.762309, 41.444352],
            [-74.762466, 41.449525]
          ]
        ]
      }
    },
    {
      "type": "Feature",
      "id": "06025",
      "properties": {
        "county_id": "06025",
        "county_label": "Imperial County",
        "state_name": "California",
        "state_fips": "06"
      },
      "geometry": {
        "type": "Polygon",
        "coordinates": [
          [
            [-116.106166, 32.640202],
            [-116.103252, 33.07467],
            [-116.08109, 33.074833],
            [-116.085165, 33.425932],
            [-114.627125, 33.433554],
            [-114.64954, 33.413633],
            [-114.725535, 33.404056],
            [-114.698035, 33.352442],
            [-114.731223, 33.302434],
            [-114.672088, 33.258499],
            [-114.689541, 33.246428],
            [-114.673626, 33.223121],
            [-114.67536, 33.185489],
            [-114.707819, 33.091102],
            [-114.68902, 33.084036],
            [-114.662317, 33.032671],
            [-114.64598, 33.048903],
            [-114.618788, 33.027202],
            [-114.5149, 33.026524],
            [-114.492938, 32.971781],
            [-114.469039, 32.972295],
            [-114.48092, 32.935252],
            [-114.462929, 32.907944],
            [-114.468971, 32.845155],
            [-114.530755, 32.793485],
            [-114.526856, 32.757094],
            [-114.615585, 32.728446],
            [-114.701918, 32.745548],
            [-114.719633, 32.718763],
            [-116.106173784949, 32.6186419785708],
            [-116.106166, 32.640202]
          ]
        ]
      }
    },
    {
      "type": "Feature",
      "id": "48213",
      "properties": {
        "county_id": "48213",
        "county_label": "Henderson County",
        "state_name": "Texas",
        "state_fips": "48"
      },
      "geometry": {
        "type": "Polygon",
        "coordinates": [
          [
            [-96.454555, 32.35232],
            [-95.448049, 32.352986],
            [-95.458738, 32.328429],
            [-95.446969, 32.295807],
            [-95.488473, 32.232577],
            [-95.462578, 32.201763],
            [-95.477914, 32.146209],
            [-95.428512, 32.084475],
            [-96.052786, 32.005895],
            [-96.06601, 32.085812],
            [-96.105364, 32.075337],
            [-96.117827, 32.094977],
            [-96.104429, 32.152656],
            [-96.17584, 32.168241],
            [-96.146799, 32.211937],
            [-96.189536, 32.202316],
            [-96.234251, 32.250399],
            [-96.28507, 32.254592],
            [-96.29868, 32.301156],
            [-96.453882, 32.348844],
            [-96.454555, 32.35232]
          ]
        ]
      }
    },
    {
      "type": "Feature",
      "id": "48037",
      "properties": {
        "county_id": "48037",
        "county_label": "Bowie County",
        "state_name": "Texas",
        "state_fips": "48"
      },
      "geometry": {
        "type": "Polygon",
        "coordinates": [
          [
            [-94.74663, 33.441922],
            [-94.746096, 33.7027682201853],
            [-94.716594, 33.695164],
            [-94.732309, 33.715987],
            [-94.701729, 33.703413],
            [-94.716188, 33.687902],
            [-94.639003, 33.697681],
            [-94.645535, 33.673531],
            [-94.668848, 33.671878],
            [-94.663195, 33.661084],
            [-94.622379, 33.682428],
            [-94.59797, 33.663381],
            [-94.587072, 33.68582],
            [-94.579864, 33.666167],
            [-94.560339, 33.666591],
            [-94.59083, 33.645563],
            [-94.546366, 33.659161],
            [-94.569523, 33.627832],
            [-94.521837, 33.640728],
            [-94.527376, 33.615833],
            [-94.51726, 33.632729],
            [-94.504615, 33.620682],
            [-94.448637, 33.642766],
            [-94.471974, 33.602665],
            [-94.430039, 33.591124],
            [-94.412175, 33.568691],
            [-94.382887, 33.583268],
            [-94.380091, 33.568943],
            [-94.401616, 33.559378],
            [-94.386086, 33.544923],
            [-94.355945, 33.54318],
            [-94.344023, 33.567824],
            [-94.309582, 33.551673],
            [-94.287025, 33.58241],
            [-94.290901, 33.558872],
            [-94.275601, 33.557964],
            [-94.242777, 33.589709],
            [-94.252283, 33.560445],
            [-94.231844, 33.552088],
            [-94.208078, 33.566911],
            [-94.191333, 33.557666],
            [-94.217198, 33.580737],
            [-94.183913, 33.594682],
            [-94.14216, 33.58139],
            [-94.151456, 33.568387],
            [-94.135142, 33.571033],
            [-94.128658, 33.550952],
            [-94.119902, 33.566999],
            [-94.071353, 33.57484],
            [-94.055663, 33.561887],
            [-94.072156, 33.553864],
            [-94.04345, 33.552253],
            [-94.0429900210002, 33.2712431650494],
            [-94.056144, 33.298036],
            [-94.083732, 33.293084],
            [-94.082619, 33.304558],
            [-94.11007, 33.309424],
            [-94.130474, 33.292608],
            [-94.164377, 33.312057],
            [-94.218517, 33.296936],
            [-94.215756, 33.284805],
            [-94.240353, 33.27404],
            [-94.229365, 33.243028],
            [-94.259313, 33.237046],
            [-94.297685, 33.255631],
            [-94.379409, 33.255651],
            [-94.415739, 33.284017],
            [-94.468442, 33.294313],
            [-94.568972, 33.264328],
            [-94.572463, 33.249826],
            [-94.590455, 33.259424],
            [-94.617767, 33.246811],
            [-94.649101, 33.25871],
            [-94.691826, 33.312405],
            [-94.725921, 33.307107],
            [-94.746925, 33.328938],
            [-94.74663, 33.441922]
          ]
        ]
      }
    },
    {
      "type": "Feature",
      "id": "48331",
      "properties": {
        "county_id": "48331",
        "county_label": "Milam County",
        "state_name": "Texas",
        "state_fips": "48"
      },
      "geometry": {
        "type": "Polygon",
        "coordinates": [
          [
            [-97.315485, 30.752363],
            [-97.258959, 30.889579],
            [-96.829603, 31.110411],
            [-96.809282, 31.080305],
            [-96.820333, 31.060955],
            [-96.79159, 31.06508],
            [-96.768989, 31.04947],
            [-96.771484, 31.002773],
            [-96.747091, 31.000951],
            [-96.772362, 30.969065],
            [-96.75633, 30.927206],
            [-96.72621, 30.89852],
            [-96.683875, 30.904356],
            [-96.697221, 30.898417],
            [-96.682248, 30.881425],
            [-96.695484, 30.86602],
            [-96.64128, 30.818051],
            [-96.649506, 30.784722],
            [-96.62445, 30.779985],
            [-96.61251, 30.75866],
            [-96.632969, 30.741488],
            [-96.621423, 30.730764],
            [-97.155219, 30.457344],
            [-97.269949, 30.735362],
            [-97.307818, 30.749572],
            [-97.315485, 30.752363]
          ]
        ]
      }
    },
    {
      "type": "Feature",
      "id": "48315",
      "properties": {
        "county_id": "48315",
        "county_label": "Marion County",
        "state_name": "Texas",
        "state_fips": "48"
      },
      "geometry": {
        "type": "Polygon",
        "coordinates": [
          [
            [-94.709446, 32.871308],
            [-94.0428857174211, 32.881088560255],
            [-94.0431469938267, 32.6930300000381],
            [-94.074978, 32.687093],
            [-94.117205, 32.707248],
            [-94.087786, 32.721301],
            [-94.101032, 32.738143],
            [-94.145501, 32.740377],
            [-94.176401, 32.694694],
            [-94.222628, 32.70337],
            [-94.233823, 32.742599],
            [-94.256091, 32.751792],
            [-94.383855, 32.69334],
            [-94.507323, 32.693738],
            [-94.70214, 32.793088],
            [-94.702138, 32.820515],
            [-94.672351, 32.834756],
            [-94.697657, 32.843082],
            [-94.709329, 32.869889],
            [-94.709446, 32.871308]
          ]
        ]
      }
    },
    {
      "type": "Feature",
      "id": "48081",
      "properties": {
        "county_id": "48081",
        "county_label": "Coke County",
        "state_name": "Texas",
        "state_fips": "48"
      },
      "geometry": {
        "type": "Polygon",
        "coordinates": [
          [
            [-100.825311, 31.703856],
            [-100.821594, 32.08661],
            [-100.235137, 32.082372],
            [-100.235761, 31.69297],
            [-100.82537, 31.696155],
            [-100.825311, 31.703856]
          ]
        ]
      }
    },
    {
      "type": "Feature",
      "id": "48475",
      "properties": {
        "county_id": "48475",
        "county_label": "Ward County",
        "state_name": "Texas",
        "state_fips": "48"
      },
      "geometry": {
        "type": "Polygon",
        "coordinates": [
          [
            [-103.610887, 31.651802],
            [-102.767246, 31.651714],
            [-102.767365, 31.293803],
            [-102.826735, 31.266881],
            [-102.875387, 31.316292],
            [-102.933578, 31.350081],
            [-102.995682, 31.356893],
            [-103.011383, 31.377548],
            [-103.058323, 31.384922],
            [-103.063747, 31.366978],
            [-103.106554, 31.361222],
            [-103.244934, 31.389368],
            [-103.261677, 31.42757],
            [-103.329941, 31.411998],
            [-103.381002, 31.416889],
            [-103.398779, 31.433788],
            [-103.453923, 31.425673],
            [-103.489455, 31.456757],
            [-103.480847, 31.474902],
            [-103.503505, 31.505477],
            [-103.49538, 31.549951],
            [-103.514742, 31.576884],
            [-103.509379, 31.625934],
            [-103.530927, 31.642284],
            [-103.573028, 31.632291],
            [-103.610174, 31.650539],
            [-103.610887, 31.651802]
          ]
        ]
      }
    },
    {
      "type": "Feature",
      "id": "48163",
      "properties": {
        "county_id": "48163",
        "county_label": "Frio County",
        "state_name": "Texas",
        "state_fips": "48"
      },
      "geometry": {
        "type": "Polygon",
        "coordinates": [
          [
            [-99.41388, 29.091335],
            [-98.8049, 29.090434],
            [-98.800841, 28.647487],
            [-99.409021, 28.640566],
            [-99.413383, 29.03308],
            [-99.41388, 29.091335]
          ]
        ]
      }
    },
    {
      "type": "Feature",
      "id": "48313",
      "properties": {
        "county_id": "48313",
        "county_label": "Madison County",
        "state_name": "Texas",
        "state_fips": "48"
      },
      "geometry": {
        "type": "Polygon",
        "coordinates": [
          [
            [-96.24102, 30.973737],
            [-95.973841, 31.09215],
            [-95.663546, 31.083884],
            [-95.629983, 31.05175],
            [-95.631397, 31.036836],
            [-95.668847, 31.026861],
            [-95.658418, 31.01631],
            [-95.681305, 30.987499],
            [-95.649761, 30.935951],
            [-95.617872, 30.930418],
            [-95.614108, 30.912991],
            [-95.654501, 30.89324],
            [-95.716508, 30.911405],
            [-95.829952, 30.862096],
            [-96.16837, 30.822997],
            [-96.21258, 30.904927],
            [-96.198234, 30.931861],
            [-96.239356, 30.970934],
            [-96.24102, 30.973737]
          ]
        ]
      }
    },
    {
      "type": "Feature",
      "id": "48083",
      "properties": {
        "county_id": "48083",
        "county_label": "Coleman County",
        "state_name": "Texas",
        "state_fips": "48"
      },
      "geometry": {
        "type": "Polygon",
        "coordinates": [
          [
            [-99.722403, 31.576085],
            [-99.713971, 32.082089],
            [-99.195871, 32.079235],
            [-99.202768, 31.467234],
            [-99.247184, 31.479712],
            [-99.314014, 31.409778],
            [-99.345782, 31.421399],
            [-99.343865, 31.443282],
            [-99.358715, 31.431348],
            [-99.440824, 31.475009],
            [-99.449803, 31.45766],
            [-99.435428, 31.447508],
            [-99.470901, 31.421733],
            [-99.49509, 31.444997],
            [-99.511477, 31.424401],
            [-99.536723, 31.483429],
            [-99.620024, 31.502086],
            [-99.608199, 31.477048],
            [-99.625426, 31.467429],
            [-99.653573, 31.496906],
            [-99.677404, 31.497693],
            [-99.654537, 31.532165],
            [-99.692048, 31.53288],
            [-99.672864, 31.554795],
            [-99.721802, 31.572676],
            [-99.722403, 31.576085]
          ]
        ]
      }
    },
    {
      "type": "Feature",
      "id": "48289",
      "properties": {
        "county_id": "48289",
        "county_label": "Leon County",
        "state_name": "Texas",
        "state_fips": "48"
      },
      "geometry": {
        "type": "Polygon",
        "coordinates": [
          [
            [-96.330635, 31.254289],
            [-96.313922, 31.27084],
            [-96.327988, 31.28647],
            [-96.314685, 31.342443],
            [-96.322853, 31.374067],
            [-95.7873, 31.618385],
            [-95.760961, 31.60008],
            [-95.748669, 31.617709],
            [-95.756833, 31.645402],
            [-95.739373, 31.653827],
            [-95.710035, 31.614694],
            [-95.729399, 31.583798],
            [-95.715497, 31.554358],
            [-95.75171, 31.551552],
            [-95.758748, 31.533644],
            [-95.737034, 31.518534],
            [-95.745017, 31.490975],
            [-95.721842, 31.472754],
            [-95.746837, 31.45817],
            [-95.712117, 31.455783],
            [-95.700552, 31.393402],
            [-95.664218, 31.364305],
            [-95.67681, 31.346103],
            [-95.657514, 31.34348],
            [-95.656125, 31.322183],
            [-95.67168, 31.317204],
            [-95.672411, 31.294884],
            [-95.695085, 31.297029],
            [-95.725728, 31.26987],
            [-95.725041, 31.230098],
            [-95.747943, 31.20831],
            [-95.728026, 31.161955],
            [-95.775578, 31.136095],
            [-95.76441, 31.094211],
            [-95.975218, 31.091967],
            [-96.24102, 30.973737],
            [-96.235128, 30.995171],
            [-96.260779, 31.008445],
            [-96.243364, 31.061737],
            [-96.277454, 31.087658],
            [-96.297174, 31.180986],
            [-96.33109, 31.25223],
            [-96.330635, 31.254289]
          ]
        ]
      }
    },
    {
      "type": "Feature",
      "id": "48005",
      "properties": {
        "county_id": "48005",
        "county_label": "Angelina County",
        "state_name": "Texas",
        "state_fips": "48"
      },
      "geometry": {
        "type": "Polygon",
        "coordinates": [
          [
            [-95.004883, 31.42396],
            [-94.865857, 31.526916],
            [-94.822528, 31.48386],
            [-94.545121, 31.431855],
            [-94.537559, 31.39863],
            [-94.502188, 31.410525],
            [-94.469789, 31.383974],
            [-94.447706, 31.317796],
            [-94.395187, 31.301861],
            [-94.334961, 31.223238],
            [-94.312559, 31.223739],
            [-94.262206, 31.180334],
            [-94.218997, 31.173265],
            [-94.192732, 31.135455],
            [-94.129632, 31.09928],
            [-94.473218, 31.026393],
            [-94.649011, 31.098997],
            [-94.658493, 31.084905],
            [-94.751342, 31.105462],
            [-94.856263, 31.150079],
            [-94.860436, 31.234495],
            [-94.897578, 31.257834],
            [-94.876713, 31.283394],
            [-94.896522, 31.296074],
            [-94.89703, 31.323423],
            [-94.95782, 31.342847],
            [-94.95025, 31.382214],
            [-95.005525, 31.421076],
            [-95.004883, 31.42396]
          ]
        ]
      }
    },
    {
      "type": "Feature",
      "id": "06003",
      "properties": {
        "county_id": "06003",
        "county_label": "Alpine County",
        "state_name": "California",
        "state_fips": "06"
      },
      "geometry": {
        "type": "Polygon",
        "coordinates": [
          [
            [-120.072391, 38.702675],
            [-119.947927, 38.781642],
            [-119.906312, 38.855505],
            [-119.880303, 38.864776],
            [-119.879864, 38.899419],
            [-119.904315, 38.933324],
            [-119.579476, 38.706653],
            [-119.614658, 38.665879],
            [-119.621072, 38.614423],
            [-119.595547, 38.590333],
            [-119.55751, 38.502138],
            [-119.542862, 38.499694],
            [-119.569712, 38.434938],
            [-119.561995, 38.410734],
            [-119.622093, 38.393875],
            [-119.606565, 38.367827],
            [-119.635575, 38.353908],
            [-119.639205, 38.32688],
            [-119.700029, 38.365215],
            [-119.708452, 38.417437],
            [-119.801648, 38.401395],
            [-119.884749, 38.356185],
            [-120.053578, 38.455554],
            [-120.072566, 38.447081],
            [-120.073331, 38.70109],
            [-120.072391, 38.702675]
          ]
        ]
      }
    },
    {
      "type": "Feature",
      "id": "48477",
      "properties": {
        "county_id": "48477",
        "county_label": "Washington County",
        "state_name": "Texas",
        "state_fips": "48"
      },
      "geometry": {
        "type": "Polygon",
        "coordinates": [
          [
            [-96.794552, 30.160545],
            [-96.741508, 30.19743],
            [-96.732855, 30.242907],
            [-96.687104, 30.248069],
            [-96.629478, 30.301156],
            [-96.422745, 30.343372],
            [-96.412058, 30.358051],
            [-96.377432, 30.355812],
            [-96.312795, 30.3843],
            [-96.271232, 30.35835],
            [-96.210148, 30.373899],
            [-96.1945, 30.39989],
            [-96.178661, 30.394718],
            [-96.176568, 30.376103],
            [-96.149872, 30.36879],
            [-96.152789, 30.32801],
            [-96.119506, 30.304821],
            [-96.094404, 30.309371],
            [-96.10058, 30.292805],
            [-96.084068, 30.286456],
            [-96.09874, 30.254488],
            [-96.080839, 30.244305],
            [-96.103145, 30.238681],
            [-96.096706, 30.214872],
            [-96.114778, 30.227898],
            [-96.130107, 30.210755],
            [-96.147428, 30.217976],
            [-96.162006, 30.164915],
            [-96.152527, 30.143128],
            [-96.180662, 30.155684],
            [-96.17176, 30.13983],
            [-96.191782, 30.13842],
            [-96.1789, 30.120943],
            [-96.188653, 30.110463],
            [-96.169936, 30.098785],
            [-96.153985, 30.107989],
            [-96.158421, 30.091709],
            [-96.13378, 30.07096],
            [-96.151247, 30.076396],
            [-96.160472, 30.053409],
            [-96.259336, 30.075744],
            [-96.288998, 30.096829],
            [-96.518814, 30.065198],
            [-96.594141, 30.071022],
            [-96.62198, 30.044283],
            [-96.647223, 30.145174],
            [-96.683394, 30.151038],
            [-96.687141, 30.16435],
            [-96.714989, 30.144983],
            [-96.766937, 30.138745],
            [-96.780669, 30.152096],
            [-96.794552, 30.160545]
          ]
        ]
      }
    },
    {
      "type": "Feature",
      "id": "48075",
      "properties": {
        "county_id": "48075",
        "county_label": "Childress County",
        "state_name": "Texas",
        "state_fips": "48"
      },
      "geometry": {
        "type": "Polygon",
        "coordinates": [
          [
            [-100.417056, 34.407039],
            [-100.415895, 34.747525],
            [-100.000381, 34.746358],
            [-99.99772, 34.311829],
            [-100.417783, 34.313524],
            [-100.417056, 34.407039]
          ]
        ]
      }
    },
    {
      "type": "Feature",
      "id": "48487",
      "properties": {
        "county_id": "48487",
        "county_label": "Wilbarger County",
        "state_name": "Texas",
        "state_fips": "48"
      },
      "geometry": {
        "type": "Polygon",
        "coordinates": [
          [
            [-99.475589, 33.83874],
            [-99.4750806916433, 34.395998351528],
            [-99.436474, 34.370539],
            [-99.424897, 34.385823],
            [-99.40296, 34.373481],
            [-99.387653, 34.411984],
            [-99.395605, 34.440378],
            [-99.375365, 34.458845],
            [-99.319606, 34.408869],
            [-99.261321, 34.403499],
            [-99.274858, 34.384922],
            [-99.242855, 34.372676],
            [-99.229245, 34.336516],
            [-99.206905, 34.338277],
            [-99.211449, 34.29275],
            [-99.19626, 34.281463],
            [-99.189511, 34.214312],
            [-99.130609, 34.219408],
            [-99.126567, 34.203004],
            [-99.079535, 34.211518],
            [-99.048792, 34.198209],
            [-98.990852, 34.221633],
            [-98.969003, 34.201299],
            [-98.9523575349127, 34.2125787665873],
            [-98.953202, 33.834025],
            [-99.47565, 33.834005],
            [-99.475589, 33.83874]
          ]
        ]
      }
    },
    {
      "type": "Feature",
      "id": "48333",
      "properties": {
        "county_id": "48333",
        "county_label": "Mills County",
        "state_name": "Texas",
        "state_fips": "48"
      },
      "geometry": {
        "type": "Polygon",
        "coordinates": [
          [
            [-98.994723, 31.470985],
            [-98.779951, 31.610735],
            [-98.759983, 31.687906],
            [-98.492802, 31.723608],
            [-98.266794, 31.410521],
            [-98.562732, 31.230443],
            [-98.57981, 31.265386],
            [-98.596375, 31.253205],
            [-98.628369, 31.274251],
            [-98.598189, 31.286998],
            [-98.58704, 31.325167],
            [-98.646656, 31.314446],
            [-98.636388, 31.352521],
            [-98.653977, 31.370088],
            [-98.695351, 31.339963],
            [-98.712352, 31.347157],
            [-98.693029, 31.389975],
            [-98.696634, 31.407287],
            [-98.728399, 31.411224],
            [-98.724463, 31.427402],
            [-98.742815, 31.428135],
            [-98.763724, 31.375216],
            [-98.779478, 31.379165],
            [-98.775969, 31.413564],
            [-98.84712, 31.410676],
            [-98.8725, 31.444299],
            [-98.925192, 31.433988],
            [-98.942737, 31.458629],
            [-98.964545, 31.434879],
            [-98.965018, 31.453298],
            [-98.995029, 31.466674],
            [-98.994723, 31.470985]
          ]
        ]
      }
    },
    {
      "type": "Feature",
      "id": "48411",
      "properties": {
        "county_id": "48411",
        "county_label": "San Saba County",
        "state_name": "Texas",
        "state_fips": "48"
      },
      "geometry": {
        "type": "Polygon",
        "coordinates": [
          [
            [-99.092317, 30.941002],
            [-99.090622, 31.460927],
            [-99.062995, 31.462722],
            [-99.041052, 31.490579],
            [-99.018224, 31.469519],
            [-98.987428, 31.482076],
            [-98.995029, 31.466674],
            [-98.965018, 31.453298],
            [-98.966878, 31.435548],
            [-98.942737, 31.458629],
            [-98.925192, 31.433988],
            [-98.8725, 31.444299],
            [-98.84712, 31.410676],
            [-98.775969, 31.413564],
            [-98.77878, 31.377672],
            [-98.762589, 31.375282],
            [-98.742815, 31.428135],
            [-98.726094, 31.428278],
            [-98.723839, 31.40727],
            [-98.695644, 31.405803],
            [-98.713131, 31.34883],
            [-98.702695, 31.339148],
            [-98.653977, 31.370088],
            [-98.636388, 31.352521],
            [-98.646656, 31.314446],
            [-98.58704, 31.325167],
            [-98.598189, 31.286998],
            [-98.628369, 31.274251],
            [-98.596375, 31.253205],
            [-98.57981, 31.265386],
            [-98.562982, 31.235234],
            [-98.568217, 31.197825],
            [-98.50438, 31.16645],
            [-98.547196, 31.129205],
            [-98.527102, 31.090675],
            [-98.49893, 31.11854],
            [-98.455598, 31.110905],
            [-98.470531, 31.094441],
            [-98.456419, 31.078699],
            [-98.48404, 31.06301],
            [-98.439711, 31.029647],
            [-98.459241, 31.010378],
            [-98.441874, 30.984324],
            [-98.447098, 30.951755],
            [-98.414508, 30.94211],
            [-98.419606, 30.925352],
            [-98.445782, 30.921439],
            [-99.092431, 30.921968],
            [-99.092317, 30.941002]
          ]
        ]
      }
    },
    {
      "type": "Feature",
      "id": "48419",
      "properties": {
        "county_id": "48419",
        "county_label": "Shelby County",
        "state_name": "Texas",
        "state_fips": "48"
      },
      "geometry": {
        "type": "Polygon",
        "coordinates": [
          [
            [-94.511431, 31.973984],
            [-94.0154203807042, 31.9801588291318],
            [-93.973942, 31.921668],
            [-93.923256, 31.907793],
            [-93.922124, 31.885707],
            [-93.897412, 31.894436],
            [-93.902458, 31.875275],
            [-93.880783, 31.864753],
            [-93.873253, 31.814886],
            [-93.839343, 31.80033],
            [-93.822598, 31.773559],
            [-93.836103, 31.748521],
            [-93.813466, 31.725884],
            [-93.816291, 31.707497],
            [-93.794548, 31.702076],
            [-93.826462, 31.666919],
            [-93.816838, 31.622509],
            [-93.838057, 31.606795],
            [-93.834924, 31.586211],
            [-93.899218, 31.61171],
            [-93.977139, 31.569768],
            [-94.090812, 31.620618],
            [-94.399091, 31.653596],
            [-94.433945, 31.824547],
            [-94.511471, 31.926245],
            [-94.511431, 31.973984]
          ]
        ]
      }
    },
    {
      "type": "Feature",
      "id": "48105",
      "properties": {
        "county_id": "48105",
        "county_label": "Crockett County",
        "state_name": "Texas",
        "state_fips": "48"
      },
      "geometry": {
        "type": "Polygon",
        "coordinates": [
          [
            [-102.388804, 31.087156],
            [-100.962176, 31.08249],
            [-100.960643, 30.287776],
            [-101.7584, 30.288044],
            [-101.715404, 30.339822],
            [-101.658886, 30.342622],
            [-101.700187, 30.401095],
            [-101.740552, 30.421321],
            [-101.720323, 30.442225],
            [-101.731846, 30.467339],
            [-101.705508, 30.457485],
            [-101.688867, 30.46762],
            [-101.679184, 30.523493],
            [-101.646599, 30.550952],
            [-101.663509, 30.588727],
            [-101.652446, 30.620471],
            [-101.712065, 30.654643],
            [-101.76842, 30.653077],
            [-101.779818, 30.685993],
            [-101.809759, 30.702138],
            [-101.815828, 30.752015],
            [-101.838985, 30.763919],
            [-101.83159, 30.801397],
            [-101.8498, 30.856591],
            [-101.890837, 30.889628],
            [-101.877641, 30.920096],
            [-101.984718, 30.987439],
            [-102.011784, 30.979556],
            [-102.049179, 31.00364],
            [-102.1099, 30.990321],
            [-102.181269, 31.016676],
            [-102.189777, 31.003352],
            [-102.20308, 31.031206],
            [-102.28495, 31.033988],
            [-102.329717, 31.068255],
            [-102.390534, 31.085451],
            [-102.388804, 31.087156]
          ]
        ]
      }
    },
    {
      "type": "Feature",
      "id": "48051",
      "properties": {
        "county_id": "48051",
        "county_label": "Burleson County",
        "state_name": "Texas",
        "state_fips": "48"
      },
      "geometry": {
        "type": "Polygon",
        "coordinates": [
          [
            [-96.96363, 30.557198],
            [-96.621423, 30.730764],
            [-96.599467, 30.728634],
            [-96.566983, 30.69567],
            [-96.601047, 30.639808],
            [-96.510982, 30.62773],
            [-96.499779, 30.612836],
            [-96.490137, 30.621978],
            [-96.489121, 30.60638],
            [-96.452151, 30.597001],
            [-96.43547, 30.573187],
            [-96.425527, 30.590272],
            [-96.416356, 30.541917],
            [-96.35941, 30.542604],
            [-96.354904, 30.52317],
            [-96.371015, 30.513285],
            [-96.343105, 30.498656],
            [-96.320946, 30.449567],
            [-96.28485, 30.448089],
            [-96.287988, 30.421287],
            [-96.271816, 30.416388],
            [-96.298866, 30.410502],
            [-96.296325, 30.379062],
            [-96.663716, 30.295549],
            [-96.694682, 30.320191],
            [-96.743672, 30.319757],
            [-96.787616, 30.388948],
            [-96.870507, 30.435415],
            [-96.874822, 30.457466],
            [-96.899843, 30.460277],
            [-96.895906, 30.489158],
            [-96.918902, 30.539212],
            [-96.963326, 30.555465],
            [-96.96363, 30.557198]
          ]
        ]
      }
    },
    {
      "type": "Feature",
      "id": "36075",
      "properties": {
        "county_id": "36075",
        "county_label": "Oswego County",
        "state_name": "New York",
        "state_fips": "36"
      },
      "geometry": {
        "type": "Polygon",
        "coordinates": [
          [
            [-76.6169252975653, 43.4180442652892],
            [-76.417581, 43.521285],
            [-76.297103, 43.51287],
            [-76.228701, 43.532987],
            [-76.203473, 43.574978],
            [-76.1996693718617, 43.6801913412181],
            [-76.022003, 43.668143],
            [-76.025087, 43.707018],
            [-75.774553, 43.688884],
            [-75.756213, 43.470388],
            [-75.814627, 43.483578],
            [-75.886756, 43.325021],
            [-75.862934, 43.319222],
            [-75.884275, 43.155562],
            [-76.079397, 43.199758],
            [-76.085288, 43.212875],
            [-76.069414, 43.214699],
            [-76.202573, 43.271539],
            [-76.213393, 43.24002],
            [-76.198748, 43.212568],
            [-76.224449, 43.204968],
            [-76.272851, 43.240168],
            [-76.262051, 43.218468],
            [-76.281027, 43.201091],
            [-76.307541, 43.230788],
            [-76.479224, 43.227519],
            [-76.481148, 43.256641],
            [-76.605012, 43.25357],
            [-76.616585, 43.415262],
            [-76.6169252975653, 43.4180442652892]
          ]
        ]
      }
    },
    {
      "type": "Feature",
      "id": "36069",
      "properties": {
        "county_id": "36069",
        "county_label": "Ontario County",
        "state_name": "New York",
        "state_fips": "36"
      },
      "geometry": {
        "type": "Polygon",
        "coordinates": [
          [
            [-77.61167, 42.763169],
            [-77.588217, 42.762964],
            [-77.587997, 42.854011],
            [-77.546309, 42.86569],
            [-77.580377, 42.943963],
            [-77.482517, 42.943164],
            [-77.485418, 43.034564],
            [-77.134307, 43.039887],
            [-77.133397, 43.012463],
            [-76.963926, 43.013157],
            [-76.963365, 42.872945],
            [-76.981334, 42.861213],
            [-76.971392, 42.764223],
            [-77.313004, 42.761265],
            [-77.367106, 42.667866],
            [-77.366505, 42.576368],
            [-77.490889, 42.577288],
            [-77.486875, 42.670279],
            [-77.598815, 42.671965],
            [-77.611506, 42.759055],
            [-77.61167, 42.763169]
          ]
        ]
      }
    },
    {
      "type": "Feature",
      "id": "36117",
      "properties": {
        "county_id": "36117",
        "county_label": "Wayne County",
        "state_name": "New York",
        "state_fips": "36"
      },
      "geometry": {
        "type": "Polygon",
        "coordinates": [
          [
            [-77.376046, 43.2762243589198],
            [-77.107075, 43.289312],
            [-77.042559, 43.270516],
            [-76.950964, 43.270522],
            [-76.896207, 43.295957],
            [-76.787949, 43.311309],
            [-76.7225013128626, 43.3436862821829],
            [-76.702325, 43.080393],
            [-76.717789, 43.062634],
            [-76.713806, 43.024035],
            [-77.133397, 43.012463],
            [-77.134307, 43.039887],
            [-77.371478, 43.034696],
            [-77.376055, 43.269596],
            [-77.376046, 43.2762243589198]
          ]
        ]
      }
    },
    {
      "type": "Feature",
      "id": "36051",
      "properties": {
        "county_id": "36051",
        "county_label": "Livingston County",
        "state_name": "New York",
        "state_fips": "36"
      },
      "geometry": {
        "type": "Polygon",
        "coordinates": [
          [
            [-78.060752, 42.536709],
            [-78.028031, 42.567739],
            [-78.048247, 42.579306],
            [-78.004693, 42.592779],
            [-78.028864, 42.60412],
            [-77.9904, 42.61486],
            [-77.956334, 42.667322],
            [-77.95553, 42.905861],
            [-77.93523, 42.905261],
            [-77.934234, 42.94558],
            [-77.911413, 42.945064],
            [-77.909832, 42.987762],
            [-77.730957, 42.988372],
            [-77.717828, 42.973365],
            [-77.731671, 42.946078],
            [-77.758727, 42.940461],
            [-77.567004, 42.936089],
            [-77.546309, 42.86569],
            [-77.587997, 42.854011],
            [-77.588217, 42.762964],
            [-77.61167, 42.763169],
            [-77.598815, 42.671965],
            [-77.486875, 42.670279],
            [-77.490889, 42.577288],
            [-77.659917, 42.580409],
            [-77.661315, 42.535067],
            [-77.720617, 42.535066],
            [-77.722964, 42.471216],
            [-77.840231, 42.474576],
            [-77.840694, 42.517771],
            [-78.043418, 42.518464],
            [-78.042561, 42.53515],
            [-78.061058, 42.534454],
            [-78.060752, 42.536709]
          ]
        ]
      }
    },
    {
      "type": "Feature",
      "id": "36027",
      "properties": {
        "county_id": "36027",
        "county_label": "Dutchess County",
        "state_name": "New York",
        "state_fips": "36"
      },
      "geometry": {
        "type": "Polygon",
        "coordinates": [
          [
            [-73.999911, 41.459656],
            [-73.996536, 41.522649],
            [-73.954146, 41.583271],
            [-73.942482, 41.684093],
            [-73.952446, 41.787965],
            [-73.939581, 41.870044],
            [-73.964413, 41.913148],
            [-73.929626, 42.078778],
            [-73.71093, 42.005488],
            [-73.527072, 41.97798],
            [-73.521416, 42.049966],
            [-73.487314, 42.049638],
            [-73.489615, 42.000092],
            [-73.530067, 41.527194],
            [-73.933775, 41.488279],
            [-73.981486, 41.438905],
            [-74.000108, 41.456549],
            [-73.999911, 41.459656]
          ]
        ]
      }
    },
    {
      "type": "Feature",
      "id": "36077",
      "properties": {
        "county_id": "36077",
        "county_label": "Otsego County",
        "state_name": "New York",
        "state_fips": "36"
      },
      "geometry": {
        "type": "Polygon",
        "coordinates": [
          [
            [-75.416385, 42.314599],
            [-75.392846, 42.357916],
            [-75.40669, 42.380781],
            [-75.374905, 42.410784],
            [-75.403459, 42.508699],
            [-75.367395, 42.552484],
            [-75.330143, 42.568082],
            [-75.330394, 42.674195],
            [-75.290898, 42.751427],
            [-75.25099, 42.784941],
            [-75.242745, 42.877869],
            [-75.212158, 42.879973],
            [-75.209644, 42.856611],
            [-75.13987, 42.85976],
            [-75.100999, 42.908363],
            [-74.906738, 42.824943],
            [-74.878822, 42.898274],
            [-74.648298, 42.829558],
            [-74.667512, 42.75071],
            [-74.630652, 42.62677],
            [-74.712513, 42.516585],
            [-74.771507, 42.504387],
            [-74.844121, 42.512591],
            [-74.957926, 42.462756],
            [-74.97494, 42.467488],
            [-74.99377, 42.439882],
            [-75.017958, 42.454243],
            [-75.01981, 42.429159],
            [-75.093408, 42.420634],
            [-75.197237, 42.358329],
            [-75.19096, 42.379852],
            [-75.261569, 42.366673],
            [-75.308405, 42.321151],
            [-75.416932, 42.314094],
            [-75.416385, 42.314599]
          ]
        ]
      }
    },
    {
      "type": "Feature",
      "id": "36113",
      "properties": {
        "county_id": "36113",
        "county_label": "Warren County",
        "state_name": "New York",
        "state_fips": "36"
      },
      "geometry": {
        "type": "Polygon",
        "coordinates": [
          [
            [-74.214625, 43.728703],
            [-73.43661, 43.801271],
            [-73.470888, 43.77581],
            [-73.457331, 43.765094],
            [-73.459294, 43.730031],
            [-73.494314, 43.653966],
            [-73.581441, 43.57337],
            [-73.61323, 43.562932],
            [-73.636212, 43.50013],
            [-73.59496, 43.306118],
            [-73.671273, 43.293154],
            [-73.669561, 43.263871],
            [-73.690162, 43.284072],
            [-73.73469, 43.268897],
            [-73.767498, 43.222123],
            [-73.792889, 43.246243],
            [-73.834917, 43.251004],
            [-73.824615, 43.30427],
            [-73.858647, 43.328115],
            [-73.883299, 43.397988],
            [-74.1601, 43.371532],
            [-74.20378, 43.658798],
            [-74.214625, 43.728703]
          ]
        ]
      }
    },
    {
      "type": "Feature",
      "id": "36009",
      "properties": {
        "county_id": "36009",
        "county_label": "Cattaraugus County",
        "state_name": "New York",
        "state_fips": "36"
      },
      "geometry": {
        "type": "Polygon",
        "coordinates": [
          [
            [-79.059082, 42.086725],
            [-79.060777, 42.537853],
            [-78.995326, 42.531796],
            [-78.95703, 42.472362],
            [-78.920446, 42.442556],
            [-78.88299, 42.438286],
            [-78.773824, 42.456569],
            [-78.714057, 42.486726],
            [-78.692456, 42.472207],
            [-78.596881, 42.512683],
            [-78.56315, 42.509046],
            [-78.488476, 42.534845],
            [-78.46394, 42.536332],
            [-78.464556, 42.519166],
            [-78.308839, 42.521217],
            [-78.308128, 41.999415],
            [-79.061265, 41.999259],
            [-79.059082, 42.086725]
          ]
        ]
      }
    },
    {
      "type": "Feature",
      "id": "48113",
      "properties": {
        "county_id": "48113",
        "county_label": "Dallas County",
        "state_name": "Texas",
        "state_fips": "48"
      },
      "geometry": {
        "type": "Polygon",
        "coordinates": [
          [
            [-97.038523, 32.559998],
            [-97.031007, 32.989691],
            [-96.517011, 32.982862],
            [-96.520745, 32.677822],
            [-96.523118, 32.545214],
            [-97.038685, 32.548666],
            [-97.038523, 32.559998]
          ]
        ]
      }
    },
    {
      "type": "Feature",
      "id": "48085",
      "properties": {
        "county_id": "48085",
        "county_label": "Collin County",
        "state_name": "Texas",
        "state_fips": "48"
      },
      "geometry": {
        "type": "Polygon",
        "coordinates": [
          [
            [-96.844097, 32.988908],
            [-96.83411, 33.405498],
            [-96.386474, 33.398075],
            [-96.384495, 33.341119],
            [-96.295413, 33.351936],
            [-96.29674, 33.004829],
            [-96.303215, 32.981552],
            [-96.844122, 32.987435],
            [-96.844097, 32.988908]
          ]
        ]
      }
    },
    {
      "type": "Feature",
      "id": "48453",
      "properties": {
        "county_id": "48453",
        "county_label": "Travis County",
        "state_name": "Texas",
        "state_fips": "48"
      },
      "geometry": {
        "type": "Polygon",
        "coordinates": [
          [
            [-98.161673, 30.372897],
            [-98.097709, 30.467626],
            [-98.097778, 30.498058],
            [-98.123126, 30.487041],
            [-98.049886, 30.624155],
            [-98.036495, 30.611726],
            [-98.006276, 30.627516],
            [-97.9924, 30.609494],
            [-97.956734, 30.628249],
            [-97.917063, 30.604871],
            [-97.926985, 30.567654],
            [-97.902456, 30.571328],
            [-97.867866, 30.546499],
            [-97.871416, 30.522714],
            [-97.846541, 30.47341],
            [-97.77634, 30.429768],
            [-97.688784, 30.461401],
            [-97.682893, 30.480066],
            [-97.651441, 30.474894],
            [-97.596162, 30.501481],
            [-97.568255, 30.499725],
            [-97.546079, 30.47542],
            [-97.510862, 30.485265],
            [-97.434113, 30.459719],
            [-97.369539, 30.419563],
            [-97.492482, 30.210011],
            [-97.70879, 30.023451],
            [-98.172977, 30.356312],
            [-98.161673, 30.372897]
          ]
        ]
      }
    },
    {
      "type": "Feature",
      "id": "48181",
      "properties": {
        "county_id": "48181",
        "county_label": "Grayson County",
        "state_name": "Texas",
        "state_fips": "48"
      },
      "geometry": {
        "type": "Polygon",
        "coordinates": [
          [
            [-96.944611, 33.949217],
            [-96.907387, 33.950025],
            [-96.895728, 33.896414],
            [-96.866438, 33.853149],
            [-96.845896, 33.848975],
            [-96.832157, 33.874835],
            [-96.794276, 33.868886],
            [-96.761588, 33.824406],
            [-96.699574, 33.839049],
            [-96.667187, 33.91694],
            [-96.628294, 33.894477],
            [-96.587934, 33.894784],
            [-96.62929, 33.845488],
            [-96.572937, 33.819098],
            [-96.526655, 33.820891],
            [-96.500268, 33.772583],
            [-96.422643, 33.776041],
            [-96.3794039922769, 33.7258163072446],
            [-96.384602, 33.397826],
            [-96.94386, 33.41641],
            [-96.944703, 33.798011],
            [-96.944611, 33.949217]
          ]
        ]
      }
    },
    {
      "type": "Feature",
      "id": "48141",
      "properties": {
        "county_id": "48141",
        "county_label": "El Paso County",
        "state_name": "Texas",
        "state_fips": "48"
      },
      "geometry": {
        "type": "Polygon",
        "coordinates": [
          [
            [-106.645479, 31.89867],
            [-106.611846, 31.920003],
            [-106.629747, 31.92657],
            [-106.619569, 31.971578],
            [-106.639529, 31.980348],
            [-106.618486, 32.000495],
            [-105.998003, 32.002328],
            [-105.993255, 31.478392],
            [-105.959262, 31.478417],
            [-105.954328, 31.423468],
            [-105.997132001253, 31.387246427542],
            [-106.076857, 31.397892],
            [-106.205042, 31.465042],
            [-106.381039, 31.73211],
            [-106.451064, 31.764325],
            [-106.489542, 31.748408],
            [-106.547144, 31.807305],
            [-106.602727, 31.825024],
            [-106.602045, 31.844405],
            [-106.635926, 31.866235],
            [-106.629197, 31.883717],
            [-106.645646, 31.895649],
            [-106.645479, 31.89867]
          ]
        ]
      }
    },
    {
      "type": "Feature",
      "id": "48039",
      "properties": {
        "county_id": "48039",
        "county_label": "Brazoria County",
        "state_name": "Texas",
        "state_fips": "48"
      },
      "geometry": {
        "type": "Polygon",
        "coordinates": [
          [
            [-95.874028, 29.229702],
            [-95.79782, 29.307971],
            [-95.784013, 29.296249],
            [-95.752866, 29.324503],
            [-95.626535, 29.293146],
            [-95.625777, 29.312981],
            [-95.5792, 29.34062],
            [-95.572341, 29.383826],
            [-95.547577, 29.395197],
            [-95.550622, 29.438306],
            [-95.462602, 29.439238],
            [-95.424286, 29.580312],
            [-95.288028, 29.598331],
            [-95.261606, 29.593157],
            [-95.253952, 29.553943],
            [-95.214799, 29.557136],
            [-95.233081, 29.465566],
            [-95.0570919119968, 29.2005222228872],
            [-95.109428, 29.174848],
            [-95.115756, 29.199528],
            [-95.156967, 29.195046],
            [-95.167068, 29.113057],
            [-95.123837, 29.07064],
            [-95.383683, 28.87],
            [-95.5072492559511, 28.8255658801125],
            [-95.504977, 28.837902],
            [-95.567519, 28.829724],
            [-95.57924, 28.859613],
            [-95.64167, 28.903749],
            [-95.655071, 28.95153],
            [-95.69903, 28.969328],
            [-95.764937, 28.967359],
            [-95.7855, 29.03915],
            [-95.765049, 29.060458],
            [-95.846379, 29.10743],
            [-95.838371, 29.176564],
            [-95.857805, 29.193315],
            [-95.844667, 29.204676],
            [-95.874028, 29.229702]
          ]
        ]
      }
    },
    {
      "type": "Feature",
      "id": "48409",
      "properties": {
        "county_id": "48409",
        "county_label": "San Patricio County",
        "state_name": "Texas",
        "state_fips": "48"
      },
      "geometry": {
        "type": "MultiPolygon",
        "coordinates": [
          [
            [
              [-97.238558, 27.836015],
              [-97.229997, 27.830039],
              [-97.240054, 27.833566],
              [-97.238558, 27.836015]
            ]
          ],
          [
            [
              [-97.908774, 28.091866],
              [-97.896561, 28.100209],
              [-97.904081, 28.114228],
              [-97.817716, 28.176848],
              [-97.567622, 28.129683],
              [-97.541071, 28.164669],
              [-97.521211, 28.151341],
              [-97.475528, 28.179296],
              [-97.471882, 28.155003],
              [-97.44192, 28.153522],
              [-97.44645, 28.132793],
              [-97.422259, 28.142305],
              [-97.435181, 28.129417],
              [-97.403932, 28.109003],
              [-97.403304, 28.130711],
              [-97.384469, 28.124109],
              [-97.379276, 28.13863],
              [-97.346432, 28.118778],
              [-97.341518, 28.132171],
              [-97.325274, 28.119519],
              [-97.316632, 28.136798],
              [-97.317902, 28.111672],
              [-97.290286, 28.114796],
              [-97.283311, 28.090622],
              [-97.261521, 28.08722],
              [-97.136312, 27.90439],
              [-97.201044, 27.821279],
              [-97.224886, 27.826676],
              [-97.22085, 27.850262],
              [-97.263566, 27.880815],
              [-97.354949, 27.851081],
              [-97.330714, 27.873816],
              [-97.337784, 27.883624],
              [-97.418358, 27.870388],
              [-97.458664, 27.878882],
              [-97.481224, 27.860092],
              [-97.493239, 27.884076],
              [-97.520743, 27.860747],
              [-97.488949, 27.840338],
              [-97.591871, 27.857005],
              [-97.626973, 27.895398],
              [-97.638174, 27.865594],
              [-97.67528, 27.882538],
              [-97.690514, 27.916969],
              [-97.736274, 27.912041],
              [-97.730018, 27.923288],
              [-97.762803, 27.923398],
              [-97.780678, 27.947669],
              [-97.806798, 27.934712],
              [-97.817578, 27.970617],
              [-97.789154, 28.013589],
              [-97.79607, 28.031258],
              [-97.867548, 28.040986],
              [-97.908203, 28.087992],
              [-97.908774, 28.091866]
            ]
          ]
        ]
      }
    },
    {
      "type": "Feature",
      "id": "48199",
      "properties": {
        "county_id": "48199",
        "county_label": "Hardin County",
        "state_name": "Texas",
        "state_fips": "48"
      },
      "geometry": {
        "type": "Polygon",
        "coordinates": [
          [
            [-94.732732, 30.490066],
            [-94.537926, 30.491059],
            [-94.545717, 30.526977],
            [-94.071689, 30.526033],
            [-94.119394, 30.426298],
            [-94.08292, 30.345654],
            [-94.120039, 30.287576],
            [-94.113565, 30.262854],
            [-94.096455, 30.258682],
            [-94.11828, 30.24437],
            [-94.117764, 30.215874],
            [-94.091217, 30.204648],
            [-94.110884, 30.164755],
            [-94.209577, 30.187724],
            [-94.236055, 30.165283],
            [-94.275451, 30.170265],
            [-94.292629, 30.117671],
            [-94.399233, 30.097403],
            [-94.438552, 30.115833],
            [-94.596338, 30.112101],
            [-94.723096, 30.463517],
            [-94.732732, 30.490066]
          ]
        ]
      }
    },
    {
      "type": "Feature",
      "id": "06101",
      "properties": {
        "county_id": "06101",
        "county_label": "Sutter County",
        "state_name": "California",
        "state_fips": "06"
      },
      "geometry": {
        "type": "Polygon",
        "coordinates": [
          [
            [-121.948283, 39.241767],
            [-121.908269, 39.303878],
            [-121.63015, 39.305668],
            [-121.621399, 39.26394],
            [-121.636368, 39.246076],
            [-121.613689, 39.214525],
            [-121.629089, 39.204678],
            [-121.613121, 39.190617],
            [-121.602678, 39.100158],
            [-121.586761, 39.097801],
            [-121.61025, 39.056907],
            [-121.600036, 39.012106],
            [-121.57933, 39.007573],
            [-121.589399, 38.990344],
            [-121.57892, 38.92169],
            [-121.543306, 38.972404],
            [-121.414625, 38.996014],
            [-121.414399, 38.926214],
            [-121.469356, 38.925992],
            [-121.469753, 38.751603],
            [-121.48444, 38.751354],
            [-121.484396, 38.734598],
            [-121.602894, 38.735838],
            [-121.592622, 38.76286],
            [-121.625284, 38.785338],
            [-121.633423, 38.768482],
            [-121.663162, 38.76921],
            [-121.673454, 38.743035],
            [-121.670094, 38.759326],
            [-121.69269, 38.768312],
            [-121.690671, 38.795627],
            [-121.723346, 38.803759],
            [-121.728529, 38.857269],
            [-121.748624, 38.871318],
            [-121.784265, 38.856685],
            [-121.814814, 38.876582],
            [-121.791109, 38.904538],
            [-121.837334, 38.926073],
            [-121.840374, 38.95452],
            [-121.81951, 38.988279],
            [-121.795606, 38.996678],
            [-121.826806, 39.011788],
            [-121.838545, 39.06413],
            [-121.889101, 39.072373],
            [-121.911095, 39.123147],
            [-121.937953, 39.133001],
            [-121.917214, 39.147278],
            [-121.945514, 39.179843],
            [-121.928332, 39.198729],
            [-121.948177, 39.240387],
            [-121.948283, 39.241767]
          ]
        ]
      }
    },
    {
      "type": "Feature",
      "id": "06027",
      "properties": {
        "county_id": "06027",
        "county_label": "Inyo County",
        "state_name": "California",
        "state_fips": "06"
      },
      "geometry": {
        "type": "Polygon",
        "coordinates": [
          [
            [-118.790031, 37.394032],
            [-118.759581, 37.435573],
            [-118.775014, 37.463052],
            [-117.832726, 37.464929],
            [-117.000895, 36.847694],
            [-115.648020311818, 35.8096294219517],
            [-115.735745, 35.809097],
            [-115.735891, 35.79362],
            [-118.008094, 35.788935],
            [-118.007418, 35.85818],
            [-117.981043, 35.866912],
            [-117.983287, 35.926563],
            [-118.016791, 35.954551],
            [-118.003577, 35.983718],
            [-118.033611, 36.008944],
            [-118.051513, 36.083242],
            [-118.067313, 36.093442],
            [-118.073514, 36.140341],
            [-118.059315, 36.17014],
            [-118.105616, 36.213439],
            [-118.127601, 36.280348],
            [-118.100317, 36.346137],
            [-118.163019, 36.389636],
            [-118.140319, 36.403536],
            [-118.141219, 36.420936],
            [-118.21442, 36.434336],
            [-118.21592, 36.456736],
            [-118.24992, 36.482435],
            [-118.23502, 36.493735],
            [-118.239021, 36.523635],
            [-118.291223, 36.559335],
            [-118.289024, 36.590734],
            [-118.274624, 36.597334],
            [-118.320826, 36.627034],
            [-118.338227, 36.655434],
            [-118.331227, 36.669434],
            [-118.366128, 36.690435],
            [-118.336029, 36.716334],
            [-118.36933, 36.750334],
            [-118.374225, 36.800517],
            [-118.393724, 36.829668],
            [-118.362169, 36.844002],
            [-118.360831, 36.887734],
            [-118.419533, 36.987435],
            [-118.437137, 37.059818],
            [-118.592661, 37.138147],
            [-118.654593, 37.141826],
            [-118.686424, 37.227575],
            [-118.665332, 37.261917],
            [-118.716016, 37.328208],
            [-118.740026, 37.315237],
            [-118.780107, 37.334873],
            [-118.784206, 37.352352],
            [-118.767677, 37.367663],
            [-118.789032, 37.391649],
            [-118.790031, 37.394032]
          ]
        ]
      }
    },
    {
      "type": "Feature",
      "id": "06109",
      "properties": {
        "county_id": "06109",
        "county_label": "Tuolumne County",
        "state_name": "California",
        "state_fips": "06"
      },
      "geometry": {
        "type": "Polygon",
        "coordinates": [
          [
            [-120.653237, 37.83282],
            [-120.542643, 37.920178],
            [-120.513439, 37.956444],
            [-120.543274, 37.97572],
            [-120.527734, 37.982685],
            [-120.534985, 37.990939],
            [-120.463749, 38.01039],
            [-120.410008, 38.102399],
            [-120.176613, 38.37351],
            [-120.019951, 38.433521],
            [-119.884749, 38.356185],
            [-119.801648, 38.401395],
            [-119.704042, 38.415324],
            [-119.700029, 38.365215],
            [-119.639205, 38.32688],
            [-119.651375, 38.286638],
            [-119.604895, 38.239198],
            [-119.624422, 38.228673],
            [-119.632671, 38.198858],
            [-119.586561, 38.184839],
            [-119.576496, 38.157661],
            [-119.545551, 38.143072],
            [-119.50649, 38.137113],
            [-119.497132, 38.156885],
            [-119.459805, 38.096277],
            [-119.440468, 38.095678],
            [-119.430546, 38.116269],
            [-119.345922, 38.083113],
            [-119.30459, 38.023891],
            [-119.32239, 37.971423],
            [-119.313089, 37.953024],
            [-119.263986, 37.926525],
            [-119.263885, 37.912225],
            [-119.211083, 37.899626],
            [-119.200083, 37.884527],
            [-119.216882, 37.849628],
            [-119.196182, 37.844028],
            [-119.216881, 37.818728],
            [-119.20438, 37.793229],
            [-119.268979, 37.73923],
            [-119.288381, 37.74503],
            [-119.311184, 37.793528],
            [-119.354987, 37.811826],
            [-119.351387, 37.825526],
            [-119.375511, 37.840873],
            [-119.402689, 37.835225],
            [-119.407291, 37.854924],
            [-119.451494, 37.871023],
            [-119.474295, 37.855623],
            [-119.535699, 37.904122],
            [-119.5816, 37.893722],
            [-119.597874, 37.860971],
            [-119.648603, 37.845023],
            [-119.667203, 37.801224],
            [-119.808509, 37.754925],
            [-119.837909, 37.770226],
            [-119.852011, 37.757726],
            [-119.868212, 37.773225],
            [-119.901213, 37.757826],
            [-119.938414, 37.763026],
            [-120.079508, 37.828808],
            [-120.127226, 37.781566],
            [-120.17431, 37.799342],
            [-120.188981, 37.767934],
            [-120.237935, 37.765244],
            [-120.259074, 37.734269],
            [-120.282617, 37.745277],
            [-120.286494, 37.729449],
            [-120.34521, 37.725664],
            [-120.309838, 37.655977],
            [-120.325943, 37.648966],
            [-120.352625, 37.674556],
            [-120.391931, 37.683559],
            [-120.375144, 37.652208],
            [-120.387613, 37.633704],
            [-120.653274, 37.831858],
            [-120.653237, 37.83282]
          ]
        ]
      }
    },
    {
      "type": "Feature",
      "id": "36013",
      "properties": {
        "county_id": "36013",
        "county_label": "Chautauqua County",
        "state_name": "New York",
        "state_fips": "36"
      },
      "geometry": {
        "type": "Polygon",
        "coordinates": [
          [
            [-79.762152, 42.243054],
            [-79.761951, 42.26986],
            [-79.453533, 42.411157],
            [-79.354483, 42.494071],
            [-79.331312, 42.488918],
            [-79.249667, 42.531744],
            [-79.151872, 42.552244],
            [-79.1368929076035, 42.5697987744532],
            [-79.108557, 42.570201],
            [-79.060777, 42.537853],
            [-79.061265, 41.999259],
            [-79.761374, 41.999067],
            [-79.7621431314725, 42.2414018683975],
            [-79.762152, 42.243054]
          ]
        ]
      }
    },
    {
      "type": "Feature",
      "id": "06011",
      "properties": {
        "county_id": "06011",
        "county_label": "Colusa County",
        "state_name": "California",
        "state_fips": "06"
      },
      "geometry": {
        "type": "Polygon",
        "coordinates": [
          [
            [-122.78509, 39.382975],
            [-122.136006, 39.385494],
            [-122.136161, 39.414499],
            [-122.008857, 39.413567],
            [-122.009735, 39.383864],
            [-121.88387, 39.373926],
            [-121.907636, 39.303119],
            [-121.946821, 39.249842],
            [-121.928332, 39.198729],
            [-121.945698, 39.181242],
            [-121.917214, 39.147278],
            [-121.937953, 39.133001],
            [-121.911095, 39.123147],
            [-121.894127, 39.078003],
            [-121.838545, 39.06413],
            [-121.826806, 39.011788],
            [-121.795606, 38.996678],
            [-121.834566, 38.968152],
            [-121.835488, 38.924481],
            [-122.337967, 38.923945],
            [-122.409214, 38.963001],
            [-122.411507, 39.019087],
            [-122.492175, 39.053951],
            [-122.486037, 39.085466],
            [-122.500909, 39.121075],
            [-122.496835, 39.140501],
            [-122.474541, 39.144699],
            [-122.47729, 39.17395],
            [-122.515331, 39.209215],
            [-122.567215, 39.203701],
            [-122.679729, 39.22453],
            [-122.691361, 39.247431],
            [-122.758114, 39.28538],
            [-122.77547, 39.315182],
            [-122.742212, 39.365293],
            [-122.784695, 39.381954],
            [-122.78509, 39.382975]
          ]
        ]
      }
    },
    {
      "type": "Feature",
      "id": "06057",
      "properties": {
        "county_id": "06057",
        "county_label": "Nevada County",
        "state_name": "California",
        "state_fips": "06"
      },
      "geometry": {
        "type": "Polygon",
        "coordinates": [
          [
            [-121.279749, 39.109845],
            [-121.266911, 39.271609],
            [-121.219853, 39.283076],
            [-121.195619, 39.329582],
            [-121.157533, 39.332467],
            [-121.128007, 39.379752],
            [-121.083397, 39.394522],
            [-121.024518, 39.389257],
            [-120.978334, 39.417872],
            [-120.800904, 39.437484],
            [-120.755729, 39.452663],
            [-120.655217, 39.526699],
            [-120.560823, 39.516207],
            [-120.534377, 39.464653],
            [-120.505445, 39.446117],
            [-120.003871869173, 39.445057041725],
            [-120.006315645404, 39.3164959768657],
            [-120.645795, 39.315155],
            [-120.702347, 39.299824],
            [-120.988717, 39.111777],
            [-121.008303, 39.052055],
            [-121.038059, 39.015959],
            [-121.068611, 39.00516],
            [-121.137397, 39.037858],
            [-121.205915, 39.011851],
            [-121.279533, 39.034618],
            [-121.279746, 39.108957],
            [-121.279749, 39.109845]
          ]
        ]
      }
    },
    {
      "type": "Feature",
      "id": "36017",
      "properties": {
        "county_id": "36017",
        "county_label": "Chenango County",
        "state_name": "New York",
        "state_fips": "36"
      },
      "geometry": {
        "type": "Polygon",
        "coordinates": [
          [
            [-75.889832, 42.723844],
            [-75.428668, 42.745421],
            [-75.292825, 42.737751],
            [-75.330394, 42.674195],
            [-75.330143, 42.568082],
            [-75.367395, 42.552484],
            [-75.403459, 42.508699],
            [-75.399939, 42.462391],
            [-75.374617, 42.415998],
            [-75.40669, 42.380781],
            [-75.392846, 42.357916],
            [-75.416932, 42.314094],
            [-75.419895, 42.194918],
            [-75.63711, 42.195628],
            [-75.639055, 42.248675],
            [-75.83631, 42.244091],
            [-75.889546, 42.720494],
            [-75.889832, 42.723844]
          ]
        ]
      }
    },
    {
      "type": "Feature",
      "id": "06015",
      "properties": {
        "county_id": "06015",
        "county_label": "Del Norte County",
        "state_name": "California",
        "state_fips": "06"
      },
      "geometry": {
        "type": "MultiPolygon",
        "coordinates": [
          [
            [
              [-124.217495, 41.95081],
              [-124.217038, 41.951292],
              [-124.216809, 41.95183],
              [-124.216181, 41.952212],
              [-124.215248, 41.952099],
              [-124.21422, 41.951872],
              [-124.213326, 41.951376],
              [-124.213201074902, 41.9512314145587],
              [-124.213021, 41.951023],
              [-124.213333335478, 41.9505787420022],
              [-124.213459, 41.9504],
              [-124.214354, 41.949918],
              [-124.215001, 41.949734],
              [-124.2162, 41.94989],
              [-124.217057, 41.95023],
              [-124.217495, 41.95081]
            ]
          ],
          [
            [
              [-124.255149542579, 41.7845290559611],
              [-124.208439, 41.888192],
              [-124.211605, 41.99846],
              [-123.517910995163, 42.0007581373596],
              [-123.540934, 41.985313],
              [-123.533251, 41.955169],
              [-123.559492, 41.905968],
              [-123.59363, 41.90589],
              [-123.606301, 41.880773],
              [-123.642812, 41.889353],
              [-123.67078, 41.835432],
              [-123.703768, 41.829117],
              [-123.672701, 41.79595],
              [-123.68834, 41.781221],
              [-123.660205, 41.714055],
              [-123.689583, 41.669434],
              [-123.680444, 41.633957],
              [-123.69664, 41.633863],
              [-123.719089, 41.595258],
              [-123.682203, 41.594561],
              [-123.693887, 41.551858],
              [-123.648046, 41.535024],
              [-123.637771, 41.482382],
              [-123.612395, 41.448954],
              [-123.64856, 41.420823],
              [-123.638913, 41.407366],
              [-123.661363, 41.38209],
              [-123.770239, 41.380776],
              [-123.770551, 41.464193],
              [-124.065520896835, 41.4647394649382],
              [-124.147412, 41.717955],
              [-124.164716, 41.740126],
              [-124.194953, 41.736778],
              [-124.255994, 41.783014],
              [-124.255149542579, 41.7845290559611]
            ]
          ]
        ]
      }
    },
    {
      "type": "Feature",
      "id": "12095",
      "properties": {
        "county_id": "12095",
        "county_label": "Orange County",
        "state_name": "Florida",
        "state_fips": "12"
      },
      "geometry": {
        "type": "Polygon",
        "coordinates": [
          [
            [-81.658561, 28.745827],
            [-81.646513, 28.785872],
            [-81.414682, 28.785564],
            [-81.42277, 28.736915],
            [-81.459524, 28.713264],
            [-81.459728, 28.640196],
            [-81.32848, 28.639628],
            [-81.327888, 28.610501],
            [-80.952222, 28.604244],
            [-80.930043, 28.563217],
            [-80.939311, 28.535018],
            [-80.885741, 28.510312],
            [-80.875273, 28.488696],
            [-80.870796, 28.471355],
            [-80.894522, 28.467039],
            [-80.90118, 28.433158],
            [-80.862908, 28.347487],
            [-81.657268, 28.347098],
            [-81.658603, 28.740313],
            [-81.658561, 28.745827]
          ]
        ]
      }
    },
    {
      "type": "Feature",
      "id": "12101",
      "properties": {
        "county_id": "12101",
        "county_label": "Pasco County",
        "state_name": "Florida",
        "state_fips": "12"
      },
      "geometry": {
        "type": "MultiPolygon",
        "coordinates": [
          [
            [
              [-82.799145, 28.185282],
              [-82.755986, 28.228061],
              [-82.75822, 28.254931],
              [-82.725366, 28.290135],
              [-82.731461, 28.325015],
              [-82.701294, 28.374821],
              [-82.706398, 28.403081],
              [-82.6698903209957, 28.4335756565858],
              [-82.253439, 28.434824],
              [-82.253293, 28.478491],
              [-82.054694, 28.478397],
              [-82.055531, 28.258928],
              [-82.106205, 28.259226],
              [-82.105853, 28.17165],
              [-82.787424, 28.172186],
              [-82.7987451499573, 28.1844666506503],
              [-82.799145, 28.185282]
            ]
          ],
          [
            [
              [-82.8007235904649, 28.174991580989],
              [-82.800717, 28.175013],
              [-82.799476, 28.175418],
              [-82.798318, 28.174915],
              [-82.798433, 28.173887],
              [-82.800115, 28.173231],
              [-82.801029, 28.173999],
              [-82.8007235904649, 28.174991580989]
            ]
          ],
          [
            [
              [-82.804328, 28.177312],
              [-82.80352, 28.177909],
              [-82.801881, 28.177413],
              [-82.801632, 28.176547],
              [-82.802525, 28.175925],
              [-82.804278, 28.176409],
              [-82.8043020177086, 28.1768427598173],
              [-82.804328, 28.177312]
            ]
          ],
          [
            [
              [-82.806128, 28.174061],
              [-82.80524492014, 28.174480418691],
              [-82.80513, 28.174535],
              [-82.804164, 28.174098],
              [-82.804101, 28.173094],
              [-82.805048, 28.172574],
              [-82.8054159582061, 28.172744490899],
              [-82.806071, 28.173048],
              [-82.806128, 28.174061]
            ]
          ],
          [
            [
              [-82.8509621056592, 28.2117655524176],
              [-82.840446, 28.212004],
              [-82.8430268926063, 28.1717337038355],
              [-82.852432, 28.210173],
              [-82.8509621056592, 28.2117655524176]
            ]
          ]
        ]
      }
    },
    {
      "type": "Feature",
      "id": "12071",
      "properties": {
        "county_id": "12071",
        "county_label": "Lee County",
        "state_name": "Florida",
        "state_fips": "12"
      },
      "geometry": {
        "type": "MultiPolygon",
        "coordinates": [
          [
            [
              [-82.183575, 26.695016],
              [-82.158143, 26.707331],
              [-82.125795, 26.699536],
              [-82.08779, 26.647228],
              [-82.0598739239255, 26.7704052700131],
              [-81.565748, 26.769601],
              [-81.56218, 26.422625],
              [-81.659506, 26.421077],
              [-81.6579, 26.317563],
              [-81.819019, 26.316245],
              [-81.819119, 26.330424],
              [-81.8457752770578, 26.3303814585148],
              [-81.882513, 26.402651],
              [-81.912844, 26.429394],
              [-81.963931, 26.457216],
              [-81.969509, 26.476505],
              [-82.012715, 26.486878],
              [-81.998117, 26.532724],
              [-82.038724, 26.525647],
              [-82.05808, 26.548404],
              [-82.071628, 26.525651],
              [-82.056892, 26.493748],
              [-82.105672, 26.48393],
              [-82.102051, 26.519484],
              [-82.142554, 26.643911],
              [-82.183813, 26.687796],
              [-82.183575, 26.695016]
            ]
          ],
          [
            [
              [-82.224073, 26.602896],
              [-82.17783, 26.492217],
              [-82.088423, 26.455182],
              [-82.062551, 26.470131],
              [-82.013713, 26.454258],
              [-82.075015, 26.422059],
              [-82.126671, 26.436279],
              [-82.180717, 26.476257],
              [-82.224443, 26.593249],
              [-82.224073, 26.602896]
            ]
          ],
          [
            [
              [-82.262485, 26.683974],
              [-82.246085, 26.706057],
              [-82.218514, 26.623221],
              [-82.223127, 26.612544],
              [-82.262485, 26.677602],
              [-82.262485, 26.683974]
            ]
          ],
          [
            [
              [-82.270054, 26.789551],
              [-82.2010205343136, 26.7707662433106],
              [-82.249888, 26.762946],
              [-82.261941, 26.717085],
              [-82.2720923576117, 26.7895176293629],
              [-82.270054, 26.789551]
            ]
          ]
        ]
      }
    },
    {
      "type": "Feature",
      "id": "12105",
      "properties": {
        "county_id": "12105",
        "county_label": "Polk County",
        "state_name": "Florida",
        "state_fips": "12"
      },
      "geometry": {
        "type": "Polygon",
        "coordinates": [
          [
            [-82.106205, 28.259226],
            [-82.055531, 28.258928],
            [-82.055819, 28.312794],
            [-82.039893, 28.320315],
            [-81.957805, 28.308888],
            [-81.957641, 28.34518],
            [-81.857512, 28.345965],
            [-81.857624, 28.361868],
            [-81.790887, 28.361837],
            [-81.790727, 28.346413],
            [-81.657268, 28.347098],
            [-81.657189, 28.259217],
            [-81.557459, 28.259362],
            [-81.524083, 28.201012],
            [-81.524227, 28.142805],
            [-81.456214, 28.143163],
            [-81.455758, 28.08489],
            [-81.346418, 28.084696],
            [-81.346336, 28.069669],
            [-81.365009, 28.068222],
            [-81.378718, 28.011743],
            [-81.440136, 28.058255],
            [-81.458814, 28.040069],
            [-81.415603, 27.998172],
            [-81.386988, 28.003619],
            [-81.33665, 27.94958],
            [-81.345773, 27.935774],
            [-81.308696, 27.92188],
            [-81.302147, 27.862383],
            [-81.215292, 27.829731],
            [-81.131044, 27.659307],
            [-81.142164, 27.643238],
            [-82.054349, 27.646382],
            [-82.056261, 28.171592],
            [-82.105853, 28.17165],
            [-82.106205, 28.224196],
            [-82.106205, 28.259226]
          ]
        ]
      }
    },
    {
      "type": "Feature",
      "id": "12009",
      "properties": {
        "county_id": "12009",
        "county_label": "Brevard County",
        "state_name": "Florida",
        "state_fips": "12"
      },
      "geometry": {
        "type": "Polygon",
        "coordinates": [
          [
            [-80.98725, 28.612997],
            [-80.964466, 28.612992],
            [-80.967895, 28.790197],
            [-80.7329248249869, 28.7912445868159],
            [-80.57424, 28.585339],
            [-80.525094, 28.459454],
            [-80.594149, 28.395323],
            [-80.603339, 28.252555],
            [-80.557853, 28.071825],
            [-80.4471635247752, 27.8598979972078],
            [-80.491079, 27.854601],
            [-80.509075, 27.822058],
            [-80.868881, 27.822522],
            [-80.862815, 28.347221],
            [-80.90118, 28.433158],
            [-80.894522, 28.467039],
            [-80.870796, 28.471355],
            [-80.885741, 28.510312],
            [-80.939311, 28.535018],
            [-80.930043, 28.563217],
            [-80.943344, 28.593668],
            [-80.9863, 28.611823],
            [-80.98725, 28.612997]
          ]
        ]
      }
    },
    {
      "type": "Feature",
      "id": "12097",
      "properties": {
        "county_id": "12097",
        "county_label": "Osceola County",
        "state_name": "Florida",
        "state_fips": "12"
      },
      "geometry": {
        "type": "Polygon",
        "coordinates": [
          [
            [-81.657268, 28.347098],
            [-80.862815, 28.347221],
            [-80.868881, 27.822522],
            [-80.881566, 27.822511],
            [-80.87315, 27.642288],
            [-81.142164, 27.643238],
            [-81.131044, 27.659307],
            [-81.145954, 27.710533],
            [-81.167068, 27.723121],
            [-81.208124, 27.821125],
            [-81.23334, 27.843701],
            [-81.302147, 27.862383],
            [-81.308696, 27.92188],
            [-81.345773, 27.935774],
            [-81.33665, 27.94958],
            [-81.386988, 28.003619],
            [-81.415603, 27.998172],
            [-81.458814, 28.040069],
            [-81.440136, 28.058255],
            [-81.378718, 28.011743],
            [-81.365009, 28.068222],
            [-81.346336, 28.069669],
            [-81.346418, 28.084696],
            [-81.455758, 28.08489],
            [-81.456214, 28.143163],
            [-81.524227, 28.142805],
            [-81.524083, 28.201012],
            [-81.557459, 28.259362],
            [-81.657189, 28.259217],
            [-81.657153, 28.343084],
            [-81.657268, 28.347098]
          ]
        ]
      }
    },
    {
      "type": "Feature",
      "id": "12063",
      "properties": {
        "county_id": "12063",
        "county_label": "Jackson County",
        "state_name": "Florida",
        "state_fips": "12"
      },
      "geometry": {
        "type": "Polygon",
        "coordinates": [
          [
            [-85.600062, 30.833783],
            [-85.575574, 30.898601],
            [-85.530294, 30.939315],
            [-85.530453, 30.97163],
            [-85.4979920209678, 30.9969323496585],
            [-85.0019, 31.000681],
            [-85.005931, 30.97704],
            [-84.980127, 30.961286],
            [-84.983127, 30.934786],
            [-84.9349, 30.884528],
            [-84.925665, 30.842685],
            [-84.937424, 30.820889],
            [-84.914322, 30.753591],
            [-84.896122, 30.750591],
            [-84.857921, 30.698409],
            [-84.905619, 30.621993],
            [-84.932519, 30.606393],
            [-85.167713, 30.608026],
            [-85.171891, 30.564336],
            [-85.434782, 30.56756],
            [-85.432274, 30.785457],
            [-85.482718, 30.785892],
            [-85.482276, 30.829509],
            [-85.599934, 30.830552],
            [-85.600062, 30.833783]
          ]
        ]
      }
    },
    {
      "type": "Feature",
      "id": "12017",
      "properties": {
        "county_id": "12017",
        "county_label": "Citrus County",
        "state_name": "Florida",
        "state_fips": "12"
      },
      "geometry": {
        "type": "MultiPolygon",
        "coordinates": [
          [
            [
              [-82.757334, 28.800728],
              [-82.723815, 28.790452],
              [-82.736707, 28.77371],
              [-82.756146, 28.799062],
              [-82.757334, 28.800728]
            ]
          ],
          [
            [
              [-82.758848, 28.993401],
              [-82.702833, 29.032821],
              [-82.612653, 29.009271],
              [-82.595224, 29.029874],
              [-82.535591, 29.044855],
              [-82.458911, 29.047651],
              [-82.418226, 29.01305],
              [-82.401637, 29.018996],
              [-82.315836, 28.973271],
              [-82.273585, 28.897216],
              [-82.183637, 28.823626],
              [-82.169141, 28.792954],
              [-82.188315, 28.776783],
              [-82.183361, 28.763503],
              [-82.249207, 28.717393],
              [-82.263052, 28.667634],
              [-82.417785, 28.665898],
              [-82.418353, 28.694859],
              [-82.6745857464645, 28.6940608503586],
              [-82.720838, 28.713698],
              [-82.690071, 28.736559],
              [-82.702545, 28.777431],
              [-82.691497, 28.792188],
              [-82.738695, 28.824796],
              [-82.727888, 28.871251],
              [-82.689775, 28.885495],
              [-82.696013, 28.930821],
              [-82.7594208602979, 28.992412212969],
              [-82.758848, 28.993401]
            ]
          ]
        ]
      }
    },
    {
      "type": "Feature",
      "id": "12015",
      "properties": {
        "county_id": "12015",
        "county_label": "Charlotte County",
        "state_name": "Florida",
        "state_fips": "12"
      },
      "geometry": {
        "type": "Polygon",
        "coordinates": [
          [
            [-82.3749868195969, 26.9456214736575],
            [-82.255521, 26.945264],
            [-82.255169, 27.03302],
            [-81.562531, 27.033687],
            [-81.565748, 26.769601],
            [-82.0598739239255, 26.7704052700131],
            [-82.051105, 26.864955],
            [-82.086661, 26.888538],
            [-82.097114, 26.914514],
            [-82.053802, 26.939799],
            [-82.117841, 26.965136],
            [-82.141428, 26.92393],
            [-82.1831, 26.935773],
            [-82.146259, 26.782893],
            [-82.205562, 26.770528],
            [-82.2720923576117, 26.7895176293629],
            [-82.371007, 26.938653],
            [-82.3749868195969, 26.9456214736575]
          ]
        ]
      }
    },
    {
      "type": "Feature",
      "id": "12049",
      "properties": {
        "county_id": "12049",
        "county_label": "Hardee County",
        "state_name": "Florida",
        "state_fips": "12"
      },
      "geometry": {
        "type": "Polygon",
        "coordinates": [
          [
            [-82.055487, 27.473096],
            [-82.054349, 27.646382],
            [-81.563533, 27.646645],
            [-81.56379, 27.414913],
            [-81.564062, 27.340641],
            [-82.055753, 27.338264],
            [-82.055487, 27.473096]
          ]
        ]
      }
    },
    {
      "type": "Feature",
      "id": "12077",
      "properties": {
        "county_id": "12077",
        "county_label": "Liberty County",
        "state_name": "Florida",
        "state_fips": "12"
      },
      "geometry": {
        "type": "Polygon",
        "coordinates": [
          [
            [-85.153811, 30.092849],
            [-85.129959, 30.118463],
            [-85.145424, 30.124664],
            [-85.134773, 30.18077],
            [-85.11137, 30.218005],
            [-85.079847, 30.229715],
            [-85.05692, 30.303458],
            [-85.03429, 30.312478],
            [-85.049946, 30.33771],
            [-85.026007, 30.363043],
            [-85.040199, 30.372089],
            [-85.014607, 30.387394],
            [-85.029885, 30.403269],
            [-85.013656, 30.410648],
            [-85.031882, 30.422648],
            [-84.981229, 30.444129],
            [-85.000809, 30.448071],
            [-84.986694, 30.469583],
            [-85.004307, 30.476211],
            [-84.965418, 30.580194],
            [-84.944318, 30.581694],
            [-84.932519, 30.606393],
            [-84.883316, 30.605589],
            [-84.882616, 30.533094],
            [-84.781813, 30.518693],
            [-84.781111, 30.459794],
            [-84.714097, 30.460401],
            [-84.714124, 30.417199],
            [-84.680525, 30.417269],
            [-84.680632, 30.387973],
            [-84.646408, 30.388281],
            [-84.715144, 30.333077],
            [-84.701113, 30.317671],
            [-84.737846, 30.265646],
            [-84.701294, 30.24828],
            [-84.681871, 30.21771],
            [-84.664944, 30.169774],
            [-84.670357, 30.127626],
            [-84.63079, 30.065128],
            [-84.543032, 30.011732],
            [-85.007626, 30.013883],
            [-85.025439, 29.971399],
            [-85.0298, 29.987412],
            [-85.131213, 30.037965],
            [-85.134346, 30.082046],
            [-85.154015, 30.092043],
            [-85.153811, 30.092849]
          ]
        ]
      }
    },
    {
      "type": "Feature",
      "id": "12013",
      "properties": {
        "county_id": "12013",
        "county_label": "Calhoun County",
        "state_name": "Florida",
        "state_fips": "12"
      },
      "geometry": {
        "type": "Polygon",
        "coordinates": [
          [
            [-85.389755, 30.226486],
            [-85.383948, 30.566856],
            [-85.171891, 30.564336],
            [-85.167713, 30.608026],
            [-84.932519, 30.606393],
            [-84.944318, 30.581694],
            [-84.965418, 30.580194],
            [-84.992279, 30.519315],
            [-85.004307, 30.476211],
            [-84.986684, 30.466552],
            [-85.001636, 30.450967],
            [-84.981229, 30.444129],
            [-85.032931, 30.420299],
            [-85.014074, 30.411939],
            [-85.029943, 30.40188],
            [-85.014607, 30.387394],
            [-85.040199, 30.372089],
            [-85.026007, 30.363043],
            [-85.049946, 30.33771],
            [-85.03429, 30.312478],
            [-85.05692, 30.303458],
            [-85.079847, 30.229715],
            [-85.11137, 30.218005],
            [-85.11566, 30.199976],
            [-85.389679, 30.200973],
            [-85.389755, 30.226486]
          ]
        ]
      }
    },
    {
      "type": "Feature",
      "id": "12047",
      "properties": {
        "county_id": "12047",
        "county_label": "Hamilton County",
        "state_name": "Florida",
        "state_fips": "12"
      },
      "geometry": {
        "type": "Polygon",
        "coordinates": [
          [
            [-83.3092496470182, 30.6344048972559],
            [-82.6895389472297, 30.5977337059943],
            [-82.723943, 30.564888],
            [-82.714528, 30.531842],
            [-82.728622, 30.525707],
            [-82.696663, 30.489418],
            [-82.701802, 30.477713],
            [-82.663281, 30.452054],
            [-82.672895, 30.448571],
            [-82.645478, 30.407096],
            [-82.684158, 30.337964],
            [-82.745411, 30.317369],
            [-82.763316, 30.330924],
            [-82.788503, 30.324013],
            [-82.803943, 30.345399],
            [-82.84375, 30.340884],
            [-82.885102, 30.365295],
            [-82.8888, 30.385966],
            [-82.90836, 30.380079],
            [-83.00422, 30.431933],
            [-83.070572, 30.424466],
            [-83.082017, 30.442865],
            [-83.122103, 30.43261],
            [-83.15545, 30.416824],
            [-83.170969, 30.385225],
            [-83.180033, 30.41016],
            [-83.222208, 30.423531],
            [-83.217797, 30.464226],
            [-83.243599, 30.472984],
            [-83.238938, 30.518022],
            [-83.260807, 30.552821],
            [-83.269107, 30.622204],
            [-83.309287, 30.632946],
            [-83.3092496470182, 30.6344048972559]
          ]
        ]
      }
    },
    {
      "type": "Feature",
      "id": "12129",
      "properties": {
        "county_id": "12129",
        "county_label": "Wakulla County",
        "state_name": "Florida",
        "state_fips": "12"
      },
      "geometry": {
        "type": "Polygon",
        "coordinates": [
          [
            [-84.736557, 30.26812],
            [-84.713351, 30.30017],
            [-84.378532, 30.303428],
            [-84.247673, 30.303493],
            [-84.241222, 30.274244],
            [-84.075539, 30.273617],
            [-84.0760425771092, 30.0954641099777],
            [-84.167881, 30.071422],
            [-84.184493, 30.077254],
            [-84.174999, 30.095763],
            [-84.205589, 30.114323],
            [-84.203413, 30.08461],
            [-84.262263, 30.103724],
            [-84.273055, 30.063755],
            [-84.366115, 30.008662],
            [-84.341754, 29.970258],
            [-84.43415, 29.990497],
            [-84.454551, 29.971333],
            [-84.469004, 30.00237],
            [-84.521743, 29.98075],
            [-84.525007, 30.005221],
            [-84.570368, 30.016884],
            [-84.63079, 30.065128],
            [-84.670357, 30.127626],
            [-84.664944, 30.169774],
            [-84.681871, 30.21771],
            [-84.701294, 30.24828],
            [-84.737846, 30.265646],
            [-84.736557, 30.26812]
          ]
        ]
      }
    },
    {
      "type": "Feature",
      "id": "48063",
      "properties": {
        "county_id": "48063",
        "county_label": "Camp County",
        "state_name": "Texas",
        "state_fips": "48"
      },
      "geometry": {
        "type": "Polygon",
        "coordinates": [
          [
            [-95.152586, 32.949289],
            [-95.152206, 33.01345],
            [-95.137213, 33.030938],
            [-95.103043, 33.032956],
            [-95.040269, 33.072294],
            [-94.939152, 33.074514],
            [-94.88823, 33.023266],
            [-94.786321, 32.959166],
            [-94.768966, 32.925894],
            [-94.719942, 32.904502],
            [-95.15211, 32.902641],
            [-95.152297, 32.941335],
            [-95.152586, 32.949289]
          ]
        ]
      }
    },
    {
      "type": "Feature",
      "id": "48115",
      "properties": {
        "county_id": "48115",
        "county_label": "Dawson County",
        "state_name": "Texas",
        "state_fips": "48"
      },
      "geometry": {
        "type": "Polygon",
        "coordinates": [
          [
            [-102.20852, 32.958956],
            [-101.691284, 32.961838],
            [-101.68874, 32.525222],
            [-102.202703, 32.523271],
            [-102.208433, 32.952105],
            [-102.20852, 32.958956]
          ]
        ]
      }
    },
    {
      "type": "Feature",
      "id": "48287",
      "properties": {
        "county_id": "48287",
        "county_label": "Lee County",
        "state_name": "Texas",
        "state_fips": "48"
      },
      "geometry": {
        "type": "Polygon",
        "coordinates": [
          [
            [-97.306478, 30.411174],
            [-97.155219, 30.457344],
            [-96.96363, 30.557198],
            [-96.918902, 30.539212],
            [-96.895906, 30.489158],
            [-96.899843, 30.460277],
            [-96.874822, 30.457466],
            [-96.870507, 30.435415],
            [-96.787616, 30.388948],
            [-96.743672, 30.319757],
            [-96.694682, 30.320191],
            [-96.663716, 30.295549],
            [-96.640883, 30.296786],
            [-96.687104, 30.248069],
            [-96.732855, 30.242907],
            [-96.741508, 30.19743],
            [-96.845857, 30.116027],
            [-97.019163, 30.032],
            [-97.081834, 30.259357],
            [-97.199578, 30.337833],
            [-97.334463, 30.402843],
            [-97.306478, 30.411174]
          ]
        ]
      }
    },
    {
      "type": "Feature",
      "id": "48407",
      "properties": {
        "county_id": "48407",
        "county_label": "San Jacinto County",
        "state_name": "Texas",
        "state_fips": "48"
      },
      "geometry": {
        "type": "Polygon",
        "coordinates": [
          [
            [-95.358856, 30.506194],
            [-95.32748, 30.859547],
            [-95.312898, 30.897873],
            [-95.252385, 30.906719],
            [-95.230777, 30.887007],
            [-95.243097, 30.866856],
            [-95.230989, 30.841149],
            [-95.13194, 30.783162],
            [-95.147073, 30.71739],
            [-95.134899, 30.693308],
            [-95.109861, 30.694191],
            [-95.115005, 30.661005],
            [-95.055002, 30.680334],
            [-95.010278, 30.656671],
            [-95.024663, 30.649779],
            [-95.00715, 30.60705],
            [-95.031822, 30.597342],
            [-95.030889, 30.580259],
            [-94.829719, 30.539512],
            [-94.867393, 30.510755],
            [-94.865509, 30.495023],
            [-94.842621, 30.487458],
            [-95.225581, 30.319534],
            [-95.203801, 30.352012],
            [-95.308395, 30.40575],
            [-95.359156, 30.504369],
            [-95.358856, 30.506194]
          ]
        ]
      }
    },
    {
      "type": "Feature",
      "id": "48387",
      "properties": {
        "county_id": "48387",
        "county_label": "Red River County",
        "state_name": "Texas",
        "state_fips": "48"
      },
      "geometry": {
        "type": "Polygon",
        "coordinates": [
          [
            [-95.310907, 33.776758],
            [-95.3104056193911, 33.8773685301904],
            [-95.280922, 33.875403],
            [-95.278577, 33.910191],
            [-95.252694, 33.894234],
            [-95.250171, 33.938497],
            [-95.217633, 33.962646],
            [-95.1247, 33.934675],
            [-95.122038, 33.904795],
            [-95.082387, 33.921758],
            [-95.100168, 33.896101],
            [-95.089607, 33.880857],
            [-95.06569, 33.915966],
            [-95.072413, 33.902699],
            [-95.046568, 33.862565],
            [-94.988487, 33.851],
            [-94.968895, 33.860916],
            [-94.964401, 33.837021],
            [-94.943831, 33.8293],
            [-94.947874, 33.808356],
            [-94.914764, 33.824487],
            [-94.921955, 33.791599],
            [-94.876504, 33.757405],
            [-94.868144, 33.768874],
            [-94.8693, 33.745871],
            [-94.822473, 33.732716],
            [-94.821783, 33.768752],
            [-94.802252, 33.732788],
            [-94.76444, 33.760178],
            [-94.757813, 33.750109],
            [-94.788251, 33.735316],
            [-94.752512, 33.734468],
            [-94.752129, 33.713835],
            [-94.73263, 33.723917],
            [-94.753801, 33.707729],
            [-94.746925, 33.328938],
            [-94.761671, 33.317456],
            [-94.781447, 33.318722],
            [-94.781867, 33.344261],
            [-94.814951, 33.362858],
            [-94.81271, 33.375577],
            [-94.857586, 33.3767],
            [-94.889304, 33.39848],
            [-94.907658, 33.383853],
            [-95.004729, 33.395363],
            [-95.039692, 33.380097],
            [-95.093348, 33.397571],
            [-95.24225, 33.367936],
            [-95.30664, 33.378027],
            [-95.311035, 33.7501],
            [-95.310907, 33.776758]
          ]
        ]
      }
    },
    {
      "type": "Feature",
      "id": "48055",
      "properties": {
        "county_id": "48055",
        "county_label": "Caldwell County",
        "state_name": "Texas",
        "state_fips": "48"
      },
      "geometry": {
        "type": "Polygon",
        "coordinates": [
          [
            [-97.897071, 29.864369],
            [-97.893896, 29.883734],
            [-97.792435, 29.945177],
            [-97.760705, 29.988119],
            [-97.653693, 30.071564],
            [-97.315823, 29.786541],
            [-97.597695, 29.630745],
            [-97.651654, 29.653965],
            [-97.652612, 29.667843],
            [-97.698511, 29.666988],
            [-97.73572, 29.691198],
            [-97.738308, 29.712744],
            [-97.768459, 29.719103],
            [-97.758601, 29.725047],
            [-97.780917, 29.759258],
            [-97.803416, 29.753651],
            [-97.817138, 29.790383],
            [-97.829259, 29.779597],
            [-97.846645, 29.841671],
            [-97.89859, 29.857121],
            [-97.897071, 29.864369]
          ]
        ]
      }
    },
    {
      "type": "Feature",
      "id": "47003",
      "properties": {
        "county_id": "47003",
        "county_label": "Bedford County",
        "state_name": "Tennessee",
        "state_fips": "47"
      },
      "geometry": {
        "type": "Polygon",
        "coordinates": [
          [
            [-86.663296, 35.471221],
            [-86.653193, 35.57412],
            [-86.635207, 35.577415],
            [-86.66377, 35.581893],
            [-86.649204, 35.599391],
            [-86.636362, 35.701982],
            [-86.619446, 35.702676],
            [-86.515516, 35.688396],
            [-86.519442, 35.677751],
            [-86.462181, 35.63785],
            [-86.424145, 35.652976],
            [-86.402726, 35.618571],
            [-86.34194, 35.664259],
            [-86.245165, 35.631913],
            [-86.246872, 35.465375],
            [-86.234529, 35.453308],
            [-86.25055, 35.413202],
            [-86.288015, 35.40726],
            [-86.328792, 35.363677],
            [-86.409286, 35.346591],
            [-86.422338, 35.318846],
            [-86.475327, 35.338121],
            [-86.485098, 35.360545],
            [-86.532568, 35.351603],
            [-86.582709, 35.370814],
            [-86.61822, 35.366795],
            [-86.665555, 35.456207],
            [-86.663296, 35.471221]
          ]
        ]
      }
    },
    {
      "type": "Feature",
      "id": "47035",
      "properties": {
        "county_id": "47035",
        "county_label": "Cumberland County",
        "state_name": "Tennessee",
        "state_fips": "47"
      },
      "geometry": {
        "type": "Polygon",
        "coordinates": [
          [
            [-85.273288, 35.787948],
            [-85.24138, 35.809495],
            [-85.222524, 35.877364],
            [-85.231587, 35.893201],
            [-85.213115, 35.910379],
            [-85.242698, 35.91304],
            [-85.265489, 35.965754],
            [-85.246362, 36.100698],
            [-85.15275, 36.099544],
            [-85.131575, 36.130259],
            [-85.081654, 36.132789],
            [-85.028641, 36.170509],
            [-85.000286, 36.150813],
            [-84.990126, 36.161396],
            [-84.958954, 36.147769],
            [-84.906165, 36.155778],
            [-84.870888, 36.136925],
            [-84.832377, 36.08401],
            [-84.80546, 36.090501],
            [-84.791936, 36.059371],
            [-84.720727, 35.994914],
            [-84.68306, 35.904113],
            [-84.763687, 35.833686],
            [-84.916062, 35.761939],
            [-85.028787, 35.746285],
            [-85.04114, 35.77177],
            [-85.073831, 35.760472],
            [-85.254062, 35.765611],
            [-85.247784, 35.78666],
            [-85.272664, 35.787718],
            [-85.273288, 35.787948]
          ]
        ]
      }
    },
    {
      "type": "Feature",
      "id": "47053",
      "properties": {
        "county_id": "47053",
        "county_label": "Gibson County",
        "state_name": "Tennessee",
        "state_fips": "47"
      },
      "geometry": {
        "type": "Polygon",
        "coordinates": [
          [
            [-89.206182, 36.013764],
            [-89.163862, 36.02619],
            [-89.154464, 36.204678],
            [-88.961232, 36.201635],
            [-88.959839, 36.222834],
            [-88.840884, 36.123495],
            [-88.759112, 36.109655],
            [-88.694209, 36.066356],
            [-88.701978, 35.862378],
            [-88.706811, 35.791075],
            [-88.916181, 35.797307],
            [-88.967381, 35.832069],
            [-89.00656, 35.832682],
            [-89.021846, 35.854396],
            [-89.109285, 35.862089],
            [-89.129701, 35.899882],
            [-89.135958, 35.967841],
            [-89.206297, 36.011814],
            [-89.206182, 36.013764]
          ]
        ]
      }
    },
    {
      "type": "Feature",
      "id": "47159",
      "properties": {
        "county_id": "47159",
        "county_label": "Smith County",
        "state_name": "Tennessee",
        "state_fips": "47"
      },
      "geometry": {
        "type": "Polygon",
        "coordinates": [
          [
            [-86.136803, 36.295859],
            [-86.069371, 36.363802],
            [-85.982708, 36.395903],
            [-85.978893, 36.426073],
            [-85.828026, 36.411836],
            [-85.846483, 36.288167],
            [-85.823903, 36.251278],
            [-85.797172, 36.253939],
            [-85.780148, 36.238011],
            [-85.782939, 36.211426],
            [-85.809168, 36.206598],
            [-85.795517, 36.191738],
            [-85.803052, 36.174731],
            [-85.783732, 36.174819],
            [-85.803631, 36.170344],
            [-85.804571, 36.134127],
            [-85.85466, 36.119315],
            [-85.865045, 36.093751],
            [-85.910118, 36.116925],
            [-85.911267, 36.097528],
            [-85.960157, 36.110955],
            [-86.004918, 36.082019],
            [-86.059706, 36.086024],
            [-86.100451, 36.193724],
            [-86.092527, 36.203502],
            [-86.121367, 36.231389],
            [-86.115607, 36.268886],
            [-86.135661, 36.294603],
            [-86.136803, 36.295859]
          ]
        ]
      }
    },
    {
      "type": "Feature",
      "id": "47165",
      "properties": {
        "county_id": "47165",
        "county_label": "Sumner County",
        "state_name": "Tennessee",
        "state_fips": "47"
      },
      "geometry": {
        "type": "Polygon",
        "coordinates": [
          [
            [-86.754795, 36.405496],
            [-86.745449, 36.418844],
            [-86.690759, 36.409742],
            [-86.693251, 36.425663],
            [-86.645895, 36.480952],
            [-86.634547, 36.535303],
            [-86.550054, 36.644817],
            [-86.2054686100012, 36.6397833130926],
            [-86.218933, 36.498081],
            [-86.239992, 36.486384],
            [-86.23722, 36.45192],
            [-86.268788, 36.452897],
            [-86.272496, 36.359036],
            [-86.300075, 36.312374],
            [-86.360512, 36.309843],
            [-86.345651, 36.34089],
            [-86.363902, 36.358063],
            [-86.393113, 36.307671],
            [-86.438225, 36.339441],
            [-86.509276, 36.302938],
            [-86.522074, 36.278015],
            [-86.546578, 36.321255],
            [-86.563834, 36.306498],
            [-86.571095, 36.262552],
            [-86.615092, 36.245104],
            [-86.639095, 36.255105],
            [-86.642, 36.288251],
            [-86.720959, 36.341911],
            [-86.753895, 36.404295],
            [-86.754795, 36.405496]
          ]
        ]
      }
    },
    {
      "type": "Feature",
      "id": "47149",
      "properties": {
        "county_id": "47149",
        "county_label": "Rutherford County",
        "state_name": "Tennessee",
        "state_fips": "47"
      },
      "geometry": {
        "type": "Polygon",
        "coordinates": [
          [
            [-86.700265, 35.722621],
            [-86.696904, 35.752334],
            [-86.661266, 35.767431],
            [-86.662855, 35.790934],
            [-86.613328, 35.790331],
            [-86.613531, 35.809965],
            [-86.625198, 35.808897],
            [-86.611806, 35.824469],
            [-86.625534, 35.832249],
            [-86.600032, 35.849994],
            [-86.628, 35.910163],
            [-86.612335, 36.009994],
            [-86.562427, 36.035323],
            [-86.546884, 36.087817],
            [-86.525689, 36.057318],
            [-86.515589, 36.10061],
            [-86.439752, 36.051836],
            [-86.382528, 36.035251],
            [-86.376999, 36.012043],
            [-86.310363, 35.978563],
            [-86.24637, 35.960233],
            [-86.161094, 35.963214],
            [-86.141766, 35.914374],
            [-86.173099, 35.874157],
            [-86.183484, 35.763443],
            [-86.20792, 35.732286],
            [-86.207147, 35.70379],
            [-86.246817, 35.685428],
            [-86.245165, 35.631913],
            [-86.34194, 35.664259],
            [-86.402726, 35.618571],
            [-86.416866, 35.625559],
            [-86.416625, 35.649636],
            [-86.462181, 35.63785],
            [-86.519442, 35.677751],
            [-86.515516, 35.688396],
            [-86.623605, 35.702833],
            [-86.642389, 35.686235],
            [-86.699281, 35.717837],
            [-86.700265, 35.722621]
          ]
        ]
      }
    },
    {
      "type": "Feature",
      "id": "47065",
      "properties": {
        "county_id": "47065",
        "county_label": "Hamilton County",
        "state_name": "Tennessee",
        "state_fips": "47"
      },
      "geometry": {
        "type": "Polygon",
        "coordinates": [
          [
            [-85.474889, 34.986972],
            [-85.427571, 35.006881],
            [-85.409272, 35.040683],
            [-85.382255, 35.04473],
            [-85.361959, 35.087773],
            [-85.39577, 35.105638],
            [-85.388448, 35.145504],
            [-85.246005, 35.319077],
            [-85.168302, 35.455614],
            [-85.151233, 35.445205],
            [-85.125385, 35.459232],
            [-85.107257, 35.452425],
            [-85.102158, 35.428442],
            [-85.066908, 35.436476],
            [-85.016661, 35.409101],
            [-85.030369, 35.379122],
            [-85.008366, 35.383255],
            [-84.977749, 35.36107],
            [-84.94233, 35.282242],
            [-84.965549, 35.262371],
            [-85.026643, 35.136171],
            [-84.995148, 35.075174],
            [-85.001518, 35.045736],
            [-84.961146, 35.015175],
            [-84.9769733744412, 34.9876687952914],
            [-85.475513, 34.985644],
            [-85.474889, 34.986972]
          ]
        ]
      }
    },
    {
      "type": "Feature",
      "id": "47089",
      "properties": {
        "county_id": "47089",
        "county_label": "Jefferson County",
        "state_name": "Tennessee",
        "state_fips": "47"
      },
      "geometry": {
        "type": "Polygon",
        "coordinates": [
          [
            [-83.710114, 36.091497],
            [-83.66206, 36.082239],
            [-83.667179, 36.12666],
            [-83.651522, 36.125151],
            [-83.65158, 36.099978],
            [-83.631073, 36.100236],
            [-83.637201, 36.144385],
            [-83.607259, 36.130407],
            [-83.597766, 36.164182],
            [-83.58421, 36.154135],
            [-83.58224, 36.167591],
            [-83.564399, 36.166486],
            [-83.563013, 36.191976],
            [-83.528262, 36.162559],
            [-83.518896, 36.178186],
            [-83.492897, 36.166088],
            [-83.467097, 36.174688],
            [-83.458695, 36.155289],
            [-83.293689, 36.138193],
            [-83.259101, 36.120629],
            [-83.234585, 36.085094],
            [-83.253886, 36.082194],
            [-83.239685, 36.054895],
            [-83.261385, 36.033894],
            [-83.260131, 35.998403],
            [-83.276677, 36.007652],
            [-83.293739, 35.910081],
            [-83.310782, 35.895846],
            [-83.353374, 35.919628],
            [-83.39075, 35.914779],
            [-83.394843, 35.933085],
            [-83.490299, 35.928044],
            [-83.589897, 36.00504],
            [-83.655748, 36.042966],
            [-83.674454, 36.038699],
            [-83.671169, 36.053105],
            [-83.694599, 36.058249],
            [-83.71029, 36.089061],
            [-83.710114, 36.091497]
          ]
        ]
      }
    },
    {
      "type": "Feature",
      "id": "47005",
      "properties": {
        "county_id": "47005",
        "county_label": "Benton County",
        "state_name": "Tennessee",
        "state_fips": "47"
      },
      "geometry": {
        "type": "Polygon",
        "coordinates": [
          [
            [-88.224728, 35.886389],
            [-88.212559, 36.12029],
            [-88.176502, 36.147673],
            [-88.135824, 36.218678],
            [-88.083157, 36.256724],
            [-88.102848, 36.31012],
            [-88.095985, 36.358716],
            [-87.982743, 36.356083],
            [-87.947649, 36.285305],
            [-87.951645, 36.222325],
            [-87.915654, 36.16075],
            [-87.920823, 36.125058],
            [-87.989144, 36.04669],
            [-88.021706, 35.97586],
            [-88.009034, 35.944588],
            [-87.926676, 35.93557],
            [-87.936944, 35.875063],
            [-87.970738, 35.815705],
            [-88.028195, 35.811021],
            [-88.029504, 35.839803],
            [-88.051772, 35.849975],
            [-88.084519, 35.837774],
            [-88.217436, 35.846582],
            [-88.225048, 35.877192],
            [-88.224728, 35.886389]
          ]
        ]
      }
    },
    {
      "type": "Feature",
      "id": "47185",
      "properties": {
        "county_id": "47185",
        "county_label": "White County",
        "state_name": "Tennessee",
        "state_fips": "47"
      },
      "geometry": {
        "type": "MultiPolygon",
        "coordinates": [
          [
            [
              [-85.274319, 35.784433],
              [-85.247784, 35.78666],
              [-85.253518, 35.766927],
              [-85.273945, 35.78365],
              [-85.274319, 35.784433]
            ]
          ],
          [
            [
              [-85.682886, 35.829359],
              [-85.658864, 35.825872],
              [-85.632449, 35.847385],
              [-85.673224, 35.854607],
              [-85.636062, 35.883783],
              [-85.669666, 35.884209],
              [-85.646756, 35.901375],
              [-85.663055, 35.967757],
              [-85.630493, 36.006469],
              [-85.643274, 36.024191],
              [-85.610501, 36.046218],
              [-85.584076, 36.037034],
              [-85.582834, 36.060418],
              [-85.5454, 36.077798],
              [-85.506291, 36.081827],
              [-85.309363, 36.031592],
              [-85.311302, 35.992997],
              [-85.264206, 35.979154],
              [-85.242698, 35.91304],
              [-85.213115, 35.910379],
              [-85.231587, 35.893201],
              [-85.222524, 35.877364],
              [-85.24138, 35.809495],
              [-85.263012, 35.790519],
              [-85.277535, 35.805095],
              [-85.265064, 35.821973],
              [-85.362267, 35.796774],
              [-85.474213, 35.822656],
              [-85.498026, 35.806458],
              [-85.518761, 35.815169],
              [-85.524109, 35.791531],
              [-85.571577, 35.806576],
              [-85.601085, 35.806515],
              [-85.600215, 35.793888],
              [-85.682602, 35.827246],
              [-85.682886, 35.829359]
            ]
          ]
        ]
      }
    },
    {
      "type": "Feature",
      "id": "47041",
      "properties": {
        "county_id": "47041",
        "county_label": "DeKalb County",
        "state_name": "Tennessee",
        "state_fips": "47"
      },
      "geometry": {
        "type": "Polygon",
        "coordinates": [
          [
            [-86.062809, 36.07119],
            [-86.056086, 36.090441],
            [-86.004918, 36.082019],
            [-85.960157, 36.110955],
            [-85.911267, 36.097528],
            [-85.910118, 36.116925],
            [-85.865045, 36.093751],
            [-85.85466, 36.119315],
            [-85.807415, 36.131582],
            [-85.769835, 36.094981],
            [-85.767136, 36.070087],
            [-85.722648, 36.081986],
            [-85.688333, 36.069524],
            [-85.653444, 36.012867],
            [-85.630493, 36.006469],
            [-85.662917, 35.971501],
            [-85.646756, 35.901375],
            [-85.669666, 35.884209],
            [-85.636062, 35.883783],
            [-85.673224, 35.854607],
            [-85.632449, 35.847385],
            [-85.662563, 35.825703],
            [-85.751785, 35.850027],
            [-85.894269, 35.844095],
            [-85.88921, 35.857543],
            [-86.014849, 35.96106],
            [-86.063413, 36.070052],
            [-86.062809, 36.07119]
          ]
        ]
      }
    },
    {
      "type": "Feature",
      "id": "47001",
      "properties": {
        "county_id": "47001",
        "county_label": "Anderson County",
        "state_name": "Tennessee",
        "state_fips": "47"
      },
      "geometry": {
        "type": "Polygon",
        "coordinates": [
          [
            [-84.449881, 36.151046],
            [-84.402033, 36.176078],
            [-84.372731, 36.216778],
            [-84.33073, 36.208078],
            [-84.299929, 36.220878],
            [-84.241925, 36.177678],
            [-84.229225, 36.183878],
            [-84.227527, 36.244879],
            [-84.073718, 36.227878],
            [-84.07492, 36.250078],
            [-84.057619, 36.249078],
            [-84.033719, 36.301779],
            [-83.941711, 36.186378],
            [-84.092759, 36.073724],
            [-84.058585, 36.036304],
            [-84.076618, 36.02],
            [-84.147212, 35.987327],
            [-84.192287, 35.995488],
            [-84.215759, 35.97331],
            [-84.215902, 35.946382],
            [-84.24536, 35.953134],
            [-84.237583, 35.929646],
            [-84.271546, 35.942228],
            [-84.252593, 35.91818],
            [-84.271587, 35.910165],
            [-84.341812, 36.048977],
            [-84.37903, 36.095377],
            [-84.420432, 36.108377],
            [-84.449834, 36.142277],
            [-84.449881, 36.151046]
          ]
        ]
      }
    },
    {
      "type": "Feature",
      "id": "47029",
      "properties": {
        "county_id": "47029",
        "county_label": "Cocke County",
        "state_name": "Tennessee",
        "state_fips": "47"
      },
      "geometry": {
        "type": "Polygon",
        "coordinates": [
          [
            [-83.315188, 35.893322],
            [-83.293739, 35.910081],
            [-83.276677, 36.007652],
            [-83.260131, 35.998403],
            [-83.261385, 36.033894],
            [-83.239685, 36.054895],
            [-83.253886, 36.082194],
            [-83.225484, 36.082795],
            [-83.245787, 36.124194],
            [-83.222966, 36.122607],
            [-83.219195, 36.151095],
            [-83.17551, 36.12667],
            [-83.187786, 36.173895],
            [-83.168186, 36.182295],
            [-83.166785, 36.150795],
            [-83.117004, 36.111112],
            [-83.101348, 36.120759],
            [-83.055448, 36.090668],
            [-82.8984628586304, 35.9450880979247],
            [-82.901623, 35.927384],
            [-82.920396, 35.927224],
            [-82.896324, 35.8803],
            [-82.920609, 35.868472],
            [-82.916551, 35.841369],
            [-82.992053, 35.773948],
            [-83.078732, 35.789472],
            [-83.120183, 35.766234],
            [-83.159208, 35.764892],
            [-83.185685, 35.72989],
            [-83.270809, 35.712982],
            [-83.287421, 35.795423],
            [-83.279019, 35.823222],
            [-83.261715, 35.825364],
            [-83.316491, 35.889998],
            [-83.315188, 35.893322]
          ]
        ]
      }
    },
    {
      "type": "Feature",
      "id": "47145",
      "properties": {
        "county_id": "47145",
        "county_label": "Roane County",
        "state_name": "Tennessee",
        "state_fips": "47"
      },
      "geometry": {
        "type": "Polygon",
        "coordinates": [
          [
            [-84.789292, 35.815673],
            [-84.728994, 35.85885],
            [-84.706181, 35.896066],
            [-84.620887, 35.932199],
            [-84.60346, 35.954125],
            [-84.55499, 35.950359],
            [-84.541719, 35.970425],
            [-84.446054, 35.985984],
            [-84.346025, 36.049054],
            [-84.263383, 35.89694],
            [-84.284551, 35.901026],
            [-84.28383, 35.874865],
            [-84.32997, 35.892904],
            [-84.337898, 35.839865],
            [-84.379668, 35.817439],
            [-84.388607, 35.768352],
            [-84.416415, 35.776451],
            [-84.435166, 35.748212],
            [-84.448558, 35.759426],
            [-84.516891, 35.71204],
            [-84.531803, 35.687606],
            [-84.521936, 35.676597],
            [-84.584472, 35.644424],
            [-84.619865, 35.644651],
            [-84.619031, 35.70788],
            [-84.636309, 35.72429],
            [-84.663528, 35.702837],
            [-84.69873, 35.717869],
            [-84.698416, 35.741814],
            [-84.757046, 35.756963],
            [-84.741992, 35.790301],
            [-84.789191, 35.814677],
            [-84.789292, 35.815673]
          ],
          [
            [-84.539963, 35.670465],
            [-84.539962, 35.67051],
            [-84.539774, 35.67684],
            [-84.544214, 35.676893],
            [-84.544534, 35.673179],
            [-84.548777, 35.673213],
            [-84.548774, 35.670536],
            [-84.540219, 35.670466],
            [-84.539963, 35.670465]
          ]
        ]
      }
    },
    {
      "type": "Feature",
      "id": "47009",
      "properties": {
        "county_id": "47009",
        "county_label": "Blount County",
        "state_name": "Tennessee",
        "state_fips": "47"
      },
      "geometry": {
        "type": "Polygon",
        "coordinates": [
          [
            [-84.188319, 35.610549],
            [-84.134468, 35.647399],
            [-84.172812, 35.712756],
            [-84.151955, 35.757554],
            [-84.179499, 35.768449],
            [-84.172745, 35.804419],
            [-84.139473, 35.8001],
            [-84.134248, 35.834169],
            [-84.146595, 35.848845],
            [-84.130053, 35.850077],
            [-84.122466, 35.830873],
            [-84.078959, 35.85079],
            [-84.054959, 35.827578],
            [-84.047509, 35.852286],
            [-84.009845, 35.843706],
            [-84.010427, 35.864061],
            [-84.02875, 35.875082],
            [-83.995816, 35.884087],
            [-83.97461, 35.863054],
            [-83.945915, 35.876287],
            [-83.907542, 35.846626],
            [-83.853457, 35.841138],
            [-83.78872, 35.884119],
            [-83.784286, 35.856686],
            [-83.73877, 35.811534],
            [-83.747317, 35.798398],
            [-83.70525, 35.71158],
            [-83.662814, 35.690618],
            [-83.6630236045826, 35.5691430430619],
            [-83.771736, 35.562118],
            [-83.82559, 35.523829],
            [-83.880074, 35.518745],
            [-83.911773, 35.476028],
            [-83.949389, 35.461164],
            [-83.965151, 35.471117],
            [-83.939643, 35.488937],
            [-83.974534, 35.501148],
            [-83.987343, 35.487483],
            [-84.009842, 35.510955],
            [-83.993431, 35.527767],
            [-83.995926, 35.55294],
            [-84.085507, 35.541372],
            [-84.112319, 35.587456],
            [-84.130953, 35.576313],
            [-84.186617, 35.607502],
            [-84.188319, 35.610549]
          ]
        ]
      }
    },
    {
      "type": "Feature",
      "id": "47147",
      "properties": {
        "county_id": "47147",
        "county_label": "Robertson County",
        "state_name": "Tennessee",
        "state_fips": "47"
      },
      "geometry": {
        "type": "Polygon",
        "coordinates": [
          [
            [-87.150233, 36.567702],
            [-87.132522, 36.56372],
            [-87.12099, 36.613544],
            [-87.131292, 36.621995],
            [-87.114976, 36.642414],
            [-86.589906, 36.652486],
            [-86.5639157484191, 36.6335518059595],
            [-86.634547, 36.535303],
            [-86.645895, 36.480952],
            [-86.693251, 36.425663],
            [-86.690759, 36.409742],
            [-86.748341, 36.418508],
            [-86.791034, 36.37676],
            [-86.787357, 36.35964],
            [-86.825053, 36.349817],
            [-86.852919, 36.380135],
            [-86.877483, 36.372191],
            [-86.898938, 36.389979],
            [-86.984496, 36.365097],
            [-87.005364, 36.392392],
            [-87.128677, 36.46195],
            [-87.117722, 36.549641],
            [-87.150004, 36.564016],
            [-87.150233, 36.567702]
          ]
        ]
      }
    },
    {
      "type": "Feature",
      "id": "47141",
      "properties": {
        "county_id": "47141",
        "county_label": "Putnam County",
        "state_name": "Tennessee",
        "state_fips": "47"
      },
      "geometry": {
        "type": "Polygon",
        "coordinates": [
          [
            [-85.809168, 36.206598],
            [-85.782939, 36.211426],
            [-85.777624, 36.249079],
            [-85.743009, 36.22833],
            [-85.634158, 36.213346],
            [-85.583494, 36.230667],
            [-85.557527, 36.223177],
            [-85.526197, 36.239626],
            [-85.533915, 36.258743],
            [-85.512571, 36.256879],
            [-85.494, 36.279817],
            [-85.497605, 36.30203],
            [-85.466481, 36.304961],
            [-85.453405, 36.284957],
            [-85.466011, 36.279383],
            [-85.419398, 36.236215],
            [-85.326706, 36.217867],
            [-85.326746, 36.2009],
            [-85.260308, 36.185817],
            [-85.204156, 36.152489],
            [-85.100213, 36.138561],
            [-85.131575, 36.130259],
            [-85.15275, 36.099544],
            [-85.246362, 36.100698],
            [-85.257012, 35.978492],
            [-85.311302, 35.992997],
            [-85.309363, 36.031592],
            [-85.507677, 36.082012],
            [-85.560459, 36.073471],
            [-85.582834, 36.060418],
            [-85.584076, 36.037034],
            [-85.611138, 36.04605],
            [-85.651048, 36.012328],
            [-85.688333, 36.069524],
            [-85.775976, 36.078328],
            [-85.769835, 36.094981],
            [-85.807415, 36.131582],
            [-85.803631, 36.170344],
            [-85.783732, 36.174819],
            [-85.803052, 36.174731],
            [-85.806661, 36.203944],
            [-85.809168, 36.206598]
          ]
        ]
      }
    },
    {
      "type": "Feature",
      "id": "47043",
      "properties": {
        "county_id": "47043",
        "county_label": "Dickson County",
        "state_name": "Tennessee",
        "state_fips": "47"
      },
      "geometry": {
        "type": "MultiPolygon",
        "coordinates": [
          [
            [
              [-87.146906, 36.293344],
              [-87.144301, 36.292109],
              [-87.14252, 36.294339],
              [-87.142315, 36.294607],
              [-87.141847, 36.294602],
              [-87.141287, 36.294318],
              [-87.140482, 36.293691],
              [-87.139968, 36.293158],
              [-87.139332, 36.292418],
              [-87.139466, 36.292342],
              [-87.142372, 36.290684],
              [-87.152398, 36.288627],
              [-87.146906, 36.293344]
            ]
          ],
          [
            [
              [-87.566798, 36.177857],
              [-87.523627, 36.24889],
              [-87.513533, 36.334713],
              [-87.303129, 36.312442],
              [-87.232461, 36.331337],
              [-87.153043, 36.30535],
              [-87.169197, 36.285281],
              [-87.155295, 36.273064],
              [-87.194168, 36.24633],
              [-87.169387, 36.244134],
              [-87.187832, 36.211484],
              [-87.150002, 36.17779],
              [-87.172317, 36.162374],
              [-87.173127, 36.070885],
              [-87.190826, 35.975884],
              [-87.21199, 35.970082],
              [-87.204242, 35.959186],
              [-87.53453, 35.993074],
              [-87.552372, 36.016007],
              [-87.551806, 36.137514],
              [-87.566798, 36.177857]
            ]
          ]
        ]
      }
    },
    {
      "type": "Feature",
      "id": "47011",
      "properties": {
        "county_id": "47011",
        "county_label": "Bradley County",
        "state_name": "Tennessee",
        "state_fips": "47"
      },
      "geometry": {
        "type": "Polygon",
        "coordinates": [
          [
            [-85.026643, 35.136171],
            [-84.965549, 35.262371],
            [-84.940148, 35.297671],
            [-84.927446, 35.288869],
            [-84.884046, 35.329172],
            [-84.877546, 35.357871],
            [-84.752707, 35.288595],
            [-84.72534, 35.289471],
            [-84.726539, 35.276273],
            [-84.752702, 35.272598],
            [-84.737384, 35.255359],
            [-84.700538, 35.256573],
            [-84.715908, 35.231785],
            [-84.697033, 35.228397],
            [-84.699937, 35.170974],
            [-84.747421, 35.086011],
            [-84.735303, 35.08135],
            [-84.7758524571709, 34.9877996152421],
            [-84.9769733744412, 34.9876687952914],
            [-84.961362, 35.015877],
            [-85.001518, 35.045736],
            [-84.995148, 35.075174],
            [-85.026737, 35.131953],
            [-85.026643, 35.136171]
          ]
        ]
      }
    },
    {
      "type": "Feature",
      "id": "47091",
      "properties": {
        "county_id": "47091",
        "county_label": "Johnson County",
        "state_name": "Tennessee",
        "state_fips": "47"
      },
      "geometry": {
        "type": "Polygon",
        "coordinates": [
          [
            [-82.057745, 36.368215],
            [-81.94984, 36.472385],
            [-81.987503, 36.499142],
            [-81.972544, 36.523414],
            [-81.871443, 36.602015],
            [-81.826742, 36.614215],
            [-81.6469, 36.611918],
            [-81.707963, 36.536209],
            [-81.695311, 36.467912],
            [-81.741995, 36.41096],
            [-81.707438, 36.335171],
            [-81.764927, 36.338672],
            [-81.793597, 36.362209],
            [-81.857333, 36.334787],
            [-81.9515, 36.261763],
            [-81.982555, 36.288178],
            [-81.99676, 36.32972],
            [-82.030543, 36.333817],
            [-82.036523, 36.356959],
            [-82.058946, 36.367415],
            [-82.057745, 36.368215]
          ]
        ]
      }
    },
    {
      "type": "Feature",
      "id": "47135",
      "properties": {
        "county_id": "47135",
        "county_label": "Perry County",
        "state_name": "Tennessee",
        "state_fips": "47"
      },
      "geometry": {
        "type": "Polygon",
        "coordinates": [
          [
            [-88.043503, 35.449809],
            [-88.026787, 35.472051],
            [-87.987359, 35.484177],
            [-87.974353, 35.514049],
            [-88.035213, 35.616679],
            [-88.016641, 35.677589],
            [-88.034788, 35.717261],
            [-87.986272, 35.766585],
            [-87.96274, 35.840921],
            [-87.910297, 35.838336],
            [-87.853246, 35.803911],
            [-87.818202, 35.836779],
            [-87.71676, 35.83875],
            [-87.732935, 35.72626],
            [-87.710669, 35.703616],
            [-87.737811, 35.702342],
            [-87.74375, 35.663952],
            [-87.676483, 35.627054],
            [-87.64853, 35.590012],
            [-87.651755, 35.564864],
            [-87.688101, 35.552255],
            [-87.690651, 35.505329],
            [-87.711014, 35.505289],
            [-87.717559, 35.483347],
            [-87.745489, 35.491782],
            [-87.847483, 35.465221],
            [-87.864865, 35.475976],
            [-87.973806, 35.460199],
            [-88.007709, 35.423381],
            [-88.043458, 35.448189],
            [-88.043503, 35.449809]
          ]
        ]
      }
    },
    {
      "type": "Feature",
      "id": "47183",
      "properties": {
        "county_id": "47183",
        "county_label": "Weakley County",
        "state_name": "Tennessee",
        "state_fips": "47"
      },
      "geometry": {
        "type": "Polygon",
        "coordinates": [
          [
            [-88.95977, 36.223926],
            [-88.950205, 36.409248],
            [-88.885917, 36.392887],
            [-88.81642, 36.410732],
            [-88.8273011555617, 36.5028524305169],
            [-88.5163456859488, 36.5014314866172],
            [-88.531534, 36.124796],
            [-88.655488, 36.117338],
            [-88.653843, 36.064294],
            [-88.692709, 36.062746],
            [-88.759112, 36.109655],
            [-88.840884, 36.123495],
            [-88.959839, 36.222834],
            [-88.95977, 36.223926]
          ]
        ]
      }
    },
    {
      "type": "Feature",
      "id": "47143",
      "properties": {
        "county_id": "47143",
        "county_label": "Rhea County",
        "state_name": "Tennessee",
        "state_fips": "47"
      },
      "geometry": {
        "type": "Polygon",
        "coordinates": [
          [
            [-85.146393, 35.491299],
            [-85.122622, 35.52607],
            [-85.099069, 35.533683],
            [-85.107762, 35.571359],
            [-84.981568, 35.674805],
            [-84.989907, 35.681802],
            [-84.905133, 35.773738],
            [-84.789924, 35.825077],
            [-84.739616, 35.787492],
            [-84.757046, 35.756963],
            [-84.723853, 35.752896],
            [-84.711472, 35.726883],
            [-84.72324, 35.68967],
            [-84.74721, 35.678202],
            [-84.761882, 35.701755],
            [-84.781207, 35.678405],
            [-84.777235, 35.600767],
            [-84.811453, 35.579253],
            [-84.795946, 35.551102],
            [-84.869963, 35.553024],
            [-84.880431, 35.531052],
            [-84.85811, 35.500228],
            [-84.900348, 35.47967],
            [-84.909848, 35.444571],
            [-84.94585, 35.43967],
            [-84.980056, 35.470075],
            [-84.980051, 35.43927],
            [-85.016661, 35.409101],
            [-85.066908, 35.436476],
            [-85.102158, 35.428442],
            [-85.109643, 35.45545],
            [-85.135191, 35.458649],
            [-85.115946, 35.47567],
            [-85.144969, 35.491305],
            [-85.146393, 35.491299]
          ]
        ]
      }
    },
    {
      "type": "Feature",
      "id": "47127",
      "properties": {
        "county_id": "47127",
        "county_label": "Moore County",
        "state_name": "Tennessee",
        "state_fips": "47"
      },
      "geometry": {
        "type": "Polygon",
        "coordinates": [
          [
            [-86.539485, 35.335435],
            [-86.492356, 35.362113],
            [-86.459501, 35.327675],
            [-86.422338, 35.318846],
            [-86.409286, 35.346591],
            [-86.369237, 35.346778],
            [-86.374186, 35.356511],
            [-86.328792, 35.363677],
            [-86.288015, 35.40726],
            [-86.251504, 35.409038],
            [-86.279905, 35.387452],
            [-86.253335, 35.385299],
            [-86.274691, 35.370578],
            [-86.24429, 35.356079],
            [-86.266376, 35.338564],
            [-86.244723, 35.314877],
            [-86.28719, 35.259681],
            [-86.281191, 35.241761],
            [-86.316224, 35.219745],
            [-86.293717, 35.207287],
            [-86.311832, 35.195513],
            [-86.300989, 35.173183],
            [-86.316743, 35.168871],
            [-86.316935, 35.146484],
            [-86.333353, 35.146485],
            [-86.312615, 35.134321],
            [-86.326369, 35.122904],
            [-86.350579, 35.146621],
            [-86.368303, 35.127042],
            [-86.392192, 35.235381],
            [-86.415242, 35.22633],
            [-86.423775, 35.237286],
            [-86.410992, 35.25948],
            [-86.526962, 35.311487],
            [-86.5382, 35.334614],
            [-86.539485, 35.335435]
          ]
        ]
      }
    },
    {
      "type": "Feature",
      "id": "47175",
      "properties": {
        "county_id": "47175",
        "county_label": "Van Buren County",
        "state_name": "Tennessee",
        "state_fips": "47"
      },
      "geometry": {
        "type": "Polygon",
        "coordinates": [
          [
            [-85.614561, 35.761595],
            [-85.601327, 35.765509],
            [-85.611866, 35.784432],
            [-85.601085, 35.806515],
            [-85.519775, 35.792077],
            [-85.518761, 35.815169],
            [-85.498026, 35.806458],
            [-85.474213, 35.822656],
            [-85.362267, 35.796774],
            [-85.265064, 35.821973],
            [-85.277535, 35.805095],
            [-85.253518, 35.766927],
            [-85.270427, 35.747175],
            [-85.265387, 35.721237],
            [-85.423804, 35.567422],
            [-85.459856, 35.54685],
            [-85.557535, 35.532977],
            [-85.594632, 35.617898],
            [-85.60514, 35.708529],
            [-85.59183, 35.754268],
            [-85.615146, 35.760531],
            [-85.614561, 35.761595]
          ]
        ]
      }
    },
    {
      "type": "Feature",
      "id": "06071",
      "properties": {
        "county_id": "06071",
        "county_label": "San Bernardino County",
        "state_name": "California",
        "state_fips": "06"
      },
      "geometry": {
        "type": "Polygon",
        "coordinates": [
          [
            [-117.802539, 33.975551],
            [-117.78517, 34.004625],
            [-117.767525, 34.004695],
            [-117.767657, 34.023508],
            [-117.730125, 34.021371],
            [-117.646374, 34.28917],
            [-117.667121, 34.557906],
            [-117.667292, 34.822526],
            [-117.632151, 34.822271],
            [-117.634346, 35.651571],
            [-117.616518, 35.651611],
            [-117.616518, 35.680687],
            [-117.652184, 35.680771],
            [-117.652136, 35.709858],
            [-117.634315, 35.70983],
            [-117.634283, 35.79726],
            [-115.735891, 35.79362],
            [-115.735745, 35.809097],
            [-115.648020311818, 35.8096294219517],
            [-114.633487, 35.001857],
            [-114.634382, 34.87289],
            [-114.586842, 34.835672],
            [-114.552682, 34.766871],
            [-114.470477, 34.711368],
            [-114.458182, 34.657885],
            [-114.424202, 34.610453],
            [-114.436466, 34.5954],
            [-114.380838, 34.529724],
            [-114.386699, 34.457911],
            [-114.335372, 34.450038],
            [-114.226107, 34.365916],
            [-114.176909, 34.349306],
            [-114.138282, 34.30323],
            [-114.131211, 34.26273],
            [-114.164628, 34.258999],
            [-114.229715, 34.186928],
            [-114.411681, 34.110031],
            [-114.435429, 34.079727],
            [-115.316065, 34.077843],
            [-115.316212, 34.03411],
            [-116.929558, 34.034113],
            [-116.929537, 34.004914],
            [-117.225372, 34.004314],
            [-117.225373, 34.018715],
            [-117.375416, 34.019399],
            [-117.375278, 34.033875],
            [-117.558312, 34.033451],
            [-117.558377, 33.98842],
            [-117.610386, 33.971614],
            [-117.610947, 33.925114],
            [-117.655386, 33.925114],
            [-117.654885, 33.888815],
            [-117.676684, 33.888734],
            [-117.673019, 33.871039],
            [-117.802445, 33.968308],
            [-117.802539, 33.975551]
          ]
        ]
      }
    },
    {
      "type": "Feature",
      "id": "06041",
      "properties": {
        "county_id": "06041",
        "county_label": "Marin County",
        "state_name": "California",
        "state_fips": "06"
      },
      "geometry": {
        "type": "MultiPolygon",
        "coordinates": [
          [
            [
              [-122.446316, 37.861046],
              [-122.424651, 37.870736],
              [-122.41847, 37.852721],
              [-122.442453, 37.858222],
              [-122.446316, 37.861046]
            ]
          ],
          [
            [
              [-123.024066, 37.994878],
              [-122.949074, 38.15406],
              [-122.995631, 38.238626],
              [-122.972776, 38.229645],
              [-122.968142, 38.253655],
              [-123.002911201262, 38.2957083549502],
              [-122.966124, 38.31697],
              [-122.921588, 38.308554],
              [-122.911319, 38.321209],
              [-122.7399, 38.207018],
              [-122.63387, 38.178451],
              [-122.570732, 38.187142],
              [-122.557138, 38.159578],
              [-122.519019, 38.139742],
              [-122.486046, 38.101191],
              [-122.497828, 38.019402],
              [-122.447304, 37.984387],
              [-122.495553, 37.970523],
              [-122.479512, 37.942526],
              [-122.50506, 37.942788],
              [-122.503064, 37.928753],
              [-122.438268, 37.880974],
              [-122.457999, 37.861769],
              [-122.501019, 37.893662],
              [-122.472684, 37.832397],
              [-122.529885, 37.817563],
              [-122.641963, 37.897507],
              [-122.725181, 37.902691],
              [-122.856573, 38.016717],
              [-122.939711, 38.031908],
              [-122.981776, 38.009119],
              [-122.963544, 37.989914],
              [-123.022673101208, 37.9947429784522],
              [-123.024066, 37.994878]
            ]
          ]
        ]
      }
    },
    {
      "type": "Feature",
      "id": "36053",
      "properties": {
        "county_id": "36053",
        "county_label": "Madison County",
        "state_name": "New York",
        "state_fips": "36"
      },
      "geometry": {
        "type": "Polygon",
        "coordinates": [
          [
            [-75.992428, 43.185164],
            [-75.868099, 43.146699],
            [-75.776144, 43.173294],
            [-75.719899, 43.161053],
            [-75.706771, 43.137026],
            [-75.65297, 43.113953],
            [-75.637316, 43.076468],
            [-75.602446, 43.064257],
            [-75.596879, 43.035399],
            [-75.552774, 43.037554],
            [-75.542803, 42.931774],
            [-75.444173, 42.933089],
            [-75.437167, 42.863319],
            [-75.247963, 42.871604],
            [-75.25099, 42.784941],
            [-75.295877, 42.744106],
            [-75.889832, 42.723844],
            [-75.917219, 43.085926],
            [-75.975588, 43.091278],
            [-75.950094, 43.134981],
            [-75.97731, 43.136867],
            [-75.971511, 43.154926],
            [-75.993394, 43.183376],
            [-75.992428, 43.185164]
          ]
        ]
      }
    },
    {
      "type": "Feature",
      "id": "36029",
      "properties": {
        "county_id": "36029",
        "county_label": "Erie County",
        "state_name": "New York",
        "state_fips": "36"
      },
      "geometry": {
        "type": "Polygon",
        "coordinates": [
          [
            [-79.1368929076035, 42.5697987744532],
            [-79.111361, 42.613358],
            [-79.06376, 42.644758],
            [-79.046754, 42.691346],
            [-78.918157, 42.737258],
            [-78.853455, 42.783958],
            [-78.871805, 42.822679],
            [-78.857922, 42.838781],
            [-78.906075, 42.899324],
            [-78.918859, 42.946857],
            [-79.019964, 42.994756],
            [-78.999435, 43.056057],
            [-79.0192327742718, 43.0679314265877],
            [-78.945262, 43.066956],
            [-78.89626, 43.044156],
            [-78.890159, 43.021956],
            [-78.841745, 43.018863],
            [-78.825366, 43.033656],
            [-78.83126, 43.050246],
            [-78.727647, 43.08622],
            [-78.646561, 43.080791],
            [-78.640732, 43.097275],
            [-78.59404, 43.0695],
            [-78.560265, 43.097279],
            [-78.464449, 43.088703],
            [-78.464381, 42.867461],
            [-78.486256, 42.867731],
            [-78.488143, 42.78066],
            [-78.463233, 42.780461],
            [-78.46394, 42.536332],
            [-78.596881, 42.512683],
            [-78.692456, 42.472207],
            [-78.714057, 42.486726],
            [-78.773824, 42.456569],
            [-78.88299, 42.438286],
            [-78.920446, 42.442556],
            [-78.95703, 42.472362],
            [-78.995326, 42.531796],
            [-79.060777, 42.537853],
            [-79.108557, 42.570201],
            [-79.134199, 42.568164],
            [-79.1368929076035, 42.5697987744532]
          ]
        ]
      }
    },
    {
      "type": "Feature",
      "id": "06063",
      "properties": {
        "county_id": "06063",
        "county_label": "Plumas County",
        "state_name": "California",
        "state_fips": "06"
      },
      "geometry": {
        "type": "Polygon",
        "coordinates": [
          [
            [-121.497032, 40.437017],
            [-121.061417, 40.446536],
            [-121.061493, 40.256417],
            [-121.041517, 40.256474],
            [-121.041521, 40.234795],
            [-121.003918, 40.234941],
            [-121.003732, 40.220975],
            [-120.946188, 40.220808],
            [-120.928582, 40.191931],
            [-120.872201, 40.199388],
            [-120.871782, 40.24164],
            [-120.796, 40.277726],
            [-120.796757, 40.300937],
            [-120.764403, 40.31601],
            [-120.576825, 40.28543],
            [-120.576729, 40.263796],
            [-120.510817, 40.248945],
            [-120.482848, 40.205798],
            [-120.454331, 40.205751],
            [-120.445892, 40.176854],
            [-120.416918, 40.169441],
            [-120.379399, 40.12951],
            [-120.266561, 40.115869],
            [-120.246788, 40.107885],
            [-120.24689, 40.085805],
            [-120.209641, 40.086008],
            [-120.201264, 40.013474],
            [-120.182484, 40.01335],
            [-120.163654, 39.968659],
            [-120.108761, 39.93951],
            [-120.099556, 39.910339],
            [-120.110627, 39.765779],
            [-120.127763, 39.736159],
            [-120.14658, 39.736406],
            [-120.147149, 39.707658],
            [-120.654124, 39.706234],
            [-120.679907, 39.67659],
            [-120.749929, 39.719635],
            [-120.792484, 39.709794],
            [-120.81577, 39.746945],
            [-120.840428, 39.747004],
            [-120.870988, 39.776821],
            [-120.934366, 39.738792],
            [-120.949435, 39.672548],
            [-121.076695, 39.597264],
            [-121.097538, 39.620903],
            [-121.136715, 39.628169],
            [-121.136412, 39.65681],
            [-121.208687, 39.700358],
            [-121.210878, 39.725651],
            [-121.285852, 39.767624],
            [-121.332293, 39.825696],
            [-121.350821, 39.825704],
            [-121.361206, 39.855473],
            [-121.411936, 39.871421],
            [-121.411, 39.900425],
            [-121.429957, 39.900313],
            [-121.430012, 39.914833],
            [-121.411001, 39.915091],
            [-121.41948, 40.015766],
            [-121.366818, 40.086054],
            [-121.376489, 40.108626],
            [-121.404855, 40.115545],
            [-121.404509, 40.151648],
            [-121.446208, 40.155874],
            [-121.444111, 40.190745],
            [-121.367735, 40.212728],
            [-121.349367, 40.273418],
            [-121.3768, 40.297989],
            [-121.342264, 40.309751],
            [-121.380383, 40.340288],
            [-121.47242, 40.35162],
            [-121.484278, 40.396559],
            [-121.473806, 40.424641],
            [-121.49788, 40.432003],
            [-121.497032, 40.437017]
          ]
        ]
      }
    },
    {
      "type": "Feature",
      "id": "06079",
      "properties": {
        "county_id": "06079",
        "county_label": "San Luis Obispo County",
        "state_name": "California",
        "state_fips": "06"
      },
      "geometry": {
        "type": "Polygon",
        "coordinates": [
          [
            [-121.346362833935, 35.7951826441526],
            [-120.194369, 35.789363],
            [-120.193988, 35.614389],
            [-120.08618, 35.614397],
            [-120.086766, 35.526432],
            [-119.997449, 35.468708],
            [-119.99315, 35.43947],
            [-119.880045, 35.439133],
            [-119.880356, 35.351124],
            [-119.80921, 35.35094],
            [-119.809407, 35.263693],
            [-119.666585, 35.262635],
            [-119.667304, 35.174982],
            [-119.553819, 35.180123],
            [-119.561752, 35.087831],
            [-119.49038, 35.091646],
            [-119.490539, 35.076679],
            [-119.472552, 35.076669],
            [-119.472489, 34.901175],
            [-119.490455, 34.897475],
            [-119.535972, 34.89772],
            [-119.673563, 34.973575],
            [-119.789292, 34.98867],
            [-119.928419, 35.059794],
            [-119.980122, 35.057573],
            [-120.082084, 35.114678],
            [-120.143368, 35.095564],
            [-120.142918, 35.082216],
            [-120.1743, 35.070574],
            [-120.180504, 35.038035],
            [-120.209907, 35.020582],
            [-120.249988, 35.030059],
            [-120.278619, 35.01156],
            [-120.323823, 35.017314],
            [-120.333416, 34.994756],
            [-120.294548, 34.946594],
            [-120.301827, 34.905571],
            [-120.44025, 34.988323],
            [-120.496222, 34.993155],
            [-120.634144, 34.959562],
            [-120.649338482465, 34.9747100117234],
            [-120.629583, 35.078362],
            [-120.646147, 35.143943],
            [-120.714185, 35.175998],
            [-120.770192, 35.163731],
            [-120.856047, 35.206487],
            [-120.89679, 35.247877],
            [-120.862062, 35.346995],
            [-120.884757, 35.430196],
            [-120.907937, 35.449069],
            [-121.003359, 35.46071],
            [-121.100791, 35.548859],
            [-121.165758, 35.635283],
            [-121.28653, 35.665524],
            [-121.332449, 35.783106],
            [-121.346362833935, 35.7951826441526]
          ]
        ]
      }
    },
    {
      "type": "Feature",
      "id": "36103",
      "properties": {
        "county_id": "36103",
        "county_label": "Suffolk County",
        "state_name": "New York",
        "state_fips": "36"
      },
      "geometry": {
        "type": "MultiPolygon",
        "coordinates": [
          [
            [
              [-72.037695, 41.251282],
              [-72.023055, 41.274847],
              [-72.006941, 41.262306],
              [-71.991117, 41.281331],
              [-71.922614, 41.29234],
              [-72.0368669793306, 41.2498307694275],
              [-72.037695, 41.251282]
            ]
          ],
          [
            [
              [-72.142929, 41.097811],
              [-72.125973, 41.121182],
              [-72.077929, 41.099873],
              [-72.095123, 41.054208],
              [-72.103152, 41.086484],
              [-72.141921, 41.094371],
              [-72.142929, 41.097811]
            ]
          ],
          [
            [
              [-72.211393, 41.176562],
              [-72.161542, 41.188776],
              [-72.197319, 41.165468],
              [-72.211999, 41.173544],
              [-72.211393, 41.176562]
            ]
          ],
          [
            [
              [-73.496886, 40.925667],
              [-73.485365, 40.946397],
              [-73.437956, 40.934651],
              [-73.433976, 40.909015],
              [-73.380125, 40.900181],
              [-73.373892, 40.912864],
              [-73.357556, 40.893045],
              [-73.351658, 40.922698],
              [-73.40354, 40.931329],
              [-73.399239, 40.955677],
              [-73.352761, 40.926697],
              [-73.228384, 40.905961],
              [-73.147077, 40.928721],
              [-73.158129, 40.967517],
              [-73.118434, 40.977294],
              [-72.913834, 40.962466],
              [-72.635562, 40.981957],
              [-72.477306, 41.052212],
              [-72.445242, 41.086116],
              [-72.397, 41.096307],
              [-72.354123, 41.139952],
              [-72.278789, 41.158722],
              [-72.234026, 41.160032],
              [-72.254744, 41.133986],
              [-72.294106, 41.114121],
              [-72.285212, 41.1273],
              [-72.317119, 41.139432],
              [-72.339163, 41.115045],
              [-72.317238, 41.088659],
              [-72.277427, 41.078723],
              [-72.275875, 41.03657],
              [-72.190563, 41.032579],
              [-72.16037, 41.053827],
              [-72.10216, 40.991509],
              [-72.054564, 41.02184],
              [-72.01693, 41.023517],
              [-71.992638, 41.047147],
              [-71.963513, 41.042533],
              [-71.955203, 41.07307],
              [-71.904329, 41.085989],
              [-71.856214, 41.070598],
              [-71.901418, 41.04055],
              [-72.474097, 40.840837],
              [-73.054963, 40.666371],
              [-73.262348, 40.621962],
              [-73.341766, 40.6327],
              [-73.4240200623355, 40.6095801139079],
              [-73.455363, 40.842593],
              [-73.496518, 40.923141],
              [-73.496886, 40.925667]
            ]
          ]
        ]
      }
    },
    {
      "type": "Feature",
      "id": "06009",
      "properties": {
        "county_id": "06009",
        "county_label": "Calaveras County",
        "state_name": "California",
        "state_fips": "06"
      },
      "geometry": {
        "type": "Polygon",
        "coordinates": [
          [
            [-120.993595, 38.225582],
            [-120.893792, 38.221277],
            [-120.80774, 38.288723],
            [-120.754442, 38.288469],
            [-120.738286, 38.307768],
            [-120.63129, 38.340263],
            [-120.608736, 38.397538],
            [-120.53013, 38.418884],
            [-120.494893, 38.449555],
            [-120.461404, 38.446171],
            [-120.423215, 38.473322],
            [-120.33104, 38.465192],
            [-120.209405, 38.500757],
            [-120.123445, 38.495958],
            [-120.072484, 38.509869],
            [-120.072566, 38.447081],
            [-120.053578, 38.455554],
            [-120.021072, 38.431833],
            [-120.176613, 38.37351],
            [-120.410008, 38.102399],
            [-120.463749, 38.01039],
            [-120.534985, 37.990939],
            [-120.527734, 37.982685],
            [-120.543274, 37.97572],
            [-120.513439, 37.956444],
            [-120.542643, 37.920178],
            [-120.633786, 37.860608],
            [-120.653274, 37.831858],
            [-120.93885, 38.088321],
            [-120.995497, 38.225402],
            [-120.993595, 38.225582]
          ]
        ]
      }
    },
    {
      "type": "Feature",
      "id": "36065",
      "properties": {
        "county_id": "36065",
        "county_label": "Oneida County",
        "state_name": "New York",
        "state_fips": "36"
      },
      "geometry": {
        "type": "Polygon",
        "coordinates": [
          [
            [-75.886756, 43.325021],
            [-75.814627, 43.483578],
            [-75.5335, 43.419756],
            [-75.11016, 43.615229],
            [-75.076581, 43.330705],
            [-75.120295, 43.304165],
            [-75.14818, 43.304828],
            [-75.162432, 43.261282],
            [-75.069165, 43.227333],
            [-75.18553, 43.088445],
            [-75.182334, 43.075303],
            [-75.219106, 43.052469],
            [-75.201444, 42.880664],
            [-75.437167, 42.863319],
            [-75.444173, 42.933089],
            [-75.542803, 42.931774],
            [-75.552774, 43.037554],
            [-75.596879, 43.035399],
            [-75.602446, 43.064257],
            [-75.637316, 43.076468],
            [-75.65297, 43.113953],
            [-75.706771, 43.137026],
            [-75.719899, 43.161053],
            [-75.776144, 43.173294],
            [-75.863135, 43.147027],
            [-75.884275, 43.155562],
            [-75.862934, 43.319222],
            [-75.885857, 43.324742],
            [-75.886756, 43.325021]
          ]
        ]
      }
    },
    {
      "type": "Feature",
      "id": "12057",
      "properties": {
        "county_id": "12057",
        "county_label": "Hillsborough County",
        "state_name": "Florida",
        "state_fips": "12"
      },
      "geometry": {
        "type": "MultiPolygon",
        "coordinates": [
          [
            [
              [-82.420554, 27.846539],
              [-82.405601, 27.847959],
              [-82.421396, 27.844604],
              [-82.420554, 27.846539]
            ]
          ],
          [
            [
              [-82.43746, 27.867023],
              [-82.424454, 27.884027],
              [-82.437417, 27.864331],
              [-82.43746, 27.867023]
            ]
          ],
          [
            [
              [-82.4412503879094, 27.8312435225602],
              [-82.440982, 27.835961],
              [-82.438576, 27.839603],
              [-82.431221, 27.838608],
              [-82.431597128401, 27.8324638164403],
              [-82.43222, 27.822289],
              [-82.438606, 27.822299],
              [-82.441689, 27.823534],
              [-82.4412503879094, 27.8312435225602]
            ]
          ],
          [
            [
              [-82.576403, 27.637754],
              [-82.572698, 27.636943],
              [-82.5726353851295, 27.6368727092786],
              [-82.5766945787129, 27.6350782198384],
              [-82.576403, 27.637754]
            ]
          ],
          [
            [
              [-82.651165, 28.173266],
              [-82.056261, 28.171592],
              [-82.056351, 27.646229],
              [-82.5540885876195, 27.6458028420481],
              [-82.514265, 27.705588],
              [-82.476714, 27.723687],
              [-82.481419, 27.743366],
              [-82.442638, 27.757543],
              [-82.410493, 27.810729],
              [-82.385854, 27.819651],
              [-82.402615, 27.882602],
              [-82.442434, 27.915282],
              [-82.46053, 27.908439],
              [-82.461894, 27.938602],
              [-82.491717, 27.914706],
              [-82.47244, 27.822559],
              [-82.554572, 27.847961],
              [-82.529918, 27.877501],
              [-82.542354, 27.890514],
              [-82.531643, 27.936412],
              [-82.553918, 27.966998],
              [-82.57337, 27.963044],
              [-82.568632, 27.97553],
              [-82.6485277932049, 28.0181267990881],
              [-82.650602, 28.144928],
              [-82.651165, 28.173266]
            ]
          ],
          [
            [
              [-82.764241, 27.591285],
              [-82.763482, 27.596287],
              [-82.763373, 27.600663],
              [-82.763102, 27.602394],
              [-82.762551, 27.603149],
              [-82.761494, 27.603077],
              [-82.760463, 27.602423],
              [-82.75885, 27.60047],
              [-82.758652, 27.59696],
              [-82.759194, 27.594315],
              [-82.760351, 27.587463],
              [-82.760636, 27.585564],
              [-82.760056, 27.582769],
              [-82.758977, 27.579885],
              [-82.756698, 27.577624],
              [-82.756101, 27.576085],
              [-82.757566, 27.576037],
              [-82.758927, 27.577112],
              [-82.761297, 27.579809],
              [-82.762505, 27.581184],
              [-82.763319, 27.582146],
              [-82.764176, 27.58859],
              [-82.764241, 27.591285]
            ]
          ]
        ]
      }
    },
    {
      "type": "Feature",
      "id": "12117",
      "properties": {
        "county_id": "12117",
        "county_label": "Seminole County",
        "state_name": "Florida",
        "state_fips": "12"
      },
      "geometry": {
        "type": "Polygon",
        "coordinates": [
          [
            [-81.459689, 28.644357],
            [-81.459524, 28.713264],
            [-81.440942, 28.715637],
            [-81.41646, 28.755697],
            [-81.416846, 28.824569],
            [-81.36694, 28.879227],
            [-81.358027, 28.847804],
            [-81.225678, 28.832453],
            [-81.213717, 28.804212],
            [-81.180999, 28.79661],
            [-81.178936, 28.781886],
            [-81.136167, 28.792222],
            [-81.120502, 28.825677],
            [-81.076085, 28.819325],
            [-81.053087, 28.773557],
            [-81.06111, 28.750001],
            [-81.016646, 28.693037],
            [-81.007099, 28.636326],
            [-80.986941, 28.618298],
            [-81.327888, 28.610501],
            [-81.32848, 28.639628],
            [-81.459728, 28.640196],
            [-81.459689, 28.644357]
          ]
        ]
      }
    },
    {
      "type": "Feature",
      "id": "12055",
      "properties": {
        "county_id": "12055",
        "county_label": "Highlands County",
        "state_name": "Florida",
        "state_fips": "12"
      },
      "geometry": {
        "type": "Polygon",
        "coordinates": [
          [
            [-81.564086, 27.373302],
            [-81.563533, 27.646645],
            [-81.142164, 27.643238],
            [-81.140482, 27.600833],
            [-81.156551, 27.574975],
            [-81.214284, 27.528709],
            [-81.199437, 27.515046],
            [-81.205388, 27.490254],
            [-81.144872, 27.445007],
            [-81.144078, 27.412277],
            [-81.121296, 27.389808],
            [-81.068402, 27.382346],
            [-81.034645, 27.359319],
            [-81.044109, 27.329673],
            [-81.025602, 27.302375],
            [-80.994598, 27.297326],
            [-81.000634, 27.267602],
            [-80.980612, 27.246411],
            [-80.985302, 27.231706],
            [-80.964714, 27.215866],
            [-80.951656, 27.224825],
            [-80.940676, 27.205939],
            [-81.169138, 27.209585],
            [-81.168281, 27.121734],
            [-81.267677, 27.121097],
            [-81.267216, 27.032474],
            [-81.562531, 27.033687],
            [-81.563957, 27.373233],
            [-81.564086, 27.373302]
          ]
        ]
      }
    },
    {
      "type": "Feature",
      "id": "12031",
      "properties": {
        "county_id": "12031",
        "county_label": "Duval County",
        "state_name": "Florida",
        "state_fips": "12"
      },
      "geometry": {
        "type": "Polygon",
        "coordinates": [
          [
            [-82.04932, 30.27343],
            [-81.794918, 30.505406],
            [-81.781624, 30.503336],
            [-81.763748, 30.534916],
            [-81.738424, 30.534572],
            [-81.721883, 30.571934],
            [-81.674128, 30.566243],
            [-81.663733, 30.550842],
            [-81.624513, 30.586232],
            [-81.604313, 30.584029],
            [-81.610212, 30.55438],
            [-81.584406, 30.565988],
            [-81.58541, 30.544206],
            [-81.550926, 30.543027],
            [-81.543018, 30.523889],
            [-81.514014, 30.567337],
            [-81.499575, 30.563793],
            [-81.413197, 30.482909],
            [-81.3798769128199, 30.2529135364396],
            [-81.436929, 30.252335],
            [-81.434653, 30.105277],
            [-81.538707, 30.103748],
            [-81.539009, 30.119942],
            [-81.612312, 30.132941],
            [-81.680215, 30.12124],
            [-81.692116, 30.14474],
            [-81.679626, 30.190495],
            [-82.049411, 30.186933],
            [-82.04932, 30.27343]
          ]
        ]
      }
    },
    {
      "type": "Feature",
      "id": "12107",
      "properties": {
        "county_id": "12107",
        "county_label": "Putnam County",
        "state_name": "Florida",
        "state_fips": "12"
      },
      "geometry": {
        "type": "Polygon",
        "coordinates": [
          [
            [-82.056071, 29.656846],
            [-82.055625, 29.718232],
            [-81.939427, 29.747497],
            [-81.914233, 29.79115],
            [-81.861994, 29.800187],
            [-81.81243, 29.83649],
            [-81.581207, 29.840176],
            [-81.52523, 29.759497],
            [-81.520467, 29.496513],
            [-81.487194, 29.447151],
            [-81.476293, 29.396152],
            [-81.433583, 29.398166],
            [-81.450892, 29.378464],
            [-81.680903, 29.32443],
            [-81.656413, 29.337825],
            [-81.668525, 29.371704],
            [-81.741422, 29.371049],
            [-81.74183, 29.42994],
            [-81.774905, 29.429249],
            [-81.776205, 29.487448],
            [-81.842779, 29.486533],
            [-81.843009, 29.521004],
            [-82.004385, 29.501715],
            [-82.055899, 29.471232],
            [-82.056151, 29.645355],
            [-82.056071, 29.656846]
          ]
        ]
      }
    },
    {
      "type": "Feature",
      "id": "12109",
      "properties": {
        "county_id": "12109",
        "county_label": "St. Johns County",
        "state_name": "Florida",
        "state_fips": "12"
      },
      "geometry": {
        "type": "Polygon",
        "coordinates": [
          [
            [-81.690458, 30.042834],
            [-81.680215, 30.12124],
            [-81.612312, 30.132941],
            [-81.539009, 30.119942],
            [-81.538707, 30.103748],
            [-81.433783, 30.105536],
            [-81.436929, 30.252335],
            [-81.3798769128199, 30.2529135364396],
            [-81.308978, 29.96944],
            [-81.275113, 29.898838],
            [-81.253877, 29.776852],
            [-81.2128778426699, 29.6706669347027],
            [-81.24726, 29.659093],
            [-81.261018, 29.669076],
            [-81.307658, 29.64218],
            [-81.324345, 29.653478],
            [-81.324059, 29.62561],
            [-81.52366, 29.622432],
            [-81.52523, 29.759497],
            [-81.564171, 29.798517],
            [-81.599013, 29.875422],
            [-81.60099, 29.956017],
            [-81.690001, 30.035553],
            [-81.690458, 30.042834]
          ]
        ]
      }
    },
    {
      "type": "Feature",
      "id": "48073",
      "properties": {
        "county_id": "48073",
        "county_label": "Cherokee County",
        "state_name": "Texas",
        "state_fips": "48"
      },
      "geometry": {
        "type": "Polygon",
        "coordinates": [
          [
            [-95.46214, 32.128716],
            [-94.985272, 32.137989],
            [-94.984768, 31.846144],
            [-94.934616, 31.834748],
            [-94.953901, 31.797],
            [-94.978134, 31.793514],
            [-94.926078, 31.760342],
            [-94.967268, 31.753816],
            [-94.972615, 31.737423],
            [-94.954379, 31.723181],
            [-94.965223, 31.693885],
            [-94.923945, 31.579201],
            [-94.891827, 31.578001],
            [-94.900524, 31.552458],
            [-94.865857, 31.526916],
            [-95.003345, 31.42571],
            [-95.007294, 31.444512],
            [-95.045384, 31.445471],
            [-95.064279, 31.471091],
            [-95.100323, 31.468196],
            [-95.111118, 31.483962],
            [-95.094423, 31.49873],
            [-95.099966, 31.518869],
            [-95.143445, 31.539641],
            [-95.139603, 31.562821],
            [-95.168446, 31.583406],
            [-95.207701, 31.570434],
            [-95.260257, 31.577104],
            [-95.275309, 31.594859],
            [-95.262255, 31.619962],
            [-95.287866, 31.63292],
            [-95.283208, 31.676247],
            [-95.342483, 31.718032],
            [-95.33521, 31.734735],
            [-95.366187, 31.726753],
            [-95.358239, 31.749253],
            [-95.402125, 31.76159],
            [-95.401038, 31.818675],
            [-95.446747, 31.843116],
            [-95.420338, 31.926645],
            [-95.445588, 31.945858],
            [-95.452859, 31.97654],
            [-95.424106, 32.018893],
            [-95.438221, 32.035612],
            [-95.422038, 32.047264],
            [-95.438496, 32.066019],
            [-95.424107, 32.083892],
            [-95.461159, 32.127434],
            [-95.46214, 32.128716]
          ]
        ]
      }
    },
    {
      "type": "Feature",
      "id": "48311",
      "properties": {
        "county_id": "48311",
        "county_label": "McMullen County",
        "state_name": "Texas",
        "state_fips": "48"
      },
      "geometry": {
        "type": "Polygon",
        "coordinates": [
          [
            [-98.802513, 28.103051],
            [-98.800848, 28.647306],
            [-98.335047, 28.648275],
            [-98.334323, 28.0578],
            [-98.803325, 28.05748],
            [-98.802513, 28.103051]
          ]
        ]
      }
    },
    {
      "type": "Feature",
      "id": "48229",
      "properties": {
        "county_id": "48229",
        "county_label": "Hudspeth County",
        "state_name": "Texas",
        "state_fips": "48"
      },
      "geometry": {
        "type": "Polygon",
        "coordinates": [
          [
            [-105.998003, 32.002328],
            [-104.918359749142, 32.000415489556],
            [-104.907592, 30.835919],
            [-104.917163, 30.663626],
            [-104.97995674349, 30.6292311244086],
            [-105.006222, 30.685599],
            [-105.061577, 30.685743],
            [-105.118295, 30.749726],
            [-105.161127, 30.752059],
            [-105.15612, 30.769583],
            [-105.176833, 30.768147],
            [-105.195144, 30.792138],
            [-105.218567, 30.785244],
            [-105.215017, 30.805893],
            [-105.257941, 30.794708],
            [-105.292225, 30.826311],
            [-105.31702, 30.810987],
            [-105.339293, 30.840475],
            [-105.400462, 30.852617],
            [-105.399866, 30.889074],
            [-105.466534, 30.924197],
            [-105.501968, 30.967737],
            [-105.55743, 30.990229],
            [-105.604467, 31.083744],
            [-105.741564, 31.164377],
            [-105.773257, 31.166897],
            [-105.782895, 31.197563],
            [-105.869163, 31.288815],
            [-105.932553, 31.313121],
            [-105.953786, 31.364749],
            [-105.997132001253, 31.387246427542],
            [-105.954328, 31.423468],
            [-105.959262, 31.478417],
            [-105.993255, 31.478392],
            [-105.997806, 32.000104],
            [-105.998003, 32.002328]
          ]
        ]
      }
    },
    {
      "type": "Feature",
      "id": "48449",
      "properties": {
        "county_id": "48449",
        "county_label": "Titus County",
        "state_name": "Texas",
        "state_fips": "48"
      },
      "geometry": {
        "type": "Polygon",
        "coordinates": [
          [
            [-95.12599, 33.04652],
            [-95.125451, 33.389454],
            [-95.093348, 33.397571],
            [-95.039692, 33.380097],
            [-94.956603, 33.396428],
            [-94.907658, 33.383853],
            [-94.889304, 33.39848],
            [-94.808783, 33.363636],
            [-94.819828, 32.982886],
            [-94.939152, 33.074514],
            [-95.040269, 33.072294],
            [-95.103043, 33.032956],
            [-95.12613, 33.034581],
            [-95.12599, 33.04652]
          ]
        ]
      }
    },
    {
      "type": "Feature",
      "id": "48395",
      "properties": {
        "county_id": "48395",
        "county_label": "Robertson County",
        "state_name": "Texas",
        "state_fips": "48"
      },
      "geometry": {
        "type": "Polygon",
        "coordinates": [
          [
            [-96.8311, 31.10234],
            [-96.319165, 31.357129],
            [-96.327988, 31.28647],
            [-96.313922, 31.27084],
            [-96.33109, 31.25223],
            [-96.297174, 31.180986],
            [-96.277454, 31.087658],
            [-96.239984, 31.048267],
            [-96.260779, 31.008445],
            [-96.235128, 30.995171],
            [-96.24102, 30.973737],
            [-96.349364, 30.911423],
            [-96.45763, 30.744474],
            [-96.566983, 30.69567],
            [-96.632969, 30.741488],
            [-96.61251, 30.75866],
            [-96.626876, 30.781649],
            [-96.648322, 30.780966],
            [-96.64128, 30.818051],
            [-96.69438, 30.86359],
            [-96.682248, 30.881425],
            [-96.697221, 30.898417],
            [-96.684868, 30.906045],
            [-96.72621, 30.89852],
            [-96.75633, 30.927206],
            [-96.772362, 30.969065],
            [-96.745062, 30.994772],
            [-96.771484, 31.002773],
            [-96.779735, 31.033379],
            [-96.766889, 31.047169],
            [-96.79159, 31.06508],
            [-96.820333, 31.060955],
            [-96.809282, 31.080305],
            [-96.830691, 31.100415],
            [-96.8311, 31.10234]
          ]
        ]
      }
    },
    {
      "type": "Feature",
      "id": "48501",
      "properties": {
        "county_id": "48501",
        "county_label": "Yoakum County",
        "state_name": "Texas",
        "state_fips": "48"
      },
      "geometry": {
        "type": "Polygon",
        "coordinates": [
          [
            [-103.064679, 32.964373],
            [-103.056655304753, 33.3884164031742],
            [-102.594836, 33.388489],
            [-102.594234, 33.375097],
            [-102.595023, 32.958831],
            [-103.064657, 32.959097],
            [-103.064679, 32.964373]
          ]
        ]
      }
    },
    {
      "type": "Feature",
      "id": "06067",
      "properties": {
        "county_id": "06067",
        "county_label": "Sacramento County",
        "state_name": "California",
        "state_fips": "06"
      },
      "geometry": {
        "type": "Polygon",
        "coordinates": [
          [
            [-121.862542, 38.06795],
            [-121.842444, 38.076735],
            [-121.801643, 38.059503],
            [-121.710888, 38.086489],
            [-121.685586, 38.159705],
            [-121.612102, 38.200068],
            [-121.60518, 38.296084],
            [-121.583954, 38.331652],
            [-121.520777, 38.36212],
            [-121.513481, 38.399942],
            [-121.532696, 38.430788],
            [-121.503847, 38.439614],
            [-121.504139, 38.466563],
            [-121.542717, 38.476447],
            [-121.559036, 38.499592],
            [-121.5255, 38.518777],
            [-121.506835, 38.589022],
            [-121.515766, 38.602704],
            [-121.549869, 38.599405],
            [-121.566868, 38.645104],
            [-121.594069, 38.644106],
            [-121.63019, 38.677445],
            [-121.602894, 38.735838],
            [-121.133782, 38.705386],
            [-121.11866, 38.71707],
            [-121.027472, 38.508218],
            [-121.027084, 38.300252],
            [-121.066653, 38.299146],
            [-121.173079, 38.255208],
            [-121.26838, 38.252271],
            [-121.344024, 38.22826],
            [-121.398193, 38.227427],
            [-121.42975, 38.254946],
            [-121.470958, 38.259902],
            [-121.528896, 38.195332],
            [-121.53631, 38.151581],
            [-121.584074, 38.120228],
            [-121.567184, 38.097321],
            [-121.673065, 38.093518],
            [-121.699765, 38.04522],
            [-121.777485, 38.018917],
            [-121.816954, 38.021519],
            [-121.862462, 38.06603],
            [-121.862542, 38.06795]
          ]
        ]
      }
    },
    {
      "type": "Feature",
      "id": "06073",
      "properties": {
        "county_id": "06073",
        "county_label": "San Diego County",
        "state_name": "California",
        "state_fips": "06"
      },
      "geometry": {
        "type": "Polygon",
        "coordinates": [
          [
            [-117.595891, 33.388162],
            [-117.57848, 33.453927],
            [-117.508614, 33.469614],
            [-117.509722, 33.505019],
            [-117.364272, 33.505025],
            [-117.370925, 33.490549],
            [-117.242167, 33.449015],
            [-117.241271, 33.431993],
            [-116.085165, 33.425932],
            [-116.08109, 33.074833],
            [-116.103252, 33.07467],
            [-116.106173784949, 32.6186419785708],
            [-117.123668, 32.534435],
            [-117.137723, 32.624552],
            [-117.160719, 32.66568],
            [-117.212652, 32.687887],
            [-117.243128, 32.66454],
            [-117.256091, 32.793666],
            [-117.281883, 32.832839],
            [-117.25617, 32.859447],
            [-117.253679, 32.903835],
            [-117.279524, 33.011377],
            [-117.328359, 33.121842],
            [-117.505919, 33.333253],
            [-117.595996031481, 33.3877884344227],
            [-117.595891, 33.388162]
          ]
        ]
      }
    },
    {
      "type": "Feature",
      "id": "06089",
      "properties": {
        "county_id": "06089",
        "county_label": "Shasta County",
        "state_name": "California",
        "state_fips": "06"
      },
      "geometry": {
        "type": "Polygon",
        "coordinates": [
          [
            [-123.068838, 40.308255],
            [-123.065552, 40.344813],
            [-123.018296, 40.372407],
            [-122.996579, 40.396381],
            [-122.998682, 40.418142],
            [-122.901261, 40.445575],
            [-122.845954, 40.505181],
            [-122.793252, 40.514518],
            [-122.76762, 40.555029],
            [-122.693075, 40.575338],
            [-122.71003, 40.631525],
            [-122.736338, 40.636666],
            [-122.727281, 40.651008],
            [-122.752266, 40.689642],
            [-122.722358, 40.695473],
            [-122.706712, 40.725674],
            [-122.717407, 40.747182],
            [-122.658204, 40.787646],
            [-122.666058, 40.825875],
            [-122.600013, 40.900343],
            [-122.612751, 40.921245],
            [-122.598528, 40.975847],
            [-122.527753, 41.014395],
            [-122.523166, 41.059208],
            [-122.539775, 41.072605],
            [-122.457144, 41.096611],
            [-122.446023, 41.159241],
            [-122.498376, 41.182675],
            [-121.331786, 41.183886],
            [-121.332338, 40.905394],
            [-121.319976, 40.905886],
            [-121.327826, 40.445367],
            [-121.565132, 40.445797],
            [-121.593086, 40.431126],
            [-121.685877, 40.45313],
            [-121.734895, 40.435689],
            [-121.850984, 40.442601],
            [-121.900652, 40.421014],
            [-122.00994, 40.426767],
            [-122.182918, 40.392501],
            [-122.173092, 40.379052],
            [-122.193557, 40.392311],
            [-122.199173, 40.377943],
            [-122.227155, 40.38931],
            [-122.310412, 40.371064],
            [-122.445021, 40.373398],
            [-122.524566, 40.394477],
            [-122.651341, 40.328288],
            [-122.731895, 40.347091],
            [-122.749393, 40.365522],
            [-122.875704, 40.347841],
            [-122.918213, 40.306846],
            [-122.976548, 40.315162],
            [-123.056668, 40.285375],
            [-123.068032, 40.306173],
            [-123.068838, 40.308255]
          ]
        ]
      }
    },
    {
      "type": "Feature",
      "id": "36045",
      "properties": {
        "county_id": "36045",
        "county_label": "Jefferson County",
        "state_name": "New York",
        "state_fips": "36"
      },
      "geometry": {
        "type": "MultiPolygon",
        "coordinates": [
          [
            [
              [-76.147437, 43.942825],
              [-76.145659, 43.943653],
              [-76.14299, 43.944029],
              [-76.141999, 43.942805],
              [-76.1429689909012, 43.9421884884848],
              [-76.145034, 43.940876],
              [-76.147194, 43.941757],
              [-76.147437, 43.942825]
            ]
          ],
          [
            [
              [-76.187253, 44.013777],
              [-76.185114, 44.016683],
              [-76.180122, 44.01976],
              [-76.173467, 44.024716],
              [-76.169664, 44.024887],
              [-76.169427, 44.022494],
              [-76.176557, 44.017196],
              [-76.18345, 44.014632],
              [-76.1871756182312, 44.0137943971634],
              [-76.187253, 44.013777]
            ]
          ],
          [
            [
              [-76.217856, 43.895616],
              [-76.2170553752303, 43.8960389805335],
              [-76.214483, 43.897398],
              [-76.211542, 43.897516],
              [-76.210928, 43.895798],
              [-76.215752, 43.89266],
              [-76.217171, 43.892367],
              [-76.218847, 43.893659],
              [-76.217856, 43.895616]
            ]
          ],
          [
            [
              [-76.226382, 43.887673],
              [-76.222446, 43.88931],
              [-76.221419, 43.889193],
              [-76.221001, 43.888496],
              [-76.221001, 43.88847],
              [-76.221874, 43.886004],
              [-76.223793, 43.885646],
              [-76.226009, 43.886158],
              [-76.226382, 43.887673]
            ]
          ],
          [
            [
              [-76.336539, 44.034548],
              [-76.317583, 44.050281],
              [-76.321297, 44.031208],
              [-76.336609, 44.03356],
              [-76.336539, 44.034548]
            ]
          ],
          [
            [
              [-76.3559740350339, 43.8800949275693],
              [-76.313963, 43.913706],
              [-76.302894, 43.917231],
              [-76.307487, 43.905376],
              [-76.32708, 43.88187],
              [-76.356267, 43.87972],
              [-76.3559740350339, 43.8800949275693]
            ]
          ],
          [
            [
              [-76.369699, 44.104671],
              [-76.312647, 44.199044],
              [-76.191328, 44.221244],
              [-76.164265, 44.239603],
              [-76.161833, 44.280777],
              [-76.000998, 44.347534],
              [-75.94954, 44.349129],
              [-75.8600599283155, 44.4032818662487],
              [-75.446124, 44.217655],
              [-75.545886, 44.102978],
              [-75.484528, 44.074172],
              [-75.502741, 44.051253],
              [-75.50183, 44.009556],
              [-75.549993, 44.008163],
              [-75.542898, 43.967795],
              [-75.60367, 43.971363],
              [-75.758157, 43.878785],
              [-75.84056, 43.883976],
              [-75.850534, 43.791886],
              [-75.786759, 43.78832],
              [-75.774553, 43.688884],
              [-76.025087, 43.707018],
              [-76.022003, 43.668143],
              [-76.1996693718617, 43.6801913412181],
              [-76.234986, 43.822625],
              [-76.299064, 43.838503],
              [-76.297392, 43.855925],
              [-76.233163, 43.886267],
              [-76.222892, 43.880123],
              [-76.237363, 43.863596],
              [-76.203012, 43.850752],
              [-76.202257, 43.864898],
              [-76.127285, 43.897889],
              [-76.139069, 43.940779],
              [-76.082981, 43.977044],
              [-76.060063, 43.974544],
              [-76.061034, 43.997261],
              [-76.0797, 44.00329],
              [-76.159004, 43.958995],
              [-76.174782, 43.97428],
              [-76.199811, 43.968345],
              [-76.199447, 43.991672],
              [-76.118753, 44.034472],
              [-76.168284, 44.032723],
              [-76.140145, 44.070194],
              [-76.20428, 44.054271],
              [-76.21397, 44.059373],
              [-76.20164, 44.079039],
              [-76.272841, 44.051777],
              [-76.282217, 44.012306],
              [-76.201164, 44.024177],
              [-76.237226, 43.97792],
              [-76.281393, 43.960945],
              [-76.265882, 43.995483],
              [-76.300956, 44.009864],
              [-76.294902, 44.058274],
              [-76.333812, 44.064652],
              [-76.323385, 44.077318],
              [-76.359687, 44.071024],
              [-76.344247, 44.087917],
              [-76.370706, 44.100499],
              [-76.369699, 44.104671]
            ]
          ],
          [
            [
              [-76.373974, 43.875261],
              [-76.367849, 43.879004],
              [-76.364403, 43.87886],
              [-76.364198, 43.877943],
              [-76.367346, 43.875744],
              [-76.373132, 43.874181],
              [-76.3731432905059, 43.874195481884],
              [-76.373974, 43.875261]
            ]
          ],
          [
            [
              [-76.381711, 44.039633],
              [-76.342769, 44.054103],
              [-76.348305, 44.038416],
              [-76.380867, 44.038602],
              [-76.381711, 44.039633]
            ]
          ],
          [
            [
              [-76.398833, 43.884789],
              [-76.397144, 43.886503],
              [-76.39378, 43.888447],
              [-76.392347, 43.887859],
              [-76.394285, 43.883949],
              [-76.395758, 43.882896],
              [-76.39781, 43.883318],
              [-76.398833, 43.884789]
            ]
          ],
          [
            [
              [-76.445999, 43.890255],
              [-76.406359, 43.920705],
              [-76.379412, 43.921099],
              [-76.444626, 43.887505],
              [-76.445999, 43.890255]
            ]
          ]
        ]
      }
    },
    {
      "type": "Feature",
      "id": "36105",
      "properties": {
        "county_id": "36105",
        "county_label": "Sullivan County",
        "state_name": "New York",
        "state_fips": "36"
      },
      "geometry": {
        "type": "Polygon",
        "coordinates": [
          [
            [-75.1446761338745, 41.8514646551538],
            [-74.780693, 42.016375],
            [-74.453685, 41.875595],
            [-74.575086, 41.745258],
            [-74.395071, 41.644876],
            [-74.364486, 41.593783],
            [-74.418399, 41.569397],
            [-74.475619, 41.503953],
            [-74.752399, 41.493743],
            [-74.754708208531, 41.4249933746765],
            [-74.790417, 41.42166],
            [-74.807582, 41.442847],
            [-74.830671, 41.430503],
            [-74.858578, 41.444427],
            [-74.893913, 41.43893],
            [-74.890358, 41.455324],
            [-74.932585, 41.482323],
            [-74.981652, 41.479945],
            [-74.984372, 41.506611],
            [-75.003151, 41.508101],
            [-75.024757, 41.535099],
            [-75.018524, 41.551802],
            [-75.074613, 41.605711],
            [-75.044224, 41.617978],
            [-75.052736, 41.688393],
            [-75.06883, 41.708161],
            [-75.049862, 41.713309],
            [-75.053431, 41.752538],
            [-75.10464, 41.774203],
            [-75.072172, 41.813732],
            [-75.113334, 41.822782],
            [-75.114399, 41.843583],
            [-75.143824, 41.851737],
            [-75.1446761338745, 41.8514646551538]
          ]
        ]
      }
    },
    {
      "type": "Feature",
      "id": "36031",
      "properties": {
        "county_id": "36031",
        "county_label": "Essex County",
        "state_name": "New York",
        "state_fips": "36"
      },
      "geometry": {
        "type": "Polygon",
        "coordinates": [
          [
            [-74.336826, 43.925223],
            [-74.255998, 43.969797],
            [-74.28187, 44.120552],
            [-74.09349, 44.137615],
            [-74.141424, 44.407268],
            [-73.669281, 44.441355],
            [-73.571307, 44.465332],
            [-73.524413, 44.493241],
            [-73.496604, 44.486081],
            [-73.45965, 44.520046],
            [-73.463838, 44.537681],
            [-73.33863, 44.546844],
            [-73.322026, 44.525289],
            [-73.293613, 44.440559],
            [-73.334939, 44.364441],
            [-73.312852, 44.265346],
            [-73.390583, 44.190886],
            [-73.43774, 44.045006],
            [-73.405999, 44.016229],
            [-73.408589, 43.932933],
            [-73.374051, 43.875563],
            [-73.372247, 43.845337],
            [-73.392751, 43.822196],
            [-73.3793298267232, 43.808476322237],
            [-74.057005, 43.744513],
            [-74.047062, 43.796343],
            [-74.149076, 43.829613],
            [-74.213734, 43.810875],
            [-74.336407, 43.924667],
            [-74.336826, 43.925223]
          ]
        ]
      }
    },
    {
      "type": "Feature",
      "id": "36107",
      "properties": {
        "county_id": "36107",
        "county_label": "Tioga County",
        "state_name": "New York",
        "state_fips": "36"
      },
      "geometry": {
        "type": "Polygon",
        "coordinates": [
          [
            [-76.563589, 42.152463],
            [-76.536507, 42.155403],
            [-76.538349, 42.281755],
            [-76.416199, 42.262976],
            [-76.415305, 42.318368],
            [-76.250149, 42.296676],
            [-76.238555, 42.356621],
            [-76.298429, 42.381546],
            [-76.293186, 42.406403],
            [-76.124521, 42.402013],
            [-76.106582, 42.287356],
            [-76.080666, 42.257985],
            [-76.096629, 42.25745],
            [-76.081134, 42.230495],
            [-76.086683, 42.186858],
            [-76.116225, 42.18561],
            [-76.10584, 41.998858],
            [-76.5576986691569, 42.0001498257895],
            [-76.541489, 42.051728],
            [-76.561746, 42.149724],
            [-76.563589, 42.152463]
          ]
        ]
      }
    },
    {
      "type": "Feature",
      "id": "48245",
      "properties": {
        "county_id": "48245",
        "county_label": "Jefferson County",
        "state_name": "Texas",
        "state_fips": "48"
      },
      "geometry": {
        "type": "Polygon",
        "coordinates": [
          [
            [-94.44491, 30.113015],
            [-94.399233, 30.097403],
            [-94.30043, 30.114146],
            [-94.279188, 30.131926],
            [-94.275451, 30.170265],
            [-94.236055, 30.165283],
            [-94.203709, 30.188819],
            [-94.117932, 30.164054],
            [-94.109146, 30.136733],
            [-94.074278, 30.116511],
            [-94.093539, 30.083684],
            [-94.027476, 30.066012],
            [-94.03058, 30.026222],
            [-94.001039, 30.030964],
            [-93.996774, 30.013113],
            [-93.983074, 30.021812],
            [-93.981774, 30.008913],
            [-93.860169, 29.977397],
            [-93.843896, 29.954805],
            [-93.8543426408309, 29.8649909997958],
            [-93.929208, 29.802952],
            [-93.837725, 29.679024],
            [-94.056506, 29.671163],
            [-94.3540940185201, 29.5625650084448],
            [-94.357976, 29.887464],
            [-94.442204, 29.887053],
            [-94.445106, 30.112019],
            [-94.44491, 30.113015]
          ]
        ]
      }
    },
    {
      "type": "Feature",
      "id": "48499",
      "properties": {
        "county_id": "48499",
        "county_label": "Wood County",
        "state_name": "Texas",
        "state_fips": "48"
      },
      "geometry": {
        "type": "Polygon",
        "coordinates": [
          [
            [-95.665389, 32.960434],
            [-95.172947, 32.961829],
            [-95.150535, 33.011412],
            [-95.15341, 32.570115],
            [-95.164973, 32.544583],
            [-95.17544, 32.555477],
            [-95.183548, 32.540968],
            [-95.204964, 32.572369],
            [-95.238315, 32.560704],
            [-95.250879, 32.577947],
            [-95.278288, 32.571786],
            [-95.34595, 32.609291],
            [-95.37567, 32.597439],
            [-95.4748, 32.606141],
            [-95.626279, 32.708703],
            [-95.664324, 32.951993],
            [-95.665389, 32.960434]
          ]
        ]
      }
    },
    {
      "type": "Feature",
      "id": "48373",
      "properties": {
        "county_id": "48373",
        "county_label": "Polk County",
        "state_name": "Texas",
        "state_fips": "48"
      },
      "geometry": {
        "type": "Polygon",
        "coordinates": [
          [
            [-95.20018, 30.824566],
            [-94.939245, 31.041981],
            [-94.842947, 31.146578],
            [-94.751342, 31.105462],
            [-94.658493, 31.084905],
            [-94.649011, 31.098997],
            [-94.561602, 31.063014],
            [-94.657992, 31.012007],
            [-94.537926, 30.491059],
            [-94.865509, 30.495023],
            [-94.867393, 30.510755],
            [-94.830429, 30.541613],
            [-95.028628, 30.578485],
            [-95.031822, 30.597342],
            [-95.00715, 30.60705],
            [-95.024663, 30.649779],
            [-95.010278, 30.656671],
            [-95.055002, 30.680334],
            [-95.115005, 30.661005],
            [-95.109861, 30.694191],
            [-95.134899, 30.693308],
            [-95.147073, 30.71739],
            [-95.13194, 30.783162],
            [-95.198712, 30.824241],
            [-95.20018, 30.824566]
          ]
        ]
      }
    },
    {
      "type": "Feature",
      "id": "48427",
      "properties": {
        "county_id": "48427",
        "county_label": "Starr County",
        "state_name": "Texas",
        "state_fips": "48"
      },
      "geometry": {
        "type": "Polygon",
        "coordinates": [
          [
            [-99.171404, 26.549848],
            [-99.1694639664008, 26.571673559574],
            [-99.011112, 26.675023],
            [-98.95423, 26.785694],
            [-98.32067, 26.783081],
            [-98.5866993125035, 26.2575704070883],
            [-98.617266, 26.246809],
            [-98.624759, 26.259221],
            [-98.654221, 26.23596],
            [-98.675206, 26.239989],
            [-98.683757, 26.264393],
            [-98.719885, 26.272705],
            [-98.705049, 26.288206],
            [-98.750202, 26.295694],
            [-98.754216, 26.307928],
            [-98.736224, 26.307649],
            [-98.749469, 26.329988],
            [-98.788165, 26.330094],
            [-98.807348, 26.369421],
            [-98.896734, 26.35333],
            [-98.926863, 26.394471],
            [-98.942152, 26.369687],
            [-98.956392, 26.39571],
            [-99.01165, 26.392496],
            [-99.03172, 26.412964],
            [-99.082002, 26.39651],
            [-99.113546, 26.43253],
            [-99.091976, 26.472376],
            [-99.105031, 26.500335],
            [-99.171748, 26.543706],
            [-99.171404, 26.549848]
          ]
        ]
      }
    },
    {
      "type": "Feature",
      "id": "48157",
      "properties": {
        "county_id": "48157",
        "county_label": "Fort Bend County",
        "state_name": "Texas",
        "state_fips": "48"
      },
      "geometry": {
        "type": "Polygon",
        "coordinates": [
          [
            [-96.088912, 29.601658],
            [-96.024825, 29.602899],
            [-96.014753, 29.641669],
            [-96.033158, 29.658184],
            [-96.016769, 29.667491],
            [-96.060001, 29.675963],
            [-96.015031, 29.682672],
            [-96.022639, 29.70501],
            [-96.006498, 29.714865],
            [-96.032711, 29.727944],
            [-95.97094, 29.728554],
            [-95.971287, 29.740454],
            [-95.825975, 29.788616],
            [-95.424286, 29.580312],
            [-95.462602, 29.439238],
            [-95.550622, 29.438306],
            [-95.547577, 29.395197],
            [-95.572341, 29.383826],
            [-95.5792, 29.34062],
            [-95.625777, 29.312981],
            [-95.626535, 29.293146],
            [-95.752866, 29.324503],
            [-95.784013, 29.296249],
            [-95.79782, 29.307971],
            [-95.847656, 29.26259],
            [-95.877043, 29.265743],
            [-95.894468, 29.31498],
            [-95.950643, 29.336577],
            [-95.936524, 29.358355],
            [-95.967389, 29.38197],
            [-95.992024, 29.433792],
            [-96.035291, 29.443007],
            [-96.029473, 29.452052],
            [-96.059627, 29.473329],
            [-96.059681, 29.491868],
            [-96.022418, 29.501893],
            [-96.05307, 29.511942],
            [-96.044495, 29.561947],
            [-96.08439, 29.601054],
            [-96.088912, 29.601658]
          ]
        ]
      }
    },
    {
      "type": "Feature",
      "id": "48467",
      "properties": {
        "county_id": "48467",
        "county_label": "Van Zandt County",
        "state_name": "Texas",
        "state_fips": "48"
      },
      "geometry": {
        "type": "Polygon",
        "coordinates": [
          [
            [-96.076801, 32.838489],
            [-95.934433, 32.837217],
            [-95.850646, 32.770713],
            [-95.765465, 32.771591],
            [-95.762041, 32.755431],
            [-95.702508, 32.742424],
            [-95.668042, 32.713317],
            [-95.637085, 32.724666],
            [-95.604653, 32.704589],
            [-95.592685, 32.687928],
            [-95.5943, 32.479858],
            [-95.449456, 32.359878],
            [-96.075899, 32.357505],
            [-96.07662, 32.837024],
            [-96.076801, 32.838489]
          ]
        ]
      }
    },
    {
      "type": "Feature",
      "id": "48465",
      "properties": {
        "county_id": "48465",
        "county_label": "Val Verde County",
        "state_name": "Texas",
        "state_fips": "48"
      },
      "geometry": {
        "type": "Polygon",
        "coordinates": [
          [
            [-101.76032, 29.872049],
            [-101.7584, 30.288044],
            [-100.700393, 30.288276],
            [-100.699141, 29.419747],
            [-100.712195, 29.337884],
            [-100.746554, 29.3257],
            [-100.745564, 29.254809],
            [-100.762325, 29.251302],
            [-100.757822, 29.238325],
            [-100.794855840552, 29.2415970894515],
            [-100.81478, 29.263724],
            [-100.878126, 29.28086],
            [-100.886842, 29.307848],
            [-100.948972, 29.347246],
            [-101.010614, 29.368669],
            [-101.060151, 29.458661],
            [-101.144337, 29.473246],
            [-101.173821, 29.514566],
            [-101.254895, 29.520342],
            [-101.261175, 29.536777],
            [-101.241151, 29.565429],
            [-101.250383, 29.624171],
            [-101.269217, 29.630027],
            [-101.290962, 29.571537],
            [-101.305533, 29.577925],
            [-101.302371, 29.649994],
            [-101.345493, 29.662196],
            [-101.361312, 29.650063],
            [-101.372773, 29.699428],
            [-101.415584, 29.746534],
            [-101.403067, 29.771437],
            [-101.445477, 29.749397],
            [-101.461639, 29.789834],
            [-101.535847, 29.758934],
            [-101.544392, 29.811856],
            [-101.567749, 29.798727],
            [-101.574945, 29.769854],
            [-101.625958, 29.771063],
            [-101.642883, 29.754548],
            [-101.662453, 29.77128],
            [-101.708873, 29.761642],
            [-101.760923744511, 29.7818615288962],
            [-101.76032, 29.872049]
          ]
        ]
      }
    },
    {
      "type": "Feature",
      "id": "48481",
      "properties": {
        "county_id": "48481",
        "county_label": "Wharton County",
        "state_name": "Texas",
        "state_fips": "48"
      },
      "geometry": {
        "type": "Polygon",
        "coordinates": [
          [
            [-96.640315, 29.247804],
            [-96.348621, 29.406792],
            [-96.307672, 29.514523],
            [-96.175422, 29.633806],
            [-96.10965, 29.622524],
            [-96.062322, 29.591524],
            [-96.041499, 29.549717],
            [-96.056323, 29.539491],
            [-96.05471, 29.51462],
            [-96.022418, 29.501893],
            [-96.059681, 29.491868],
            [-96.059627, 29.473329],
            [-96.029473, 29.452052],
            [-96.035291, 29.443007],
            [-95.992024, 29.433792],
            [-95.970761, 29.408429],
            [-95.968412, 29.383449],
            [-95.936524, 29.358355],
            [-95.949463, 29.335318],
            [-95.894468, 29.31498],
            [-95.8796, 29.266761],
            [-95.841948, 29.258707],
            [-95.965196, 29.146865],
            [-96.309178, 28.963291],
            [-96.634506, 29.242625],
            [-96.640315, 29.247804]
          ]
        ]
      }
    },
    {
      "type": "Feature",
      "id": "48103",
      "properties": {
        "county_id": "48103",
        "county_label": "Crane County",
        "state_name": "Texas",
        "state_fips": "48"
      },
      "geometry": {
        "type": "Polygon",
        "coordinates": [
          [
            [-102.767687, 31.638548],
            [-102.767246, 31.651714],
            [-102.31805, 31.651327],
            [-102.300886, 31.127273],
            [-102.301212, 31.086212],
            [-102.406153, 31.08787],
            [-102.430127, 31.129058],
            [-102.425107, 31.17816],
            [-102.442056, 31.212566],
            [-102.511156, 31.2595],
            [-102.567042, 31.272675],
            [-102.596491, 31.264012],
            [-102.676104, 31.330084],
            [-102.754796, 31.280199],
            [-102.767365, 31.293803],
            [-102.767533, 31.625179],
            [-102.767687, 31.638548]
          ]
        ]
      }
    },
    {
      "type": "Feature",
      "id": "48035",
      "properties": {
        "county_id": "48035",
        "county_label": "Bosque County",
        "state_name": "Texas",
        "state_fips": "48"
      },
      "geometry": {
        "type": "Polygon",
        "coordinates": [
          [
            [-98.000683, 32.020279],
            [-97.630885, 32.207403],
            [-97.594286, 32.201622],
            [-97.601558, 32.17562],
            [-97.573395, 32.180315],
            [-97.569953, 32.151753],
            [-97.522235, 32.13481],
            [-97.508361, 32.138075],
            [-97.510295, 32.162681],
            [-97.462487, 32.172463],
            [-97.468134, 32.14949],
            [-97.497086, 32.134345],
            [-97.469933, 32.091648],
            [-97.492092, 32.059723],
            [-97.485968, 32.017611],
            [-97.44769, 32.012499],
            [-97.426387, 32.028557],
            [-97.405897, 31.987877],
            [-97.378754, 31.982624],
            [-97.439471, 31.929775],
            [-97.360312, 31.890669],
            [-97.382848, 31.870788],
            [-97.329135, 31.841875],
            [-97.279529, 31.841271],
            [-97.282026, 31.823331],
            [-97.32653, 31.78836],
            [-97.277265, 31.745492],
            [-97.60523, 31.587762],
            [-97.689834, 31.711019],
            [-97.766431, 31.672461],
            [-98.005462, 32.017897],
            [-98.000683, 32.020279]
          ]
        ]
      }
    },
    {
      "type": "Feature",
      "id": "48127",
      "properties": {
        "county_id": "48127",
        "county_label": "Dimmit County",
        "state_name": "Texas",
        "state_fips": "48"
      },
      "geometry": {
        "type": "Polygon",
        "coordinates": [
          [
            [-100.114336, 28.648122],
            [-99.395736, 28.640784],
            [-99.394414, 28.349792],
            [-99.394177, 28.204627],
            [-100.113719, 28.197819],
            [-100.114269, 28.629686],
            [-100.114336, 28.648122]
          ]
        ]
      }
    },
    {
      "type": "Feature",
      "id": "48175",
      "properties": {
        "county_id": "48175",
        "county_label": "Goliad County",
        "state_name": "Texas",
        "state_fips": "48"
      },
      "geometry": {
        "type": "Polygon",
        "coordinates": [
          [
            [-97.77853, 28.668027],
            [-97.41734, 28.925228],
            [-97.310406, 28.877304],
            [-97.300508, 28.844109],
            [-97.231971, 28.865303],
            [-97.186665, 28.834079],
            [-97.190544, 28.813344],
            [-97.158933, 28.776156],
            [-97.178246, 28.738865],
            [-97.167731, 28.727846],
            [-97.182359, 28.610602],
            [-97.153588, 28.569076],
            [-97.375579, 28.388684],
            [-97.429271, 28.413018],
            [-97.447238, 28.403248],
            [-97.48521, 28.436391],
            [-97.517853, 28.431972],
            [-97.521886, 28.446876],
            [-97.551369, 28.450441],
            [-97.563024, 28.516408],
            [-97.646595, 28.520928],
            [-97.696572, 28.541537],
            [-97.732125, 28.628833],
            [-97.778336, 28.667649],
            [-97.77853, 28.668027]
          ]
        ]
      }
    },
    {
      "type": "Feature",
      "id": "06051",
      "properties": {
        "county_id": "06051",
        "county_label": "Mono County",
        "state_name": "California",
        "state_fips": "06"
      },
      "geometry": {
        "type": "Polygon",
        "coordinates": [
          [
            [-119.648938, 38.289121],
            [-119.635575, 38.353908],
            [-119.606565, 38.367827],
            [-119.622093, 38.393875],
            [-119.563028, 38.408999],
            [-119.569712, 38.434938],
            [-119.542452, 38.480649],
            [-119.595547, 38.590333],
            [-119.620517, 38.610669],
            [-119.614658, 38.665879],
            [-119.591461, 38.682174],
            [-119.585437, 38.713212],
            [-117.832726, 37.464929],
            [-118.775014, 37.463052],
            [-118.804274, 37.488939],
            [-118.850474, 37.475796],
            [-118.917158, 37.550336],
            [-118.952661, 37.565836],
            [-118.97696, 37.556837],
            [-119.020463, 37.583437],
            [-119.065166, 37.684556],
            [-119.114446, 37.728195],
            [-119.184002, 37.739448],
            [-119.216333, 37.714123],
            [-119.260078, 37.726631],
            [-119.268979, 37.73923],
            [-119.254981, 37.756329],
            [-119.20328, 37.794929],
            [-119.216881, 37.818728],
            [-119.196182, 37.844028],
            [-119.216882, 37.849628],
            [-119.200783, 37.887427],
            [-119.263885, 37.912225],
            [-119.263986, 37.926525],
            [-119.313089, 37.953024],
            [-119.32239, 37.971423],
            [-119.30459, 38.023891],
            [-119.345922, 38.083113],
            [-119.430546, 38.116269],
            [-119.440468, 38.095678],
            [-119.459805, 38.096277],
            [-119.497132, 38.156885],
            [-119.50649, 38.137113],
            [-119.545551, 38.143072],
            [-119.576496, 38.157661],
            [-119.586561, 38.184839],
            [-119.632671, 38.198858],
            [-119.624422, 38.228673],
            [-119.604895, 38.239198],
            [-119.651375, 38.286638],
            [-119.648938, 38.289121]
          ]
        ]
      }
    },
    {
      "type": "Feature",
      "id": "06091",
      "properties": {
        "county_id": "06091",
        "county_label": "Sierra County",
        "state_name": "California",
        "state_fips": "06"
      },
      "geometry": {
        "type": "Polygon",
        "coordinates": [
          [
            [-121.057479, 39.539991],
            [-121.024383, 39.559049],
            [-121.009477, 39.639459],
            [-120.94012, 39.686604],
            [-120.934366, 39.738792],
            [-120.870988, 39.776821],
            [-120.840428, 39.747004],
            [-120.81577, 39.746945],
            [-120.792484, 39.709794],
            [-120.749929, 39.719635],
            [-120.679907, 39.67659],
            [-120.654124, 39.706234],
            [-120.015734, 39.708721],
            [-120.001319, 39.72242],
            [-120.003871869173, 39.445057041725],
            [-120.505445, 39.446117],
            [-120.534377, 39.464653],
            [-120.560823, 39.516207],
            [-120.655217, 39.526699],
            [-120.755729, 39.452663],
            [-120.978334, 39.417872],
            [-121.022085, 39.391558],
            [-121.0344, 39.514436],
            [-121.058203, 39.537043],
            [-121.057479, 39.539991]
          ]
        ]
      }
    },
    {
      "type": "Feature",
      "id": "48007",
      "properties": {
        "county_id": "48007",
        "county_label": "Aransas County",
        "state_name": "Texas",
        "state_fips": "48"
      },
      "geometry": {
        "type": "MultiPolygon",
        "coordinates": [
          [
            [
              [-96.822899, 28.167432],
              [-96.821267, 28.168361],
              [-96.8194604590773, 28.1680715818538],
              [-96.8203305524285, 28.1634171288584],
              [-96.821354, 28.165651],
              [-96.822899, 28.167432]
            ]
          ],
          [
            [
              [-97.056063, 27.849732],
              [-97.03586, 27.908873],
              [-96.997028, 27.940376],
              [-97.035748, 27.940428],
              [-96.98543, 27.955045],
              [-96.984402, 27.984355],
              [-96.925458, 28.08841],
              [-96.880536, 28.106022],
              [-96.896936, 28.114722],
              [-96.873881, 28.133483],
              [-96.8302008306531, 28.1108816440637],
              [-96.8530539631559, 28.0608472718433],
              [-96.991409, 27.922576],
              [-97.045222, 27.839774],
              [-97.055231, 27.847315],
              [-97.056063, 27.849732]
            ]
          ],
          [
            [
              [-97.078917, 27.917014],
              [-97.053603, 27.90231],
              [-97.050394, 27.874369],
              [-97.064922, 27.852412],
              [-97.065492, 27.909582],
              [-97.079068, 27.91632],
              [-97.078917, 27.917014]
            ]
          ],
          [
            [
              [-97.125604, 28.253709],
              [-97.123072, 28.272817],
              [-96.7905346464136, 28.3192330118032],
              [-96.809232, 28.293391],
              [-96.7987181122199, 28.2759479998208],
              [-96.811711, 28.213512],
              [-96.923818, 28.114743],
              [-96.90718, 28.146917],
              [-96.931554, 28.123893],
              [-96.967625, 28.125343],
              [-96.926682, 28.189588],
              [-96.942487, 28.217656],
              [-96.914203, 28.269583],
              [-96.968513, 28.21996],
              [-96.945934, 28.196501],
              [-96.972401, 28.173059],
              [-96.983368, 28.124941],
              [-97.025384, 28.14963],
              [-97.008834, 28.158263],
              [-97.019202, 28.163183],
              [-97.0088, 28.20268],
              [-97.062281, 28.206478],
              [-97.125337, 28.253263],
              [-97.125604, 28.253709]
            ]
          ],
          [
            [
              [-97.260818, 28.075759],
              [-97.240219, 28.061538],
              [-97.199914, 28.068298],
              [-97.121935, 28.020922],
              [-97.105892, 28.038021],
              [-97.135246, 28.04788],
              [-97.054197, 28.092761],
              [-97.053365, 28.118338],
              [-97.024962, 28.113307],
              [-97.036846, 28.07588],
              [-97.0252, 28.032147],
              [-97.043739, 28.028056],
              [-97.064429, 27.992834],
              [-97.075077, 27.919354],
              [-97.07964, 27.975539],
              [-97.1337829631538, 27.9012317118527],
              [-97.259645, 28.07364],
              [-97.260818, 28.075759]
            ]
          ]
        ]
      }
    },
    {
      "type": "Feature",
      "id": "48393",
      "properties": {
        "county_id": "48393",
        "county_label": "Roberts County",
        "state_name": "Texas",
        "state_fips": "48"
      },
      "geometry": {
        "type": "Polygon",
        "coordinates": [
          [
            [-101.086046, 35.806768],
            [-101.085716, 36.057572],
            [-100.540221, 36.056491],
            [-100.540088, 35.621176],
            [-101.085935, 35.619102],
            [-101.086146, 35.742717],
            [-101.086046, 35.806768]
          ]
        ]
      }
    },
    {
      "type": "Feature",
      "id": "48399",
      "properties": {
        "county_id": "48399",
        "county_label": "Runnels County",
        "state_name": "Texas",
        "state_fips": "48"
      },
      "geometry": {
        "type": "Polygon",
        "coordinates": [
          [
            [-100.236043, 31.782974],
            [-100.235137, 32.082372],
            [-99.713971, 32.082089],
            [-99.721698, 31.576759],
            [-100.233783, 31.582196],
            [-100.236094, 31.726617],
            [-100.236043, 31.782974]
          ]
        ]
      }
    },
    {
      "type": "Feature",
      "id": "48015",
      "properties": {
        "county_id": "48015",
        "county_label": "Austin County",
        "state_name": "Texas",
        "state_fips": "48"
      },
      "geometry": {
        "type": "Polygon",
        "coordinates": [
          [
            [-96.620848, 30.045203],
            [-96.594141, 30.071022],
            [-96.518814, 30.065198],
            [-96.288998, 30.096829],
            [-96.259336, 30.075744],
            [-96.162816, 30.052882],
            [-96.146052, 30.070224],
            [-96.114671, 30.048808],
            [-96.113221, 30.026997],
            [-96.09663, 30.027613],
            [-96.084541, 30.005137],
            [-96.104516, 29.996378],
            [-96.092768, 29.961488],
            [-96.125572, 29.966337],
            [-96.100796, 29.943526],
            [-96.130575, 29.939565],
            [-96.11332, 29.915316],
            [-96.125949, 29.897709],
            [-96.092739, 29.882765],
            [-96.112227, 29.872557],
            [-96.100939, 29.852514],
            [-96.121898, 29.840067],
            [-96.097843, 29.825834],
            [-96.102496, 29.809665],
            [-96.046947, 29.80099],
            [-96.032609, 29.717686],
            [-96.006498, 29.714865],
            [-96.022639, 29.70501],
            [-96.016637, 29.680061],
            [-96.059565, 29.679328],
            [-96.016769, 29.667491],
            [-96.033158, 29.658184],
            [-96.014753, 29.641669],
            [-96.024825, 29.602899],
            [-96.090372, 29.602027],
            [-96.10965, 29.622524],
            [-96.165357, 29.626522],
            [-96.199451, 29.656455],
            [-96.256696, 29.667061],
            [-96.277643, 29.699723],
            [-96.270117, 29.71658],
            [-96.311922, 29.756698],
            [-96.342742, 29.828976],
            [-96.412691, 29.824655],
            [-96.440802, 29.853614],
            [-96.485091, 29.867335],
            [-96.535705, 29.907326],
            [-96.62198, 30.044283],
            [-96.620848, 30.045203]
          ]
        ]
      }
    },
    {
      "type": "Feature",
      "id": "47105",
      "properties": {
        "county_id": "47105",
        "county_label": "Loudon County",
        "state_name": "Tennessee",
        "state_fips": "47"
      },
      "geometry": {
        "type": "MultiPolygon",
        "coordinates": [
          [
            [
              [-84.355297, 35.640924],
              [-84.349251, 35.644264],
              [-84.342871, 35.636585],
              [-84.346546, 35.634706],
              [-84.350001, 35.632939],
              [-84.355297, 35.640924]
            ]
          ],
          [
            [
              [-84.540355, 35.619427],
              [-84.522373, 35.618625],
              [-84.52271, 35.607783],
              [-84.540351, 35.61824],
              [-84.540355, 35.619427]
            ]
          ],
          [
            [
              [-84.548777, 35.673213],
              [-84.544534, 35.673179],
              [-84.544214, 35.676893],
              [-84.539774, 35.67684],
              [-84.539962, 35.67051],
              [-84.539963, 35.670465],
              [-84.540219, 35.670466],
              [-84.548774, 35.670536],
              [-84.548777, 35.673213]
            ]
          ],
          [
            [
              [-84.58441, 35.651607],
              [-84.521936, 35.676597],
              [-84.531803, 35.687606],
              [-84.516891, 35.71204],
              [-84.448558, 35.759426],
              [-84.435166, 35.748212],
              [-84.416415, 35.776451],
              [-84.388607, 35.768352],
              [-84.379668, 35.817439],
              [-84.337898, 35.839865],
              [-84.32997, 35.892904],
              [-84.28383, 35.874865],
              [-84.281159, 35.902984],
              [-84.165653, 35.807019],
              [-84.179499, 35.768449],
              [-84.151955, 35.757554],
              [-84.172812, 35.712756],
              [-84.133072, 35.660733],
              [-84.151652, 35.627498],
              [-84.188319, 35.610549],
              [-84.253071, 35.617852],
              [-84.25079, 35.636989],
              [-84.297522, 35.643152],
              [-84.290765, 35.654925],
              [-84.31759, 35.65996],
              [-84.317628, 35.672107],
              [-84.357608, 35.665162],
              [-84.353275, 35.654396],
              [-84.385011, 35.639841],
              [-84.425376, 35.672269],
              [-84.487344, 35.655508],
              [-84.504274, 35.665866],
              [-84.522545, 35.643984],
              [-84.504746, 35.619542],
              [-84.547603, 35.641327],
              [-84.584296, 35.633086],
              [-84.584472, 35.644424],
              [-84.58441, 35.651607]
            ]
          ]
        ]
      }
    },
    {
      "type": "Feature",
      "id": "47157",
      "properties": {
        "county_id": "47157",
        "county_label": "Shelby County",
        "state_name": "Tennessee",
        "state_fips": "47"
      },
      "geometry": {
        "type": "Polygon",
        "coordinates": [
          [
            [-90.310453, 35.002696],
            [-90.292348, 35.041356],
            [-90.207315, 35.025773],
            [-90.177615, 35.063842],
            [-90.176843, 35.112088],
            [-90.154697, 35.130924],
            [-90.095009, 35.117535],
            [-90.066547, 35.136844],
            [-90.068673, 35.155999],
            [-90.117383, 35.190059],
            [-90.078207, 35.209669],
            [-90.086352, 35.238183],
            [-90.105144, 35.254417],
            [-90.152094, 35.255989],
            [-90.168794, 35.279088],
            [-90.157325, 35.301492],
            [-90.109966, 35.304988],
            [-90.0809533836107, 35.3859117613597],
            [-90.041563, 35.39662],
            [-89.778755, 35.38782],
            [-89.776736, 35.405173],
            [-89.70928, 35.409483],
            [-89.702893, 35.389059],
            [-89.642796, 35.387983],
            [-89.645718, 35.3716],
            [-89.632776, 35.375824],
            [-89.6440499795058, 34.9952920623604],
            [-90.3099773374116, 35.0011039400364],
            [-90.310453, 35.002696]
          ]
        ]
      }
    },
    {
      "type": "Feature",
      "id": "47025",
      "properties": {
        "county_id": "47025",
        "county_label": "Claiborne County",
        "state_name": "Tennessee",
        "state_fips": "47"
      },
      "geometry": {
        "type": "Polygon",
        "coordinates": [
          [
            [-83.9876109506828, 36.5895922860725],
            [-83.690714, 36.582581],
            [-83.675395, 36.600784],
            [-83.472108, 36.597284],
            [-83.432626, 36.573098],
            [-83.376201, 36.482661],
            [-83.377917, 36.422008],
            [-83.456802, 36.403087],
            [-83.455902, 36.371886],
            [-83.495803, 36.379285],
            [-83.494803, 36.363286],
            [-83.508603, 36.372985],
            [-83.534704, 36.352485],
            [-83.563759, 36.372496],
            [-83.590106, 36.369183],
            [-83.658807, 36.331982],
            [-83.696909, 36.365681],
            [-83.714009, 36.344181],
            [-83.733054, 36.345043],
            [-83.764512, 36.398779],
            [-83.79273, 36.423099],
            [-83.805014, 36.416379],
            [-83.805515, 36.435879],
            [-83.833282, 36.419654],
            [-83.861217, 36.434679],
            [-83.893717, 36.419679],
            [-83.922618, 36.427779],
            [-83.984634, 36.560482],
            [-83.982492, 36.585315],
            [-83.9876109506828, 36.5895922860725]
          ]
        ]
      }
    },
    {
      "type": "Feature",
      "id": "47121",
      "properties": {
        "county_id": "47121",
        "county_label": "Meigs County",
        "state_name": "Tennessee",
        "state_fips": "47"
      },
      "geometry": {
        "type": "Polygon",
        "coordinates": [
          [
            [-85.026818, 35.385222],
            [-85.02302, 35.408188],
            [-84.980051, 35.43927],
            [-84.982354, 35.468874],
            [-84.923649, 35.437371],
            [-84.900348, 35.47967],
            [-84.859949, 35.497072],
            [-84.880431, 35.531052],
            [-84.873969, 35.550217],
            [-84.795946, 35.551102],
            [-84.811453, 35.579253],
            [-84.777235, 35.600767],
            [-84.781207, 35.678405],
            [-84.761882, 35.701755],
            [-84.74721, 35.678202],
            [-84.721082, 35.691725],
            [-84.711515, 35.730069],
            [-84.723853, 35.752896],
            [-84.672223, 35.702943],
            [-84.645073, 35.724438],
            [-84.619031, 35.70788],
            [-84.619865, 35.644651],
            [-84.801749, 35.454282],
            [-84.860164, 35.350074],
            [-84.877546, 35.357871],
            [-84.884046, 35.329172],
            [-84.927446, 35.288869],
            [-84.962471, 35.306826],
            [-84.977749, 35.36107],
            [-85.008366, 35.383255],
            [-85.030369, 35.379122],
            [-85.026818, 35.385222]
          ]
        ]
      }
    },
    {
      "type": "Feature",
      "id": "47063",
      "properties": {
        "county_id": "47063",
        "county_label": "Hamblen County",
        "state_name": "Tennessee",
        "state_fips": "47"
      },
      "geometry": {
        "type": "Polygon",
        "coordinates": [
          [
            [-83.468297, 36.187288],
            [-83.447197, 36.192589],
            [-83.447398, 36.219889],
            [-83.424397, 36.212789],
            [-83.411297, 36.247289],
            [-83.362296, 36.26759],
            [-83.358696, 36.28199],
            [-83.322295, 36.29499],
            [-83.310274, 36.270084],
            [-83.29487, 36.277997],
            [-83.280357, 36.262597],
            [-83.263286, 36.288487],
            [-83.215591, 36.293492],
            [-83.200991, 36.322192],
            [-83.17689, 36.312093],
            [-83.182491, 36.336192],
            [-83.16259, 36.345292],
            [-83.14579, 36.307894],
            [-83.081726, 36.244752],
            [-83.139484, 36.188893],
            [-83.186186, 36.176295],
            [-83.17551, 36.12667],
            [-83.225193, 36.148593],
            [-83.222966, 36.122607],
            [-83.246186, 36.123194],
            [-83.228453, 36.081353],
            [-83.274501, 36.130794],
            [-83.458695, 36.155289],
            [-83.468697, 36.185388],
            [-83.468297, 36.187288]
          ]
        ]
      }
    },
    {
      "type": "Feature",
      "id": "47073",
      "properties": {
        "county_id": "47073",
        "county_label": "Hawkins County",
        "state_name": "Tennessee",
        "state_fips": "47"
      },
      "geometry": {
        "type": "Polygon",
        "coordinates": [
          [
            [-83.288896, 36.378789],
            [-83.274095, 36.384689],
            [-83.280595, 36.394689],
            [-83.193894, 36.42429],
            [-83.206937, 36.441559],
            [-83.162093, 36.46159],
            [-83.163194, 36.47789],
            [-83.124431, 36.512174],
            [-83.010789, 36.563691],
            [-82.950519, 36.543005],
            [-82.830433, 36.593761],
            [-82.609176, 36.594099],
            [-82.600569, 36.578819],
            [-82.616756, 36.578455],
            [-82.610175, 36.5193],
            [-82.628569, 36.51239],
            [-82.626776, 36.4954],
            [-82.702279, 36.455499],
            [-82.676177, 36.4234],
            [-82.813281, 36.363399],
            [-82.840822, 36.370485],
            [-82.916082, 36.328598],
            [-82.937183, 36.334797],
            [-83.07348, 36.242068],
            [-83.14579, 36.307894],
            [-83.16259, 36.345292],
            [-83.182491, 36.336192],
            [-83.17689, 36.312093],
            [-83.200991, 36.322192],
            [-83.215591, 36.293492],
            [-83.239592, 36.293492],
            [-83.232291, 36.282392],
            [-83.255292, 36.289092],
            [-83.27369, 36.319086],
            [-83.264894, 36.35119],
            [-83.287495, 36.375089],
            [-83.288896, 36.378789]
          ]
        ]
      }
    },
    {
      "type": "Feature",
      "id": "12065",
      "properties": {
        "county_id": "12065",
        "county_label": "Jefferson County",
        "state_name": "Florida",
        "state_fips": "12"
      },
      "geometry": {
        "type": "Polygon",
        "coordinates": [
          [
            [-84.076189, 30.171036],
            [-84.074691, 30.434302],
            [-84.041488, 30.463308],
            [-84.041152, 30.521901],
            [-83.977165, 30.521987],
            [-84.007687, 30.609299],
            [-84.007454, 30.6721003570368],
            [-83.6117200011691, 30.6512579664548],
            [-83.604186, 30.581916],
            [-83.637343, 30.567471],
            [-83.637412, 30.552671],
            [-83.670488, 30.552901],
            [-83.671073, 30.53802],
            [-83.704293, 30.538094],
            [-83.70436, 30.523021],
            [-83.72997, 30.518751],
            [-83.721711, 30.43484],
            [-83.758403, 30.384901],
            [-83.783186, 30.378863],
            [-83.78977, 30.390219],
            [-83.804607, 30.376903],
            [-83.792544, 30.319186],
            [-83.815707, 30.317063],
            [-83.837652, 30.280764],
            [-83.915827, 30.245152],
            [-83.925453, 30.19286],
            [-83.951753, 30.185148],
            [-83.9913855796933, 30.0860221582292],
            [-84.024274, 30.103271],
            [-84.0760425771092, 30.0954641099777],
            [-84.076229, 30.12529],
            [-84.076189, 30.171036]
          ]
        ]
      }
    },
    {
      "type": "Feature",
      "id": "12007",
      "properties": {
        "county_id": "12007",
        "county_label": "Bradford County",
        "state_name": "Florida",
        "state_fips": "12"
      },
      "geometry": {
        "type": "Polygon",
        "coordinates": [
          [
            [-82.418728, 29.923093],
            [-82.358025, 29.933574],
            [-82.342569, 29.961086],
            [-82.307409, 29.956156],
            [-82.259971, 30.02809],
            [-82.225638, 30.034264],
            [-82.17972, 30.071224],
            [-82.169921, 30.099203],
            [-82.142372, 30.116303],
            [-82.142578, 30.143117],
            [-82.049425, 30.143136],
            [-82.049244, 29.71867],
            [-82.060331, 29.750443],
            [-82.088079, 29.760779],
            [-82.078887, 29.775103],
            [-82.117552, 29.790595],
            [-82.133126, 29.835949],
            [-82.241061, 29.852185],
            [-82.281837, 29.844448],
            [-82.336211, 29.878798],
            [-82.397647, 29.886156],
            [-82.416413, 29.922325],
            [-82.418728, 29.923093]
          ]
        ]
      }
    },
    {
      "type": "Feature",
      "id": "48001",
      "properties": {
        "county_id": "48001",
        "county_label": "Anderson County",
        "state_name": "Texas",
        "state_fips": "48"
      },
      "geometry": {
        "type": "Polygon",
        "coordinates": [
          [
            [-96.064804, 31.980664],
            [-96.052786, 32.005895],
            [-95.424107, 32.083892],
            [-95.438496, 32.066019],
            [-95.422174, 32.043818],
            [-95.43864, 32.032617],
            [-95.424106, 32.018893],
            [-95.452859, 31.97654],
            [-95.445588, 31.945858],
            [-95.420338, 31.926645],
            [-95.446747, 31.843116],
            [-95.401038, 31.818675],
            [-95.402125, 31.76159],
            [-95.358239, 31.749253],
            [-95.366187, 31.726753],
            [-95.33521, 31.734735],
            [-95.342483, 31.718032],
            [-95.283208, 31.676247],
            [-95.287866, 31.63292],
            [-95.264882, 31.62427],
            [-95.262, 31.603237],
            [-95.651764, 31.541791],
            [-95.647171, 31.527014],
            [-95.739279, 31.504056],
            [-95.758748, 31.533644],
            [-95.75171, 31.551552],
            [-95.715497, 31.554358],
            [-95.729399, 31.583798],
            [-95.711185, 31.603903],
            [-95.718468, 31.632402],
            [-95.736026, 31.653956],
            [-95.753488, 31.64896],
            [-95.748669, 31.617709],
            [-95.77198, 31.598621],
            [-95.796653, 31.631059],
            [-95.787553, 31.692596],
            [-95.805732, 31.671075],
            [-95.835324, 31.695597],
            [-95.862206, 31.687465],
            [-95.880632, 31.700369],
            [-95.86661, 31.719099],
            [-95.875937, 31.755503],
            [-95.980568, 31.784561],
            [-95.973232, 31.819136],
            [-95.994543, 31.843359],
            [-95.968119, 31.87246],
            [-96.024683, 31.873524],
            [-96.019472, 31.903771],
            [-96.001718, 31.906497],
            [-96.00617, 31.924292],
            [-96.02193, 31.957299],
            [-96.054688, 31.948225],
            [-96.061883, 31.959552],
            [-96.042914, 31.962793],
            [-96.063641, 31.979135],
            [-96.064804, 31.980664]
          ]
        ]
      }
    },
    {
      "type": "Feature",
      "id": "48025",
      "properties": {
        "county_id": "48025",
        "county_label": "Bee County",
        "state_name": "Texas",
        "state_fips": "48"
      },
      "geometry": {
        "type": "Polygon",
        "coordinates": [
          [
            [-98.089764, 28.662979],
            [-97.915106, 28.719648],
            [-97.825312, 28.670341],
            [-97.788002, 28.675832],
            [-97.732125, 28.628833],
            [-97.696572, 28.541537],
            [-97.646595, 28.520928],
            [-97.563024, 28.516408],
            [-97.551369, 28.450441],
            [-97.521886, 28.446876],
            [-97.517853, 28.431972],
            [-97.48521, 28.436391],
            [-97.447238, 28.403248],
            [-97.429271, 28.413018],
            [-97.375579, 28.388684],
            [-97.567622, 28.129683],
            [-97.817716, 28.176848],
            [-97.808774, 28.183415],
            [-98.082555, 28.650797],
            [-98.089764, 28.662979]
          ]
        ]
      }
    },
    {
      "type": "Feature",
      "id": "48401",
      "properties": {
        "county_id": "48401",
        "county_label": "Rusk County",
        "state_name": "Texas",
        "state_fips": "48"
      },
      "geometry": {
        "type": "Polygon",
        "coordinates": [
          [
            [-94.985957, 32.364017],
            [-94.63975, 32.370776],
            [-94.600776, 32.360044],
            [-94.555726, 32.4075],
            [-94.515379, 32.387145],
            [-94.491818, 32.394137],
            [-94.526126, 32.279126],
            [-94.5805, 32.201363],
            [-94.60156, 32.079971],
            [-94.599978, 31.973193],
            [-94.511431, 31.973984],
            [-94.511315, 31.924129],
            [-94.480709, 31.902113],
            [-94.452513, 31.844113],
            [-94.984768, 31.846144],
            [-94.985885, 32.35038],
            [-94.985957, 32.364017]
          ]
        ]
      }
    },
    {
      "type": "Feature",
      "id": "48233",
      "properties": {
        "county_id": "48233",
        "county_label": "Hutchinson County",
        "state_name": "Texas",
        "state_fips": "48"
      },
      "geometry": {
        "type": "Polygon",
        "coordinates": [
          [
            [-101.623466, 36.055405],
            [-101.085728, 36.054066],
            [-101.086068, 35.625267],
            [-101.622831, 35.624057],
            [-101.623435, 36.035255],
            [-101.623466, 36.055405]
          ]
        ]
      }
    },
    {
      "type": "Feature",
      "id": "47033",
      "properties": {
        "county_id": "47033",
        "county_label": "Crockett County",
        "state_name": "Tennessee",
        "state_fips": "47"
      },
      "geometry": {
        "type": "Polygon",
        "coordinates": [
          [
            [-89.361544, 35.823712],
            [-89.342829, 35.880934],
            [-89.280148, 35.886499],
            [-89.198345, 35.970209],
            [-89.187272, 36.000212],
            [-89.178468, 35.982665],
            [-89.135958, 35.967841],
            [-89.129701, 35.899882],
            [-89.109285, 35.862089],
            [-89.021846, 35.854396],
            [-89.00656, 35.832682],
            [-88.967381, 35.832069],
            [-88.892938, 35.783842],
            [-89.021364, 35.670953],
            [-89.116959, 35.69924],
            [-89.189682, 35.742716],
            [-89.271224, 35.754922],
            [-89.342548, 35.792205],
            [-89.361348, 35.822466],
            [-89.361544, 35.823712]
          ]
        ]
      }
    },
    {
      "type": "Feature",
      "id": "47081",
      "properties": {
        "county_id": "47081",
        "county_label": "Hickman County",
        "state_name": "Tennessee",
        "state_fips": "47"
      },
      "geometry": {
        "type": "Polygon",
        "coordinates": [
          [
            [-87.74375, 35.663952],
            [-87.737811, 35.702342],
            [-87.710669, 35.703616],
            [-87.732935, 35.72626],
            [-87.70696, 35.905884],
            [-87.658661, 35.915477],
            [-87.61186, 35.949981],
            [-87.557168, 35.950665],
            [-87.532493, 35.96946],
            [-87.53453, 35.993074],
            [-87.204242, 35.959186],
            [-87.234143, 35.724691],
            [-87.265391, 35.719016],
            [-87.255769, 35.700344],
            [-87.294946, 35.695252],
            [-87.325284, 35.657768],
            [-87.357379, 35.659514],
            [-87.459587, 35.615124],
            [-87.549164, 35.630228],
            [-87.586867, 35.653304],
            [-87.623391, 35.632744],
            [-87.618123, 35.619428],
            [-87.660235, 35.608937],
            [-87.743122, 35.663436],
            [-87.74375, 35.663952]
          ]
        ]
      }
    },
    {
      "type": "Feature",
      "id": "47093",
      "properties": {
        "county_id": "47093",
        "county_label": "Knox County",
        "state_name": "Tennessee",
        "state_fips": "47"
      },
      "geometry": {
        "type": "Polygon",
        "coordinates": [
          [
            [-84.27347, 35.939278],
            [-84.237583, 35.929646],
            [-84.24536, 35.953134],
            [-84.215902, 35.946382],
            [-84.215759, 35.97331],
            [-84.192287, 35.995488],
            [-84.147212, 35.987327],
            [-84.076618, 36.02],
            [-84.058585, 36.036304],
            [-84.092759, 36.073724],
            [-83.944413, 36.186379],
            [-83.905169, 36.160906],
            [-83.732704, 36.164583],
            [-83.723703, 36.137483],
            [-83.691436, 36.121971],
            [-83.699405, 36.109469],
            [-83.667026, 36.086238],
            [-83.71029, 36.089061],
            [-83.694599, 36.058249],
            [-83.671169, 36.053105],
            [-83.677274, 36.025592],
            [-83.654605, 35.971937],
            [-83.687073, 35.949335],
            [-83.683965, 35.936692],
            [-83.693364, 35.9447],
            [-83.767242, 35.911862],
            [-83.853457, 35.841138],
            [-83.907542, 35.846626],
            [-83.945915, 35.876287],
            [-83.97461, 35.863054],
            [-83.995816, 35.884087],
            [-84.02875, 35.875082],
            [-84.010427, 35.864061],
            [-84.009845, 35.843706],
            [-84.047509, 35.852286],
            [-84.054959, 35.827578],
            [-84.078959, 35.85079],
            [-84.122466, 35.830873],
            [-84.122981, 35.844395],
            [-84.145659, 35.849586],
            [-84.137199, 35.807585],
            [-84.155339, 35.794083],
            [-84.268393, 35.902563],
            [-84.252675, 35.920386],
            [-84.272889, 35.936694],
            [-84.27347, 35.939278]
          ]
        ]
      }
    },
    {
      "type": "Feature",
      "id": "47013",
      "properties": {
        "county_id": "47013",
        "county_label": "Campbell County",
        "state_name": "Tennessee",
        "state_fips": "47"
      },
      "geometry": {
        "type": "Polygon",
        "coordinates": [
          [
            [-84.375633, 36.255679],
            [-84.329927, 36.284686],
            [-84.334433, 36.388079],
            [-84.312086, 36.384573],
            [-84.344701, 36.415677],
            [-84.355414, 36.459636],
            [-84.340564, 36.466174],
            [-84.330434, 36.50948],
            [-84.259593, 36.513985],
            [-84.249231, 36.564684],
            [-84.263833, 36.56718],
            [-84.261333, 36.591981],
            [-83.9876109506828, 36.5895922860725],
            [-83.922618, 36.427779],
            [-83.899796, 36.42315],
            [-83.902717, 36.405379],
            [-83.924417, 36.387379],
            [-83.952419, 36.399978],
            [-83.981016, 36.284978],
            [-84.018418, 36.271078],
            [-84.035819, 36.301278],
            [-84.057619, 36.249078],
            [-84.07492, 36.250078],
            [-84.073718, 36.227878],
            [-84.227527, 36.244879],
            [-84.229225, 36.183878],
            [-84.241925, 36.177678],
            [-84.299929, 36.220878],
            [-84.33073, 36.208078],
            [-84.370632, 36.214978],
            [-84.376533, 36.252279],
            [-84.375633, 36.255679]
          ]
        ]
      }
    },
    {
      "type": "Feature",
      "id": "47181",
      "properties": {
        "county_id": "47181",
        "county_label": "Wayne County",
        "state_name": "Tennessee",
        "state_fips": "47"
      },
      "geometry": {
        "type": "Polygon",
        "coordinates": [
          [
            [-88.024741, 35.392307],
            [-87.97486, 35.40197],
            [-87.978042, 35.416319],
            [-88.012618, 35.426585],
            [-87.973806, 35.460199],
            [-87.864865, 35.475976],
            [-87.847483, 35.465221],
            [-87.745489, 35.491782],
            [-87.645896, 35.472745],
            [-87.646485, 35.442071],
            [-87.607276, 35.436176],
            [-87.597164, 35.411723],
            [-87.575205, 35.406308],
            [-87.572654, 35.190451],
            [-87.590376, 35.142756],
            [-87.588833, 35.058431],
            [-87.57275, 35.049051],
            [-87.578649, 35.03487],
            [-87.605733, 35.035865],
            [-87.606178379167, 35.0036420906069],
            [-87.9849162019114, 35.005880673227],
            [-87.981585, 35.295678],
            [-88.017443, 35.299988],
            [-88.004872, 35.350912],
            [-88.024739, 35.389652],
            [-88.024741, 35.392307]
          ]
        ]
      }
    },
    {
      "type": "Feature",
      "id": "47057",
      "properties": {
        "county_id": "47057",
        "county_label": "Grainger County",
        "state_name": "Tennessee",
        "state_fips": "47"
      },
      "geometry": {
        "type": "Polygon",
        "coordinates": [
          [
            [-83.732704, 36.164583],
            [-83.714704, 36.173783],
            [-83.729805, 36.186682],
            [-83.700205, 36.207583],
            [-83.702739, 36.272837],
            [-83.667408, 36.344381],
            [-83.661107, 36.332482],
            [-83.635107, 36.337183],
            [-83.564805, 36.372584],
            [-83.536172, 36.352485],
            [-83.508603, 36.372985],
            [-83.494803, 36.363286],
            [-83.495803, 36.379285],
            [-83.455902, 36.371886],
            [-83.459011, 36.401452],
            [-83.415357, 36.42063],
            [-83.389443, 36.408162],
            [-83.352299, 36.419687],
            [-83.274095, 36.384689],
            [-83.288896, 36.378789],
            [-83.264894, 36.35119],
            [-83.27369, 36.319086],
            [-83.255292, 36.289092],
            [-83.280357, 36.262597],
            [-83.29487, 36.277997],
            [-83.308072, 36.268484],
            [-83.328977, 36.296149],
            [-83.411297, 36.247289],
            [-83.424397, 36.212789],
            [-83.447398, 36.219889],
            [-83.447197, 36.192589],
            [-83.471197, 36.172288],
            [-83.518896, 36.178186],
            [-83.528262, 36.162559],
            [-83.5651, 36.191686],
            [-83.564399, 36.166486],
            [-83.58224, 36.167591],
            [-83.58421, 36.154135],
            [-83.597766, 36.164182],
            [-83.607259, 36.130407],
            [-83.637201, 36.144385],
            [-83.631073, 36.100236],
            [-83.65158, 36.099978],
            [-83.651522, 36.125151],
            [-83.674237, 36.125008],
            [-83.665378, 36.080864],
            [-83.731538, 36.161028],
            [-83.732704, 36.164583]
          ]
        ]
      }
    },
    {
      "type": "Feature",
      "id": "47019",
      "properties": {
        "county_id": "47019",
        "county_label": "Carter County",
        "state_name": "Tennessee",
        "state_fips": "47"
      },
      "geometry": {
        "type": "Polygon",
        "coordinates": [
          [
            [-82.342282, 36.263977],
            [-82.299859, 36.396505],
            [-82.242255, 36.421949],
            [-82.188053, 36.400608],
            [-82.099049, 36.45901],
            [-81.999086, 36.491954],
            [-81.986944, 36.510614],
            [-81.94984, 36.472385],
            [-82.058946, 36.367415],
            [-82.036523, 36.356959],
            [-82.030543, 36.333817],
            [-81.99676, 36.32972],
            [-81.982555, 36.288178],
            [-81.9515, 36.261763],
            [-81.933019683861, 36.2648426504234],
            [-82.033141, 36.120422],
            [-82.127146, 36.104417],
            [-82.147948, 36.149516],
            [-82.176849, 36.142214],
            [-82.222052, 36.156911],
            [-82.228953, 36.19051],
            [-82.267955, 36.210109],
            [-82.256356, 36.233208],
            [-82.341535, 36.261353],
            [-82.342282, 36.263977]
          ]
        ]
      }
    },
    {
      "type": "Feature",
      "id": "12029",
      "properties": {
        "county_id": "12029",
        "county_label": "Dixie County",
        "state_name": "Florida",
        "state_fips": "12"
      },
      "geometry": {
        "type": "MultiPolygon",
        "coordinates": [
          [
            [
              [-82.918708, 29.824083],
              [-82.903956, 29.824294],
              [-82.907862, 29.821843],
              [-82.909496, 29.821183],
              [-82.91231, 29.820766],
              [-82.913241, 29.821001],
              [-82.916827, 29.823524],
              [-82.918708, 29.824083]
            ]
          ],
          [
            [
              [-83.414774, 29.663559],
              [-83.363207, 29.668238],
              [-83.345676, 29.74349],
              [-83.319462, 29.778328],
              [-83.318859, 29.822623],
              [-82.920608, 29.824143],
              [-82.935524, 29.807033],
              [-82.91984, 29.795714],
              [-82.949677, 29.757921],
              [-82.943183, 29.717567],
              [-82.956303, 29.72058],
              [-82.937199, 29.70272],
              [-82.957376, 29.700496],
              [-82.951819, 29.659814],
              [-82.973054, 29.624281],
              [-82.954879, 29.585605],
              [-82.937096, 29.588255],
              [-82.947901, 29.557531],
              [-82.977347, 29.539893],
              [-82.984923, 29.469077],
              [-83.021184, 29.431196],
              [-83.023897, 29.397726],
              [-83.064654, 29.373979],
              [-83.072051, 29.353862],
              [-83.060528, 29.349457],
              [-83.112947, 29.318141],
              [-83.142026, 29.322592],
              [-83.164817, 29.289161],
              [-83.174604, 29.307116],
              [-83.156174, 29.324861],
              [-83.202508, 29.371293],
              [-83.218075, 29.420492],
              [-83.293718, 29.437019],
              [-83.31438, 29.47508],
              [-83.400252, 29.517242],
              [-83.411712, 29.657041],
              [-83.414774, 29.663559]
            ]
          ]
        ]
      }
    },
    {
      "type": "Feature",
      "id": "36043",
      "properties": {
        "county_id": "36043",
        "county_label": "Herkimer County",
        "state_name": "New York",
        "state_fips": "36"
      },
      "geometry": {
        "type": "Polygon",
        "coordinates": [
          [
            [-75.219106, 43.052469],
            [-75.182334, 43.075303],
            [-75.18553, 43.088445],
            [-75.069165, 43.227333],
            [-75.162432, 43.261282],
            [-75.14818, 43.304828],
            [-75.120295, 43.304165],
            [-75.076581, 43.330705],
            [-75.170159, 44.096959],
            [-75.062779, 44.0504],
            [-74.854171, 44.070089],
            [-74.775617, 43.486677],
            [-74.867712, 43.339826],
            [-74.712615, 43.286143],
            [-74.696213, 43.179905],
            [-74.71759, 43.165289],
            [-74.708088, 43.149671],
            [-74.734997, 43.143436],
            [-74.728444, 43.125168],
            [-74.77015, 43.112505],
            [-74.774199, 43.078472],
            [-74.740237, 43.014483],
            [-74.763303, 42.863237],
            [-74.878822, 42.898274],
            [-74.906738, 42.824943],
            [-75.100999, 42.908363],
            [-75.13987, 42.85976],
            [-75.210666, 42.856957],
            [-75.201444, 42.880664],
            [-75.217984, 43.043495],
            [-75.219106, 43.052469]
          ]
        ]
      }
    },
    {
      "type": "Feature",
      "id": "12001",
      "properties": {
        "county_id": "12001",
        "county_label": "Alachua County",
        "state_name": "Florida",
        "state_fips": "12"
      },
      "geometry": {
        "type": "Polygon",
        "coordinates": [
          [
            [-82.658554, 29.830144],
            [-82.641377, 29.827423],
            [-82.619739, 29.859111],
            [-82.586485, 29.866702],
            [-82.578266, 29.915845],
            [-82.510972, 29.945207],
            [-82.412983, 29.922238],
            [-82.397647, 29.886156],
            [-82.336211, 29.878798],
            [-82.281837, 29.844448],
            [-82.241061, 29.852185],
            [-82.133126, 29.835949],
            [-82.117552, 29.790595],
            [-82.078887, 29.775103],
            [-82.088079, 29.760779],
            [-82.057931, 29.747822],
            [-82.049052, 29.713368],
            [-82.055643, 29.441847],
            [-82.080943, 29.440386],
            [-82.095629, 29.420499],
            [-82.101143, 29.438313],
            [-82.135466, 29.434667],
            [-82.148519, 29.417178],
            [-82.200079, 29.422761],
            [-82.217722, 29.457095],
            [-82.188116, 29.456911],
            [-82.211449, 29.484067],
            [-82.556766, 29.480055],
            [-82.55703, 29.537362],
            [-82.656331, 29.53562],
            [-82.658128, 29.828068],
            [-82.658554, 29.830144]
          ]
        ]
      }
    },
    {
      "type": "Feature",
      "id": "12083",
      "properties": {
        "county_id": "12083",
        "county_label": "Marion County",
        "state_name": "Florida",
        "state_fips": "12"
      },
      "geometry": {
        "type": "Polygon",
        "coordinates": [
          [
            [-82.535916, 29.126665],
            [-82.53486, 29.21468],
            [-82.403237, 29.215623],
            [-82.40662, 29.485048],
            [-82.211449, 29.484067],
            [-82.188116, 29.456911],
            [-82.212727, 29.465623],
            [-82.209725, 29.428232],
            [-82.148519, 29.417178],
            [-82.135466, 29.434667],
            [-82.101143, 29.438313],
            [-82.099886, 29.418664],
            [-82.080943, 29.440386],
            [-82.056747, 29.439951],
            [-82.055899, 29.471232],
            [-82.026295, 29.494739],
            [-81.844929, 29.521678],
            [-81.842779, 29.486533],
            [-81.776205, 29.487448],
            [-81.774905, 29.429249],
            [-81.74183, 29.42994],
            [-81.741422, 29.371049],
            [-81.668525, 29.371704],
            [-81.656413, 29.337825],
            [-81.680903, 29.32443],
            [-81.641916, 29.276766],
            [-81.638696, 29.04776],
            [-81.659197, 29.04776],
            [-81.658698, 28.960345],
            [-82.311697, 28.960391],
            [-82.458911, 29.047651],
            [-82.534922, 29.040866],
            [-82.535913, 29.126516],
            [-82.535916, 29.126665]
          ]
        ]
      }
    },
    {
      "type": "Feature",
      "id": "48391",
      "properties": {
        "county_id": "48391",
        "county_label": "Refugio County",
        "state_name": "Texas",
        "state_fips": "48"
      },
      "geometry": {
        "type": "Polygon",
        "coordinates": [
          [
            [-97.540851, 28.164963],
            [-97.375268, 28.389116],
            [-97.160751, 28.553475],
            [-97.104605, 28.554821],
            [-97.086086, 28.532561],
            [-97.044762, 28.549826],
            [-97.051467, 28.535124],
            [-97.024812, 28.539072],
            [-97.022681, 28.517125],
            [-96.915284, 28.485797],
            [-96.902831, 28.509018],
            [-96.883034, 28.5055],
            [-96.813494, 28.430261],
            [-96.7842032768908, 28.4468223251528],
            [-96.764638, 28.425502],
            [-96.780948, 28.401118],
            [-96.83811, 28.432788],
            [-96.85962, 28.413348],
            [-96.7945, 28.364634],
            [-96.7905346464136, 28.3192330118032],
            [-97.12396, 28.27231],
            [-97.102162, 28.22649],
            [-97.0175433562033, 28.2028650363719],
            [-97.169185, 28.130512],
            [-97.234426, 28.062458],
            [-97.283311, 28.090622],
            [-97.290286, 28.114796],
            [-97.316044, 28.109352],
            [-97.318406, 28.137554],
            [-97.327183, 28.11874],
            [-97.37763, 28.138829],
            [-97.384469, 28.124109],
            [-97.403304, 28.130711],
            [-97.403932, 28.109003],
            [-97.435181, 28.129417],
            [-97.422259, 28.142305],
            [-97.44645, 28.132793],
            [-97.44192, 28.153522],
            [-97.471882, 28.155003],
            [-97.474137, 28.178758],
            [-97.521211, 28.151341],
            [-97.541071, 28.164669],
            [-97.540851, 28.164963]
          ]
        ]
      }
    },
    {
      "type": "Feature",
      "id": "48161",
      "properties": {
        "county_id": "48161",
        "county_label": "Freestone County",
        "state_name": "Texas",
        "state_fips": "48"
      },
      "geometry": {
        "type": "Polygon",
        "coordinates": [
          [
            [-96.495293, 31.79691],
            [-96.05478, 32.012526],
            [-96.048953, 31.997591],
            [-96.064804, 31.980664],
            [-96.042914, 31.962793],
            [-96.061908, 31.955437],
            [-96.041451, 31.944927],
            [-96.02193, 31.957299],
            [-96.001401, 31.908169],
            [-96.013579, 31.911114],
            [-96.027622, 31.877875],
            [-95.968119, 31.87246],
            [-95.994543, 31.843359],
            [-95.973232, 31.819136],
            [-95.983574, 31.788002],
            [-95.897965, 31.766963],
            [-95.900079, 31.752132],
            [-95.875937, 31.755503],
            [-95.86661, 31.719099],
            [-95.880632, 31.700369],
            [-95.862206, 31.687465],
            [-95.835324, 31.695597],
            [-95.805732, 31.671075],
            [-95.787553, 31.692596],
            [-95.7873, 31.618385],
            [-96.236629, 31.413392],
            [-96.496713, 31.796191],
            [-96.495293, 31.79691]
          ]
        ]
      }
    },
    {
      "type": "Feature",
      "id": "48403",
      "properties": {
        "county_id": "48403",
        "county_label": "Sabine County",
        "state_name": "Texas",
        "state_fips": "48"
      },
      "geometry": {
        "type": "Polygon",
        "coordinates": [
          [
            [-94.048684, 31.151469],
            [-94.029124, 31.251401],
            [-94.047265, 31.298544],
            [-94.021741, 31.366995],
            [-94.044154, 31.409979],
            [-93.983239, 31.466114],
            [-93.984461, 31.569419],
            [-93.899218, 31.61171],
            [-93.834924, 31.586211],
            [-93.787687, 31.527344],
            [-93.747737, 31.53069],
            [-93.742196, 31.515469],
            [-93.711581, 31.512789],
            [-93.751851, 31.483117],
            [-93.749476, 31.46869],
            [-93.703934, 31.455493],
            [-93.708937, 31.441706],
            [-93.692526, 31.438201],
            [-93.704879, 31.410881],
            [-93.674117, 31.397681],
            [-93.670108, 31.3657],
            [-93.639257, 31.371535],
            [-93.668439, 31.353012],
            [-93.68688, 31.305166],
            [-93.641472, 31.269936],
            [-93.620343, 31.271025],
            [-93.617984, 31.232501],
            [-93.595045, 31.221044],
            [-93.607288, 31.205403],
            [-93.600308, 31.176158],
            [-93.911126, 31.158071],
            [-94.039034, 31.134271],
            [-94.048926, 31.148828],
            [-94.048684, 31.151469]
          ]
        ]
      }
    },
    {
      "type": "Feature",
      "id": "36019",
      "properties": {
        "county_id": "36019",
        "county_label": "Clinton County",
        "state_name": "New York",
        "state_fips": "36"
      },
      "geometry": {
        "type": "Polygon",
        "coordinates": [
          [
            [-74.0273915898679, 44.9957655091112],
            [-73.343124, 45.01084],
            [-73.354633, 44.987352],
            [-73.338243, 44.96475],
            [-73.338979, 44.917681],
            [-73.381359, 44.845021],
            [-73.333154, 44.788759],
            [-73.365561, 44.741786],
            [-73.361308, 44.694523],
            [-73.390231, 44.618353],
            [-73.374389, 44.575455],
            [-73.33863, 44.546844],
            [-73.463838, 44.537681],
            [-73.45965, 44.520046],
            [-73.496604, 44.486081],
            [-73.524413, 44.493241],
            [-73.571307, 44.465332],
            [-73.674479, 44.440649],
            [-73.909687, 44.429699],
            [-73.966148, 44.709118],
            [-73.986382, 44.707773],
            [-74.021613, 44.961624],
            [-74.0273915898679, 44.9957655091112]
          ]
        ]
      }
    },
    {
      "type": "Feature",
      "id": "48457",
      "properties": {
        "county_id": "48457",
        "county_label": "Tyler County",
        "state_name": "Texas",
        "state_fips": "48"
      },
      "geometry": {
        "type": "Polygon",
        "coordinates": [
          [
            [-94.656638, 31.012665],
            [-94.547491, 31.059126],
            [-94.473218, 31.026393],
            [-94.444212, 31.034037],
            [-94.451127, 31.003445],
            [-94.353782, 31.039371],
            [-94.325084, 31.019968],
            [-94.29319, 31.04282],
            [-94.279926, 31.017692],
            [-94.238424, 31.013705],
            [-94.245013, 30.96676],
            [-94.19953, 30.928042],
            [-94.215928, 30.901533],
            [-94.189945, 30.872001],
            [-94.200963, 30.863533],
            [-94.18014, 30.833971],
            [-94.180235, 30.795648],
            [-94.150119, 30.790203],
            [-94.132823, 30.764612],
            [-94.125824, 30.684052],
            [-94.091348, 30.688181],
            [-94.085921, 30.656779],
            [-94.073879, 30.667643],
            [-94.053078, 30.648482],
            [-94.095864, 30.576781],
            [-94.070092, 30.526624],
            [-94.545717, 30.526977],
            [-94.657992, 31.012007],
            [-94.656638, 31.012665]
          ]
        ]
      }
    },
    {
      "type": "Feature",
      "id": "48167",
      "properties": {
        "county_id": "48167",
        "county_label": "Galveston County",
        "state_name": "Texas",
        "state_fips": "48"
      },
      "geometry": {
        "type": "MultiPolygon",
        "coordinates": [
          [
            [
              [-94.78337, 29.377482],
              [-94.766495, 29.407613],
              [-94.703509, 29.436493],
              [-94.676654, 29.473479],
              [-94.606562, 29.482786],
              [-94.568973, 29.53018],
              [-94.493282, 29.513569],
              [-94.472272380685, 29.5570131939879],
              [-94.417825, 29.56928],
              [-94.405958, 29.598241],
              [-94.371622, 29.597247],
              [-94.3708230339094, 29.5562445220171],
              [-94.654825, 29.440103],
              [-94.733413, 29.36799],
              [-94.778691, 29.361483],
              [-94.784439, 29.375721],
              [-94.78337, 29.377482]
            ]
          ],
          [
            [
              [-94.823264, 29.323918],
              [-94.810522, 29.352129],
              [-94.781204, 29.332472],
              [-94.793436, 29.314074],
              [-94.823146, 29.316561],
              [-94.823264, 29.323918]
            ]
          ],
          [
            [
              [-94.825908, 29.352648],
              [-94.825232, 29.353795],
              [-94.824328, 29.353902],
              [-94.82097, 29.352668],
              [-94.820212, 29.351562],
              [-94.819946, 29.350169],
              [-94.820581, 29.349083],
              [-94.821872, 29.348448],
              [-94.824248, 29.348919],
              [-94.82601, 29.351726],
              [-94.825908, 29.352648]
            ]
          ],
          [
            [
              [-94.915128, 29.273446],
              [-94.913107, 29.275001],
              [-94.909186, 29.273964],
              [-94.90871, 29.271891],
              [-94.909186, 29.269818],
              [-94.911444, 29.268781],
              [-94.91382, 29.269922],
              [-94.915128, 29.273446]
            ]
          ],
          [
            [
              [-94.928676, 29.287034],
              [-94.922707, 29.28844],
              [-94.919664, 29.286816],
              [-94.9209536208745, 29.2840753425047],
              [-94.921933, 29.281994],
              [-94.924391, 29.281615],
              [-94.9275179007602, 29.2839822774133],
              [-94.928989, 29.285096],
              [-94.928676, 29.287034]
            ]
          ],
          [
            [
              [-95.1222523448321, 29.0887514449895],
              [-94.874366, 29.289927],
              [-94.789038, 29.311898],
              [-94.766568, 29.337344],
              [-94.726172, 29.332517],
              [-95.122265, 29.088551],
              [-95.1222523448321, 29.0887514449895]
            ]
          ],
          [
            [
              [-95.232338, 29.469719],
              [-95.213606, 29.558453],
              [-95.193154, 29.559518],
              [-95.199453, 29.544528],
              [-95.160724, 29.49749],
              [-95.10547, 29.510328],
              [-95.096176, 29.535092],
              [-95.049883, 29.558477],
              [-94.98201, 29.513165],
              [-94.909465, 29.496838],
              [-94.925427, 29.470868],
              [-94.935568, 29.481183],
              [-94.951849, 29.467527],
              [-94.892027, 29.433681],
              [-94.889815, 29.378196],
              [-94.864366, 29.370511],
              [-94.906596, 29.35598],
              [-94.900035, 29.302364],
              [-94.91834, 29.293222],
              [-94.928847, 29.298361],
              [-94.907279, 29.308845],
              [-94.941977, 29.313478],
              [-95.0570919119968, 29.2005222228872],
              [-95.233081, 29.465566],
              [-95.232338, 29.469719]
            ]
          ]
        ]
      }
    },
    {
      "type": "Feature",
      "id": "48139",
      "properties": {
        "county_id": "48139",
        "county_label": "Ellis County",
        "state_name": "Texas",
        "state_fips": "48"
      },
      "geometry": {
        "type": "Polygon",
        "coordinates": [
          [
            [-97.087059, 32.36528],
            [-97.087054, 32.549263],
            [-96.529412, 32.545277],
            [-96.503287, 32.526563],
            [-96.513286, 32.512143],
            [-96.498216, 32.453729],
            [-96.434278, 32.410853],
            [-96.451453, 32.344679],
            [-96.38291, 32.328929],
            [-96.940656, 32.052087],
            [-97.087043, 32.266824],
            [-97.087056, 32.36187],
            [-97.087059, 32.36528]
          ]
        ]
      }
    },
    {
      "type": "Feature",
      "id": "48491",
      "properties": {
        "county_id": "48491",
        "county_label": "Williamson County",
        "state_name": "Texas",
        "state_fips": "48"
      },
      "geometry": {
        "type": "Polygon",
        "coordinates": [
          [
            [-98.049886, 30.624155],
            [-97.96286, 30.785641],
            [-97.8281, 30.904414],
            [-97.624051, 30.870004],
            [-97.269949, 30.735362],
            [-97.155219, 30.457344],
            [-97.334463, 30.402843],
            [-97.434113, 30.459719],
            [-97.510862, 30.485265],
            [-97.550068, 30.476483],
            [-97.572076, 30.500257],
            [-97.651441, 30.474894],
            [-97.682893, 30.480066],
            [-97.688784, 30.461401],
            [-97.77634, 30.429768],
            [-97.846541, 30.47341],
            [-97.871416, 30.522714],
            [-97.867866, 30.546499],
            [-97.902456, 30.571328],
            [-97.926985, 30.567654],
            [-97.917063, 30.604871],
            [-97.956734, 30.628249],
            [-97.9924, 30.609494],
            [-98.006276, 30.627516],
            [-98.040294, 30.618204],
            [-98.049886, 30.624155]
          ]
        ]
      }
    },
    {
      "type": "Feature",
      "id": "48061",
      "properties": {
        "county_id": "48061",
        "county_label": "Cameron County",
        "state_name": "Texas",
        "state_fips": "48"
      },
      "geometry": {
        "type": "MultiPolygon",
        "coordinates": [
          [
            [
              [-97.2404693981065, 26.411187847471],
              [-97.2249460830257, 26.4112025299087],
              [-97.201648, 26.324949],
              [-97.153712, 26.067582],
              [-97.169317, 26.077714],
              [-97.19731, 26.278009],
              [-97.241512, 26.408334],
              [-97.2404693981065, 26.411187847471]
            ]
          ],
          [
            [
              [-97.862167, 26.061112],
              [-97.861875, 26.348156],
              [-97.527582, 26.299304],
              [-97.521306, 26.325837],
              [-97.500824, 26.318852],
              [-97.507656, 26.334724],
              [-97.469745, 26.329885],
              [-97.467876, 26.342902],
              [-97.445383, 26.325819],
              [-97.430051, 26.364337],
              [-97.382259, 26.410937],
              [-97.3487421850313, 26.4110407453481],
              [-97.2812, 26.280513],
              [-97.286191, 26.267513],
              [-97.30984, 26.288291],
              [-97.324339, 26.277316],
              [-97.299858, 26.267406],
              [-97.316733, 26.224025],
              [-97.297243, 26.203341],
              [-97.303635, 26.166219],
              [-97.282753, 26.11909],
              [-97.293015, 26.130192],
              [-97.312538, 26.120344],
              [-97.269422, 26.086082],
              [-97.189693, 26.071582],
              [-97.195675, 26.046559],
              [-97.149662, 26.064136],
              [-97.147277, 25.953324],
              [-97.175263, 25.965503],
              [-97.24701, 25.948234],
              [-97.284446, 25.959156],
              [-97.277163, 25.935438],
              [-97.303029, 25.936999],
              [-97.326003, 25.917689],
              [-97.348274, 25.931143],
              [-97.375118, 25.907196],
              [-97.356629, 25.887681],
              [-97.374036, 25.879764],
              [-97.358573, 25.878129],
              [-97.37618, 25.855733],
              [-97.3641, 25.850034],
              [-97.394513, 25.837377],
              [-97.406987, 25.838851],
              [-97.408417, 25.861963],
              [-97.412657, 25.841175],
              [-97.452663, 25.853734],
              [-97.455718, 25.883997],
              [-97.496687, 25.87968],
              [-97.498886, 25.898722],
              [-97.521762, 25.886458],
              [-97.530182, 25.919854],
              [-97.552483, 25.937036],
              [-97.582338, 25.932683],
              [-97.567646, 25.95183],
              [-97.577941, 25.942865],
              [-97.582373, 25.962469],
              [-97.602149, 25.957381],
              [-97.634436, 25.990268],
              [-97.617668, 26.001077],
              [-97.649562, 26.011324],
              [-97.639042, 26.02297],
              [-97.668268, 26.019756],
              [-97.662728, 26.038078],
              [-97.693888, 26.031304],
              [-97.691369, 26.01899],
              [-97.706552, 26.037499],
              [-97.735745, 26.021611],
              [-97.763807, 26.02733],
              [-97.768975, 26.047501],
              [-97.776194, 26.030064],
              [-97.792326, 26.034168],
              [-97.801317, 26.060161],
              [-97.812878, 26.044322],
              [-97.817223, 26.056113],
              [-97.86139, 26.054184],
              [-97.862167, 26.061112]
            ]
          ]
        ]
      }
    },
    {
      "type": "Feature",
      "id": "48349",
      "properties": {
        "county_id": "48349",
        "county_label": "Navarro County",
        "state_name": "Texas",
        "state_fips": "48"
      },
      "geometry": {
        "type": "Polygon",
        "coordinates": [
          [
            [-96.870765, 32.086564],
            [-96.38291, 32.328929],
            [-96.29868, 32.301156],
            [-96.28507, 32.254592],
            [-96.234251, 32.250399],
            [-96.193685, 32.204221],
            [-96.146799, 32.211937],
            [-96.17584, 32.168241],
            [-96.104429, 32.152656],
            [-96.117827, 32.094977],
            [-96.105364, 32.075337],
            [-96.06601, 32.085812],
            [-96.05478, 32.012526],
            [-96.496713, 31.796191],
            [-96.719114, 31.814887],
            [-96.896209, 32.073977],
            [-96.870765, 32.086564]
          ]
        ]
      }
    },
    {
      "type": "Feature",
      "id": "12103",
      "properties": {
        "county_id": "12103",
        "county_label": "Pinellas County",
        "state_name": "Florida",
        "state_fips": "12"
      },
      "geometry": {
        "type": "MultiPolygon",
        "coordinates": [
          [
            [
              [-82.69547, 27.665486],
              [-82.693907, 27.668738],
              [-82.687888, 27.668012],
              [-82.685555, 27.664742],
              [-82.687219, 27.662637],
              [-82.691201, 27.662837],
              [-82.695062, 27.661584],
              [-82.69547, 27.665486]
            ]
          ],
          [
            [
              [-82.8430428503104, 28.1211934661377],
              [-82.832237, 28.129057],
              [-82.832405, 28.106716],
              [-82.843374, 28.119538],
              [-82.8430428503104, 28.1211934661377]
            ]
          ],
          [
            [
              [-82.8480484540197, 28.1717169638104],
              [-82.844579, 28.17171],
              [-82.8430268926063, 28.1717337038355],
              [-82.840401, 28.166864],
              [-82.842651, 28.163849],
              [-82.846601, 28.165307],
              [-82.8480484540197, 28.1717169638104]
            ]
          ],
          [
            [
              [-82.852168, 27.885972],
              [-82.818497, 28.048696],
              [-82.80487, 27.965983],
              [-82.786064, 28.047945],
              [-82.834105, 28.063764],
              [-82.836244, 28.091864],
              [-82.825553, 28.063735],
              [-82.800354, 28.052647],
              [-82.783479, 28.052647],
              [-82.779201, 28.072782],
              [-82.778313, 28.121585],
              [-82.800882, 28.17091],
              [-82.651165, 28.173266],
              [-82.6485277932049, 28.0181267990881],
              [-82.663556, 27.99987],
              [-82.665352, 28.028103],
              [-82.690071, 28.027473],
              [-82.675572, 28.005442],
              [-82.725855, 27.93622],
              [-82.629653, 27.906965],
              [-82.638257, 27.892904],
              [-82.596394, 27.864081],
              [-82.587625, 27.81901],
              [-82.62242, 27.789194],
              [-82.63982, 27.703907],
              [-82.713363, 27.703679],
              [-82.723693, 27.662357],
              [-82.70796, 27.630129],
              [-82.698203, 27.637786],
              [-82.734653, 27.611854],
              [-82.740323, 27.718206],
              [-82.828561, 27.822254],
              [-82.8512752862242, 27.8759685044889],
              [-82.852168, 27.885972]
            ]
          ]
        ]
      }
    },
    {
      "type": "Feature",
      "id": "12041",
      "properties": {
        "county_id": "12041",
        "county_label": "Gilchrist County",
        "state_name": "Florida",
        "state_fips": "12"
      },
      "geometry": {
        "type": "Polygon",
        "coordinates": [
          [
            [-82.973054, 29.624281],
            [-82.951819, 29.659814],
            [-82.957376, 29.700496],
            [-82.937199, 29.70272],
            [-82.956462, 29.717886],
            [-82.943183, 29.717567],
            [-82.94777, 29.765403],
            [-82.91984, 29.795714],
            [-82.935355, 29.809455],
            [-82.893371, 29.826839],
            [-82.863266, 29.91105],
            [-82.831473, 29.912808],
            [-82.808508, 29.933079],
            [-82.769861, 29.927813],
            [-82.769301, 29.897714],
            [-82.732941, 29.85647],
            [-82.658554, 29.830144],
            [-82.656301, 29.564811],
            [-82.756458, 29.562467],
            [-82.77291, 29.584879],
            [-82.856612, 29.591315],
            [-82.952162, 29.584474],
            [-82.972431, 29.621494],
            [-82.973054, 29.624281]
          ]
        ]
      }
    },
    {
      "type": "Feature",
      "id": "12033",
      "properties": {
        "county_id": "12033",
        "county_label": "Escambia County",
        "state_name": "Florida",
        "state_fips": "12"
      },
      "geometry": {
        "type": "Polygon",
        "coordinates": [
          [
            [-87.6348442887865, 30.866109347267],
            [-87.592055, 30.951492],
            [-87.598928, 30.997457],
            [-87.1636472414627, 30.9990236362357],
            [-87.213203, 30.962034],
            [-87.24183, 30.96141],
            [-87.255998, 30.931186],
            [-87.286882, 30.925441],
            [-87.284486, 30.887986],
            [-87.313908, 30.848708],
            [-87.292766, 30.811283],
            [-87.31268, 30.785521],
            [-87.299614, 30.766108],
            [-87.312409, 30.73477],
            [-87.269407, 30.711687],
            [-87.259508, 30.612049],
            [-87.209715, 30.555266],
            [-87.159333, 30.539257],
            [-87.121451, 30.497419],
            [-87.151906, 30.412598],
            [-87.233284, 30.370331],
            [-87.231429, 30.343309],
            [-87.179021, 30.33593],
            [-86.918937, 30.386514],
            [-86.9188716905368, 30.3709250843817],
            [-87.20601, 30.321469],
            [-87.270896, 30.31675],
            [-87.3012, 30.33029],
            [-87.518324, 30.280435],
            [-87.452378, 30.300201],
            [-87.450078, 30.3111],
            [-87.50278, 30.307301],
            [-87.504701, 30.324039],
            [-87.459978, 30.3363],
            [-87.429578, 30.406498],
            [-87.366591, 30.436648],
            [-87.425078, 30.465596],
            [-87.447702, 30.510458],
            [-87.397308, 30.608728],
            [-87.396177, 30.650454],
            [-87.406958, 30.675165],
            [-87.532607, 30.743489],
            [-87.545044, 30.778666],
            [-87.634938, 30.865886],
            [-87.6348442887865, 30.866109347267]
          ]
        ]
      }
    },
    {
      "type": "Feature",
      "id": "36085",
      "properties": {
        "county_id": "36085",
        "county_label": "Richmond County",
        "state_name": "New York",
        "state_fips": "36"
      },
      "geometry": {
        "type": "MultiPolygon",
        "coordinates": [
          [
            [
              [-74.161536, 40.644157],
              [-74.160925, 40.644952],
              [-74.158829, 40.644591],
              [-74.1580494082502, 40.6438148469031],
              [-74.157242, 40.643011],
              [-74.158905, 40.641369],
              [-74.161255, 40.64179],
              [-74.161536, 40.644157]
            ]
          ],
          [
            [
              [-74.255629, 40.507919],
              [-74.240703, 40.519322],
              [-74.247808, 40.543396],
              [-74.212243, 40.557213],
              [-74.187715, 40.642636],
              [-74.079042, 40.648171],
              [-74.053125, 40.603678],
              [-74.135401, 40.530407],
              [-74.135683, 40.546373],
              [-74.194803, 40.510141],
              [-74.246688, 40.496103],
              [-74.255594215735, 40.5077313454058],
              [-74.255629, 40.507919]
            ]
          ]
        ]
      }
    },
    {
      "type": "Feature",
      "id": "36067",
      "properties": {
        "county_id": "36067",
        "county_label": "Onondaga County",
        "state_name": "New York",
        "state_fips": "36"
      },
      "geometry": {
        "type": "Polygon",
        "coordinates": [
          [
            [-76.499312, 43.097949],
            [-76.471774, 43.104983],
            [-76.486303, 43.143223],
            [-76.473066, 43.146017],
            [-76.479224, 43.227519],
            [-76.307541, 43.230788],
            [-76.281027, 43.201091],
            [-76.262051, 43.218468],
            [-76.272851, 43.240168],
            [-76.217646, 43.204821],
            [-76.194248, 43.217068],
            [-76.213393, 43.24002],
            [-76.202573, 43.271539],
            [-76.069414, 43.214699],
            [-76.085288, 43.212875],
            [-76.079397, 43.199758],
            [-75.991437, 43.18325],
            [-75.971511, 43.154926],
            [-75.97731, 43.136867],
            [-75.950094, 43.134981],
            [-75.975588, 43.091278],
            [-75.917219, 43.085926],
            [-75.896079, 42.790964],
            [-76.274673, 42.771257],
            [-76.357018, 42.849448],
            [-76.450738, 42.84576],
            [-76.462999, 43.006316],
            [-76.491941, 43.004964],
            [-76.499274, 43.097201],
            [-76.499312, 43.097949]
          ]
        ]
      }
    },
    {
      "type": "Feature",
      "id": "06023",
      "properties": {
        "county_id": "06023",
        "county_label": "Humboldt County",
        "state_name": "California",
        "state_fips": "06"
      },
      "geometry": {
        "type": "Polygon",
        "coordinates": [
          [
            [-124.408601, 40.443201],
            [-124.329404, 40.61643],
            [-124.137066, 40.925732],
            [-124.111756, 41.026883],
            [-124.129132, 41.05111],
            [-124.153622, 41.05355],
            [-124.165414, 41.129822],
            [-124.1438, 41.144686],
            [-124.106986, 41.229678],
            [-124.065520896835, 41.4647394649382],
            [-123.770551, 41.464193],
            [-123.770239, 41.380776],
            [-123.489411, 41.37767],
            [-123.474085, 41.366193],
            [-123.48251, 41.35365],
            [-123.459592, 41.310239],
            [-123.463089, 41.28555],
            [-123.443814, 41.273234],
            [-123.455307, 41.236537],
            [-123.408291, 41.179944],
            [-123.433027, 41.160578],
            [-123.439806, 41.092541],
            [-123.464222, 41.094408],
            [-123.464006, 41.076348],
            [-123.423272, 41.058157],
            [-123.40604, 41.012897],
            [-123.481457, 40.914957],
            [-123.560163, 40.950257],
            [-123.587861, 40.927755],
            [-123.623891, 40.928674],
            [-123.597588, 40.885231],
            [-123.610051, 40.879182],
            [-123.563059, 40.840417],
            [-123.554292, 40.795541],
            [-123.566253, 40.78881],
            [-123.549865, 40.775808],
            [-123.543102, 40.734014],
            [-123.544458, 40.001923],
            [-124.02325190922, 40.0012763404289],
            [-124.072509, 40.022657],
            [-124.080709, 40.06611],
            [-124.110549, 40.103765],
            [-124.187874, 40.130542],
            [-124.360604, 40.257206],
            [-124.347853, 40.314634],
            [-124.373599, 40.392923],
            [-124.409591, 40.438076],
            [-124.408601, 40.443201]
          ]
        ]
      }
    },
    {
      "type": "Feature",
      "id": "06035",
      "properties": {
        "county_id": "06035",
        "county_label": "Lassen County",
        "state_name": "California",
        "state_fips": "06"
      },
      "geometry": {
        "type": "Polygon",
        "coordinates": [
          [
            [-121.331921, 40.913358],
            [-121.331786, 41.183886],
            [-119.999866, 41.183974],
            [-120.001319, 39.72242],
            [-120.015734, 39.708721],
            [-120.147149, 39.707658],
            [-120.14658, 39.736406],
            [-120.127763, 39.736159],
            [-120.110627, 39.765779],
            [-120.099556, 39.910339],
            [-120.108761, 39.93951],
            [-120.163654, 39.968659],
            [-120.182484, 40.01335],
            [-120.201264, 40.013474],
            [-120.209641, 40.086008],
            [-120.24689, 40.085805],
            [-120.246788, 40.107885],
            [-120.379399, 40.12951],
            [-120.416918, 40.169441],
            [-120.445892, 40.176854],
            [-120.454331, 40.205751],
            [-120.482848, 40.205798],
            [-120.510817, 40.248945],
            [-120.576729, 40.263796],
            [-120.576825, 40.28543],
            [-120.622796, 40.28571],
            [-120.652158, 40.307656],
            [-120.764403, 40.31601],
            [-120.796757, 40.300937],
            [-120.796, 40.277726],
            [-120.871782, 40.24164],
            [-120.872201, 40.199388],
            [-120.928582, 40.191931],
            [-120.946188, 40.220808],
            [-121.003732, 40.220975],
            [-121.003918, 40.234941],
            [-121.041521, 40.234795],
            [-121.041517, 40.256474],
            [-121.061493, 40.256417],
            [-121.061417, 40.446536],
            [-121.327826, 40.445367],
            [-121.319976, 40.905886],
            [-121.332338, 40.905394],
            [-121.331921, 40.913358]
          ]
        ]
      }
    },
    {
      "type": "Feature",
      "id": "48185",
      "properties": {
        "county_id": "48185",
        "county_label": "Grimes County",
        "state_name": "Texas",
        "state_fips": "48"
      },
      "geometry": {
        "type": "Polygon",
        "coordinates": [
          [
            [-96.188314, 30.599614],
            [-96.164099, 30.658813],
            [-96.177911, 30.709688],
            [-96.162064, 30.727836],
            [-96.162644, 30.769509],
            [-96.183641, 30.795136],
            [-96.16837, 30.822997],
            [-95.863059, 30.864125],
            [-95.817478, 30.500218],
            [-95.804306, 30.24557],
            [-96.104367, 30.231473],
            [-96.080839, 30.244305],
            [-96.09874, 30.254488],
            [-96.084068, 30.286456],
            [-96.10058, 30.292805],
            [-96.094404, 30.309371],
            [-96.119506, 30.304821],
            [-96.15463, 30.330288],
            [-96.139812, 30.340291],
            [-96.147418, 30.382322],
            [-96.121478, 30.383999],
            [-96.111926, 30.415893],
            [-96.079969, 30.43003],
            [-96.129821, 30.452384],
            [-96.159764, 30.567302],
            [-96.187765, 30.598737],
            [-96.188314, 30.599614]
          ]
        ]
      }
    },
    {
      "type": "Feature",
      "id": "48091",
      "properties": {
        "county_id": "48091",
        "county_label": "Comal County",
        "state_name": "Texas",
        "state_fips": "48"
      },
      "geometry": {
        "type": "Polygon",
        "coordinates": [
          [
            [-98.646124, 29.745181],
            [-98.2976, 30.037994],
            [-98.030523, 29.848539],
            [-97.999271, 29.752444],
            [-98.089941, 29.683479],
            [-98.310928, 29.594473],
            [-98.345252, 29.618297],
            [-98.342733, 29.653442],
            [-98.384341, 29.676534],
            [-98.380487, 29.703464],
            [-98.34135, 29.70965],
            [-98.352589, 29.734365],
            [-98.37521, 29.719975],
            [-98.408049, 29.748471],
            [-98.438344, 29.715627],
            [-98.445978, 29.735884],
            [-98.526106, 29.740335],
            [-98.550489, 29.760713],
            [-98.582849, 29.741137],
            [-98.646231, 29.743602],
            [-98.646124, 29.745181]
          ]
        ]
      }
    },
    {
      "type": "Feature",
      "id": "12053",
      "properties": {
        "county_id": "12053",
        "county_label": "Hernando County",
        "state_name": "Florida",
        "state_fips": "12"
      },
      "geometry": {
        "type": "Polygon",
        "coordinates": [
          [
            [-82.681222, 28.464239],
            [-82.666698, 28.475596],
            [-82.678187, 28.499332],
            [-82.644269, 28.584178],
            [-82.677711, 28.654831],
            [-82.655132, 28.680482],
            [-82.6745857464645, 28.6940608503586],
            [-82.418353, 28.694859],
            [-82.417785, 28.665898],
            [-82.263052, 28.667634],
            [-82.273605, 28.653797],
            [-82.256811, 28.64883],
            [-82.213724, 28.575363],
            [-82.156164, 28.57335],
            [-82.09498, 28.523618],
            [-82.054469, 28.521367],
            [-82.054694, 28.478397],
            [-82.253293, 28.478491],
            [-82.253439, 28.434824],
            [-82.6698903209957, 28.4335756565858],
            [-82.664633, 28.452047],
            [-82.680473, 28.460808],
            [-82.681222, 28.464239]
          ]
        ]
      }
    },
    {
      "type": "Feature",
      "id": "48319",
      "properties": {
        "county_id": "48319",
        "county_label": "Mason County",
        "state_name": "Texas",
        "state_fips": "48"
      },
      "geometry": {
        "type": "Polygon",
        "coordinates": [
          [
            [-99.484755, 30.940605],
            [-99.092317, 30.941002],
            [-99.092431, 30.921968],
            [-98.964612, 30.921368],
            [-98.963864, 30.795351],
            [-98.964232, 30.498482],
            [-99.484493, 30.499641],
            [-99.484746, 30.933885],
            [-99.484755, 30.940605]
          ]
        ]
      }
    },
    {
      "type": "Feature",
      "id": "48425",
      "properties": {
        "county_id": "48425",
        "county_label": "Somervell County",
        "state_name": "Texas",
        "state_fips": "48"
      },
      "geometry": {
        "type": "Polygon",
        "coordinates": [
          [
            [-97.945625, 32.233468],
            [-97.78276, 32.316493],
            [-97.615557, 32.318617],
            [-97.615055, 32.203581],
            [-97.630885, 32.207403],
            [-97.864864, 32.087328],
            [-97.940474, 32.221738],
            [-97.945625, 32.233468]
          ]
        ]
      }
    },
    {
      "type": "Feature",
      "id": "47119",
      "properties": {
        "county_id": "47119",
        "county_label": "Maury County",
        "state_name": "Tennessee",
        "state_fips": "47"
      },
      "geometry": {
        "type": "Polygon",
        "coordinates": [
          [
            [-87.354146, 35.610309],
            [-87.332768, 35.634672],
            [-87.339232, 35.65911],
            [-87.294946, 35.695252],
            [-87.258521, 35.697815],
            [-87.250343, 35.709133],
            [-87.265391, 35.719016],
            [-87.234143, 35.724691],
            [-87.215099, 35.850651],
            [-87.003959, 35.779028],
            [-86.92836, 35.778057],
            [-86.928979, 35.757196],
            [-86.782016, 35.706595],
            [-86.811864, 35.696412],
            [-86.849573, 35.525515],
            [-86.87128, 35.502486],
            [-86.875589, 35.521251],
            [-86.8806, 35.494003],
            [-86.919003, 35.456274],
            [-86.955004, 35.451474],
            [-86.964911, 35.411913],
            [-86.998805, 35.409573],
            [-87.030114, 35.432201],
            [-87.122529, 35.456061],
            [-87.193227, 35.430902],
            [-87.295242, 35.442128],
            [-87.276791, 35.470104],
            [-87.283626, 35.497916],
            [-87.269432, 35.505851],
            [-87.282393, 35.50486],
            [-87.289872, 35.548025],
            [-87.317721, 35.549104],
            [-87.314884, 35.567597],
            [-87.354349, 35.597134],
            [-87.354146, 35.610309]
          ]
        ]
      }
    },
    {
      "type": "Feature",
      "id": "47021",
      "properties": {
        "county_id": "47021",
        "county_label": "Cheatham County",
        "state_name": "Tennessee",
        "state_fips": "47"
      },
      "geometry": {
        "type": "Polygon",
        "coordinates": [
          [
            [-87.281957, 36.342875],
            [-87.20517, 36.412422],
            [-87.1794, 36.406611],
            [-87.171307, 36.427616],
            [-87.150129, 36.417148],
            [-87.150247, 36.444962],
            [-87.122691, 36.455711],
            [-87.005364, 36.392392],
            [-86.984496, 36.365097],
            [-86.93648, 36.38798],
            [-86.906254, 36.366218],
            [-86.974404, 36.249908],
            [-86.997705, 36.128512],
            [-87.038173, 36.094314],
            [-87.041362, 36.041312],
            [-87.182573, 36.049726],
            [-87.172317, 36.162374],
            [-87.150002, 36.17779],
            [-87.187832, 36.211484],
            [-87.169387, 36.244134],
            [-87.194168, 36.24633],
            [-87.155295, 36.273064],
            [-87.169197, 36.285281],
            [-87.153043, 36.30535],
            [-87.232461, 36.331337],
            [-87.286501, 36.321933],
            [-87.281957, 36.342875]
          ],
          [
            [-87.152398, 36.288627],
            [-87.142372, 36.290684],
            [-87.139466, 36.292342],
            [-87.139332, 36.292418],
            [-87.139968, 36.293158],
            [-87.140482, 36.293691],
            [-87.141287, 36.294318],
            [-87.141847, 36.294602],
            [-87.142315, 36.294607],
            [-87.14252, 36.294339],
            [-87.144301, 36.292109],
            [-87.146906, 36.293344],
            [-87.152398, 36.288627]
          ]
        ]
      }
    },
    {
      "type": "Feature",
      "id": "47049",
      "properties": {
        "county_id": "47049",
        "county_label": "Fentress County",
        "state_name": "Tennessee",
        "state_fips": "47"
      },
      "geometry": {
        "type": "Polygon",
        "coordinates": [
          [
            [-85.121757, 36.328401],
            [-85.120445, 36.407164],
            [-85.102839, 36.409939],
            [-85.088459, 36.500065],
            [-85.051148, 36.526044],
            [-85.043924, 36.558791],
            [-85.010715, 36.574078],
            [-84.899845, 36.57827],
            [-84.784041, 36.524973],
            [-84.731839, 36.524674],
            [-84.659082, 36.395227],
            [-84.706354, 36.367997],
            [-84.724775, 36.376233],
            [-84.726904, 36.352837],
            [-84.745486, 36.351083],
            [-84.739936, 36.33664],
            [-84.774063, 36.334639],
            [-84.79568, 36.297689],
            [-84.875211, 36.285597],
            [-84.88385, 36.239121],
            [-84.914155, 36.20829],
            [-84.899971, 36.172429],
            [-84.925869, 36.146951],
            [-84.958954, 36.147769],
            [-84.968185, 36.162251],
            [-85.000286, 36.150813],
            [-85.028641, 36.170509],
            [-85.081654, 36.132789],
            [-85.119583, 36.144719],
            [-85.082497, 36.196171],
            [-85.122245, 36.304599],
            [-85.121757, 36.328401]
          ]
        ]
      }
    },
    {
      "type": "Feature",
      "id": "06045",
      "properties": {
        "county_id": "06045",
        "county_label": "Mendocino County",
        "state_name": "California",
        "state_fips": "06"
      },
      "geometry": {
        "type": "Polygon",
        "coordinates": [
          [
            [-124.02325190922, 40.0012763404289],
            [-123.544458, 40.001923],
            [-123.544563, 39.977015],
            [-122.934013, 39.978131],
            [-122.926821, 39.945071],
            [-122.909787, 39.936385],
            [-122.950964, 39.906108],
            [-122.959947, 39.845022],
            [-122.937654, 39.798156],
            [-122.938413, 39.748112],
            [-122.912516, 39.748165],
            [-122.912876, 39.708723],
            [-122.892676, 39.708898],
            [-122.89031, 39.529014],
            [-123.063181, 39.503539],
            [-123.075114, 39.407683],
            [-123.056314, 39.407583],
            [-123.057113, 39.378684],
            [-123.037914, 39.363885],
            [-123.019612, 39.277986],
            [-123.004514, 39.278187],
            [-122.994839, 39.235924],
            [-123.01271, 39.236188],
            [-123.045811, 39.173492],
            [-123.077812, 39.173791],
            [-123.094207, 39.080524],
            [-123.065114, 39.064393],
            [-123.056212, 39.021096],
            [-123.028035, 38.996593],
            [-122.98664, 38.997283],
            [-122.977712, 38.946693],
            [-122.949067, 38.925442],
            [-122.948865, 38.90022],
            [-122.89389, 38.895524],
            [-122.894633, 38.880832],
            [-122.821592, 38.85014],
            [-123.080997, 38.852438],
            [-123.08123, 38.838406],
            [-123.136636, 38.839448],
            [-123.136253, 38.809136],
            [-123.368394, 38.80664],
            [-123.368236, 38.777066],
            [-123.497042, 38.778604],
            [-123.520961, 38.758575],
            [-123.593252, 38.799033],
            [-123.659846, 38.872529],
            [-123.727976, 38.919429],
            [-123.741921, 38.956228],
            [-123.711149, 38.977316],
            [-123.69124, 39.050795],
            [-123.719366, 39.134516],
            [-123.771418, 39.194224],
            [-123.789006, 39.269707],
            [-123.803848, 39.278771],
            [-123.796612, 39.301348],
            [-123.813725, 39.308337],
            [-123.80089, 39.318267],
            [-123.827716, 39.348433],
            [-123.808733, 39.427406],
            [-123.819884, 39.439489],
            [-123.766475, 39.552803],
            [-123.78863, 39.599975],
            [-123.794235, 39.689995],
            [-123.829545, 39.723071],
            [-123.851714, 39.832041],
            [-123.907664, 39.863028],
            [-123.930047, 39.909697],
            [-124.021277820006, 39.9996076931301],
            [-124.02325190922, 40.0012763404289]
          ]
        ]
      }
    },
    {
      "type": "Feature",
      "id": "12131",
      "properties": {
        "county_id": "12131",
        "county_label": "Walton County",
        "state_name": "Florida",
        "state_fips": "12"
      },
      "geometry": {
        "type": "Polygon",
        "coordinates": [
          [
            [-86.397205, 30.385581],
            [-86.3886460004315, 30.9941810207682],
            [-86.035039, 30.99332],
            [-86.037591, 30.704572],
            [-85.844421, 30.70313],
            [-85.8756, 30.679754],
            [-85.867122, 30.66313],
            [-85.915174, 30.636974],
            [-85.915921, 30.596788],
            [-85.879827, 30.556205],
            [-85.883821, 30.507842],
            [-85.859769, 30.490134],
            [-85.90272, 30.442441],
            [-85.952825, 30.44417],
            [-85.98659, 30.423515],
            [-85.9959271127585, 30.2691392913069],
            [-86.243526, 30.349675],
            [-86.3973611301775, 30.3786613877174],
            [-86.397205, 30.385581]
          ]
        ]
      }
    },
    {
      "type": "Feature",
      "id": "48041",
      "properties": {
        "county_id": "48041",
        "county_label": "Brazos County",
        "state_name": "Texas",
        "state_fips": "48"
      },
      "geometry": {
        "type": "Polygon",
        "coordinates": [
          [
            [-96.601831, 30.641926],
            [-96.581519, 30.68889],
            [-96.45763, 30.744474],
            [-96.349364, 30.911423],
            [-96.24102, 30.973737],
            [-96.198234, 30.931861],
            [-96.21258, 30.904927],
            [-96.16837, 30.822997],
            [-96.183641, 30.795136],
            [-96.162644, 30.769509],
            [-96.162064, 30.727836],
            [-96.177911, 30.709688],
            [-96.164099, 30.658813],
            [-96.188314, 30.599614],
            [-96.159764, 30.567302],
            [-96.129821, 30.452384],
            [-96.079969, 30.43003],
            [-96.111926, 30.415893],
            [-96.121478, 30.383999],
            [-96.147418, 30.382322],
            [-96.139812, 30.340291],
            [-96.15463, 30.330288],
            [-96.149872, 30.36879],
            [-96.1945, 30.39989],
            [-96.210148, 30.373899],
            [-96.272455, 30.358468],
            [-96.306931, 30.394586],
            [-96.29749, 30.411787],
            [-96.272323, 30.410202],
            [-96.287988, 30.421287],
            [-96.28485, 30.448089],
            [-96.320946, 30.449567],
            [-96.340007, 30.47263],
            [-96.329935, 30.477882],
            [-96.343105, 30.498656],
            [-96.371015, 30.513285],
            [-96.354904, 30.52317],
            [-96.35941, 30.542604],
            [-96.413057, 30.539535],
            [-96.420647, 30.585062],
            [-96.429997, 30.591066],
            [-96.43547, 30.573187],
            [-96.452151, 30.597001],
            [-96.489121, 30.60638],
            [-96.490137, 30.621978],
            [-96.499779, 30.612836],
            [-96.510982, 30.62773],
            [-96.601708, 30.640535],
            [-96.601831, 30.641926]
          ]
        ]
      }
    },
    {
      "type": "Feature",
      "id": "48489",
      "properties": {
        "county_id": "48489",
        "county_label": "Willacy County",
        "state_name": "Texas",
        "state_fips": "48"
      },
      "geometry": {
        "type": "MultiPolygon",
        "coordinates": [
          [
            [
              [-97.258102, 26.425439],
              [-97.255963, 26.427035],
              [-97.252398, 26.426503],
              [-97.251091, 26.424162],
              [-97.250378, 26.420969],
              [-97.251091, 26.417776],
              [-97.251685, 26.415222],
              [-97.25323, 26.414903],
              [-97.254893, 26.415222],
              [-97.256438, 26.418309],
              [-97.25727, 26.421608],
              [-97.258102, 26.425439]
            ]
          ],
          [
            [
              [-97.3099, 26.570253],
              [-97.286864, 26.57618],
              [-97.3069528508846, 26.600278273421],
              [-97.2901508197356, 26.6003496604565],
              [-97.277559, 26.565788],
              [-97.310048, 26.566509],
              [-97.3099, 26.570253]
            ]
          ],
          [
            [
              [-97.325911, 26.560805],
              [-97.27188, 26.559943],
              [-97.2249460830257, 26.4112025299087],
              [-97.2404693981065, 26.411187847471],
              [-97.256113, 26.497261],
              [-97.286033, 26.547158],
              [-97.326563, 26.558786],
              [-97.325911, 26.560805]
            ]
          ],
          [
            [
              [-98.004189, 26.448784],
              [-97.984367, 26.536578],
              [-97.963943, 26.53364],
              [-97.957405, 26.611769],
              [-97.861688, 26.597995],
              [-97.4406253935305, 26.5999080179936],
              [-97.41537, 26.552763],
              [-97.413112, 26.481197],
              [-97.38055, 26.480559],
              [-97.3487421850313, 26.4110407453481],
              [-97.393868, 26.405488],
              [-97.445383, 26.325819],
              [-97.467876, 26.342902],
              [-97.469745, 26.329885],
              [-97.507656, 26.334724],
              [-97.500824, 26.318852],
              [-97.521306, 26.325837],
              [-97.527582, 26.299304],
              [-97.861875, 26.348156],
              [-97.862227, 26.433579],
              [-98.000378, 26.448222],
              [-98.004189, 26.448784]
            ]
          ]
        ]
      }
    },
    {
      "type": "Feature",
      "id": "48303",
      "properties": {
        "county_id": "48303",
        "county_label": "Lubbock County",
        "state_name": "Texas",
        "state_fips": "48"
      },
      "geometry": {
        "type": "Polygon",
        "coordinates": [
          [
            [-102.085733, 33.824675],
            [-101.56358, 33.830451],
            [-101.556884, 33.39476],
            [-102.075929, 33.389586],
            [-102.085391, 33.809869],
            [-102.085733, 33.824675]
          ]
        ]
      }
    },
    {
      "type": "Feature",
      "id": "47085",
      "properties": {
        "county_id": "47085",
        "county_label": "Humphreys County",
        "state_name": "Tennessee",
        "state_fips": "47"
      },
      "geometry": {
        "type": "Polygon",
        "coordinates": [
          [
            [-88.022635, 35.969497],
            [-87.989144, 36.04669],
            [-87.919043, 36.130049],
            [-87.91676, 36.165582],
            [-87.950759, 36.219805],
            [-87.949603, 36.24316],
            [-87.834641, 36.232368],
            [-87.76995, 36.243055],
            [-87.662191, 36.201227],
            [-87.586335, 36.197714],
            [-87.551806, 36.137514],
            [-87.552372, 36.016007],
            [-87.529791, 35.975647],
            [-87.562229, 35.948253],
            [-87.61186, 35.949981],
            [-87.658661, 35.915477],
            [-87.70696, 35.905884],
            [-87.71676, 35.83875],
            [-87.818202, 35.836779],
            [-87.853246, 35.803911],
            [-87.910297, 35.838336],
            [-87.96274, 35.840921],
            [-87.939849, 35.867178],
            [-87.926676, 35.93557],
            [-88.000033, 35.940824],
            [-88.02239, 35.965818],
            [-88.022635, 35.969497]
          ]
        ]
      }
    },
    {
      "type": "Feature",
      "id": "48235",
      "properties": {
        "county_id": "48235",
        "county_label": "Irion County",
        "state_name": "Texas",
        "state_fips": "48"
      },
      "geometry": {
        "type": "Polygon",
        "coordinates": [
          [
            [-101.27431, 31.119624],
            [-101.267947, 31.528688],
            [-100.693299, 31.523956],
            [-100.688764, 31.086576],
            [-101.274799, 31.079379],
            [-101.27431, 31.119624]
          ]
        ]
      }
    },
    {
      "type": "Feature",
      "id": "06059",
      "properties": {
        "county_id": "06059",
        "county_label": "Orange County",
        "state_name": "California",
        "state_fips": "06"
      },
      "geometry": {
        "type": "Polygon",
        "coordinates": [
          [
            [-118.11442, 33.745176],
            [-118.09197, 33.758472],
            [-118.096705, 33.779085],
            [-118.05892, 33.846196],
            [-117.976593, 33.90281],
            [-117.976498, 33.94605],
            [-117.783252, 33.946261],
            [-117.679303, 33.877621],
            [-117.580136, 33.767988],
            [-117.536448, 33.757665],
            [-117.533999, 33.710355],
            [-117.474573, 33.703811],
            [-117.413314, 33.659302],
            [-117.51021, 33.533999],
            [-117.508614, 33.469614],
            [-117.57848, 33.453927],
            [-117.595996031481, 33.3877884344227],
            [-117.658067, 33.44955],
            [-117.714617, 33.459914],
            [-117.78428, 33.541843],
            [-117.928019, 33.607187],
            [-118.115411077283, 33.7432945549888],
            [-118.11442, 33.745176]
          ]
        ]
      }
    },
    {
      "type": "Feature",
      "id": "06007",
      "properties": {
        "county_id": "06007",
        "county_label": "Butte County",
        "state_name": "California",
        "state_fips": "06"
      },
      "geometry": {
        "type": "Polygon",
        "coordinates": [
          [
            [-122.068744, 39.842222],
            [-122.044865, 39.883771],
            [-121.776224, 39.888858],
            [-121.703241, 39.98423],
            [-121.646032, 39.982527],
            [-121.636174, 40.02581],
            [-121.595647, 40.057714],
            [-121.586407, 40.100522],
            [-121.510559, 40.100515],
            [-121.480954, 40.122366],
            [-121.452898, 40.122125],
            [-121.436886, 40.151905],
            [-121.404509, 40.151648],
            [-121.404855, 40.115545],
            [-121.376489, 40.108626],
            [-121.367142, 40.071888],
            [-121.400353, 40.052095],
            [-121.400338, 40.030523],
            [-121.41948, 40.015766],
            [-121.411001, 39.915091],
            [-121.430012, 39.914833],
            [-121.429957, 39.900313],
            [-121.411, 39.900425],
            [-121.411936, 39.871421],
            [-121.361206, 39.855473],
            [-121.350821, 39.825704],
            [-121.332293, 39.825696],
            [-121.285852, 39.767624],
            [-121.210878, 39.725651],
            [-121.208687, 39.700358],
            [-121.136412, 39.65681],
            [-121.136715, 39.628169],
            [-121.097538, 39.620903],
            [-121.079543, 39.585263],
            [-121.107465, 39.585275],
            [-121.10697, 39.567191],
            [-121.149898, 39.555289],
            [-121.159296, 39.519595],
            [-121.305122, 39.519585],
            [-121.314787, 39.475899],
            [-121.345139, 39.452567],
            [-121.334071, 39.425802],
            [-121.363493, 39.403297],
            [-121.372901, 39.36459],
            [-121.407527, 39.339754],
            [-121.56314, 39.305006],
            [-121.611177, 39.31928],
            [-121.62376, 39.295621],
            [-121.908269, 39.303878],
            [-121.870947, 39.448324],
            [-121.877341, 39.509549],
            [-121.856532, 39.536904],
            [-121.994021, 39.533926],
            [-122.003243, 39.574815],
            [-121.979404, 39.617159],
            [-121.990829, 39.636539],
            [-121.966623, 39.652444],
            [-121.997348, 39.668483],
            [-121.944915, 39.690919],
            [-121.946937, 39.730653],
            [-121.962524, 39.717741],
            [-121.96315, 39.740713],
            [-121.982176, 39.733902],
            [-122.02456, 39.767942],
            [-122.023828, 39.797674],
            [-122.064851, 39.811532],
            [-122.056665, 39.827303],
            [-122.069431, 39.84053],
            [-122.068744, 39.842222]
          ]
        ]
      }
    },
    {
      "type": "Feature",
      "id": "48207",
      "properties": {
        "county_id": "48207",
        "county_label": "Haskell County",
        "state_name": "Texas",
        "state_fips": "48"
      },
      "geometry": {
        "type": "Polygon",
        "coordinates": [
          [
            [-99.991327, 33.36341],
            [-99.99098, 33.397404],
            [-99.472444, 33.399023],
            [-99.471258, 32.957025],
            [-99.988827, 32.960121],
            [-99.990943, 33.340837],
            [-99.991327, 33.36341]
          ]
        ]
      }
    },
    {
      "type": "Feature",
      "id": "48053",
      "properties": {
        "county_id": "48053",
        "county_label": "Burnet County",
        "state_name": "Texas",
        "state_fips": "48"
      },
      "geometry": {
        "type": "Polygon",
        "coordinates": [
          [
            [-98.459241, 31.010378],
            [-98.439711, 31.029647],
            [-97.911689, 31.035009],
            [-97.8281, 30.904414],
            [-97.96286, 30.785641],
            [-98.123126, 30.487041],
            [-98.097778, 30.498058],
            [-98.097709, 30.467626],
            [-98.125481, 30.426164],
            [-98.351041, 30.486096],
            [-98.352057, 30.558472],
            [-98.370311, 30.574438],
            [-98.399914, 30.563604],
            [-98.410599, 30.573589],
            [-98.400608, 30.599476],
            [-98.441643, 30.669157],
            [-98.402916, 30.677359],
            [-98.413962, 30.704392],
            [-98.371434, 30.742064],
            [-98.42663, 30.751527],
            [-98.432543, 30.78858],
            [-98.376877, 30.83489],
            [-98.421593, 30.834997],
            [-98.422365, 30.864188],
            [-98.456352, 30.876455],
            [-98.445782, 30.921439],
            [-98.419606, 30.925352],
            [-98.414508, 30.94211],
            [-98.447098, 30.951755],
            [-98.441874, 30.984324],
            [-98.459235, 31.007745],
            [-98.459241, 31.010378]
          ]
        ]
      }
    },
    {
      "type": "Feature",
      "id": "48283",
      "properties": {
        "county_id": "48283",
        "county_label": "La Salle County",
        "state_name": "Texas",
        "state_fips": "48"
      },
      "geometry": {
        "type": "Polygon",
        "coordinates": [
          [
            [-99.395944, 28.500263],
            [-99.395736, 28.640784],
            [-98.800841, 28.647487],
            [-98.803325, 28.05748],
            [-99.388946, 28.030419],
            [-99.396681, 28.500268],
            [-99.395944, 28.500263]
          ]
        ]
      }
    },
    {
      "type": "Feature",
      "id": "48239",
      "properties": {
        "county_id": "48239",
        "county_label": "Jackson County",
        "state_name": "Texas",
        "state_fips": "48"
      },
      "geometry": {
        "type": "Polygon",
        "coordinates": [
          [
            [-96.938587, 29.063244],
            [-96.658466, 29.263876],
            [-96.309178, 28.963291],
            [-96.323522, 28.675597],
            [-96.404445, 28.674409],
            [-96.39954, 28.730231],
            [-96.428394, 28.703523],
            [-96.57829, 28.696939],
            [-96.587544, 28.726175],
            [-96.658878, 28.719723],
            [-96.670091, 28.761191],
            [-96.697741, 28.774358],
            [-96.695924, 28.796079],
            [-96.723088, 28.821188],
            [-96.702718, 28.851023],
            [-96.738917, 28.893595],
            [-96.791665, 28.918299],
            [-96.832103, 29.021299],
            [-96.923454, 29.05751],
            [-96.938587, 29.063244]
          ]
        ]
      }
    },
    {
      "type": "Feature",
      "id": "48011",
      "properties": {
        "county_id": "48011",
        "county_label": "Armstrong County",
        "state_name": "Texas",
        "state_fips": "48"
      },
      "geometry": {
        "type": "Polygon",
        "coordinates": [
          [
            [-101.629396, 34.750056],
            [-101.622941, 35.183117],
            [-101.086281, 35.18214],
            [-101.090749, 34.748246],
            [-101.629257, 34.747649],
            [-101.629396, 34.750056]
          ]
        ]
      }
    },
    {
      "type": "Feature",
      "id": "47179",
      "properties": {
        "county_id": "47179",
        "county_label": "Washington County",
        "state_name": "Tennessee",
        "state_fips": "47"
      },
      "geometry": {
        "type": "Polygon",
        "coordinates": [
          [
            [-82.698878, 36.4127],
            [-82.662877, 36.4425],
            [-82.601798, 36.423454],
            [-82.421572, 36.447254],
            [-82.407884, 36.423725],
            [-82.375387, 36.421198],
            [-82.386163, 36.392104],
            [-82.369413, 36.403057],
            [-82.299859, 36.396505],
            [-82.34046, 36.252807],
            [-82.420661, 36.163207],
            [-82.527605, 36.148951],
            [-82.595065, 36.096205],
            [-82.647769, 36.146404],
            [-82.651808, 36.176824],
            [-82.631794, 36.418769],
            [-82.702566, 36.410412],
            [-82.698878, 36.4127]
          ]
        ]
      }
    },
    {
      "type": "Feature",
      "id": "48263",
      "properties": {
        "county_id": "48263",
        "county_label": "Kent County",
        "state_name": "Texas",
        "state_fips": "48"
      },
      "geometry": {
        "type": "Polygon",
        "coordinates": [
          [
            [-101.038883, 33.305705],
            [-101.038788, 33.397214],
            [-100.517449, 33.397866],
            [-100.517092, 33.226006],
            [-100.519208, 32.962926],
            [-100.990181, 32.965023],
            [-101.03866, 32.970225],
            [-101.038862, 33.252272],
            [-101.038883, 33.305705]
          ]
        ]
      }
    },
    {
      "type": "Feature",
      "id": "06053",
      "properties": {
        "county_id": "06053",
        "county_label": "Monterey County",
        "state_name": "California",
        "state_fips": "06"
      },
      "geometry": {
        "type": "Polygon",
        "coordinates": [
          [
            [-121.976591, 36.580058],
            [-121.93643, 36.636746],
            [-121.887168, 36.600937],
            [-121.83726, 36.634901],
            [-121.788278, 36.803994],
            [-121.810551858284, 36.8506482495196],
            [-121.793216, 36.880017],
            [-121.725594, 36.914345],
            [-121.699956, 36.919683],
            [-121.705529, 36.909503],
            [-121.680621, 36.903285],
            [-121.655227, 36.912863],
            [-121.622089, 36.846203],
            [-121.504011, 36.757205],
            [-121.481296, 36.765172],
            [-121.462368, 36.743851],
            [-121.453072, 36.721198],
            [-121.484508, 36.713062],
            [-121.469023, 36.685434],
            [-121.342314, 36.639523],
            [-121.318373, 36.610026],
            [-121.329142, 36.555443],
            [-121.295362, 36.527129],
            [-121.309017, 36.499568],
            [-121.239295, 36.504782],
            [-121.229511, 36.475277],
            [-121.040797, 36.323969],
            [-121.040302, 36.271058],
            [-121.027253, 36.275106],
            [-121.026833, 36.259761],
            [-120.992415, 36.269921],
            [-120.9858, 36.292937],
            [-120.951262, 36.275904],
            [-120.918142, 36.310561],
            [-120.85202, 36.285964],
            [-120.760378, 36.203085],
            [-120.718426, 36.196848],
            [-120.707429, 36.231785],
            [-120.75834, 36.308604],
            [-120.703747, 36.287055],
            [-120.627055, 36.203039],
            [-120.649937, 36.168007],
            [-120.672105, 36.163844],
            [-120.646108, 36.104745],
            [-120.600607, 36.101587],
            [-120.587608, 36.066604],
            [-120.526994, 36.035709],
            [-120.529796, 36.024281],
            [-120.480447, 36.011296],
            [-120.433053, 35.968933],
            [-120.360402, 35.964418],
            [-120.322916, 35.907818],
            [-120.27576, 35.905881],
            [-120.243275, 35.877669],
            [-120.259182, 35.845287],
            [-120.219906, 35.818915],
            [-120.213979, 35.789276],
            [-121.346362833935, 35.7951826441526],
            [-121.459364, 35.882952],
            [-121.500832, 35.998099],
            [-121.574602, 36.025156],
            [-121.675205, 36.16294],
            [-121.826282, 36.242076],
            [-121.851967, 36.277831],
            [-121.902729, 36.306379],
            [-121.901628, 36.387046],
            [-121.954209, 36.522231],
            [-121.924738, 36.525599],
            [-121.932508, 36.559935],
            [-121.976763, 36.579435],
            [-121.976591, 36.580058]
          ]
        ]
      }
    },
    {
      "type": "Feature",
      "id": "06017",
      "properties": {
        "county_id": "06017",
        "county_label": "El Dorado County",
        "state_name": "California",
        "state_fips": "06"
      },
      "geometry": {
        "type": "Polygon",
        "coordinates": [
          [
            [-121.141595, 38.711939],
            [-121.101428, 38.815282],
            [-121.058408, 38.847129],
            [-121.061696, 38.882651],
            [-121.044175, 38.890826],
            [-121.053373, 38.897297],
            [-121.040511, 38.915538],
            [-120.93857, 38.935565],
            [-120.937269, 38.963684],
            [-120.859863, 38.951653],
            [-120.850514, 38.975899],
            [-120.83506, 38.971509],
            [-120.812295, 39.000133],
            [-120.747656, 39.010397],
            [-120.704866, 38.981345],
            [-120.684428, 38.989029],
            [-120.683455, 38.967282],
            [-120.65416, 38.948226],
            [-120.611348, 38.942644],
            [-120.564258, 38.913644],
            [-120.492735, 38.943351],
            [-120.435299, 39.028163],
            [-120.24041, 39.023668],
            [-120.165028, 39.038485],
            [-120.143663, 39.067285],
            [-120.002461, 39.067489],
            [-120.001014, 38.999574],
            [-119.887643, 38.918295],
            [-119.87775, 38.868311],
            [-119.906312, 38.855505],
            [-119.947927, 38.781642],
            [-120.072392, 38.702767],
            [-120.112009, 38.705016],
            [-120.140494, 38.638168],
            [-120.214632, 38.628869],
            [-120.233849, 38.588316],
            [-120.301721, 38.549109],
            [-120.606157, 38.502349],
            [-120.676564, 38.51766],
            [-120.722476, 38.547165],
            [-120.812953, 38.562209],
            [-120.864051, 38.53526],
            [-120.87671, 38.542975],
            [-120.885067, 38.525071],
            [-120.902366, 38.531227],
            [-120.926381, 38.514964],
            [-120.941318, 38.528602],
            [-121.027507, 38.508292],
            [-121.11866, 38.71707],
            [-121.139199, 38.710644],
            [-121.141595, 38.711939]
          ]
        ]
      }
    },
    {
      "type": "Feature",
      "id": "48459",
      "properties": {
        "county_id": "48459",
        "county_label": "Upshur County",
        "state_name": "Texas",
        "state_fips": "48"
      },
      "geometry": {
        "type": "Polygon",
        "coordinates": [
          [
            [-95.152964, 32.607121],
            [-95.15211, 32.902641],
            [-94.719942, 32.904502],
            [-94.697657, 32.843082],
            [-94.672351, 32.834756],
            [-94.702138, 32.820515],
            [-94.70179, 32.652209],
            [-94.745629, 32.667507],
            [-94.820308, 32.590622],
            [-94.988337, 32.536758],
            [-95.008686, 32.516813],
            [-95.022478, 32.522109],
            [-95.020974, 32.546726],
            [-95.04076, 32.532285],
            [-95.075322, 32.537073],
            [-95.093259, 32.557682],
            [-95.118786, 32.542496],
            [-95.15341, 32.570115],
            [-95.152964, 32.607121]
          ]
        ]
      }
    },
    {
      "type": "Feature",
      "id": "48369",
      "properties": {
        "county_id": "48369",
        "county_label": "Parmer County",
        "state_name": "Texas",
        "state_fips": "48"
      },
      "geometry": {
        "type": "Polygon",
        "coordinates": [
          [
            [-103.043979, 34.312764],
            [-103.042769, 34.747361],
            [-102.525184, 34.746931],
            [-102.525631, 34.313034],
            [-103.043978936987, 34.312749083575],
            [-103.043979, 34.312764]
          ]
        ]
      }
    },
    {
      "type": "Feature",
      "id": "47123",
      "properties": {
        "county_id": "47123",
        "county_label": "Monroe County",
        "state_name": "Tennessee",
        "state_fips": "47"
      },
      "geometry": {
        "type": "Polygon",
        "coordinates": [
          [
            [-84.52585, 35.624186],
            [-84.503415, 35.620648],
            [-84.522545, 35.643984],
            [-84.504274, 35.665866],
            [-84.487344, 35.655508],
            [-84.425376, 35.672269],
            [-84.385011, 35.639841],
            [-84.353275, 35.654396],
            [-84.357608, 35.665162],
            [-84.317628, 35.672107],
            [-84.31759, 35.65996],
            [-84.290765, 35.654925],
            [-84.297522, 35.643152],
            [-84.25079, 35.636989],
            [-84.253071, 35.617852],
            [-84.19263, 35.618241],
            [-84.130953, 35.576313],
            [-84.112319, 35.587456],
            [-84.085507, 35.541372],
            [-83.995926, 35.55294],
            [-83.993431, 35.527767],
            [-84.009842, 35.510955],
            [-83.987343, 35.487483],
            [-83.974534, 35.501148],
            [-83.93854, 35.487773],
            [-84.023007, 35.411684],
            [-84.007586, 35.371661],
            [-84.038327, 35.347813],
            [-84.02141, 35.301383],
            [-84.052612, 35.269982],
            [-84.098068, 35.247209],
            [-84.188417, 35.239979],
            [-84.223718, 35.269078],
            [-84.29024, 35.225572],
            [-84.292319677455, 35.2066890084035],
            [-84.325722, 35.219377],
            [-84.344323, 35.204276],
            [-84.356923, 35.233676],
            [-84.495529, 35.285472],
            [-84.454713, 35.318518],
            [-84.401025, 35.330374],
            [-84.400623, 35.344278],
            [-84.409226, 35.398378],
            [-84.430826, 35.408274],
            [-84.443597, 35.433485],
            [-84.434027, 35.448645],
            [-84.451129, 35.455299],
            [-84.443282, 35.462746],
            [-84.504786, 35.586154],
            [-84.522628, 35.586136],
            [-84.52575, 35.622291],
            [-84.52585, 35.624186]
          ],
          [
            [-84.350001, 35.632939],
            [-84.346546, 35.634706],
            [-84.342871, 35.636585],
            [-84.349251, 35.644264],
            [-84.355297, 35.640924],
            [-84.350001, 35.632939]
          ]
        ]
      }
    },
    {
      "type": "Feature",
      "id": "47151",
      "properties": {
        "county_id": "47151",
        "county_label": "Scott County",
        "state_name": "Tennessee",
        "state_fips": "47"
      },
      "geometry": {
        "type": "Polygon",
        "coordinates": [
          [
            [-84.785341, 36.603372],
            [-84.261333, 36.591981],
            [-84.263833, 36.56718],
            [-84.249231, 36.564684],
            [-84.259593, 36.513985],
            [-84.330434, 36.50948],
            [-84.340564, 36.466174],
            [-84.355414, 36.459636],
            [-84.344701, 36.415677],
            [-84.312086, 36.384573],
            [-84.334433, 36.388079],
            [-84.329927, 36.284686],
            [-84.373733, 36.264179],
            [-84.368733, 36.228578],
            [-84.402033, 36.176078],
            [-84.441034, 36.163478],
            [-84.471037, 36.203778],
            [-84.573299, 36.22977],
            [-84.573041, 36.266577],
            [-84.611042, 36.270377],
            [-84.700785, 36.370824],
            [-84.659082, 36.395227],
            [-84.664341, 36.412979],
            [-84.692534, 36.435468],
            [-84.715139, 36.498874],
            [-84.7853995566039, 36.6033748414415],
            [-84.785341, 36.603372]
          ]
        ]
      }
    },
    {
      "type": "Feature",
      "id": "06077",
      "properties": {
        "county_id": "06077",
        "county_label": "San Joaquin County",
        "state_name": "California",
        "state_fips": "06"
      },
      "geometry": {
        "type": "Polygon",
        "coordinates": [
          [
            [-121.584719, 38.043545],
            [-121.580022, 38.094414],
            [-121.564035, 38.101422],
            [-121.584074, 38.120228],
            [-121.53631, 38.151581],
            [-121.528896, 38.195332],
            [-121.476221, 38.25778],
            [-121.42975, 38.254946],
            [-121.398193, 38.227427],
            [-121.344024, 38.22826],
            [-121.26838, 38.252271],
            [-121.173079, 38.255208],
            [-121.066653, 38.299146],
            [-121.027084, 38.300252],
            [-120.926449, 38.077421],
            [-120.917171, 37.752444],
            [-120.922246, 37.737475],
            [-120.95416, 37.738445],
            [-120.99276, 37.760755],
            [-121.028816, 37.740704],
            [-121.110208, 37.742043],
            [-121.121356, 37.721919],
            [-121.155849, 37.719844],
            [-121.181124, 37.688092],
            [-121.199817, 37.696219],
            [-121.22315, 37.683728],
            [-121.220357, 37.671044],
            [-121.471925, 37.481783],
            [-121.501475, 37.525003],
            [-121.556655, 37.542732],
            [-121.557038, 37.815988],
            [-121.534247, 37.849891],
            [-121.579503, 37.861072],
            [-121.556419, 37.923302],
            [-121.57991, 38.007783],
            [-121.557554, 38.017037],
            [-121.585078, 38.040267],
            [-121.584719, 38.043545]
          ]
        ]
      }
    },
    {
      "type": "Feature",
      "id": "48355",
      "properties": {
        "county_id": "48355",
        "county_label": "Nueces County",
        "state_name": "Texas",
        "state_fips": "48"
      },
      "geometry": {
        "type": "MultiPolygon",
        "coordinates": [
          [
            [
              [-97.111715, 27.893067],
              [-97.098049, 27.903885],
              [-97.108982, 27.892017],
              [-97.111715, 27.893067]
            ]
          ],
          [
            [
              [-97.12657, 27.909556],
              [-97.125025, 27.912917],
              [-97.123005, 27.912601],
              [-97.122054, 27.911341],
              [-97.122648, 27.910081],
              [-97.124431, 27.909031],
              [-97.125738, 27.907456],
              [-97.127164, 27.908086],
              [-97.12657, 27.909556]
            ]
          ],
          [
            [
              [-97.127046, 27.841063],
              [-97.0720926836424, 27.9009696492849],
              [-97.060971, 27.846317],
              [-97.129898, 27.839487],
              [-97.127046, 27.841063]
            ]
          ],
          [
            [
              [-97.131716, 27.896018],
              [-97.110206, 27.889191],
              [-97.131954, 27.894443],
              [-97.131716, 27.896018]
            ]
          ],
          [
            [
              [-97.132548, 27.898854],
              [-97.129458, 27.904421],
              [-97.128864, 27.905051],
              [-97.127081, 27.904],
              [-97.1272, 27.902425],
              [-97.127081, 27.90085],
              [-97.127319, 27.900115],
              [-97.129696, 27.897489],
              [-97.132191, 27.898119],
              [-97.132548, 27.898854]
            ]
          ],
          [
            [
              [-97.137131, 27.902861],
              [-97.136312, 27.90439],
              [-97.135251, 27.903003],
              [-97.1337829631538, 27.9012317118527],
              [-97.1338567153459, 27.9011057168011],
              [-97.134806, 27.899484],
              [-97.134910798702, 27.8991665808545],
              [-97.1353500134097, 27.8978362670764],
              [-97.136995, 27.899203],
              [-97.138515, 27.900826],
              [-97.137131, 27.902861]
            ]
          ],
          [
            [
              [-97.141223, 27.853158],
              [-97.138728, 27.855784],
              [-97.136945, 27.853788],
              [-97.13647, 27.851056],
              [-97.13742, 27.849375],
              [-97.14051, 27.849375],
              [-97.143362, 27.84948],
              [-97.141223, 27.853158]
            ]
          ],
          [
            [
              [-97.1488192244165, 27.8852103680431],
              [-97.146449, 27.889031],
              [-97.142634, 27.894718],
              [-97.138613, 27.893729],
              [-97.138377, 27.89363],
              [-97.1375368020641, 27.8936861881803],
              [-97.138133, 27.892657],
              [-97.141342, 27.88667],
              [-97.1434723356801, 27.88420804896],
              [-97.144432, 27.883099],
              [-97.147641, 27.88646],
              [-97.1488192244165, 27.8852103680431]
            ]
          ],
          [
            [
              [-97.150849, 27.875851],
              [-97.142055, 27.881103],
              [-97.150493, 27.874905],
              [-97.150849, 27.875851]
            ]
          ],
          [
            [
              [-97.164081, 27.820608],
              [-97.142876, 27.820424],
              [-97.16404, 27.818058],
              [-97.164081, 27.820608]
            ]
          ],
          [
            [
              [-97.174363, 27.755266],
              [-97.173649, 27.756949],
              [-97.173531, 27.758736],
              [-97.1729589866951, 27.760182533646],
              [-97.172699, 27.76084],
              [-97.170441, 27.761996],
              [-97.168658, 27.764099],
              [-97.167113, 27.76452],
              [-97.164855, 27.763994],
              [-97.164855, 27.762943],
              [-97.166044, 27.761365],
              [-97.166757, 27.759262],
              [-97.168539, 27.758421],
              [-97.168539, 27.757054],
              [-97.167589, 27.755687],
              [-97.1677111292027, 27.7555017511371],
              [-97.168421, 27.754425],
              [-97.170203, 27.753373],
              [-97.172699, 27.752952],
              [-97.1746, 27.753899],
              [-97.174363, 27.755266]
            ]
          ],
          [
            [
              [-97.190304, 27.816481],
              [-97.185432, 27.816902],
              [-97.181985, 27.817007],
              [-97.179846, 27.818268],
              [-97.178539, 27.818373],
              [-97.177469, 27.817532],
              [-97.177469, 27.814589],
              [-97.178895, 27.814484],
              [-97.18555, 27.812802],
              [-97.187808, 27.812802],
              [-97.188759, 27.813959],
              [-97.192918, 27.815325],
              [-97.190304, 27.816481]
            ]
          ],
          [
            [
              [-97.220254, 27.810178],
              [-97.196365, 27.813959],
              [-97.220493, 27.809208],
              [-97.220254, 27.810178]
            ]
          ],
          [
            [
              [-97.246468, 27.682484],
              [-97.215538, 27.682827],
              [-97.231522, 27.640894],
              [-97.228081, 27.673891],
              [-97.2463, 27.675953],
              [-97.246468, 27.682484]
            ]
          ],
          [
            [
              [-97.265632, 27.580339],
              [-97.236278, 27.637626],
              [-97.210728, 27.624149],
              [-97.215481, 27.644364],
              [-97.20122, 27.646048],
              [-97.196823, 27.68436],
              [-97.151189, 27.768621],
              [-97.121479, 27.785129],
              [-97.121241, 27.81572],
              [-97.135383, 27.824549],
              [-97.044846, 27.834466],
              [-97.140854, 27.716688],
              [-97.2226506131795, 27.5764948600858],
              [-97.2681595636956, 27.5759713728181],
              [-97.265632, 27.580339]
            ]
          ],
          [
            [
              [-97.267554, 27.873687],
              [-97.238189, 27.840749],
              [-97.268282, 27.87274],
              [-97.267554, 27.873687]
            ]
          ],
          [
            [
              [-97.940065, 27.670767],
              [-97.934274, 27.885202],
              [-97.798517, 27.995659],
              [-97.817578, 27.970617],
              [-97.806798, 27.934712],
              [-97.780678, 27.947669],
              [-97.762803, 27.923398],
              [-97.730018, 27.923288],
              [-97.736274, 27.912041],
              [-97.690514, 27.916969],
              [-97.67528, 27.882538],
              [-97.638174, 27.865594],
              [-97.626973, 27.895398],
              [-97.591871, 27.857005],
              [-97.544318, 27.858875],
              [-97.472073, 27.824154],
              [-97.416694, 27.822157],
              [-97.385677, 27.840023],
              [-97.393291, 27.782905],
              [-97.368355, 27.741683],
              [-97.243544, 27.689227],
              [-97.269214, 27.67744],
              [-97.294645, 27.592688],
              [-97.325216, 27.560896],
              [-97.840678, 27.558358],
              [-97.888411, 27.620051],
              [-97.942146, 27.635932],
              [-97.940065, 27.670767]
            ]
          ]
        ]
      }
    },
    {
      "type": "Feature",
      "id": "48133",
      "properties": {
        "county_id": "48133",
        "county_label": "Eastland County",
        "state_name": "Texas",
        "state_fips": "48"
      },
      "geometry": {
        "type": "Polygon",
        "coordinates": [
          [
            [-99.118404, 32.124739],
            [-99.114293, 32.514811],
            [-98.475177, 32.513039],
            [-98.474685, 32.299084],
            [-98.924401, 32.078018],
            [-99.118665, 32.079585],
            [-99.118404, 32.124739]
          ]
        ]
      }
    },
    {
      "type": "Feature",
      "id": "48469",
      "properties": {
        "county_id": "48469",
        "county_label": "Victoria County",
        "state_name": "Texas",
        "state_fips": "48"
      },
      "geometry": {
        "type": "Polygon",
        "coordinates": [
          [
            [-97.305916, 28.864037],
            [-96.976378, 29.104046],
            [-96.938587, 29.063244],
            [-96.832103, 29.021299],
            [-96.791665, 28.918299],
            [-96.738917, 28.893595],
            [-96.703577, 28.852214],
            [-96.723088, 28.821188],
            [-96.695924, 28.796079],
            [-96.697741, 28.774358],
            [-96.670091, 28.761191],
            [-96.658878, 28.719723],
            [-96.642349, 28.717243],
            [-96.722814, 28.669759],
            [-96.853757, 28.635199],
            [-96.930367, 28.586728],
            [-96.895139, 28.548863],
            [-96.905799, 28.53205],
            [-96.890951, 28.507178],
            [-96.91551, 28.499174],
            [-96.910159, 28.488964],
            [-96.992754, 28.503067],
            [-97.022681, 28.517125],
            [-97.024812, 28.539072],
            [-97.051467, 28.535124],
            [-97.044762, 28.549826],
            [-97.086086, 28.532561],
            [-97.104605, 28.554821],
            [-97.160167, 28.5502],
            [-97.153968, 28.570173],
            [-97.182359, 28.610602],
            [-97.167731, 28.727846],
            [-97.178246, 28.738865],
            [-97.160649, 28.78258],
            [-97.204191, 28.854788],
            [-97.233419, 28.865365],
            [-97.234987, 28.854118],
            [-97.300508, 28.844109],
            [-97.304748, 28.863453],
            [-97.305916, 28.864037]
          ]
        ]
      }
    },
    {
      "type": "Feature",
      "id": "47115",
      "properties": {
        "county_id": "47115",
        "county_label": "Marion County",
        "state_name": "Tennessee",
        "state_fips": "47"
      },
      "geometry": {
        "type": "Polygon",
        "coordinates": [
          [
            [-85.873031, 35.220685],
            [-85.822427, 35.242226],
            [-85.740113, 35.215295],
            [-85.693581, 35.239257],
            [-85.707736, 35.290729],
            [-85.558551, 35.319292],
            [-85.489111, 35.27218],
            [-85.444717, 35.262914],
            [-85.402913, 35.223106],
            [-85.38824, 35.180774],
            [-85.39577, 35.105638],
            [-85.361959, 35.087773],
            [-85.382255, 35.04473],
            [-85.409272, 35.040683],
            [-85.427571, 35.006881],
            [-85.4741053158651, 34.9830630878201],
            [-85.8639354755464, 34.9883790198068],
            [-85.873032, 35.220397],
            [-85.873031, 35.220685]
          ]
        ]
      }
    },
    {
      "type": "Feature",
      "id": "47167",
      "properties": {
        "county_id": "47167",
        "county_label": "Tipton County",
        "state_name": "Tennessee",
        "state_fips": "47"
      },
      "geometry": {
        "type": "MultiPolygon",
        "coordinates": [
          [
            [
              [-90.048086, 35.411737],
              [-90.002675, 35.430529],
              [-90.047678, 35.50261],
              [-90.034505, 35.552631],
              [-89.989363, 35.560043],
              [-89.958498, 35.541703],
              [-89.958749, 35.523837],
              [-89.911923, 35.512841],
              [-89.886066, 35.583291],
              [-89.824146, 35.603139],
              [-89.793566, 35.639949],
              [-89.758116, 35.650361],
              [-89.66654, 35.631269],
              [-89.623015, 35.652344],
              [-89.602153, 35.623777],
              [-89.484156, 35.574362],
              [-89.482701, 35.54664],
              [-89.469862, 35.546566],
              [-89.474171, 35.403039],
              [-89.585159, 35.397474],
              [-89.644985, 35.371211],
              [-89.642796, 35.387983],
              [-89.702893, 35.389059],
              [-89.70928, 35.409483],
              [-89.776736, 35.405173],
              [-89.778755, 35.38782],
              [-90.056782, 35.403863],
              [-90.048086, 35.411737]
            ]
          ],
          [
            [
              [-90.179265, 35.385194],
              [-90.16888, 35.421878],
              [-90.129435, 35.442119],
              [-90.114412, 35.472467],
              [-90.067798, 35.466224],
              [-90.074082, 35.433983],
              [-90.054322, 35.389277],
              [-90.077971, 35.384501],
              [-90.129342, 35.41383],
              [-90.146191, 35.399468],
              [-90.13551, 35.376668],
              [-90.178341, 35.382092],
              [-90.179265, 35.385194]
            ]
          ]
        ]
      }
    },
    {
      "type": "Feature",
      "id": "48261",
      "properties": {
        "county_id": "48261",
        "county_label": "Kenedy County",
        "state_name": "Texas",
        "state_fips": "48"
      },
      "geometry": {
        "type": "MultiPolygon",
        "coordinates": [
          [
            [
              [-97.398388, 26.867894],
              [-97.389867, 27.20496],
              [-97.3698846442147, 27.2780942729174],
              [-97.3475797525063, 27.2779639491206],
              [-97.375551, 27.118177],
              [-97.376129, 26.960398],
              [-97.350455, 26.805049],
              [-97.2901508197356, 26.6003496604565],
              [-97.3069528508846, 26.600278273421],
              [-97.328985, 26.646751],
              [-97.394228, 26.855172],
              [-97.398388, 26.867894]
            ]
          ],
          [
            [
              [-97.423463, 26.752176],
              [-97.415382, 26.740715],
              [-97.424057, 26.750478],
              [-97.423463, 26.752176]
            ]
          ],
          [
            [
              [-97.985887, 27.209308],
              [-97.919393, 27.243162],
              [-97.84134, 27.243955],
              [-97.784181, 27.283811],
              [-97.740046, 27.278281],
              [-97.727745, 27.26163],
              [-97.647343, 27.276359],
              [-97.631123, 27.24223],
              [-97.54291, 27.229213],
              [-97.422593, 27.262045],
              [-97.441565, 27.163833],
              [-97.430994, 27.160861],
              [-97.439396, 27.076524],
              [-97.417925, 27.070913],
              [-97.439163, 27.070705],
              [-97.453283, 26.917335],
              [-97.437296, 26.913069],
              [-97.453166, 26.910467],
              [-97.4569, 26.882577],
              [-97.410223, 26.874354],
              [-97.4576, 26.872897],
              [-97.460284, 26.847287],
              [-97.413841, 26.815111],
              [-97.464806, 26.823964],
              [-97.478605, 26.806675],
              [-97.4406253935305, 26.5999080179936],
              [-97.861688, 26.597995],
              [-97.985303, 26.615809],
              [-97.985879, 27.170449],
              [-97.985887, 27.209308]
            ]
          ]
        ]
      }
    },
    {
      "type": "Feature",
      "id": "36055",
      "properties": {
        "county_id": "36055",
        "county_label": "Monroe County",
        "state_name": "New York",
        "state_fips": "36"
      },
      "geometry": {
        "type": "Polygon",
        "coordinates": [
          [
            [-77.997248, 43.136519],
            [-77.9955962913432, 43.3652387952246],
            [-77.760231, 43.341161],
            [-77.551022, 43.235763],
            [-77.376046, 43.2762243589198],
            [-77.371364, 43.039491],
            [-77.485418, 43.034564],
            [-77.482517, 42.943164],
            [-77.758727, 42.940461],
            [-77.731671, 42.946078],
            [-77.717828, 42.973365],
            [-77.730957, 42.988372],
            [-77.909832, 42.987762],
            [-77.904121, 43.037056],
            [-77.951044, 43.039544],
            [-77.905934, 43.133561],
            [-77.99729, 43.132981],
            [-77.997248, 43.136519]
          ]
        ]
      }
    },
    {
      "type": "Feature",
      "id": "48059",
      "properties": {
        "county_id": "48059",
        "county_label": "Callahan County",
        "state_name": "Texas",
        "state_fips": "48"
      },
      "geometry": {
        "type": "Polygon",
        "coordinates": [
          [
            [-99.631246, 32.145067],
            [-99.629579, 32.514657],
            [-99.114293, 32.514811],
            [-99.114049, 32.500126],
            [-99.118665, 32.079585],
            [-99.631413, 32.081274],
            [-99.631246, 32.145067]
          ]
        ]
      }
    },
    {
      "type": "Feature",
      "id": "48371",
      "properties": {
        "county_id": "48371",
        "county_label": "Pecos County",
        "state_name": "Texas",
        "state_fips": "48"
      },
      "geometry": {
        "type": "Polygon",
        "coordinates": [
          [
            [-103.585084, 30.76647],
            [-103.01104, 31.371306],
            [-102.913983, 31.339118],
            [-102.826735, 31.266881],
            [-102.774077, 31.295297],
            [-102.739244, 31.282596],
            [-102.724875, 31.308418],
            [-102.676104, 31.330084],
            [-102.596491, 31.264012],
            [-102.567042, 31.272675],
            [-102.511156, 31.2595],
            [-102.442056, 31.212566],
            [-102.425107, 31.17816],
            [-102.430127, 31.129058],
            [-102.406153, 31.08787],
            [-102.329717, 31.068255],
            [-102.28495, 31.033988],
            [-102.20308, 31.031206],
            [-102.189777, 31.003352],
            [-102.181269, 31.016676],
            [-102.1099, 30.990321],
            [-102.049179, 31.00364],
            [-102.011784, 30.979556],
            [-101.984718, 30.987439],
            [-101.907888, 30.928006],
            [-101.883436, 30.925647],
            [-101.874264, 30.91183],
            [-101.890837, 30.889628],
            [-101.860262, 30.873872],
            [-101.832921, 30.808235],
            [-101.838985, 30.763919],
            [-101.815828, 30.752015],
            [-101.810107, 30.702852],
            [-101.779818, 30.685993],
            [-101.768377, 30.652938],
            [-102.137778, 30.655982],
            [-102.138406, 30.597521],
            [-102.342986, 30.598759],
            [-102.343085, 30.284116],
            [-102.566937, 30.283269],
            [-102.567049, 30.052808],
            [-103.57414, 30.759137],
            [-103.585084, 30.76647]
          ]
        ]
      }
    },
    {
      "type": "Feature",
      "id": "06021",
      "properties": {
        "county_id": "06021",
        "county_label": "Glenn County",
        "state_name": "California",
        "state_fips": "06"
      },
      "geometry": {
        "type": "Polygon",
        "coordinates": [
          [
            [-122.93795, 39.749883],
            [-122.937654, 39.798156],
            [-122.026498, 39.800137],
            [-122.02456, 39.767942],
            [-121.982176, 39.733902],
            [-121.96315, 39.740713],
            [-121.962524, 39.717741],
            [-121.948671, 39.732501],
            [-121.941583, 39.698113],
            [-121.997348, 39.668483],
            [-121.966623, 39.652444],
            [-121.990829, 39.636539],
            [-121.979555, 39.614791],
            [-122.003243, 39.574815],
            [-121.990634, 39.564295],
            [-122.003134, 39.559295],
            [-121.998279, 39.542461],
            [-121.974031, 39.52885],
            [-121.856532, 39.536904],
            [-121.877341, 39.509549],
            [-121.875199, 39.427911],
            [-121.890013, 39.383864],
            [-122.009735, 39.383864],
            [-122.008857, 39.413567],
            [-122.136161, 39.414499],
            [-122.136006, 39.385494],
            [-122.739062, 39.383266],
            [-122.735639, 39.580668],
            [-122.885352, 39.580108],
            [-122.892676, 39.708898],
            [-122.912876, 39.708723],
            [-122.912516, 39.748165],
            [-122.938413, 39.748112],
            [-122.93795, 39.749883]
          ]
        ]
      }
    },
    {
      "type": "Feature",
      "id": "12037",
      "properties": {
        "county_id": "12037",
        "county_label": "Franklin County",
        "state_name": "Florida",
        "state_fips": "12"
      },
      "geometry": {
        "type": "MultiPolygon",
        "coordinates": [
          [
            [
              [-84.674683, 29.786234],
              [-84.624532, 29.7901],
              [-84.57248, 29.828459],
              [-84.582819, 29.805982],
              [-84.673919, 29.783212],
              [-84.674683, 29.786234]
            ]
          ],
          [
            [
              [-85.097168, 29.626242],
              [-85.027047, 29.596726],
              [-84.981498, 29.608642],
              [-84.867645, 29.670954],
              [-84.7905, 29.689521],
              [-84.798587, 29.702074],
              [-84.782212, 29.692606],
              [-84.692027, 29.764924],
              [-84.776954, 29.692191],
              [-84.956452, 29.613997],
              [-85.045074, 29.586991],
              [-85.097726, 29.624028],
              [-85.097168, 29.626242]
            ]
          ],
          [
            [
              [-85.206226, 29.711188],
              [-85.109401, 29.776793],
              [-85.040078, 29.779346],
              [-85.020534, 29.807373],
              [-85.054359, 29.90186],
              [-85.017939, 29.950973],
              [-85.025439, 29.971399],
              [-85.007626, 30.013883],
              [-84.54445, 30.01103],
              [-84.525007, 30.005221],
              [-84.515826, 29.980268],
              [-84.469004, 30.00237],
              [-84.456892, 29.972685],
              [-84.432566, 29.976198],
              [-84.438904, 29.960232],
              [-84.338625, 29.94649],
              [-84.341555, 29.902189],
              [-84.423336, 29.903279],
              [-84.451705, 29.929085],
              [-84.492025, 29.909872],
              [-84.521814, 29.914078],
              [-84.888031, 29.722406],
              [-84.902142, 29.73532],
              [-84.871125, 29.781333],
              [-84.877661, 29.798144],
              [-84.993264, 29.714961],
              [-85.101682, 29.718748],
              [-85.2174996110487, 29.6947430959589],
              [-85.206226, 29.711188]
            ]
          ],
          [
            [
              [-85.222476, 29.679336],
              [-85.114268, 29.688658],
              [-85.074308, 29.673981],
              [-85.096764, 29.633057],
              [-85.120454, 29.630015],
              [-85.222456, 29.677804],
              [-85.222476, 29.679336]
            ]
          ]
        ]
      }
    },
    {
      "type": "Feature",
      "id": "48435",
      "properties": {
        "county_id": "48435",
        "county_label": "Sutton County",
        "state_name": "Texas",
        "state_fips": "48"
      },
      "geometry": {
        "type": "Polygon",
        "coordinates": [
          [
            [-100.960649, 30.665484],
            [-100.960587, 30.706071],
            [-100.116234, 30.710366],
            [-100.116461, 30.290296],
            [-100.960643, 30.287776],
            [-100.960749, 30.502348],
            [-100.960649, 30.665484]
          ]
        ]
      }
    },
    {
      "type": "Feature",
      "id": "48327",
      "properties": {
        "county_id": "48327",
        "county_label": "Menard County",
        "state_name": "Texas",
        "state_fips": "48"
      },
      "geometry": {
        "type": "Polygon",
        "coordinates": [
          [
            [-100.116031, 30.944227],
            [-100.115216, 31.087994],
            [-99.603223, 31.087296],
            [-99.603627, 30.940726],
            [-99.484755, 30.940605],
            [-99.483869, 30.710771],
            [-100.116234, 30.710366],
            [-100.116031, 30.944227]
          ]
        ]
      }
    },
    {
      "type": "Feature",
      "id": "48107",
      "properties": {
        "county_id": "48107",
        "county_label": "Crosby County",
        "state_name": "Texas",
        "state_fips": "48"
      },
      "geometry": {
        "type": "Polygon",
        "coordinates": [
          [
            [-101.56358, 33.830451],
            [-101.041158, 33.833625],
            [-101.038788, 33.397214],
            [-101.556884, 33.39476],
            [-101.563064, 33.798143],
            [-101.56358, 33.830451]
          ]
        ]
      }
    },
    {
      "type": "Feature",
      "id": "06085",
      "properties": {
        "county_id": "06085",
        "county_label": "Santa Clara County",
        "state_name": "California",
        "state_fips": "06"
      },
      "geometry": {
        "type": "Polygon",
        "coordinates": [
          [
            [-122.202591, 37.36272],
            [-122.190506, 37.430956],
            [-122.115388465084, 37.4664027296649],
            [-122.058336, 37.446788],
            [-122.025425, 37.46563],
            [-121.944914, 37.469163],
            [-121.925041, 37.454186],
            [-121.865267, 37.484637],
            [-121.472952, 37.482333],
            [-121.486775, 37.475652],
            [-121.462917, 37.451489],
            [-121.472606, 37.423345],
            [-121.456651, 37.395535],
            [-121.409075, 37.380672],
            [-121.42365, 37.358837],
            [-121.405753, 37.31099],
            [-121.459068, 37.282319],
            [-121.448493, 37.23702],
            [-121.416869, 37.211262],
            [-121.40653, 37.158835],
            [-121.383551, 37.151487],
            [-121.360942, 37.184321],
            [-121.328409, 37.16595],
            [-121.298552, 37.165963],
            [-121.281107, 37.183603],
            [-121.262093, 37.159323],
            [-121.236378, 37.156079],
            [-121.217339, 37.123042],
            [-121.245484, 37.089148],
            [-121.208228, 37.062013],
            [-121.248461, 37.033488],
            [-121.233337, 37.011746],
            [-121.245887, 36.983036],
            [-121.215406, 36.961248],
            [-121.418253, 36.96064],
            [-121.450607, 36.988944],
            [-121.488949, 36.983148],
            [-121.575402, 36.893033],
            [-121.590354, 36.926151],
            [-121.624755, 36.940451],
            [-121.645791, 36.93233],
            [-121.664787, 36.963714],
            [-121.698129, 36.972605],
            [-121.695358, 36.98515],
            [-121.738697, 36.989991],
            [-121.718762, 37.007557],
            [-121.75492, 37.04845],
            [-122.026174, 37.166854],
            [-122.055087, 37.212497],
            [-122.10423, 37.23427],
            [-122.16233, 37.304413],
            [-122.193062, 37.318277],
            [-122.175075, 37.325741],
            [-122.202467, 37.360272],
            [-122.202591, 37.36272]
          ]
        ]
      }
    },
    {
      "type": "Feature",
      "id": "47051",
      "properties": {
        "county_id": "47051",
        "county_label": "Franklin County",
        "state_name": "Tennessee",
        "state_fips": "47"
      },
      "geometry": {
        "type": "Polygon",
        "coordinates": [
          [
            [-86.330797, 35.148543],
            [-86.316935, 35.146484],
            [-86.316743, 35.168871],
            [-86.300989, 35.173183],
            [-86.311832, 35.195513],
            [-86.294638, 35.216379],
            [-86.316224, 35.219745],
            [-86.281191, 35.241761],
            [-86.28719, 35.259681],
            [-86.244723, 35.314877],
            [-86.261684, 35.330107],
            [-86.250174, 35.344644],
            [-86.214729, 35.348124],
            [-86.197589, 35.333479],
            [-86.158018, 35.362607],
            [-86.02704, 35.343837],
            [-86.033482, 35.335157],
            [-86.001882, 35.31468],
            [-85.962473, 35.314708],
            [-85.959142, 35.301612],
            [-85.913593, 35.289189],
            [-85.863327, 35.22028],
            [-85.8639354755464, 34.9883790198068],
            [-86.3187611440952, 34.9911469680432],
            [-86.312615, 35.134321],
            [-86.333353, 35.146485],
            [-86.330797, 35.148543]
          ]
        ]
      }
    },
    {
      "type": "Feature",
      "id": "47117",
      "properties": {
        "county_id": "47117",
        "county_label": "Marshall County",
        "state_name": "Tennessee",
        "state_fips": "47"
      },
      "geometry": {
        "type": "Polygon",
        "coordinates": [
          [
            [-86.960804, 35.417021],
            [-86.955004, 35.451474],
            [-86.919003, 35.456274],
            [-86.8806, 35.494003],
            [-86.875589, 35.521251],
            [-86.87128, 35.502486],
            [-86.849573, 35.525515],
            [-86.811864, 35.696412],
            [-86.69554, 35.710864],
            [-86.641978, 35.689037],
            [-86.649204, 35.599391],
            [-86.66377, 35.581893],
            [-86.635207, 35.577415],
            [-86.653193, 35.57412],
            [-86.665555, 35.456207],
            [-86.61822, 35.366795],
            [-86.599478, 35.36495],
            [-86.602613, 35.327013],
            [-86.677397, 35.310677],
            [-86.746899, 35.252878],
            [-86.828301, 35.263677],
            [-86.845688, 35.321021],
            [-86.859481, 35.298966],
            [-86.906451, 35.314075],
            [-86.901802, 35.338475],
            [-86.927535, 35.375142],
            [-86.922802, 35.406775],
            [-86.958054, 35.417934],
            [-86.960804, 35.417021]
          ]
        ]
      }
    },
    {
      "type": "Feature",
      "id": "48067",
      "properties": {
        "county_id": "48067",
        "county_label": "Cass County",
        "state_name": "Texas",
        "state_fips": "48"
      },
      "geometry": {
        "type": "Polygon",
        "coordinates": [
          [
            [-94.653997, 33.058674],
            [-94.65226, 33.268861],
            [-94.634839, 33.251351],
            [-94.590455, 33.259424],
            [-94.578978, 33.247785],
            [-94.568972, 33.264328],
            [-94.468442, 33.294313],
            [-94.415739, 33.284017],
            [-94.379409, 33.255651],
            [-94.297685, 33.255631],
            [-94.259313, 33.237046],
            [-94.229365, 33.243028],
            [-94.240353, 33.27404],
            [-94.215756, 33.284805],
            [-94.218517, 33.296936],
            [-94.164377, 33.312057],
            [-94.130474, 33.292608],
            [-94.11007, 33.309424],
            [-94.082619, 33.304558],
            [-94.083732, 33.293084],
            [-94.056144, 33.298036],
            [-94.04273, 33.241823],
            [-94.0428857174211, 32.881088560255],
            [-94.653994, 32.879506],
            [-94.653774, 33.028278],
            [-94.653997, 33.058674]
          ]
        ]
      }
    },
    {
      "type": "Feature",
      "id": "47187",
      "properties": {
        "county_id": "47187",
        "county_label": "Williamson County",
        "state_name": "Tennessee",
        "state_fips": "47"
      },
      "geometry": {
        "type": "Polygon",
        "coordinates": [
          [
            [-87.2122, 35.867363],
            [-87.201426, 35.940579],
            [-87.21199, 35.970082],
            [-87.190826, 35.975884],
            [-87.182573, 36.049726],
            [-87.053722, 36.045582],
            [-87.039386, 35.989242],
            [-86.928602, 36.052909],
            [-86.783079, 36.034886],
            [-86.6186, 35.971336],
            [-86.628, 35.910163],
            [-86.600032, 35.849994],
            [-86.625534, 35.832249],
            [-86.611806, 35.824469],
            [-86.625198, 35.808897],
            [-86.613531, 35.809965],
            [-86.613328, 35.790331],
            [-86.662855, 35.790934],
            [-86.661266, 35.767431],
            [-86.696904, 35.752334],
            [-86.699281, 35.717837],
            [-86.686193, 35.710051],
            [-86.746606, 35.707889],
            [-86.751651, 35.696447],
            [-86.928979, 35.757196],
            [-86.92836, 35.778057],
            [-87.003959, 35.779028],
            [-87.215099, 35.850651],
            [-87.2122, 35.867363]
          ]
        ]
      }
    },
    {
      "type": "Feature",
      "id": "12023",
      "properties": {
        "county_id": "12023",
        "county_label": "Columbia County",
        "state_name": "Florida",
        "state_fips": "12"
      },
      "geometry": {
        "type": "Polygon",
        "coordinates": [
          [
            [-82.798903, 29.933637],
            [-82.758583, 29.975707],
            [-82.793975, 29.986202],
            [-82.794594, 30.337024],
            [-82.788503, 30.324013],
            [-82.763316, 30.330924],
            [-82.745411, 30.317369],
            [-82.723815, 30.33383],
            [-82.71643, 30.321242],
            [-82.684158, 30.337964],
            [-82.686949, 30.353336],
            [-82.646699, 30.397364],
            [-82.672895, 30.448571],
            [-82.662352, 30.450652],
            [-82.701802, 30.477713],
            [-82.696663, 30.489418],
            [-82.728622, 30.525707],
            [-82.714528, 30.531842],
            [-82.726583, 30.559486],
            [-82.69652, 30.596047],
            [-82.4597918101678, 30.5842868523055],
            [-82.45258, 30.122069],
            [-82.45768, 30.102795],
            [-82.53186, 30.061247],
            [-82.536566, 30.025323],
            [-82.573116, 30.010651],
            [-82.56928, 29.97498],
            [-82.533301, 29.958357],
            [-82.529439, 29.934277],
            [-82.578266, 29.915845],
            [-82.586485, 29.866702],
            [-82.619739, 29.859111],
            [-82.641377, 29.827423],
            [-82.732941, 29.85647],
            [-82.769301, 29.897714],
            [-82.769861, 29.927813],
            [-82.800477, 29.932126],
            [-82.798903, 29.933637]
          ]
        ]
      }
    },
    {
      "type": "Feature",
      "id": "06055",
      "properties": {
        "county_id": "06055",
        "county_label": "Napa County",
        "state_name": "California",
        "state_fips": "06"
      },
      "geometry": {
        "type": "Polygon",
        "coordinates": [
          [
            [-122.646421, 38.598593],
            [-122.628293, 38.623038],
            [-122.627396, 38.667506],
            [-122.46389, 38.705203],
            [-122.402889, 38.772902],
            [-122.412289, 38.785801],
            [-122.397989, 38.804001],
            [-122.379388, 38.802101],
            [-122.373488, 38.817],
            [-122.403886, 38.8556],
            [-122.395056, 38.864245],
            [-122.349968, 38.835756],
            [-122.287998, 38.839931],
            [-122.224206, 38.699984],
            [-122.168301, 38.655296],
            [-122.168349, 38.619297],
            [-122.151468, 38.625249],
            [-122.128987, 38.586993],
            [-122.103281, 38.513348],
            [-122.126389, 38.428918],
            [-122.061379, 38.329611],
            [-122.064779, 38.315912],
            [-122.205982, 38.315713],
            [-122.188381, 38.271614],
            [-122.216482, 38.266015],
            [-122.193281, 38.256415],
            [-122.212481, 38.248715],
            [-122.193374, 38.221215],
            [-122.21508, 38.179717],
            [-122.19538, 38.155017],
            [-122.406786, 38.155632],
            [-122.367561, 38.158792],
            [-122.369048, 38.181777],
            [-122.349564, 38.193972],
            [-122.366787, 38.247015],
            [-122.404592, 38.281423],
            [-122.396336, 38.309179],
            [-122.497191, 38.423811],
            [-122.482991, 38.45271],
            [-122.529592, 38.469609],
            [-122.543893, 38.519966],
            [-122.620846, 38.560317],
            [-122.645063, 38.597769],
            [-122.646421, 38.598593]
          ]
        ]
      }
    },
    {
      "type": "Feature",
      "id": "36063",
      "properties": {
        "county_id": "36063",
        "county_label": "Niagara County",
        "state_name": "New York",
        "state_fips": "36"
      },
      "geometry": {
        "type": "Polygon",
        "coordinates": [
          [
            [-79.075367, 43.081355],
            [-79.057961, 43.106957],
            [-79.069091, 43.119956],
            [-79.042366, 43.143655],
            [-79.05606, 43.254156],
            [-79.070469, 43.262454],
            [-78.634346, 43.357624],
            [-78.4655020828508, 43.3712326509368],
            [-78.469736, 43.082797],
            [-78.560265, 43.097279],
            [-78.59404, 43.0695],
            [-78.640732, 43.097275],
            [-78.646561, 43.080791],
            [-78.727647, 43.08622],
            [-78.83126, 43.050246],
            [-78.825366, 43.033656],
            [-78.841745, 43.018863],
            [-78.890159, 43.021956],
            [-78.89626, 43.044156],
            [-78.945262, 43.066956],
            [-79.074467, 43.077855],
            [-79.075367, 43.081355]
          ]
        ]
      }
    },
    {
      "type": "Feature",
      "id": "12039",
      "properties": {
        "county_id": "12039",
        "county_label": "Gadsden County",
        "state_name": "Florida",
        "state_fips": "12"
      },
      "geometry": {
        "type": "Polygon",
        "coordinates": [
          [
            [-84.931919, 30.606893],
            [-84.905619, 30.621993],
            [-84.858341, 30.696621],
            [-84.864693, 30.711542],
            [-84.2825612156871, 30.6853214444398],
            [-84.303498, 30.677686],
            [-84.300583, 30.640068],
            [-84.332107, 30.596494],
            [-84.378384, 30.573467],
            [-84.402926, 30.475769],
            [-84.460506, 30.455908],
            [-84.495307, 30.460298],
            [-84.646408, 30.388281],
            [-84.680632, 30.387973],
            [-84.680525, 30.417269],
            [-84.714124, 30.417199],
            [-84.714097, 30.460401],
            [-84.781111, 30.459794],
            [-84.781813, 30.518693],
            [-84.882616, 30.533094],
            [-84.883316, 30.605589],
            [-84.932519, 30.606393],
            [-84.931919, 30.606893]
          ]
        ]
      }
    },
    {
      "type": "Feature",
      "id": "48017",
      "properties": {
        "county_id": "48017",
        "county_label": "Bailey County",
        "state_name": "Texas",
        "state_fips": "48"
      },
      "geometry": {
        "type": "Polygon",
        "coordinates": [
          [
            [-103.046907, 33.8503],
            [-103.043978936987, 34.312749083575],
            [-102.61515, 34.312891],
            [-102.615447, 33.825121],
            [-103.047346, 33.824675],
            [-103.046907, 33.8503]
          ]
        ]
      }
    },
    {
      "type": "Feature",
      "id": "48339",
      "properties": {
        "county_id": "48339",
        "county_label": "Montgomery County",
        "state_name": "Texas",
        "state_fips": "48"
      },
      "geometry": {
        "type": "Polygon",
        "coordinates": [
          [
            [-95.83024, 30.630284],
            [-95.598878, 30.50898],
            [-95.361866, 30.508916],
            [-95.308395, 30.40575],
            [-95.203801, 30.352012],
            [-95.226494, 30.319865],
            [-95.165897, 30.344976],
            [-95.096708, 30.167214],
            [-95.264138, 30.032069],
            [-95.292997, 30.027905],
            [-95.349539, 30.076398],
            [-95.410033, 30.09283],
            [-95.424216, 30.115491],
            [-95.487878, 30.107808],
            [-95.499839, 30.142475],
            [-95.541399, 30.170279],
            [-95.668303, 30.101723],
            [-95.80333, 30.090096],
            [-95.804351, 30.3378],
            [-95.829039, 30.618219],
            [-95.83024, 30.630284]
          ]
        ]
      }
    },
    {
      "type": "Feature",
      "id": "48241",
      "properties": {
        "county_id": "48241",
        "county_label": "Jasper County",
        "state_name": "Texas",
        "state_fips": "48"
      },
      "geometry": {
        "type": "Polygon",
        "coordinates": [
          [
            [-94.460167, 31.03092],
            [-94.05635, 31.11182],
            [-94.039034, 31.134271],
            [-93.911126, 31.158071],
            [-93.865711, 30.947218],
            [-93.901452, 30.242672],
            [-94.117604, 30.241665],
            [-94.096455, 30.258682],
            [-94.113565, 30.262854],
            [-94.117792, 30.300554],
            [-94.08292, 30.345654],
            [-94.119394, 30.426298],
            [-94.06699, 30.531936],
            [-94.095864, 30.576781],
            [-94.053078, 30.648482],
            [-94.073879, 30.667643],
            [-94.085921, 30.656779],
            [-94.091348, 30.688181],
            [-94.125824, 30.684052],
            [-94.132823, 30.764612],
            [-94.150119, 30.790203],
            [-94.180235, 30.795648],
            [-94.18014, 30.833971],
            [-94.200963, 30.863533],
            [-94.189945, 30.872001],
            [-94.215928, 30.901533],
            [-94.19953, 30.928042],
            [-94.245013, 30.96676],
            [-94.238424, 31.013705],
            [-94.279926, 31.017692],
            [-94.29319, 31.04282],
            [-94.325084, 31.019968],
            [-94.353782, 31.039371],
            [-94.451127, 31.003445],
            [-94.442293, 31.029981],
            [-94.458733, 31.030183],
            [-94.460167, 31.03092]
          ]
        ]
      }
    },
    {
      "type": "Feature",
      "id": "36091",
      "properties": {
        "county_id": "36091",
        "county_label": "Saratoga County",
        "state_name": "New York",
        "state_fips": "36"
      },
      "geometry": {
        "type": "Polygon",
        "coordinates": [
          [
            [-74.1601, 43.371532],
            [-73.883299, 43.397988],
            [-73.858647, 43.328115],
            [-73.824615, 43.30427],
            [-73.834917, 43.251004],
            [-73.792889, 43.246243],
            [-73.767498, 43.222123],
            [-73.730478, 43.270774],
            [-73.690162, 43.284072],
            [-73.669561, 43.263871],
            [-73.671273, 43.293154],
            [-73.641861, 43.293273],
            [-73.635941, 43.306998],
            [-73.588549, 43.299414],
            [-73.600738, 43.268836],
            [-73.579464, 43.210677],
            [-73.590938, 43.13511],
            [-73.575484, 43.114851],
            [-73.578155, 43.055787],
            [-73.609282, 42.982241],
            [-73.631467, 42.969739],
            [-73.632305, 42.944379],
            [-73.683074, 42.903776],
            [-73.658462, 42.809077],
            [-73.688362, 42.775477],
            [-73.726663, 42.822577],
            [-73.766664, 42.786077],
            [-73.809369, 42.778869],
            [-73.895938, 42.851076],
            [-73.904386, 42.911163],
            [-73.955458, 42.897306],
            [-74.006531, 42.934073],
            [-74.09298, 42.955868],
            [-74.158083, 43.359527],
            [-74.1601, 43.371532]
          ]
        ]
      }
    },
    {
      "type": "Feature",
      "id": "48033",
      "properties": {
        "county_id": "48033",
        "county_label": "Borden County",
        "state_name": "Texas",
        "state_fips": "48"
      },
      "geometry": {
        "type": "Polygon",
        "coordinates": [
          [
            [-101.691284, 32.961838],
            [-101.173378, 32.963597],
            [-101.174571, 32.524112],
            [-101.68874, 32.525222],
            [-101.691094, 32.886346],
            [-101.691284, 32.961838]
          ]
        ]
      }
    },
    {
      "type": "Feature",
      "id": "48153",
      "properties": {
        "county_id": "48153",
        "county_label": "Floyd County",
        "state_name": "Texas",
        "state_fips": "48"
      },
      "geometry": {
        "type": "Polygon",
        "coordinates": [
          [
            [-101.56504, 34.1898],
            [-101.564856, 34.312493],
            [-101.041484, 34.312444],
            [-101.041158, 33.833625],
            [-101.56358, 33.830451],
            [-101.565006, 34.184523],
            [-101.56504, 34.1898]
          ]
        ]
      }
    },
    {
      "type": "Feature",
      "id": "47059",
      "properties": {
        "county_id": "47059",
        "county_label": "Greene County",
        "state_name": "Tennessee",
        "state_fips": "47"
      },
      "geometry": {
        "type": "Polygon",
        "coordinates": [
          [
            [-83.172285, 36.159395],
            [-83.166085, 36.180894],
            [-83.097823, 36.23262],
            [-83.031705, 36.276696],
            [-83.014983, 36.272797],
            [-82.937183, 36.334797],
            [-82.916082, 36.328598],
            [-82.840822, 36.370485],
            [-82.813281, 36.363399],
            [-82.726879, 36.4045],
            [-82.631794, 36.418769],
            [-82.647769, 36.146404],
            [-82.5772, 36.078387],
            [-82.602877, 36.039833],
            [-82.637165, 36.065805],
            [-82.776001, 36.000103],
            [-82.777751, 35.966912],
            [-82.821861, 35.921839],
            [-82.852554, 35.949089],
            [-82.898938, 35.945405],
            [-83.055448, 36.090668],
            [-83.101348, 36.120759],
            [-83.117004, 36.111112],
            [-83.172485, 36.157095],
            [-83.172285, 36.159395]
          ]
        ]
      }
    },
    {
      "type": "Feature",
      "id": "47155",
      "properties": {
        "county_id": "47155",
        "county_label": "Sevier County",
        "state_name": "Tennessee",
        "state_fips": "47"
      },
      "geometry": {
        "type": "Polygon",
        "coordinates": [
          [
            [-83.794275, 35.887125],
            [-83.764266, 35.91327],
            [-83.68306, 35.937598],
            [-83.687073, 35.949335],
            [-83.654605, 35.971937],
            [-83.677496, 36.028068],
            [-83.655748, 36.042966],
            [-83.521515, 35.962958],
            [-83.490299, 35.928044],
            [-83.394843, 35.933085],
            [-83.387457, 35.913605],
            [-83.330258, 35.911609],
            [-83.261715, 35.825364],
            [-83.279019, 35.823222],
            [-83.287421, 35.795423],
            [-83.276413, 35.713591],
            [-83.255476179897, 35.7150906815168],
            [-83.25561, 35.696061],
            [-83.297154, 35.65775],
            [-83.35156, 35.659858],
            [-83.396626, 35.62272],
            [-83.445802, 35.611803],
            [-83.498335, 35.562981],
            [-83.58559, 35.562941],
            [-83.608889, 35.579451],
            [-83.645481, 35.565825],
            [-83.6630236045826, 35.5691430430619],
            [-83.662814, 35.690618],
            [-83.70525, 35.71158],
            [-83.747317, 35.798398],
            [-83.73877, 35.811534],
            [-83.757287, 35.817528],
            [-83.793568, 35.885858],
            [-83.794275, 35.887125]
          ]
        ]
      }
    },
    {
      "type": "Feature",
      "id": "06069",
      "properties": {
        "county_id": "06069",
        "county_label": "San Benito County",
        "state_name": "California",
        "state_fips": "06"
      },
      "geometry": {
        "type": "Polygon",
        "coordinates": [
          [
            [-121.644001, 36.893996],
            [-121.629489, 36.911681],
            [-121.560272, 36.897111],
            [-121.488949, 36.983148],
            [-121.450607, 36.988944],
            [-121.418253, 36.96064],
            [-121.214536, 36.961248],
            [-121.234683, 36.926894],
            [-121.221378, 36.910301],
            [-121.188796, 36.913238],
            [-121.141523, 36.836656],
            [-120.933428, 36.751704],
            [-120.597155, 36.488235],
            [-120.596562, 36.328488],
            [-120.663131, 36.314385],
            [-120.682723, 36.294441],
            [-120.678582, 36.267319],
            [-120.75834, 36.308604],
            [-120.717696, 36.260012],
            [-120.711873, 36.19836],
            [-120.760378, 36.203085],
            [-120.85202, 36.285964],
            [-120.918142, 36.310561],
            [-120.951262, 36.275904],
            [-120.9858, 36.292937],
            [-120.992415, 36.269921],
            [-121.026833, 36.259761],
            [-121.027253, 36.275106],
            [-121.040302, 36.271058],
            [-121.040797, 36.323969],
            [-121.229511, 36.475277],
            [-121.239295, 36.504782],
            [-121.311788, 36.502736],
            [-121.295362, 36.527129],
            [-121.329142, 36.555443],
            [-121.318373, 36.610026],
            [-121.350092, 36.648357],
            [-121.469023, 36.685434],
            [-121.484508, 36.713062],
            [-121.453072, 36.721198],
            [-121.462368, 36.743851],
            [-121.481296, 36.765172],
            [-121.504011, 36.757205],
            [-121.622089, 36.846203],
            [-121.643626, 36.891845],
            [-121.644001, 36.893996]
          ]
        ]
      }
    },
    {
      "type": "Feature",
      "id": "48353",
      "properties": {
        "county_id": "48353",
        "county_label": "Nolan County",
        "state_name": "Texas",
        "state_fips": "48"
      },
      "geometry": {
        "type": "Polygon",
        "coordinates": [
          [
            [-100.665157, 32.099986],
            [-100.660626, 32.525312],
            [-100.146543, 32.522793],
            [-100.151911, 32.082638],
            [-100.665353, 32.085407],
            [-100.665157, 32.099986]
          ]
        ]
      }
    },
    {
      "type": "Feature",
      "id": "48225",
      "properties": {
        "county_id": "48225",
        "county_label": "Houston County",
        "state_name": "Texas",
        "state_fips": "48"
      },
      "geometry": {
        "type": "Polygon",
        "coordinates": [
          [
            [-95.775353, 31.122051],
            [-95.77425, 31.138323],
            [-95.728026, 31.161955],
            [-95.747943, 31.20831],
            [-95.725041, 31.230098],
            [-95.725728, 31.26987],
            [-95.695085, 31.297029],
            [-95.672411, 31.294884],
            [-95.67168, 31.317204],
            [-95.656125, 31.322183],
            [-95.657514, 31.34348],
            [-95.67681, 31.346103],
            [-95.664218, 31.364305],
            [-95.700552, 31.393402],
            [-95.712117, 31.455783],
            [-95.746837, 31.45817],
            [-95.721842, 31.472754],
            [-95.743198, 31.500618],
            [-95.647171, 31.527014],
            [-95.651764, 31.541791],
            [-95.273203, 31.592886],
            [-95.255023, 31.574789],
            [-95.207701, 31.570434],
            [-95.171913, 31.584878],
            [-95.139603, 31.562821],
            [-95.143445, 31.539641],
            [-95.099966, 31.518869],
            [-95.094423, 31.49873],
            [-95.111118, 31.483962],
            [-95.100323, 31.468196],
            [-95.064279, 31.471091],
            [-95.045384, 31.445471],
            [-95.007294, 31.444512],
            [-95.005525, 31.421076],
            [-94.95811, 31.38693],
            [-95.624224, 30.927238],
            [-95.649761, 30.935951],
            [-95.681305, 30.987499],
            [-95.658418, 31.01631],
            [-95.668847, 31.026861],
            [-95.631397, 31.036836],
            [-95.629983, 31.05175],
            [-95.663546, 31.083884],
            [-95.760626, 31.088928],
            [-95.776881, 31.120871],
            [-95.775353, 31.122051]
          ]
        ]
      }
    },
    {
      "type": "Feature",
      "id": "48361",
      "properties": {
        "county_id": "48361",
        "county_label": "Orange County",
        "state_name": "Texas",
        "state_fips": "48"
      },
      "geometry": {
        "type": "Polygon",
        "coordinates": [
          [
            [-94.117956, 30.21685],
            [-94.117604, 30.241665],
            [-93.703113, 30.239176],
            [-93.717839, 30.193999],
            [-93.705495, 30.192921],
            [-93.706532, 30.147424],
            [-93.688552, 30.140374],
            [-93.734085, 30.08613],
            [-93.699396, 30.05925],
            [-93.717327, 30.06571],
            [-93.74207, 30.020771],
            [-93.789431, 29.987812],
            [-93.8543426408309, 29.8649909997958],
            [-93.838824, 29.936934],
            [-93.859017, 29.976549],
            [-93.981774, 30.008913],
            [-93.983074, 30.021812],
            [-93.996774, 30.013113],
            [-94.001039, 30.030964],
            [-94.029476, 30.025513],
            [-94.027476, 30.066012],
            [-94.093539, 30.083684],
            [-94.074278, 30.116511],
            [-94.109146, 30.136733],
            [-94.114472, 30.173799],
            [-94.091217, 30.204648],
            [-94.117764, 30.215874],
            [-94.117956, 30.21685]
          ]
        ]
      }
    },
    {
      "type": "Feature",
      "id": "12075",
      "properties": {
        "county_id": "12075",
        "county_label": "Levy County",
        "state_name": "Florida",
        "state_fips": "12"
      },
      "geometry": {
        "type": "MultiPolygon",
        "coordinates": [
          [
            [
              [-83.034469, 29.125343],
              [-83.02386, 29.124034],
              [-83.034469, 29.121813],
              [-83.034469, 29.125343]
            ]
          ],
          [
            [
              [-83.034469, 29.099594],
              [-83.030666, 29.098971],
              [-83.025912, 29.096271],
              [-83.029477, 29.093779],
              [-83.03405, 29.095547],
              [-83.035325, 29.096307],
              [-83.034469, 29.099594]
            ]
          ],
          [
            [
              [-83.075959, 29.101632],
              [-83.062039, 29.09731],
              [-83.077251, 29.100217],
              [-83.075959, 29.101632]
            ]
          ],
          [
            [
              [-83.093413, 29.131779],
              [-83.082604, 29.128917],
              [-83.093922, 29.128523],
              [-83.093413, 29.131779]
            ]
          ],
          [
            [
              [-83.164817, 29.289161],
              [-83.142026, 29.322592],
              [-83.112947, 29.318141],
              [-83.06167, 29.348374],
              [-83.064654, 29.373979],
              [-83.023897, 29.397726],
              [-83.021184, 29.431196],
              [-82.984923, 29.469077],
              [-82.977347, 29.539893],
              [-82.947901, 29.557531],
              [-82.937329, 29.591196],
              [-82.77291, 29.584879],
              [-82.756458, 29.562467],
              [-82.656301, 29.564811],
              [-82.656331, 29.53562],
              [-82.557565, 29.537606],
              [-82.556766, 29.480055],
              [-82.40662, 29.485048],
              [-82.403237, 29.215623],
              [-82.53486, 29.21468],
              [-82.535591, 29.044855],
              [-82.595224, 29.029874],
              [-82.607473, 29.010443],
              [-82.702833, 29.032821],
              [-82.760551, 28.993087],
              [-82.761612, 29.051609],
              [-82.80487, 29.05431],
              [-82.783479, 29.069269],
              [-82.816925, 29.076215],
              [-82.823659, 29.098902],
              [-82.80178, 29.116622],
              [-82.813902, 29.162502],
              [-82.994776, 29.175162],
              [-83.016405, 29.13863],
              [-83.05316, 29.126747],
              [-83.087839, 29.21642],
              [-83.077265, 29.255331],
              [-83.1669507949147, 29.288592886733],
              [-83.164817, 29.289161]
            ]
          ]
        ]
      }
    },
    {
      "type": "Feature",
      "id": "12005",
      "properties": {
        "county_id": "12005",
        "county_label": "Bay County",
        "state_name": "Florida",
        "state_fips": "12"
      },
      "geometry": {
        "type": "Polygon",
        "coordinates": [
          [
            [-85.995732, 30.274656],
            [-85.992736, 30.38932],
            [-85.964967, 30.410708],
            [-85.883984, 30.410253],
            [-85.8535, 30.440623],
            [-85.487968, 30.436655],
            [-85.486358, 30.567574],
            [-85.383948, 30.566856],
            [-85.388465, 29.926076],
            [-85.502321, 29.967845],
            [-85.595611, 30.050583],
            [-85.9959271127585, 30.2691392913069],
            [-85.995732, 30.274656]
          ]
        ]
      }
    },
    {
      "type": "Feature",
      "id": "06113",
      "properties": {
        "county_id": "06113",
        "county_label": "Yolo County",
        "state_name": "California",
        "state_fips": "06"
      },
      "geometry": {
        "type": "Polygon",
        "coordinates": [
          [
            [-122.421488, 38.90233],
            [-122.403941, 38.925289],
            [-121.804805, 38.914521],
            [-121.791077, 38.903323],
            [-121.814814, 38.876582],
            [-121.784265, 38.856685],
            [-121.748624, 38.871318],
            [-121.728529, 38.857269],
            [-121.723346, 38.803759],
            [-121.690671, 38.795627],
            [-121.69269, 38.768312],
            [-121.670094, 38.759326],
            [-121.674502, 38.743692],
            [-121.658545, 38.754938],
            [-121.663162, 38.76921],
            [-121.633423, 38.768482],
            [-121.628984, 38.784383],
            [-121.595374, 38.768268],
            [-121.631918, 38.680644],
            [-121.594069, 38.644106],
            [-121.566868, 38.645104],
            [-121.549869, 38.599405],
            [-121.515766, 38.602704],
            [-121.506275, 38.586288],
            [-121.5255, 38.518777],
            [-121.559036, 38.499592],
            [-121.542717, 38.476447],
            [-121.504139, 38.466563],
            [-121.503847, 38.439614],
            [-121.532696, 38.430788],
            [-121.513481, 38.399942],
            [-121.520777, 38.36212],
            [-121.583954, 38.331652],
            [-121.593273, 38.313089],
            [-121.693697, 38.313732],
            [-121.694677, 38.527054],
            [-121.712034, 38.537962],
            [-121.785811, 38.523074],
            [-121.86012, 38.538512],
            [-121.940285, 38.533384],
            [-122.013377, 38.488721],
            [-122.057415, 38.517441],
            [-122.103281, 38.513348],
            [-122.139388, 38.609169],
            [-122.151468, 38.625249],
            [-122.168349, 38.619297],
            [-122.166477, 38.652672],
            [-122.224206, 38.699984],
            [-122.287998, 38.839931],
            [-122.371552, 38.844651],
            [-122.422048, 38.90089],
            [-122.421488, 38.90233]
          ]
        ]
      }
    },
    {
      "type": "Feature",
      "id": "12051",
      "properties": {
        "county_id": "12051",
        "county_label": "Hendry County",
        "state_name": "Florida",
        "state_fips": "12"
      },
      "geometry": {
        "type": "Polygon",
        "coordinates": [
          [
            [-81.566527, 26.713919],
            [-81.565748, 26.769601],
            [-81.459454, 26.768856],
            [-81.459328, 26.783467],
            [-81.434921, 26.78346],
            [-81.434557, 26.768772],
            [-80.945319, 26.769099],
            [-80.885639, 26.958919],
            [-80.87971, 26.259308],
            [-81.268236, 26.253069],
            [-81.271768, 26.517069],
            [-81.563763, 26.513331],
            [-81.566515, 26.709544],
            [-81.566527, 26.713919]
          ]
        ]
      }
    },
    {
      "type": "Feature",
      "id": "48345",
      "properties": {
        "county_id": "48345",
        "county_label": "Motley County",
        "state_name": "Texas",
        "state_fips": "48"
      },
      "geometry": {
        "type": "Polygon",
        "coordinates": [
          [
            [-101.041456, 33.98975],
            [-101.041484, 34.312444],
            [-100.51734, 34.314102],
            [-100.518691, 33.83565],
            [-101.041158, 33.833625],
            [-101.041592, 33.969059],
            [-101.041456, 33.98975]
          ]
        ]
      }
    },
    {
      "type": "Feature",
      "id": "48129",
      "properties": {
        "county_id": "48129",
        "county_label": "Donley County",
        "state_name": "Texas",
        "state_fips": "48"
      },
      "geometry": {
        "type": "Polygon",
        "coordinates": [
          [
            [-101.090753, 34.749809],
            [-101.086281, 35.18214],
            [-100.538978, 35.183144],
            [-100.540703, 34.747723],
            [-101.090749, 34.748246],
            [-101.090753, 34.749809]
          ]
        ]
      }
    },
    {
      "type": "Feature",
      "id": "48173",
      "properties": {
        "county_id": "48173",
        "county_label": "Glasscock County",
        "state_name": "Texas",
        "state_fips": "48"
      },
      "geometry": {
        "type": "Polygon",
        "coordinates": [
          [
            [-101.776085, 32.086925],
            [-101.264216, 32.087136],
            [-101.267122, 31.650854],
            [-101.775802, 31.651319],
            [-101.776016, 32.043894],
            [-101.776085, 32.086925]
          ]
        ]
      }
    },
    {
      "type": "Feature",
      "id": "48359",
      "properties": {
        "county_id": "48359",
        "county_label": "Oldham County",
        "state_name": "Texas",
        "state_fips": "48"
      },
      "geometry": {
        "type": "Polygon",
        "coordinates": [
          [
            [-103.042775, 35.241237],
            [-103.041554, 35.622487],
            [-102.162809, 35.627515],
            [-102.167471, 35.183233],
            [-103.042377, 35.183149],
            [-103.042497, 35.211862],
            [-103.042775, 35.241237]
          ]
        ]
      }
    },
    {
      "type": "Feature",
      "id": "48505",
      "properties": {
        "county_id": "48505",
        "county_label": "Zapata County",
        "state_name": "Texas",
        "state_fips": "48"
      },
      "geometry": {
        "type": "Polygon",
        "coordinates": [
          [
            [-99.4537956917325, 27.2650556463416],
            [-99.370621, 27.319174],
            [-99.33361, 27.273223],
            [-98.954669, 27.269397],
            [-98.95423, 26.785694],
            [-99.011112, 26.675023],
            [-99.1694639664008, 26.571673559574],
            [-99.208907, 26.724761],
            [-99.240023, 26.745851],
            [-99.268613, 26.843213],
            [-99.328619, 26.878592],
            [-99.324684, 26.915973],
            [-99.388253, 26.944217],
            [-99.378435, 26.980034],
            [-99.415476, 27.01724],
            [-99.444932, 27.020419],
            [-99.452316, 27.062669],
            [-99.429209, 27.090982],
            [-99.442123, 27.106839],
            [-99.426348, 27.176262],
            [-99.452391, 27.264046],
            [-99.4537956917325, 27.2650556463416]
          ]
        ]
      }
    },
    {
      "type": "Feature",
      "id": "48497",
      "properties": {
        "county_id": "48497",
        "county_label": "Wise County",
        "state_name": "Texas",
        "state_fips": "48"
      },
      "geometry": {
        "type": "Polygon",
        "coordinates": [
          [
            [-97.920913, 33.054202],
            [-97.918189, 33.433873],
            [-97.383015, 33.43289],
            [-97.39848, 32.990839],
            [-97.921642, 33.001284],
            [-97.920913, 33.054202]
          ]
        ]
      }
    },
    {
      "type": "Feature",
      "id": "48463",
      "properties": {
        "county_id": "48463",
        "county_label": "Uvalde County",
        "state_name": "Texas",
        "state_fips": "48"
      },
      "geometry": {
        "type": "Polygon",
        "coordinates": [
          [
            [-100.112251, 29.450606],
            [-100.112098, 29.623263],
            [-99.411817, 29.627514],
            [-99.41226, 29.344947],
            [-99.41388, 29.091335],
            [-100.111406, 29.086318],
            [-100.112267, 29.441585],
            [-100.112251, 29.450606]
          ]
        ]
      }
    },
    {
      "type": "Feature",
      "id": "48479",
      "properties": {
        "county_id": "48479",
        "county_label": "Webb County",
        "state_name": "Texas",
        "state_fips": "48"
      },
      "geometry": {
        "type": "Polygon",
        "coordinates": [
          [
            [-100.212165531128, 28.1968371629783],
            [-99.394177, 28.204627],
            [-99.388946, 28.030419],
            [-98.803325, 28.05748],
            [-98.798087, 27.268012],
            [-99.33361, 27.273223],
            [-99.370621, 27.319174],
            [-99.484738, 27.259371],
            [-99.494604, 27.303542],
            [-99.537771, 27.316073],
            [-99.504837, 27.338289],
            [-99.487521, 27.412396],
            [-99.495104, 27.451518],
            [-99.479251, 27.478635],
            [-99.496826, 27.500106],
            [-99.52832, 27.498896],
            [-99.512219, 27.568094],
            [-99.55495, 27.614454],
            [-99.584843, 27.603903],
            [-99.576958, 27.617234],
            [-99.596231, 27.639858],
            [-99.624311, 27.644001],
            [-99.638929, 27.626758],
            [-99.665948, 27.635968],
            [-99.668942, 27.659974],
            [-99.711511, 27.658365],
            [-99.77074, 27.732134],
            [-99.796342, 27.735586],
            [-99.813086, 27.773952],
            [-99.838791, 27.764181],
            [-99.850877, 27.793974],
            [-99.876553, 27.797359],
            [-99.877202, 27.842179],
            [-99.904385, 27.875284],
            [-99.896875, 27.907685],
            [-99.937142, 27.940537],
            [-99.931812, 27.980967],
            [-99.991447, 27.99456],
            [-100.018951, 28.066441],
            [-100.053123, 28.08473],
            [-100.086898, 28.146783],
            [-100.212105, 28.19651],
            [-100.212165531128, 28.1968371629783]
          ]
        ]
      }
    },
    {
      "type": "Feature",
      "id": "48203",
      "properties": {
        "county_id": "48203",
        "county_label": "Harrison County",
        "state_name": "Texas",
        "state_fips": "48"
      },
      "geometry": {
        "type": "Polygon",
        "coordinates": [
          [
            [-94.70215, 32.456126],
            [-94.70214, 32.793088],
            [-94.507323, 32.693738],
            [-94.383855, 32.69334],
            [-94.256091, 32.751792],
            [-94.233823, 32.742599],
            [-94.222628, 32.70337],
            [-94.176401, 32.694694],
            [-94.145501, 32.740377],
            [-94.101032, 32.738143],
            [-94.087786, 32.721301],
            [-94.117205, 32.707248],
            [-94.090669, 32.689232],
            [-94.0431469938267, 32.6930300000381],
            [-94.042901, 32.392283],
            [-94.35064, 32.326583],
            [-94.382909, 32.345733],
            [-94.384578, 32.366803],
            [-94.440545, 32.3621],
            [-94.499876, 32.397805],
            [-94.515379, 32.387145],
            [-94.554417, 32.407625],
            [-94.588653, 32.391381],
            [-94.645865, 32.399506],
            [-94.676589, 32.42438],
            [-94.701986, 32.421782],
            [-94.702195, 32.452408],
            [-94.70215, 32.456126]
          ]
        ]
      }
    },
    {
      "type": "Feature",
      "id": "48095",
      "properties": {
        "county_id": "48095",
        "county_label": "Concho County",
        "state_name": "Texas",
        "state_fips": "48"
      },
      "geometry": {
        "type": "Polygon",
        "coordinates": [
          [
            [-100.115147, 31.10562],
            [-100.111234, 31.580267],
            [-99.721698, 31.576759],
            [-99.714746, 31.560307],
            [-99.707551, 31.577105],
            [-99.690953, 31.554054],
            [-99.672864, 31.554795],
            [-99.692048, 31.53288],
            [-99.652613, 31.526229],
            [-99.677404, 31.497693],
            [-99.653573, 31.496906],
            [-99.625426, 31.467429],
            [-99.607901, 31.479109],
            [-99.621957, 31.501173],
            [-99.60185, 31.49195],
            [-99.601533, 31.13232],
            [-99.603223, 31.087296],
            [-100.115216, 31.087994],
            [-100.115147, 31.10562]
          ]
        ]
      }
    },
    {
      "type": "Feature",
      "id": "47067",
      "properties": {
        "county_id": "47067",
        "county_label": "Hancock County",
        "state_name": "Tennessee",
        "state_fips": "47"
      },
      "geometry": {
        "type": "Polygon",
        "coordinates": [
          [
            [-83.472108, 36.597284],
            [-82.830433, 36.593761],
            [-82.950519, 36.543005],
            [-82.960772, 36.555155],
            [-82.98388, 36.544489],
            [-83.004589, 36.563991],
            [-83.040489, 36.551891],
            [-83.124431, 36.512174],
            [-83.163194, 36.47789],
            [-83.162093, 36.46159],
            [-83.206937, 36.441559],
            [-83.193894, 36.42429],
            [-83.304197, 36.388189],
            [-83.352299, 36.419687],
            [-83.389443, 36.408162],
            [-83.371586, 36.433905],
            [-83.376201, 36.482661],
            [-83.398303, 36.534885],
            [-83.456761, 36.587912],
            [-83.472108, 36.597284]
          ]
        ]
      }
    },
    {
      "type": "Feature",
      "id": "12085",
      "properties": {
        "county_id": "12085",
        "county_label": "Martin County",
        "state_name": "Florida",
        "state_fips": "12"
      },
      "geometry": {
        "type": "Polygon",
        "coordinates": [
          [
            [-80.685636, 27.114689],
            [-80.677862, 27.205988],
            [-80.28551, 27.206025],
            [-80.284771, 27.263723],
            [-80.199841, 27.263458],
            [-80.079948827411, 26.9705170314788],
            [-80.141758, 26.97094],
            [-80.142007, 26.95664],
            [-80.885639, 26.958919],
            [-80.685636, 27.114689]
          ]
        ]
      }
    },
    {
      "type": "Feature",
      "id": "48189",
      "properties": {
        "county_id": "48189",
        "county_label": "Hale County",
        "state_name": "Texas",
        "state_fips": "48"
      },
      "geometry": {
        "type": "Polygon",
        "coordinates": [
          [
            [-102.090415, 34.313132],
            [-101.564856, 34.312493],
            [-101.56358, 33.830451],
            [-102.085733, 33.824675],
            [-102.090112, 34.276772],
            [-102.090415, 34.313132]
          ]
        ]
      }
    },
    {
      "type": "Feature",
      "id": "48069",
      "properties": {
        "county_id": "48069",
        "county_label": "Castro County",
        "state_name": "Texas",
        "state_fips": "48"
      },
      "geometry": {
        "type": "Polygon",
        "coordinates": [
          [
            [-102.525793, 34.491399],
            [-102.525184, 34.746931],
            [-101.998493, 34.74819],
            [-101.99802, 34.313039],
            [-102.525631, 34.313034],
            [-102.525767, 34.470345],
            [-102.525793, 34.491399]
          ]
        ]
      }
    },
    {
      "type": "Feature",
      "id": "48317",
      "properties": {
        "county_id": "48317",
        "county_label": "Martin County",
        "state_name": "Texas",
        "state_fips": "48"
      },
      "geometry": {
        "type": "Polygon",
        "coordinates": [
          [
            [-102.211033, 32.177037],
            [-102.211037, 32.523244],
            [-101.68874, 32.525222],
            [-101.695011, 32.087532],
            [-102.211249, 32.0868],
            [-102.211033, 32.177037]
          ]
        ]
      }
    },
    {
      "type": "Feature",
      "id": "48275",
      "properties": {
        "county_id": "48275",
        "county_label": "Knox County",
        "state_name": "Texas",
        "state_fips": "48"
      },
      "geometry": {
        "type": "Polygon",
        "coordinates": [
          [
            [-99.996434, 33.835967],
            [-99.835143, 33.8358],
            [-99.83262, 33.817397],
            [-99.756663, 33.823522],
            [-99.758657, 33.803783],
            [-99.739169, 33.811566],
            [-99.725026, 33.797473],
            [-99.721371, 33.814428],
            [-99.70001, 33.800075],
            [-99.694781, 33.827158],
            [-99.663898, 33.808071],
            [-99.639675, 33.818488],
            [-99.599863, 33.787634],
            [-99.5818, 33.784723],
            [-99.57758, 33.802698],
            [-99.542625, 33.794585],
            [-99.546168, 33.78086],
            [-99.523957, 33.783367],
            [-99.519773, 33.76819],
            [-99.4756, 33.752309],
            [-99.474436, 33.730715],
            [-99.472444, 33.399023],
            [-99.99098, 33.397404],
            [-99.996217, 33.824469],
            [-99.996434, 33.835967]
          ]
        ]
      }
    },
    {
      "type": "Feature",
      "id": "47087",
      "properties": {
        "county_id": "47087",
        "county_label": "Jackson County",
        "state_name": "Tennessee",
        "state_fips": "47"
      },
      "geometry": {
        "type": "Polygon",
        "coordinates": [
          [
            [-85.846483, 36.288167],
            [-85.813885, 36.499473],
            [-85.767125, 36.517197],
            [-85.75359, 36.499051],
            [-85.715799, 36.497517],
            [-85.736389, 36.518933],
            [-85.704075, 36.522395],
            [-85.696107, 36.49597],
            [-85.564358, 36.475229],
            [-85.495422, 36.403074],
            [-85.490441, 36.286801],
            [-85.512571, 36.256879],
            [-85.533915, 36.258743],
            [-85.526197, 36.239626],
            [-85.629206, 36.212805],
            [-85.739626, 36.22751],
            [-85.777624, 36.249079],
            [-85.780148, 36.238011],
            [-85.797172, 36.253939],
            [-85.823903, 36.251278],
            [-85.837995, 36.281787],
            [-85.846483, 36.288167]
          ]
        ]
      }
    },
    {
      "type": "Feature",
      "id": "48099",
      "properties": {
        "county_id": "48099",
        "county_label": "Coryell County",
        "state_name": "Texas",
        "state_fips": "48"
      },
      "geometry": {
        "type": "Polygon",
        "coordinates": [
          [
            [-98.180006, 31.463717],
            [-97.689834, 31.711019],
            [-97.418606, 31.320202],
            [-97.9071, 31.069374],
            [-98.170774, 31.450507],
            [-98.180006, 31.463717]
          ]
        ]
      }
    },
    {
      "type": "Feature",
      "id": "48305",
      "properties": {
        "county_id": "48305",
        "county_label": "Lynn County",
        "state_name": "Texas",
        "state_fips": "48"
      },
      "geometry": {
        "type": "Polygon",
        "coordinates": [
          [
            [-102.076095, 32.964075],
            [-102.075929, 33.389586],
            [-101.556884, 33.39476],
            [-101.557434, 32.961025],
            [-102.076214, 32.959702],
            [-102.076095, 32.964075]
          ]
        ]
      }
    },
    {
      "type": "Feature",
      "id": "47103",
      "properties": {
        "county_id": "47103",
        "county_label": "Lincoln County",
        "state_name": "Tennessee",
        "state_fips": "47"
      },
      "geometry": {
        "type": "Polygon",
        "coordinates": [
          [
            [-86.836218, 34.994901],
            [-86.828301, 35.263677],
            [-86.746899, 35.252878],
            [-86.677397, 35.310677],
            [-86.602613, 35.327013],
            [-86.599478, 35.36495],
            [-86.582709, 35.370814],
            [-86.52563, 35.355316],
            [-86.539485, 35.335435],
            [-86.526962, 35.311487],
            [-86.410992, 35.25948],
            [-86.423874, 35.2411],
            [-86.415242, 35.22633],
            [-86.392192, 35.235381],
            [-86.368303, 35.127042],
            [-86.350579, 35.146621],
            [-86.344768, 35.129514],
            [-86.318168, 35.126986],
            [-86.3187611440952, 34.9911469680432],
            [-86.836306, 34.991764],
            [-86.836218, 34.994901]
          ]
        ]
      }
    },
    {
      "type": "Feature",
      "id": "47101",
      "properties": {
        "county_id": "47101",
        "county_label": "Lewis County",
        "state_name": "Tennessee",
        "state_fips": "47"
      },
      "geometry": {
        "type": "Polygon",
        "coordinates": [
          [
            [-87.716609, 35.491818],
            [-87.690651, 35.505329],
            [-87.688101, 35.552255],
            [-87.651755, 35.564864],
            [-87.658189, 35.609349],
            [-87.618123, 35.619428],
            [-87.623391, 35.632744],
            [-87.586867, 35.653304],
            [-87.549164, 35.630228],
            [-87.459587, 35.615124],
            [-87.357379, 35.659514],
            [-87.331606, 35.656301],
            [-87.352305, 35.584621],
            [-87.314884, 35.567597],
            [-87.317721, 35.549104],
            [-87.289872, 35.548025],
            [-87.282393, 35.50486],
            [-87.269432, 35.505851],
            [-87.283626, 35.497916],
            [-87.276791, 35.470104],
            [-87.294534, 35.444676],
            [-87.448485, 35.457844],
            [-87.44882, 35.420622],
            [-87.509612, 35.414679],
            [-87.516794, 35.398188],
            [-87.575352, 35.398454],
            [-87.607276, 35.436176],
            [-87.646485, 35.442071],
            [-87.645896, 35.472745],
            [-87.717559, 35.483347],
            [-87.716609, 35.491818]
          ]
        ]
      }
    },
    {
      "type": "Feature",
      "id": "47133",
      "properties": {
        "county_id": "47133",
        "county_label": "Overton County",
        "state_name": "Tennessee",
        "state_fips": "47"
      },
      "geometry": {
        "type": "Polygon",
        "coordinates": [
          [
            [-85.497587, 36.375051],
            [-85.481736, 36.454309],
            [-85.446372, 36.49797],
            [-85.392619, 36.504484],
            [-85.404075, 36.49354],
            [-85.383184, 36.488784],
            [-85.389937, 36.505639],
            [-85.361599, 36.519475],
            [-85.299, 36.522286],
            [-85.269219, 36.540265],
            [-85.151173, 36.461338],
            [-85.135101, 36.406991],
            [-85.120445, 36.407164],
            [-85.122245, 36.304599],
            [-85.082497, 36.196171],
            [-85.119583, 36.144719],
            [-85.204156, 36.152489],
            [-85.260308, 36.185817],
            [-85.326746, 36.2009],
            [-85.326706, 36.217867],
            [-85.419398, 36.236215],
            [-85.466011, 36.279383],
            [-85.453907, 36.28096],
            [-85.458963, 36.304146],
            [-85.495124, 36.302278],
            [-85.497317, 36.372612],
            [-85.497587, 36.375051]
          ]
        ]
      }
    },
    {
      "type": "Feature",
      "id": "47075",
      "properties": {
        "county_id": "47075",
        "county_label": "Haywood County",
        "state_name": "Tennessee",
        "state_fips": "47"
      },
      "geometry": {
        "type": "Polygon",
        "coordinates": [
          [
            [-89.501401, 35.581836],
            [-89.469993, 35.595226],
            [-89.466354, 35.682706],
            [-89.452712, 35.682545],
            [-89.427691, 35.740184],
            [-89.440123, 35.747919],
            [-89.431327, 35.78264],
            [-89.401805, 35.822657],
            [-89.356033, 35.817635],
            [-89.342548, 35.792205],
            [-89.271224, 35.754922],
            [-89.189682, 35.742716],
            [-89.116959, 35.69924],
            [-89.069544, 35.692679],
            [-89.078876, 35.431428],
            [-89.182551, 35.432816],
            [-89.183944, 35.397126],
            [-89.474171, 35.403039],
            [-89.469862, 35.546566],
            [-89.502118, 35.580621],
            [-89.501401, 35.581836]
          ]
        ]
      }
    },
    {
      "type": "Feature",
      "id": "47153",
      "properties": {
        "county_id": "47153",
        "county_label": "Sequatchie County",
        "state_name": "Tennessee",
        "state_fips": "47"
      },
      "geometry": {
        "type": "Polygon",
        "coordinates": [
          [
            [-85.607326, 35.531651],
            [-85.459856, 35.54685],
            [-85.423804, 35.567422],
            [-85.436214, 35.541959],
            [-85.407345, 35.518099],
            [-85.403298, 35.49228],
            [-85.225877, 35.354276],
            [-85.387089, 35.147169],
            [-85.392303, 35.203807],
            [-85.426, 35.246494],
            [-85.556757, 35.308294],
            [-85.543839, 35.34004],
            [-85.506528, 35.357477],
            [-85.485635, 35.406433],
            [-85.512878, 35.407612],
            [-85.512284, 35.422958],
            [-85.535814, 35.431494],
            [-85.536658, 35.487095],
            [-85.605136, 35.529673],
            [-85.607326, 35.531651]
          ]
        ]
      }
    },
    {
      "type": "Feature",
      "id": "47007",
      "properties": {
        "county_id": "47007",
        "county_label": "Bledsoe County",
        "state_name": "Tennessee",
        "state_fips": "47"
      },
      "geometry": {
        "type": "Polygon",
        "coordinates": [
          [
            [-85.436214, 35.541959],
            [-85.265387, 35.721237],
            [-85.256886, 35.764771],
            [-85.073831, 35.760472],
            [-85.04114, 35.77177],
            [-85.028787, 35.746285],
            [-84.918986, 35.765202],
            [-84.989907, 35.681802],
            [-84.981568, 35.674805],
            [-85.107762, 35.571359],
            [-85.099069, 35.533683],
            [-85.122622, 35.52607],
            [-85.146393, 35.491299],
            [-85.115946, 35.47567],
            [-85.131757, 35.450974],
            [-85.168302, 35.455614],
            [-85.225877, 35.354276],
            [-85.403298, 35.49228],
            [-85.407345, 35.518099],
            [-85.43452, 35.540733],
            [-85.436214, 35.541959]
          ]
        ]
      }
    },
    {
      "type": "Feature",
      "id": "47077",
      "properties": {
        "county_id": "47077",
        "county_label": "Henderson County",
        "state_name": "Tennessee",
        "state_fips": "47"
      },
      "geometry": {
        "type": "Polygon",
        "coordinates": [
          [
            [-88.613611, 35.588089],
            [-88.606862, 35.789354],
            [-88.569047, 35.824829],
            [-88.179177, 35.816785],
            [-88.190465, 35.609088],
            [-88.226459, 35.554269],
            [-88.216759, 35.548866],
            [-88.243071, 35.528551],
            [-88.246192, 35.416307],
            [-88.360829, 35.418972],
            [-88.364005, 35.492801],
            [-88.414582, 35.482339],
            [-88.469106, 35.495882],
            [-88.529617, 35.531835],
            [-88.56557, 35.587088],
            [-88.612212, 35.58791],
            [-88.613611, 35.588089]
          ]
        ]
      }
    },
    {
      "type": "Feature",
      "id": "47139",
      "properties": {
        "county_id": "47139",
        "county_label": "Polk County",
        "state_name": "Tennessee",
        "state_fips": "47"
      },
      "geometry": {
        "type": "Polygon",
        "coordinates": [
          [
            [-84.77303, 34.997826],
            [-84.735303, 35.08135],
            [-84.747421, 35.086011],
            [-84.699937, 35.170974],
            [-84.697033, 35.228397],
            [-84.714761, 35.235484],
            [-84.667398, 35.268041],
            [-84.51613, 35.266472],
            [-84.495529, 35.285472],
            [-84.356923, 35.233676],
            [-84.348223, 35.205725],
            [-84.325722, 35.219377],
            [-84.292319677455, 35.2066890084035],
            [-84.321869, 34.988408],
            [-84.7758524571709, 34.9877996152421],
            [-84.77303, 34.997826]
          ]
        ]
      }
    },
    {
      "type": "Feature",
      "id": "36101",
      "properties": {
        "county_id": "36101",
        "county_label": "Steuben County",
        "state_name": "New York",
        "state_fips": "36"
      },
      "geometry": {
        "type": "Polygon",
        "coordinates": [
          [
            [-77.74851, 42.031893],
            [-77.720617, 42.535066],
            [-77.661315, 42.535067],
            [-77.659917, 42.580409],
            [-77.143795, 42.576869],
            [-77.149502, 42.50007],
            [-77.107581, 42.505365],
            [-77.099657, 42.272356],
            [-76.965028, 42.278495],
            [-76.9657926446341, 42.0012728405422],
            [-77.749931, 41.998782],
            [-77.74851, 42.031893]
          ]
        ]
      }
    },
    {
      "type": "Feature",
      "id": "47111",
      "properties": {
        "county_id": "47111",
        "county_label": "Macon County",
        "state_name": "Tennessee",
        "state_fips": "47"
      },
      "geometry": {
        "type": "Polygon",
        "coordinates": [
          [
            [-86.228434, 36.487472],
            [-86.2054686100012, 36.6397833130926],
            [-85.7886129951215, 36.6218452013294],
            [-85.828026, 36.411836],
            [-86.168261, 36.444293],
            [-86.190066, 36.482725],
            [-86.228724, 36.486405],
            [-86.228434, 36.487472]
          ]
        ]
      }
    },
    {
      "type": "Feature",
      "id": "36001",
      "properties": {
        "county_id": "36001",
        "county_label": "Albany County",
        "state_name": "New York",
        "state_fips": "36"
      },
      "geometry": {
        "type": "Polygon",
        "coordinates": [
          [
            [-74.264731, 42.420127],
            [-74.226447, 42.499233],
            [-74.233995, 42.575688],
            [-74.169725, 42.667426],
            [-74.164678, 42.717207],
            [-74.180274, 42.729979],
            [-73.809603, 42.775016],
            [-73.766664, 42.786077],
            [-73.726663, 42.822577],
            [-73.70359, 42.78286],
            [-73.676762, 42.783277],
            [-73.702921, 42.6993],
            [-73.761265, 42.610379],
            [-73.752168, 42.56672],
            [-73.783721, 42.464231],
            [-74.263469, 42.407127],
            [-74.264755, 42.418876],
            [-74.264731, 42.420127]
          ]
        ]
      }
    },
    {
      "type": "Feature",
      "id": "36037",
      "properties": {
        "county_id": "36037",
        "county_label": "Genesee County",
        "state_name": "New York",
        "state_fips": "36"
      },
      "geometry": {
        "type": "Polygon",
        "coordinates": [
          [
            [-78.465505, 43.128619],
            [-77.905934, 43.133561],
            [-77.951044, 43.039544],
            [-77.904121, 43.037056],
            [-77.911413, 42.945064],
            [-77.934234, 42.94558],
            [-77.93523, 42.905261],
            [-77.95553, 42.905861],
            [-77.954964, 42.862754],
            [-78.464381, 42.867461],
            [-78.464962, 43.117341],
            [-78.465505, 43.128619]
          ]
        ]
      }
    },
    {
      "type": "Feature",
      "id": "48255",
      "properties": {
        "county_id": "48255",
        "county_label": "Karnes County",
        "state_name": "Texas",
        "state_fips": "48"
      },
      "geometry": {
        "type": "Polygon",
        "coordinates": [
          [
            [-98.190991, 28.882333],
            [-97.728443, 29.221748],
            [-97.613132, 29.109765],
            [-97.75511, 29.007113],
            [-97.574639, 28.8133],
            [-97.77853, 28.668027],
            [-97.825312, 28.670341],
            [-97.915106, 28.719648],
            [-98.005252, 28.690239],
            [-98.184373, 28.875259],
            [-98.190991, 28.882333]
          ]
        ]
      }
    },
    {
      "type": "Feature",
      "id": "48097",
      "properties": {
        "county_id": "48097",
        "county_label": "Cooke County",
        "state_name": "Texas",
        "state_fips": "48"
      },
      "geometry": {
        "type": "Polygon",
        "coordinates": [
          [
            [-97.486972, 33.448187],
            [-97.48403724377, 33.9157618691195],
            [-97.450954, 33.891398],
            [-97.459068, 33.834581],
            [-97.410387, 33.818845],
            [-97.365507, 33.823763],
            [-97.332457, 33.884253],
            [-97.334616, 33.857231],
            [-97.310143, 33.888532],
            [-97.270314, 33.858221],
            [-97.254235, 33.865323],
            [-97.242092, 33.906277],
            [-97.206141, 33.91428],
            [-97.180845, 33.895204],
            [-97.166629, 33.847311],
            [-97.203514, 33.821825],
            [-97.192817, 33.761169],
            [-97.163149, 33.729322],
            [-97.121102, 33.717174],
            [-97.086195, 33.743933],
            [-97.092112, 33.804097],
            [-97.048146, 33.817456],
            [-97.089464, 33.849847],
            [-97.068071, 33.860465],
            [-97.041245, 33.837761],
            [-97.021438, 33.846379],
            [-96.983835, 33.890949],
            [-96.996183, 33.941728],
            [-96.981337, 33.956378],
            [-96.973807, 33.935697],
            [-96.944611, 33.949217],
            [-96.94371, 33.437583],
            [-96.94386, 33.41641],
            [-97.487065, 33.433681],
            [-97.486972, 33.448187]
          ]
        ]
      }
    },
    {
      "type": "Feature",
      "id": "48347",
      "properties": {
        "county_id": "48347",
        "county_label": "Nacogdoches County",
        "state_name": "Texas",
        "state_fips": "48"
      },
      "geometry": {
        "type": "Polygon",
        "coordinates": [
          [
            [-94.978134, 31.793514],
            [-94.953901, 31.797],
            [-94.937532, 31.845555],
            [-94.451685, 31.844044],
            [-94.42412, 31.800154],
            [-94.431615, 31.773528],
            [-94.41249, 31.746361],
            [-94.416809, 31.705913],
            [-94.395278, 31.638636],
            [-94.374923, 31.639016],
            [-94.350224, 31.606419],
            [-94.310888, 31.589043],
            [-94.300122, 31.526782],
            [-94.324993, 31.43941],
            [-94.30526, 31.421852],
            [-94.326934, 31.399991],
            [-94.330364, 31.359946],
            [-94.31344, 31.337524],
            [-94.339634, 31.263273],
            [-94.324461, 31.230165],
            [-94.333904, 31.222776],
            [-94.395187, 31.301861],
            [-94.447706, 31.317796],
            [-94.466233, 31.378812],
            [-94.502188, 31.410525],
            [-94.537559, 31.39863],
            [-94.545121, 31.431855],
            [-94.581452, 31.433189],
            [-94.594334, 31.449423],
            [-94.62793, 31.438852],
            [-94.663851, 31.459392],
            [-94.698094, 31.452393],
            [-94.803928, 31.49046],
            [-94.822528, 31.48386],
            [-94.883969, 31.529693],
            [-94.900524, 31.552458],
            [-94.891827, 31.578001],
            [-94.919141, 31.572632],
            [-94.926244, 31.609984],
            [-94.954224, 31.639712],
            [-94.95078, 31.679152],
            [-94.965946, 31.697758],
            [-94.954379, 31.723181],
            [-94.972615, 31.737423],
            [-94.967268, 31.753816],
            [-94.926266, 31.761858],
            [-94.977297, 31.791773],
            [-94.978134, 31.793514]
          ]
        ]
      }
    },
    {
      "type": "Feature",
      "id": "36049",
      "properties": {
        "county_id": "36049",
        "county_label": "Lewis County",
        "state_name": "New York",
        "state_fips": "36"
      },
      "geometry": {
        "type": "Polygon",
        "coordinates": [
          [
            [-75.850534, 43.791886],
            [-75.84056, 43.883976],
            [-75.758157, 43.878785],
            [-75.60367, 43.971363],
            [-75.542898, 43.967795],
            [-75.549993, 44.008163],
            [-75.50183, 44.009556],
            [-75.502741, 44.051253],
            [-75.484528, 44.074172],
            [-75.545886, 44.102978],
            [-75.446124, 44.217655],
            [-75.170159, 44.096959],
            [-75.11016, 43.615229],
            [-75.5335, 43.419756],
            [-75.756213, 43.470388],
            [-75.786759, 43.78832],
            [-75.849899, 43.791862],
            [-75.850534, 43.791886]
          ]
        ]
      }
    },
    {
      "type": "Feature",
      "id": "36035",
      "properties": {
        "county_id": "36035",
        "county_label": "Fulton County",
        "state_name": "New York",
        "state_fips": "36"
      },
      "geometry": {
        "type": "Polygon",
        "coordinates": [
          [
            [-74.774233, 43.082269],
            [-74.769198, 43.114089],
            [-74.728444, 43.125168],
            [-74.734997, 43.143436],
            [-74.708088, 43.149671],
            [-74.71759, 43.165289],
            [-74.696333, 43.173515],
            [-74.713005, 43.289003],
            [-74.534657, 43.228115],
            [-74.326378, 43.241635],
            [-74.322375, 43.214684],
            [-74.220902, 43.221403],
            [-74.224215, 43.248165],
            [-74.140147, 43.253979],
            [-74.097467, 42.982934],
            [-74.542367, 42.98553],
            [-74.759895, 43.047423],
            [-74.774199, 43.078472],
            [-74.774233, 43.082269]
          ]
        ]
      }
    },
    {
      "type": "Feature",
      "id": "36007",
      "properties": {
        "county_id": "36007",
        "county_label": "Broome County",
        "state_name": "New York",
        "state_fips": "36"
      },
      "geometry": {
        "type": "Polygon",
        "coordinates": [
          [
            [-76.130181, 42.410337],
            [-75.86402, 42.415702],
            [-75.83631, 42.244091],
            [-75.639055, 42.248675],
            [-75.63711, 42.195628],
            [-75.418421, 42.195032],
            [-75.421776, 42.04203],
            [-75.396561, 42.006605],
            [-75.3596448764317, 41.99944492537],
            [-76.10584, 41.998858],
            [-76.116225, 42.18561],
            [-76.086683, 42.186858],
            [-76.081134, 42.230495],
            [-76.096629, 42.25745],
            [-76.080666, 42.257985],
            [-76.106582, 42.287356],
            [-76.099115, 42.303398],
            [-76.129673, 42.402038],
            [-76.130181, 42.410337]
          ]
        ]
      }
    },
    {
      "type": "Feature",
      "id": "36041",
      "properties": {
        "county_id": "36041",
        "county_label": "Hamilton County",
        "state_name": "New York",
        "state_fips": "36"
      },
      "geometry": {
        "type": "Polygon",
        "coordinates": [
          [
            [-74.867712, 43.339826],
            [-74.775617, 43.486677],
            [-74.854171, 44.070089],
            [-74.28187, 44.120552],
            [-74.255998, 43.969797],
            [-74.336826, 43.925223],
            [-74.213734, 43.810875],
            [-74.149076, 43.829613],
            [-74.047062, 43.796343],
            [-74.057005, 43.744513],
            [-74.214625, 43.728703],
            [-74.140147, 43.253979],
            [-74.224215, 43.248165],
            [-74.220902, 43.221403],
            [-74.292702, 43.216609],
            [-74.322375, 43.214684],
            [-74.326378, 43.241635],
            [-74.534657, 43.228115],
            [-74.85156, 43.334218],
            [-74.867712, 43.339826]
          ]
        ]
      }
    },
    {
      "type": "Feature",
      "id": "48093",
      "properties": {
        "county_id": "48093",
        "county_label": "Comanche County",
        "state_name": "Texas",
        "state_fips": "48"
      },
      "geometry": {
        "type": "Polygon",
        "coordinates": [
          [
            [-98.924401, 32.078018],
            [-98.551158, 32.261436],
            [-98.327499, 31.941261],
            [-98.251211, 31.980127],
            [-98.156568, 31.841713],
            [-98.463736, 31.683989],
            [-98.492802, 31.723608],
            [-98.668441, 31.700514],
            [-98.9188, 32.069724],
            [-98.924401, 32.078018]
          ]
        ]
      }
    },
    {
      "type": "Feature",
      "id": "48165",
      "properties": {
        "county_id": "48165",
        "county_label": "Gaines County",
        "state_name": "Texas",
        "state_fips": "48"
      },
      "geometry": {
        "type": "Polygon",
        "coordinates": [
          [
            [-103.064916, 32.85726],
            [-103.064657, 32.959097],
            [-102.20852, 32.958956],
            [-102.202703, 32.523271],
            [-103.064696, 32.522193],
            [-103.064889, 32.849359],
            [-103.064916, 32.85726]
          ]
        ]
      }
    },
    {
      "type": "Feature",
      "id": "48023",
      "properties": {
        "county_id": "48023",
        "county_label": "Baylor County",
        "state_name": "Texas",
        "state_fips": "48"
      },
      "geometry": {
        "type": "Polygon",
        "coordinates": [
          [
            [-99.47565, 33.834005],
            [-98.953202, 33.834025],
            [-98.953938, 33.397534],
            [-99.472444, 33.399023],
            [-99.474498, 33.733849],
            [-99.47565, 33.834005]
          ]
        ]
      }
    },
    {
      "type": "Feature",
      "id": "12019",
      "properties": {
        "county_id": "12019",
        "county_label": "Clay County",
        "state_name": "Florida",
        "state_fips": "12"
      },
      "geometry": {
        "type": "Polygon",
        "coordinates": [
          [
            [-82.049435, 30.153723],
            [-82.049411, 30.186933],
            [-81.679626, 30.190495],
            [-81.688876, 30.028566],
            [-81.604867, 29.963498],
            [-81.607606, 29.905655],
            [-81.581207, 29.840176],
            [-81.81243, 29.83649],
            [-81.861994, 29.800187],
            [-81.914233, 29.79115],
            [-81.939427, 29.747497],
            [-82.049244, 29.71867],
            [-82.049425, 30.143136],
            [-82.049435, 30.153723]
          ]
        ]
      }
    },
    {
      "type": "Feature",
      "id": "12087",
      "properties": {
        "county_id": "12087",
        "county_label": "Monroe County",
        "state_name": "Florida",
        "state_fips": "12"
      },
      "geometry": {
        "type": "MultiPolygon",
        "coordinates": [
          [
            [
              [-80.296177, 25.327095],
              [-80.294843, 25.327697],
              [-80.293668, 25.326819],
              [-80.293713, 25.324611],
              [-80.295262, 25.324495],
              [-80.296776, 25.325538],
              [-80.296177, 25.327095]
            ]
          ],
          [
            [
              [-80.3794, 25.296829],
              [-80.379021, 25.305895],
              [-80.3761037521012, 25.3058748956487],
              [-80.376288, 25.30448],
              [-80.377064, 25.30219],
              [-80.375891, 25.299487],
              [-80.37378, 25.296235],
              [-80.3740965541981, 25.2952000054046],
              [-80.37447, 25.293979],
              [-80.374113, 25.292797],
              [-80.372061, 25.292076],
              [-80.371261, 25.2914],
              [-80.372305, 25.289024],
              [-80.372449, 25.287102],
              [-80.37649, 25.287532],
              [-80.379136596166, 25.288301994072],
              [-80.379231, 25.293993],
              [-80.3794, 25.296829]
            ]
          ],
          [
            [
              [-80.460852, 25.050808],
              [-80.446311, 25.052813],
              [-80.460984, 25.049575],
              [-80.460852, 25.050808]
            ]
          ],
          [
            [
              [-80.482307, 25.112364],
              [-80.480673, 25.116026],
              [-80.476915, 25.114316],
              [-80.477147, 25.112259],
              [-80.475008, 25.109784],
              [-80.475942, 25.10832],
              [-80.477416, 25.107891],
              [-80.479189, 25.110561],
              [-80.4812630844854, 25.1117603503295],
              [-80.482307, 25.112364]
            ]
          ],
          [
            [
              [-80.482614, 25.086431],
              [-80.482376, 25.088368],
              [-80.481426, 25.089444],
              [-80.481544, 25.091489],
              [-80.480475, 25.092673],
              [-80.478573, 25.091704],
              [-80.477029, 25.090951],
              [-80.474889, 25.092135],
              [-80.473939, 25.093642],
              [-80.474295, 25.095364],
              [-80.476316, 25.096225],
              [-80.477504, 25.098054],
              [-80.478573, 25.101713],
              [-80.477742, 25.103543],
              [-80.476672, 25.102466],
              [-80.475721, 25.098807],
              [-80.473939, 25.097085],
              [-80.471087, 25.094503],
              [-80.470492, 25.093319],
              [-80.4692045471916, 25.0923187660683],
              [-80.468829, 25.092027],
              [-80.471443, 25.091597],
              [-80.474652, 25.090736],
              [-80.476316, 25.088906],
              [-80.478455, 25.089014],
              [-80.48, 25.088045],
              [-80.480831, 25.086],
              [-80.482495, 25.084278],
              [-80.483802, 25.085139],
              [-80.482614, 25.086431]
            ]
          ],
          [
            [
              [-80.498063, 25.102682],
              [-80.486179, 25.1086],
              [-80.496994, 25.099668],
              [-80.498063, 25.102682]
            ]
          ],
          [
            [
              [-80.502891, 25.076204],
              [-80.49285, 25.079996],
              [-80.501873, 25.074761],
              [-80.502891, 25.076204]
            ]
          ],
          [
            [
              [-80.510599, 25.138971],
              [-80.509938, 25.139974],
              [-80.508409, 25.139516],
              [-80.506898, 25.138007],
              [-80.505356, 25.137824],
              [-80.504928, 25.135743],
              [-80.506187, 25.133476],
              [-80.506548, 25.131713],
              [-80.507737, 25.13096],
              [-80.509163, 25.13139],
              [-80.507737, 25.13408],
              [-80.508093, 25.135263],
              [-80.509989, 25.137033],
              [-80.510599, 25.138971]
            ]
          ],
          [
            [
              [-80.514404, 25.150354],
              [-80.510928, 25.151559],
              [-80.510744, 25.153764],
              [-80.509337, 25.155186],
              [-80.508152, 25.154562],
              [-80.505434, 25.148743],
              [-80.506644, 25.147339],
              [-80.509759, 25.149258],
              [-80.51397, 25.148711],
              [-80.514404, 25.150354]
            ]
          ],
          [
            [
              [-80.518681, 25.08598],
              [-80.51478, 25.084861],
              [-80.511144, 25.083179],
              [-80.510588, 25.081913],
              [-80.512066, 25.081322],
              [-80.517832, 25.083],
              [-80.519306, 25.085122],
              [-80.518681, 25.08598]
            ]
          ],
          [
            [
              [-80.545464, 25.183296],
              [-80.535636, 25.195097],
              [-80.544387, 25.182293],
              [-80.545464, 25.183296]
            ]
          ],
          [
            [
              [-80.553221, 25.161413],
              [-80.550578, 25.162393],
              [-80.550058, 25.161854],
              [-80.550354, 25.160433],
              [-80.551437, 25.159321],
              [-80.55281, 25.158287],
              [-80.555867, 25.158177],
              [-80.553221, 25.161413]
            ]
          ],
          [
            [
              [-80.559789, 25.064558],
              [-80.558136, 25.06596],
              [-80.558291, 25.067391],
              [-80.556801, 25.070396],
              [-80.555844, 25.072206],
              [-80.554878, 25.071278],
              [-80.554459, 25.069696],
              [-80.554779, 25.067808],
              [-80.553772, 25.065321],
              [-80.551945, 25.064774],
              [-80.552658, 25.062944],
              [-80.554787, 25.064049],
              [-80.556223, 25.063482],
              [-80.558363, 25.062513],
              [-80.559907, 25.063267],
              [-80.559789, 25.064558]
            ]
          ],
          [
            [
              [-80.570603, 25.131175],
              [-80.569652, 25.131498],
              [-80.568161, 25.12944],
              [-80.566328, 25.129099],
              [-80.564955, 25.127871],
              [-80.564991, 25.12476],
              [-80.566466, 25.123918],
              [-80.567972, 25.122476],
              [-80.567731, 25.125708],
              [-80.570198, 25.127871],
              [-80.570833, 25.129247],
              [-80.570603, 25.131175]
            ]
          ],
          [
            [
              [-80.570841, 25.148065],
              [-80.570128, 25.149464],
              [-80.568345, 25.150217],
              [-80.565018, 25.149679],
              [-80.563377, 25.148339],
              [-80.560873, 25.145691],
              [-80.557983, 25.142091],
              [-80.557233, 25.140384],
              [-80.558503, 25.139762],
              [-80.561944, 25.13957],
              [-80.561763, 25.141408],
              [-80.563734, 25.142476],
              [-80.564164, 25.144612],
              [-80.564272, 25.146897],
              [-80.5655, 25.148438],
              [-80.568226, 25.147958],
              [-80.570365, 25.147205],
              [-80.570841, 25.148065]
            ]
          ],
          [
            [
              [-80.574168, 25.104597],
              [-80.567632, 25.119124],
              [-80.560739, 25.107395],
              [-80.573099, 25.103951],
              [-80.574168, 25.104597]
            ]
          ],
          [
            [
              [-80.57905, 25.159949],
              [-80.577513, 25.159899],
              [-80.574561, 25.159899],
              [-80.573799, 25.157826],
              [-80.572928, 25.156745],
              [-80.57412, 25.155424],
              [-80.574615, 25.153866],
              [-80.574525, 25.151723],
              [-80.574406, 25.149679],
              [-80.575119, 25.148388],
              [-80.576426, 25.150217],
              [-80.57675, 25.153778],
              [-80.577779, 25.156029],
              [-80.578941, 25.158033],
              [-80.57905, 25.159949]
            ]
          ],
          [
            [
              [-80.589027, 25.060463],
              [-80.587558, 25.061086],
              [-80.586356, 25.062545],
              [-80.585524, 25.062536],
              [-80.582693, 25.061169],
              [-80.582813, 25.058791],
              [-80.583278, 25.056946],
              [-80.585049, 25.056974],
              [-80.586409, 25.055623],
              [-80.588246, 25.056483],
              [-80.589322, 25.058228],
              [-80.589027, 25.060463]
            ]
          ],
          [
            [
              [-80.607696, 25.174917],
              [-80.586631, 25.171442],
              [-80.596193, 25.162434],
              [-80.607412, 25.174421],
              [-80.607696, 25.174917]
            ]
          ],
          [
            [
              [-80.619408, 25.071509],
              [-80.60553, 25.070358],
              [-80.609464, 25.055946],
              [-80.619565, 25.069833],
              [-80.619408, 25.071509]
            ]
          ],
          [
            [
              [-80.619782, 25.002903],
              [-80.618351, 25.004027],
              [-80.617783, 25.005651],
              [-80.615531, 25.007777],
              [-80.614348, 25.007883],
              [-80.612751, 25.00666],
              [-80.613028, 25.004414],
              [-80.614146, 25.003219],
              [-80.615982, 25.003532],
              [-80.618984, 25.001389],
              [-80.620159, 25.001352],
              [-80.619782, 25.002903]
            ]
          ],
          [
            [
              [-80.627171, 25.000401],
              [-80.626002, 25.002625],
              [-80.623225, 25.001586],
              [-80.622785, 24.999997],
              [-80.623887, 24.998781],
              [-80.626172, 24.999077],
              [-80.627171, 25.000401]
            ]
          ],
          [
            [
              [-80.627357, 24.959814],
              [-80.625146, 24.961366],
              [-80.623882, 24.963673],
              [-80.623036, 24.962022],
              [-80.622944, 24.959853],
              [-80.623203, 24.95862],
              [-80.627334, 24.959076],
              [-80.627357, 24.959814]
            ]
          ],
          [
            [
              [-80.637434, 25.027073],
              [-80.636835, 25.02813],
              [-80.634152, 25.028118],
              [-80.632255, 25.027517],
              [-80.631628, 25.025463],
              [-80.633242, 25.024247],
              [-80.634227, 25.024297],
              [-80.635229, 25.025624],
              [-80.636854, 25.026445],
              [-80.637434, 25.027073]
            ]
          ],
          [
            [
              [-80.648224, 25.05087],
              [-80.647629, 25.052054],
              [-80.644777, 25.052808],
              [-80.642748, 25.052305],
              [-80.641298, 25.0516],
              [-80.641141, 25.049794],
              [-80.641855, 25.048044],
              [-80.644236, 25.046938],
              [-80.646376, 25.047462],
              [-80.648224, 25.049147],
              [-80.648224, 25.05087]
            ]
          ],
          [
            [
              [-80.649208, 25.035533],
              [-80.646681, 25.036429],
              [-80.64586, 25.036275],
              [-80.645564, 25.035444],
              [-80.646338, 25.033159],
              [-80.648532, 25.032356],
              [-80.649498, 25.034344],
              [-80.649208, 25.035533]
            ]
          ],
          [
            [
              [-80.653553, 24.982826],
              [-80.651058, 24.984334],
              [-80.651414, 24.98638],
              [-80.651414, 24.98735],
              [-80.651177, 24.988858],
              [-80.650226, 24.989504],
              [-80.647744, 24.988515],
              [-80.646576, 24.987369],
              [-80.646438, 24.986296],
              [-80.647894, 24.985189],
              [-80.649984, 24.982933],
              [-80.65077, 24.982162],
              [-80.652685, 24.980814],
              [-80.654128, 24.98164],
              [-80.653553, 24.982826]
            ]
          ],
          [
            [
              [-80.658672, 25.107111],
              [-80.63927, 25.118207],
              [-80.645948, 25.139622],
              [-80.632135, 25.118588],
              [-80.646163, 25.102488],
              [-80.640643, 25.073373],
              [-80.658544, 25.105377],
              [-80.658672, 25.107111]
            ]
          ],
          [
            [
              [-80.661032, 24.900218],
              [-80.623184, 24.94671],
              [-80.597629, 24.950339],
              [-80.598839, 24.966149],
              [-80.558405, 24.971294],
              [-80.543826, 25.013973],
              [-80.515889, 25.014728],
              [-80.461051, 25.07911],
              [-80.465739, 25.091704],
              [-80.433296, 25.107847],
              [-80.461342, 25.132487],
              [-80.442684, 25.191647],
              [-80.465501, 25.211755],
              [-80.4878663659058, 25.2081547368277],
              [-80.495536, 25.225395],
              [-80.443077, 25.244313],
              [-80.41887, 25.23631],
              [-80.3978630482615, 25.2534798450631],
              [-80.416658, 25.198744],
              [-80.352841, 25.207561],
              [-80.332163, 25.263031],
              [-80.365913, 25.285383],
              [-80.30662, 25.300614],
              [-80.266973, 25.352063],
              [-80.253015, 25.340494],
              [-80.385352, 25.12132],
              [-80.472137, 25.061535],
              [-80.565779, 24.957096],
              [-80.6606658533677, 24.8991469754084],
              [-80.661032, 24.900218]
            ]
          ],
          [
            [
              [-80.665556, 24.989396],
              [-80.654271, 24.994916],
              [-80.664962, 24.988104],
              [-80.665556, 24.989396]
            ]
          ],
          [
            [
              [-80.669088, 25.035768],
              [-80.667106, 25.036676],
              [-80.66464, 25.037154],
              [-80.663816, 25.035153],
              [-80.664029, 25.033643],
              [-80.66498, 25.033104],
              [-80.667058, 25.033312],
              [-80.668406, 25.033527],
              [-80.66936, 25.034634],
              [-80.669088, 25.035768]
            ]
          ],
          [
            [
              [-80.669914, 24.923468],
              [-80.668503, 24.926441],
              [-80.666542, 24.927647],
              [-80.665154, 24.928158],
              [-80.662079, 24.926638],
              [-80.660828, 24.924028],
              [-80.661392, 24.921898],
              [-80.663322, 24.92024],
              [-80.666389, 24.918518],
              [-80.669006, 24.918413],
              [-80.670837, 24.92021],
              [-80.669914, 24.923468]
            ]
          ],
          [
            [
              [-80.671843, 24.988712],
              [-80.671317, 24.989472],
              [-80.670085, 24.990165],
              [-80.668408, 24.989504],
              [-80.667339, 24.988104],
              [-80.666745, 24.987242],
              [-80.667322, 24.986395],
              [-80.669288, 24.987082],
              [-80.671384, 24.987638],
              [-80.671843, 24.988712]
            ]
          ],
          [
            [
              [-80.680244, 25.100754],
              [-80.666932, 25.095962],
              [-80.68042, 25.099282],
              [-80.680244, 25.100754]
            ]
          ],
          [
            [
              [-80.680636, 25.032945],
              [-80.678061, 25.035262],
              [-80.675101, 25.033831],
              [-80.67379, 25.03355],
              [-80.673729, 25.032916],
              [-80.676237, 25.03099],
              [-80.678648, 25.031937],
              [-80.680001, 25.032251],
              [-80.680636, 25.032945]
            ]
          ],
          [
            [
              [-80.684712, 25.114624],
              [-80.683691, 25.115202],
              [-80.683308, 25.11682],
              [-80.684457, 25.117629],
              [-80.685223, 25.119363],
              [-80.683691, 25.120403],
              [-80.684074, 25.122946],
              [-80.682159, 25.123639],
              [-80.680755, 25.122137],
              [-80.679479, 25.123177],
              [-80.677691, 25.120981],
              [-80.677691, 25.118554],
              [-80.676798, 25.116358],
              [-80.675904, 25.114509],
              [-80.677691, 25.114624],
              [-80.678713, 25.115318],
              [-80.679479, 25.117167],
              [-80.680627, 25.117629],
              [-80.681393, 25.116358],
              [-80.681776, 25.114162],
              [-80.68318, 25.112659],
              [-80.685861, 25.112891],
              [-80.684712, 25.114624]
            ]
          ],
          [
            [
              [-80.685989, 25.030594],
              [-80.68483, 25.031134],
              [-80.682053, 25.03072],
              [-80.681831, 25.02795],
              [-80.682111, 25.025314],
              [-80.684639, 25.026108],
              [-80.687065, 25.027197],
              [-80.685989, 25.030594]
            ]
          ],
          [
            [
              [-80.700645, 25.055092],
              [-80.698705, 25.057795],
              [-80.695635, 25.062084],
              [-80.69485, 25.062122],
              [-80.692643, 25.060086],
              [-80.692698, 25.057272],
              [-80.695012, 25.054426],
              [-80.692504, 25.052169],
              [-80.69448, 25.050071],
              [-80.697726, 25.04962],
              [-80.69998, 25.053237],
              [-80.700645, 25.055092]
            ]
          ],
          [
            [
              [-80.702173, 25.09877],
              [-80.700157, 25.101447],
              [-80.700709, 25.104341],
              [-80.700892, 25.108069],
              [-80.699136, 25.107342],
              [-80.698498, 25.105609],
              [-80.698243, 25.102257],
              [-80.697222, 25.10006],
              [-80.697222, 25.098326],
              [-80.698672, 25.0962],
              [-80.701538, 25.095759],
              [-80.702173, 25.09877]
            ]
          ],
          [
            [
              [-80.701562, 25.122599],
              [-80.700157, 25.122252],
              [-80.698626, 25.121212],
              [-80.696711, 25.122483],
              [-80.694541, 25.122252],
              [-80.694413, 25.119941],
              [-80.697094, 25.118438],
              [-80.699519, 25.115896],
              [-80.700903, 25.11582],
              [-80.7007, 25.118386],
              [-80.702838, 25.121328],
              [-80.701562, 25.122599]
            ]
          ],
          [
            [
              [-80.704003, 24.902058],
              [-80.693404, 24.899532],
              [-80.704353, 24.898529],
              [-80.704003, 24.902058]
            ]
          ],
          [
            [
              [-80.714958, 25.140795],
              [-80.71356, 25.141667],
              [-80.712539, 25.143169],
              [-80.711135, 25.143054],
              [-80.709603, 25.14132],
              [-80.710369, 25.139702],
              [-80.709603, 25.137507],
              [-80.708199, 25.136814],
              [-80.705263, 25.135542],
              [-80.703476, 25.133693],
              [-80.701689, 25.133347],
              [-80.700923, 25.131498],
              [-80.700285, 25.12988],
              [-80.698626, 25.127106],
              [-80.699647, 25.125719],
              [-80.701179, 25.126182],
              [-80.701817, 25.127684],
              [-80.704373, 25.128191],
              [-80.706017, 25.128904],
              [-80.707711, 25.132593],
              [-80.710028, 25.13486],
              [-80.71186, 25.136385],
              [-80.713633, 25.139346],
              [-80.714958, 25.140795]
            ]
          ],
          [
            [
              [-80.714756, 25.149787],
              [-80.712498, 25.148065],
              [-80.710953, 25.145806],
              [-80.711309, 25.144408],
              [-80.712973, 25.143977],
              [-80.714637, 25.146559],
              [-80.715231, 25.148818],
              [-80.714756, 25.149787]
            ]
          ],
          [
            [
              [-80.728296, 25.094736],
              [-80.725196, 25.099155],
              [-80.723231, 25.098128],
              [-80.723228, 25.095847],
              [-80.724637, 25.093824],
              [-80.726205, 25.093192],
              [-80.72734, 25.093261],
              [-80.728296, 25.094736]
            ]
          ],
          [
            [
              [-80.731633, 24.995539],
              [-80.723687, 25.005051],
              [-80.73063, 24.993232],
              [-80.731633, 24.995539]
            ]
          ],
          [
            [
              [-80.737149, 25.065548],
              [-80.728203, 25.070893],
              [-80.736778, 25.064829],
              [-80.737149, 25.065548]
            ]
          ],
          [
            [
              [-80.739, 25.010466],
              [-80.73785, 25.01044],
              [-80.735532, 25.005445],
              [-80.735857, 25.002888],
              [-80.736917, 25.002469],
              [-80.7384, 25.004321],
              [-80.740108, 25.008277],
              [-80.739, 25.010466]
            ]
          ],
          [
            [
              [-80.7410595553448, 24.853715041322],
              [-80.689872, 24.881761],
              [-80.741319, 24.852514],
              [-80.7410595553448, 24.853715041322]
            ]
          ],
          [
            [
              [-80.759065, 25.032709],
              [-80.758024, 25.036293],
              [-80.755697, 25.038571],
              [-80.754511, 25.03908],
              [-80.753691, 25.037893],
              [-80.753988, 25.036473],
              [-80.75559, 25.034525],
              [-80.75567, 25.030914],
              [-80.753117, 25.030363],
              [-80.749776, 25.028221],
              [-80.749596, 25.027061],
              [-80.750672, 25.026353],
              [-80.753951, 25.028585],
              [-80.758285, 25.0293],
              [-80.759065, 25.032709]
            ]
          ],
          [
            [
              [-80.762529, 25.145268],
              [-80.760509, 25.146344],
              [-80.758845, 25.145268],
              [-80.759271, 25.143857],
              [-80.760886, 25.143528],
              [-80.762767, 25.143655],
              [-80.762529, 25.145268]
            ]
          ],
          [
            [
              [-80.788172, 24.940462],
              [-80.786331, 24.940963],
              [-80.783891, 24.940841],
              [-80.782672, 24.939327],
              [-80.783246, 24.938033],
              [-80.783693, 24.937186],
              [-80.784714, 24.936768],
              [-80.786893, 24.937544],
              [-80.787986, 24.938723],
              [-80.788172, 24.940462]
            ]
          ],
          [
            [
              [-80.791243, 25.025307],
              [-80.789648, 25.026551],
              [-80.786301, 25.026556],
              [-80.785232, 25.024756],
              [-80.785788, 25.023655],
              [-80.787135, 25.023011],
              [-80.789232, 25.023182],
              [-80.791534, 25.023567],
              [-80.791243, 25.025307]
            ]
          ],
          [
            [
              [-80.792239, 25.131713],
              [-80.791289, 25.132573],
              [-80.789268, 25.132036],
              [-80.78701, 25.129561],
              [-80.784277, 25.127302],
              [-80.780918, 25.123904],
              [-80.781182, 25.122027],
              [-80.782186, 25.121587],
              [-80.784417, 25.123399],
              [-80.786703, 25.124423],
              [-80.789617, 25.128105],
              [-80.791292, 25.129316],
              [-80.792239, 25.131713]
            ]
          ],
          [
            [
              [-80.791594, 25.094558],
              [-80.790252, 25.093804],
              [-80.789454, 25.092091],
              [-80.787115, 25.092223],
              [-80.78567, 25.092476],
              [-80.785495, 25.091837],
              [-80.787672, 25.089118],
              [-80.790053, 25.090038],
              [-80.791123, 25.09147],
              [-80.792398, 25.09398],
              [-80.791594, 25.094558]
            ]
          ],
          [
            [
              [-80.792444, 25.071177],
              [-80.788673, 25.071034],
              [-80.787519, 25.068677],
              [-80.789755, 25.066734],
              [-80.7923, 25.067924],
              [-80.792952, 25.069454],
              [-80.792444, 25.071177]
            ]
          ],
          [
            [
              [-80.832726, 24.993469],
              [-80.831711, 24.994608],
              [-80.829887, 24.994453],
              [-80.829231, 24.992121],
              [-80.827771, 24.990621],
              [-80.827196, 24.988895],
              [-80.827909, 24.987926],
              [-80.829315, 24.987165],
              [-80.829765, 24.987682],
              [-80.830025, 24.989725],
              [-80.832497, 24.992512],
              [-80.832726, 24.993469]
            ]
          ],
          [
            [
              [-80.834154, 25.119772],
              [-80.833471, 25.121408],
              [-80.832298, 25.121699],
              [-80.831826, 25.120114],
              [-80.831118, 25.119349],
              [-80.830114, 25.117587],
              [-80.828657, 25.114961],
              [-80.829219, 25.11467],
              [-80.830858, 25.115236],
              [-80.831934, 25.116657],
              [-80.833488, 25.11768],
              [-80.834154, 25.119772]
            ]
          ],
          [
            [
              [-80.848245, 24.805826],
              [-80.792714, 24.843482],
              [-80.810211, 24.824176],
              [-80.786881, 24.822771],
              [-80.849276, 24.803514],
              [-80.848245, 24.805826]
            ]
          ],
          [
            [
              [-80.852636, 25.109865],
              [-80.852044, 25.110801],
              [-80.850375, 25.110719],
              [-80.8498, 25.109667],
              [-80.849757, 25.108473],
              [-80.851471, 25.107736],
              [-80.8524, 25.10851],
              [-80.852636, 25.109865]
            ]
          ],
          [
            [
              [-80.865385, 25.032385],
              [-80.864135, 25.03298],
              [-80.8626, 25.03396],
              [-80.862189, 25.033801],
              [-80.861578, 25.031676],
              [-80.860895, 25.031059],
              [-80.863547, 25.029655],
              [-80.865342, 25.029951],
              [-80.865802, 25.031146],
              [-80.865385, 25.032385]
            ]
          ],
          [
            [
              [-80.883118, 25.110668],
              [-80.881195, 25.113785],
              [-80.88089, 25.115562],
              [-80.880875, 25.117054],
              [-80.881142, 25.117611],
              [-80.881348, 25.118399],
              [-80.880821, 25.119213],
              [-80.879288, 25.118916],
              [-80.876534, 25.117168],
              [-80.875381, 25.115257],
              [-80.875795, 25.112098],
              [-80.876076, 25.110876],
              [-80.878067, 25.109367],
              [-80.880226, 25.108561],
              [-80.8825, 25.108339],
              [-80.88343, 25.109129],
              [-80.883118, 25.110668]
            ]
          ],
          [
            [
              [-80.887311, 25.059835],
              [-80.885781, 25.061062],
              [-80.884814, 25.061199],
              [-80.883582, 25.059878],
              [-80.88392, 25.059201],
              [-80.885359, 25.058095],
              [-80.886369, 25.058447],
              [-80.887148, 25.059383],
              [-80.887311, 25.059835]
            ]
          ],
          [
            [
              [-80.904955, 25.051648],
              [-80.903444, 25.05233],
              [-80.901776, 25.052214],
              [-80.901583, 25.050331],
              [-80.902273, 25.049313],
              [-80.904055, 25.04966],
              [-80.904901, 25.050657],
              [-80.904955, 25.051648]
            ]
          ],
          [
            [
              [-80.909391, 25.133438],
              [-80.904231, 25.137429],
              [-80.900209, 25.137411],
              [-80.900573, 25.134901],
              [-80.905406, 25.132562],
              [-80.908605, 25.132541],
              [-80.909391, 25.133438]
            ]
          ],
          [
            [
              [-80.914995, 25.108624],
              [-80.913332, 25.110077],
              [-80.91202, 25.110325],
              [-80.9115, 25.109653],
              [-80.910624, 25.107968],
              [-80.908792, 25.106135],
              [-80.907384, 25.104329],
              [-80.907814, 25.102897],
              [-80.909767, 25.101874],
              [-80.911067, 25.101951],
              [-80.912179, 25.103493],
              [-80.912832, 25.105056],
              [-80.913992, 25.107044],
              [-80.914995, 25.108624]
            ]
          ],
          [
            [
              [-80.923153, 24.766678],
              [-80.906531, 24.770652],
              [-80.922944, 24.765688],
              [-80.923153, 24.766678]
            ]
          ],
          [
            [
              [-80.931591, 24.768729],
              [-80.9312027101707, 24.769645468587],
              [-80.930997, 24.770131],
              [-80.929333, 24.770023],
              [-80.928264, 24.769268],
              [-80.9282280432483, 24.7692628405724],
              [-80.926006, 24.768944],
              [-80.9258165978028, 24.7679134292209],
              [-80.925768, 24.767649],
              [-80.926362, 24.765923],
              [-80.928353, 24.764257],
              [-80.931531, 24.763398],
              [-80.931235, 24.764412],
              [-80.9312461767716, 24.7646368614888],
              [-80.931353, 24.766786],
              [-80.9313576871635, 24.7668242653726],
              [-80.931591, 24.768729]
            ]
          ],
          [
            [
              [-80.931574, 25.080643],
              [-80.929533, 25.08089],
              [-80.925168, 25.080554],
              [-80.926009, 25.079249],
              [-80.927345, 25.078445],
              [-80.929877, 25.078468],
              [-80.931183, 25.079211],
              [-80.932211, 25.080004],
              [-80.931574, 25.080643]
            ]
          ],
          [
            [
              [-80.943413, 25.108626],
              [-80.939217, 25.109694],
              [-80.935317, 25.111092],
              [-80.932481, 25.109231],
              [-80.935245, 25.107811],
              [-80.938159, 25.107178],
              [-80.939187, 25.106341],
              [-80.941642, 25.10617],
              [-80.944036, 25.107662],
              [-80.943413, 25.108626]
            ]
          ],
          [
            [
              [-81.124761, 24.707129],
              [-80.931416, 24.774344],
              [-81.015933, 24.719881],
              [-81.067135, 24.714931],
              [-81.0773, 24.689974],
              [-81.108041, 24.688592],
              [-81.124094, 24.704873],
              [-81.124761, 24.707129]
            ]
          ],
          [
            [
              [-81.230997, 24.782133],
              [-81.227978, 24.781785],
              [-81.227076, 24.77828],
              [-81.226135, 24.775721],
              [-81.227745, 24.775318],
              [-81.230055, 24.776859],
              [-81.231461, 24.780889],
              [-81.230997, 24.782133]
            ]
          ],
          [
            [
              [-81.280808, 24.655625],
              [-81.242992, 24.672462],
              [-81.281778, 24.65375],
              [-81.280808, 24.655625]
            ]
          ],
          [
            [
              [-81.295626, 24.777344],
              [-81.294433, 24.779573],
              [-81.293233, 24.780834],
              [-81.290616, 24.778092],
              [-81.287758, 24.776352],
              [-81.286384, 24.774171],
              [-81.284979, 24.771682],
              [-81.285734, 24.768242],
              [-81.289243, 24.769035],
              [-81.293946, 24.77257],
              [-81.295242, 24.775444],
              [-81.295626, 24.777344]
            ]
          ],
          [
            [
              [-81.314255, 24.7521320185185],
              [-81.298959, 24.743645],
              [-81.314255, 24.750815],
              [-81.314255, 24.7521320185185]
            ]
          ],
          [
            [
              [-81.327073, 24.763855],
              [-81.317345, 24.75675],
              [-81.327592, 24.762307],
              [-81.327073, 24.763855]
            ]
          ],
          [
            [
              [-81.330645, 24.729531],
              [-81.328397, 24.750275],
              [-81.302253, 24.730308],
              [-81.301181, 24.713994],
              [-81.329348, 24.726638],
              [-81.330645, 24.729531]
            ]
          ],
          [
            [
              [-81.342183, 24.739158],
              [-81.330893, 24.741641],
              [-81.342064, 24.738187],
              [-81.342183, 24.739158]
            ]
          ],
          [
            [
              [-81.355986, 25.703526],
              [-81.336009, 25.704439],
              [-81.338242, 25.692895],
              [-81.357004, 25.696645],
              [-81.355986, 25.703526]
            ]
          ],
          [
            [
              [-81.444252, 24.635283],
              [-81.442945, 24.636241],
              [-81.441716, 24.636031],
              [-81.440764, 24.634611],
              [-81.440873, 24.632971],
              [-81.442059, 24.632513],
              [-81.444312, 24.632921],
              [-81.444252, 24.635283]
            ]
          ],
          [
            [
              [-81.4700316575126, 25.8035785650911],
              [-80.873096, 25.805377],
              [-80.87319, 25.363993],
              [-80.862191, 25.364193],
              [-80.8578514508822, 25.1766112834722],
              [-80.900066, 25.162034],
              [-80.900577, 25.139669],
              [-81.08393, 25.116194],
              [-81.140985, 25.157189],
              [-81.170907, 25.245857],
              [-81.148103, 25.332793],
              [-81.12141, 25.33875],
              [-81.117265, 25.354953],
              [-81.123048, 25.379116],
              [-81.150508, 25.387255],
              [-81.16797, 25.469489],
              [-81.209707, 25.506491],
              [-81.204389, 25.538908],
              [-81.233577, 25.568906],
              [-81.241708, 25.606524],
              [-81.271489, 25.61434],
              [-81.290328, 25.687506],
              [-81.381881, 25.74919],
              [-81.389012, 25.781297],
              [-81.470229, 25.803327],
              [-81.4700316575126, 25.8035785650911]
            ]
          ],
          [
            [
              [-81.482815, 24.618093],
              [-81.467557, 24.611586],
              [-81.482815, 24.617157],
              [-81.482815, 24.618093]
            ]
          ],
          [
            [
              [-81.812306, 24.567331],
              [-81.810945, 24.569536],
              [-81.809588, 24.569509],
              [-81.809222, 24.568361],
              [-81.8093997770549, 24.5680958505201],
              [-81.810805, 24.566],
              [-81.81204, 24.566092],
              [-81.812306, 24.567331]
            ]
          ],
          [
            [
              [-81.812048, 24.548805],
              [-81.799495, 24.594168],
              [-81.794012, 24.575749],
              [-81.752834, 24.580234],
              [-81.721995, 24.606654],
              [-81.765336, 24.632626],
              [-81.754281, 24.654043],
              [-81.584599, 24.736696],
              [-81.571151, 24.756354],
              [-81.515804, 24.756165],
              [-81.498101, 24.792574],
              [-81.44351, 24.813364],
              [-81.451517, 24.76687],
              [-81.405467, 24.792709],
              [-81.371822, 24.779089],
              [-81.359415, 24.72858],
              [-81.319603, 24.702672],
              [-81.296895, 24.655382],
              [-81.394795, 24.621135],
              [-81.412537, 24.646732],
              [-81.505944, 24.65451],
              [-81.519025, 24.618812],
              [-81.604333, 24.586164],
              [-81.685243, 24.558676],
              [-81.812536, 24.545469],
              [-81.812048, 24.548805]
            ]
          ],
          [
            [
              [-81.815293, 24.56284],
              [-81.812797, 24.563589],
              [-81.812076, 24.562805],
              [-81.812259, 24.560775],
              [-81.813356, 24.560332],
              [-81.814591, 24.560424],
              [-81.815622, 24.562065],
              [-81.815293, 24.56284]
            ]
          ],
          [
            [
              [-81.89309, 24.562733],
              [-81.890429, 24.562567],
              [-81.885878, 24.562968],
              [-81.883857, 24.561216],
              [-81.883743, 24.56033],
              [-81.885875, 24.559287],
              [-81.888228, 24.557772],
              [-81.889455, 24.559016],
              [-81.891917, 24.559909],
              [-81.893114, 24.562144],
              [-81.89309, 24.562733]
            ]
          ],
          [
            [
              [-81.923515, 24.602646],
              [-81.923531, 24.605001],
              [-81.92308, 24.606625],
              [-81.921471, 24.606747],
              [-81.920479, 24.605673],
              [-81.919472, 24.60548],
              [-81.918884, 24.604279],
              [-81.920189, 24.602749],
              [-81.921082, 24.60129],
              [-81.922508, 24.600519],
              [-81.923309, 24.600487],
              [-81.924232, 24.601097],
              [-81.923515, 24.602646]
            ]
          ],
          [
            [
              [-81.925132, 24.54482],
              [-81.924476, 24.546311],
              [-81.922562, 24.547902],
              [-81.921328, 24.54848],
              [-81.919859, 24.548265],
              [-81.917976, 24.547494],
              [-81.916977, 24.546757],
              [-81.916766, 24.545353],
              [-81.917549, 24.543877],
              [-81.919631, 24.542325],
              [-81.921654, 24.541797],
              [-81.922857, 24.541142],
              [-81.924892, 24.539964],
              [-81.925379, 24.541891],
              [-81.925132, 24.54482]
            ]
          ],
          [
            [
              [-81.928337, 24.529245],
              [-81.917725, 24.530521],
              [-81.928329, 24.526587],
              [-81.928337, 24.529245]
            ]
          ],
          [
            [
              [-81.964362, 24.525122],
              [-81.9636305696814, 24.52503264751],
              [-81.963085, 24.524966],
              [-81.962379, 24.522129],
              [-81.962652217086, 24.5218050991647],
              [-81.963069, 24.521311],
              [-81.964274, 24.521304],
              [-81.965055, 24.524211],
              [-81.964362, 24.525122]
            ]
          ],
          [
            [
              [-81.978873, 24.524629],
              [-81.96818, 24.524852],
              [-81.978544, 24.523246],
              [-81.978873, 24.524629]
            ]
          ],
          [
            [
              [-82.009772, 24.534914],
              [-81.998308, 24.530863],
              [-82.009315, 24.532618],
              [-82.009772, 24.534914]
            ]
          ],
          [
            [
              [-82.145407, 24.5899],
              [-82.124827, 24.597064],
              [-82.099551, 24.57458],
              [-82.130253, 24.548207],
              [-82.110364, 24.568616],
              [-82.145602, 24.586473],
              [-82.145407, 24.5899]
            ]
          ],
          [
            [
              [-82.148868, 24.551646],
              [-82.147442, 24.552402],
              [-82.145184, 24.552511],
              [-82.144114, 24.551321],
              [-82.144503, 24.549864],
              [-82.146016, 24.548943],
              [-82.148868, 24.550673],
              [-82.148868, 24.551646]
            ]
          ],
          [
            [
              [-82.165664, 24.556589],
              [-82.156711, 24.56613],
              [-82.16522, 24.552802],
              [-82.165664, 24.556589]
            ]
          ],
          [
            [
              [-82.8752, 24.629252],
              [-82.863299, 24.628879],
              [-82.873656, 24.626469],
              [-82.8752, 24.629252]
            ]
          ],
          [
            [
              [-82.92429, 24.630827],
              [-82.921802, 24.633418],
              [-82.919339, 24.635162],
              [-82.917623, 24.636016],
              [-82.91672, 24.636246],
              [-82.917406, 24.634784],
              [-82.918617, 24.633421],
              [-82.920749, 24.631451],
              [-82.922519, 24.629726],
              [-82.923621, 24.628905],
              [-82.926114, 24.628051],
              [-82.92429, 24.630827]
            ]
          ]
        ]
      }
    },
    {
      "type": "Feature",
      "id": "48485",
      "properties": {
        "county_id": "48485",
        "county_label": "Wichita County",
        "state_name": "Texas",
        "state_fips": "48"
      },
      "geometry": {
        "type": "Polygon",
        "coordinates": [
          [
            [-98.953191, 33.849934],
            [-98.9523575349127, 34.2125787665873],
            [-98.872922, 34.166584],
            [-98.868116, 34.149635],
            [-98.812954, 34.158444],
            [-98.749291, 34.124238],
            [-98.690595, 34.132972],
            [-98.648073, 34.164441],
            [-98.599789, 34.160571],
            [-98.550522, 34.132194],
            [-98.560574, 34.123567],
            [-98.486328, 34.062598],
            [-98.42523, 34.084799],
            [-98.423003, 33.836056],
            [-98.953202, 33.834025],
            [-98.953191, 33.849934]
          ]
        ]
      }
    },
    {
      "type": "Feature",
      "id": "48439",
      "properties": {
        "county_id": "48439",
        "county_label": "Tarrant County",
        "state_name": "Texas",
        "state_fips": "48"
      },
      "geometry": {
        "type": "Polygon",
        "coordinates": [
          [
            [-97.550527, 32.562576],
            [-97.544181, 32.994177],
            [-97.031007, 32.989691],
            [-97.038685, 32.548666],
            [-97.550582, 32.555391],
            [-97.550527, 32.562576]
          ]
        ]
      }
    },
    {
      "type": "Feature",
      "id": "12021",
      "properties": {
        "county_id": "12021",
        "county_label": "Collier County",
        "state_name": "Florida",
        "state_fips": "12"
      },
      "geometry": {
        "type": "Polygon",
        "coordinates": [
          [
            [-81.8457752770578, 26.3303814585148],
            [-81.819119, 26.330424],
            [-81.819019, 26.316245],
            [-81.6579, 26.317563],
            [-81.659506, 26.421077],
            [-81.56218, 26.422625],
            [-81.563763, 26.513331],
            [-81.271768, 26.517069],
            [-81.268236, 26.253069],
            [-80.87971, 26.259308],
            [-80.873096, 25.805377],
            [-81.4700316575126, 25.8035785650911],
            [-81.499616, 25.834805],
            [-81.530006, 25.838613],
            [-81.534234, 25.856609],
            [-81.564393, 25.856209],
            [-81.63858, 25.905431],
            [-81.672088, 25.881845],
            [-81.678287, 25.845301],
            [-81.68954, 25.85271],
            [-81.753137, 25.951108],
            [-81.738163, 25.971837],
            [-81.801748, 26.091405],
            [-81.844555, 26.327712],
            [-81.8457752770578, 26.3303814585148]
          ]
        ]
      }
    },
    {
      "type": "Feature",
      "id": "48365",
      "properties": {
        "county_id": "48365",
        "county_label": "Panola County",
        "state_name": "Texas",
        "state_fips": "48"
      },
      "geometry": {
        "type": "Polygon",
        "coordinates": [
          [
            [-94.601853, 32.070107],
            [-94.579996, 32.203269],
            [-94.526126, 32.279126],
            [-94.491818, 32.394137],
            [-94.440545, 32.3621],
            [-94.384578, 32.366803],
            [-94.382909, 32.345733],
            [-94.35064, 32.326583],
            [-94.042901, 32.392283],
            [-94.04272, 31.999265],
            [-94.0154203807042, 31.9801588291318],
            [-94.599978, 31.973193],
            [-94.60175, 32.056421],
            [-94.601853, 32.070107]
          ]
        ]
      }
    },
    {
      "type": "Feature",
      "id": "48221",
      "properties": {
        "county_id": "48221",
        "county_label": "Hood County",
        "state_name": "Texas",
        "state_fips": "48"
      },
      "geometry": {
        "type": "Polygon",
        "coordinates": [
          [
            [-98.068077, 32.523409],
            [-98.066836, 32.558822],
            [-97.617066, 32.555484],
            [-97.615557, 32.318617],
            [-97.78276, 32.316493],
            [-97.945625, 32.233468],
            [-98.068545, 32.511626],
            [-98.068077, 32.523409]
          ]
        ]
      }
    },
    {
      "type": "Feature",
      "id": "48145",
      "properties": {
        "county_id": "48145",
        "county_label": "Falls County",
        "state_name": "Texas",
        "state_fips": "48"
      },
      "geometry": {
        "type": "Polygon",
        "coordinates": [
          [
            [-97.278113, 31.279799],
            [-96.801123, 31.522269],
            [-96.596862, 31.2209],
            [-97.070057, 30.986031],
            [-97.277355, 31.278894],
            [-97.278113, 31.279799]
          ]
        ]
      }
    },
    {
      "type": "Feature",
      "id": "36095",
      "properties": {
        "county_id": "36095",
        "county_label": "Schoharie County",
        "state_name": "New York",
        "state_fips": "36"
      },
      "geometry": {
        "type": "Polygon",
        "coordinates": [
          [
            [-74.707573, 42.522675],
            [-74.630652, 42.62677],
            [-74.667512, 42.75071],
            [-74.648298, 42.829558],
            [-74.454911, 42.772979],
            [-74.254442, 42.795297],
            [-74.258507, 42.757398],
            [-74.306665, 42.750074],
            [-74.272295, 42.71427],
            [-74.184299, 42.712494],
            [-74.180274, 42.729979],
            [-74.164678, 42.717207],
            [-74.173428, 42.657318],
            [-74.241572, 42.550802],
            [-74.226447, 42.499233],
            [-74.264755, 42.418876],
            [-74.244692, 42.377159],
            [-74.312582, 42.35709],
            [-74.379051, 42.373873],
            [-74.443506, 42.355017],
            [-74.618895, 42.424389],
            [-74.71158, 42.517799],
            [-74.707573, 42.522675]
          ]
        ]
      }
    },
    {
      "type": "Feature",
      "id": "36121",
      "properties": {
        "county_id": "36121",
        "county_label": "Wyoming County",
        "state_name": "New York",
        "state_fips": "36"
      },
      "geometry": {
        "type": "Polygon",
        "coordinates": [
          [
            [-78.488118, 42.781571],
            [-78.486256, 42.867731],
            [-77.954964, 42.862754],
            [-77.956334, 42.667322],
            [-77.9904, 42.61486],
            [-78.028864, 42.60412],
            [-78.004693, 42.592779],
            [-78.050827, 42.576008],
            [-78.028031, 42.567739],
            [-78.060752, 42.536709],
            [-78.038261, 42.521522],
            [-78.464556, 42.519166],
            [-78.463233, 42.780461],
            [-78.488143, 42.78066],
            [-78.488118, 42.781571]
          ]
        ]
      }
    },
    {
      "type": "Feature",
      "id": "12073",
      "properties": {
        "county_id": "12073",
        "county_label": "Leon County",
        "state_name": "Florida",
        "state_fips": "12"
      },
      "geometry": {
        "type": "Polygon",
        "coordinates": [
          [
            [-84.715144, 30.333077],
            [-84.626025, 30.408454],
            [-84.495307, 30.460298],
            [-84.460506, 30.455908],
            [-84.402926, 30.475769],
            [-84.378384, 30.573467],
            [-84.332107, 30.596494],
            [-84.300583, 30.640068],
            [-84.297497, 30.682522],
            [-84.007454, 30.6721003570368],
            [-84.007687, 30.609299],
            [-83.977165, 30.521987],
            [-84.041152, 30.521901],
            [-84.041488, 30.463308],
            [-84.074691, 30.434302],
            [-84.075539, 30.273617],
            [-84.241222, 30.274244],
            [-84.247673, 30.303493],
            [-84.713351, 30.30017],
            [-84.701017, 30.319035],
            [-84.715138, 30.33014],
            [-84.715144, 30.333077]
          ]
        ]
      }
    },
    {
      "type": "Feature",
      "id": "12086",
      "properties": {
        "county_id": "12086",
        "county_label": "Miami-Dade County",
        "state_name": "Florida",
        "state_fips": "12"
      },
      "geometry": {
        "type": "MultiPolygon",
        "coordinates": [
          [
            [
              [-80.176276, 25.525054],
              [-80.17395, 25.525375],
              [-80.173116, 25.524181],
              [-80.172863, 25.523173],
              [-80.17268, 25.522087],
              [-80.176024, 25.521154],
              [-80.17706, 25.521704],
              [-80.176276, 25.525054]
            ]
          ],
          [
            [
              [-80.258601, 25.359611],
              [-80.25543, 25.380739],
              [-80.236602, 25.389272],
              [-80.249491, 25.395046],
              [-80.20922, 25.41437],
              [-80.181355, 25.490554],
              [-80.189723, 25.504092],
              [-80.175744, 25.517714],
              [-80.176668, 25.485896],
              [-80.239341, 25.350586],
              [-80.258957, 25.354349],
              [-80.258601, 25.359611]
            ]
          ],
          [
            [
              [-80.303522, 25.38012],
              [-80.29279, 25.37955],
              [-80.303641, 25.37851],
              [-80.303522, 25.38012]
            ]
          ],
          [
            [
              [-80.303541, 25.406007],
              [-80.301833, 25.406823],
              [-80.300239, 25.406652],
              [-80.299741, 25.405385],
              [-80.300281, 25.404348],
              [-80.301963, 25.403001],
              [-80.303463, 25.404093],
              [-80.304046, 25.405288],
              [-80.303541, 25.406007]
            ]
          ],
          [
            [
              [-80.624794, 25.182807],
              [-80.609847, 25.182407],
              [-80.624319, 25.181302],
              [-80.624794, 25.182807]
            ]
          ],
          [
            [
              [-80.873153, 25.66618],
              [-80.872932, 25.979434],
              [-80.680038, 25.978749],
              [-80.680016, 25.956857],
              [-80.294972, 25.95677],
              [-80.295104, 25.970572],
              [-80.1178961449456, 25.9752479199449],
              [-80.121008, 25.813199],
              [-80.130845, 25.764364],
              [-80.15937, 25.73301],
              [-80.147602, 25.723467],
              [-80.15293, 25.671584],
              [-80.177309, 25.686598],
              [-80.154256, 25.723214],
              [-80.175116, 25.74445],
              [-80.202632, 25.748207],
              [-80.249122, 25.713383],
              [-80.272002, 25.639191],
              [-80.305395, 25.615908],
              [-80.302674, 25.569497],
              [-80.339773, 25.500249],
              [-80.336942, 25.456187],
              [-80.320442, 25.437153],
              [-80.327924, 25.396835],
              [-80.305424, 25.387744],
              [-80.31036, 25.3731],
              [-80.342275, 25.323259],
              [-80.37064, 25.323219],
              [-80.3978630482615, 25.2534798450631],
              [-80.41887, 25.23631],
              [-80.443077, 25.244313],
              [-80.493646, 25.227346],
              [-80.496015, 25.20043],
              [-80.519344, 25.222613],
              [-80.539091, 25.204384],
              [-80.562797, 25.212301],
              [-80.565515, 25.192939],
              [-80.577567, 25.201217],
              [-80.563291, 25.207383],
              [-80.579561, 25.212094],
              [-80.609179, 25.183689],
              [-80.605038, 25.203516],
              [-80.652231, 25.192793],
              [-80.663964, 25.176699],
              [-80.63411, 25.176462],
              [-80.673709, 25.138297],
              [-80.653263, 25.164549],
              [-80.670979, 25.174519],
              [-80.698067, 25.163394],
              [-80.70416, 25.140808],
              [-80.732304, 25.167616],
              [-80.747417, 25.157975],
              [-80.722741, 25.145407],
              [-80.768882, 25.162269],
              [-80.776821, 25.13807],
              [-80.78315, 25.165874],
              [-80.800526, 25.142985],
              [-80.798037, 25.181841],
              [-80.814593, 25.18271],
              [-80.809883, 25.168902],
              [-80.826359, 25.160645],
              [-80.858167, 25.176607],
              [-80.87327, 25.625385],
              [-80.873153, 25.66618]
            ]
          ]
        ]
      }
    },
    {
      "type": "Feature",
      "id": "36097",
      "properties": {
        "county_id": "36097",
        "county_label": "Schuyler County",
        "state_name": "New York",
        "state_fips": "36"
      },
      "geometry": {
        "type": "Polygon",
        "coordinates": [
          [
            [-77.107203, 42.483771],
            [-76.989329, 42.484821],
            [-76.98795, 42.46325],
            [-76.889805, 42.463054],
            [-76.895596, 42.541537],
            [-76.696655, 42.54679],
            [-76.691406, 42.284307],
            [-76.619303, 42.282853],
            [-76.619533, 42.248664],
            [-76.642256, 42.233721],
            [-76.732677, 42.248052],
            [-76.733912, 42.29372],
            [-77.099657, 42.272356],
            [-77.106753, 42.469675],
            [-77.107203, 42.483771]
          ]
        ]
      }
    },
    {
      "type": "Feature",
      "id": "36109",
      "properties": {
        "county_id": "36109",
        "county_label": "Tompkins County",
        "state_name": "New York",
        "state_fips": "36"
      },
      "geometry": {
        "type": "Polygon",
        "coordinates": [
          [
            [-76.696655, 42.54679],
            [-76.585989, 42.54991],
            [-76.666543, 42.623457],
            [-76.265584, 42.623588],
            [-76.253359, 42.407568],
            [-76.293186, 42.406403],
            [-76.299493, 42.385012],
            [-76.237818, 42.350998],
            [-76.250149, 42.296676],
            [-76.415305, 42.318368],
            [-76.416199, 42.262976],
            [-76.474494, 42.263761],
            [-76.473962, 42.281132],
            [-76.691406, 42.284307],
            [-76.695963, 42.536477],
            [-76.696655, 42.54679]
          ]
        ]
      }
    },
    {
      "type": "Feature",
      "id": "12027",
      "properties": {
        "county_id": "12027",
        "county_label": "DeSoto County",
        "state_name": "Florida",
        "state_fips": "12"
      },
      "geometry": {
        "type": "Polygon",
        "coordinates": [
          [
            [-82.057492, 27.135262],
            [-82.055753, 27.338264],
            [-81.564062, 27.340641],
            [-81.562503, 27.037436],
            [-82.057506, 27.032119],
            [-82.057631, 27.125331],
            [-82.057492, 27.135262]
          ]
        ]
      }
    },
    {
      "type": "Feature",
      "id": "36015",
      "properties": {
        "county_id": "36015",
        "county_label": "Chemung County",
        "state_name": "New York",
        "state_fips": "36"
      },
      "geometry": {
        "type": "Polygon",
        "coordinates": [
          [
            [-76.966091, 42.143547],
            [-76.964761, 42.28744],
            [-76.733912, 42.29372],
            [-76.732677, 42.248052],
            [-76.642256, 42.233721],
            [-76.619533, 42.248664],
            [-76.619303, 42.282853],
            [-76.538349, 42.281755],
            [-76.536507, 42.155403],
            [-76.563589, 42.152463],
            [-76.541489, 42.051728],
            [-76.5576986691569, 42.0001498257895],
            [-76.9657926446341, 42.0012728405422],
            [-76.966109, 42.143461],
            [-76.966091, 42.143547]
          ]
        ]
      }
    },
    {
      "type": "Feature",
      "id": "48337",
      "properties": {
        "county_id": "48337",
        "county_label": "Montague County",
        "state_name": "Texas",
        "state_fips": "48"
      },
      "geometry": {
        "type": "Polygon",
        "coordinates": [
          [
            [-97.979013, 33.617634],
            [-97.9778078897427, 33.8898833742718],
            [-97.877387, 33.850236],
            [-97.834333, 33.857671],
            [-97.797761, 33.899286],
            [-97.782341, 33.892306],
            [-97.785101, 33.916815],
            [-97.76377, 33.914241],
            [-97.762768, 33.934396],
            [-97.725289, 33.941045],
            [-97.671772, 33.99137],
            [-97.590422, 33.954104],
            [-97.597115, 33.917868],
            [-97.581078, 33.899679],
            [-97.48403724377, 33.9157618691195],
            [-97.487065, 33.433681],
            [-97.978967, 33.433748],
            [-97.979046, 33.605273],
            [-97.979013, 33.617634]
          ]
        ]
      }
    },
    {
      "type": "Feature",
      "id": "48503",
      "properties": {
        "county_id": "48503",
        "county_label": "Young County",
        "state_name": "Texas",
        "state_fips": "48"
      },
      "geometry": {
        "type": "Polygon",
        "coordinates": [
          [
            [-98.953938, 33.397534],
            [-98.420666, 33.396195],
            [-98.420436, 33.375104],
            [-98.427211, 32.9523],
            [-98.950875, 32.956918],
            [-98.953853, 33.33289],
            [-98.953938, 33.397534]
          ]
        ]
      }
    },
    {
      "type": "Feature",
      "id": "12115",
      "properties": {
        "county_id": "12115",
        "county_label": "Sarasota County",
        "state_name": "Florida",
        "state_fips": "12"
      },
      "geometry": {
        "type": "Polygon",
        "coordinates": [
          [
            [-82.6428345450266, 27.3897369770961],
            [-82.252264, 27.386243],
            [-82.253596, 27.208916],
            [-82.056497, 27.207769],
            [-82.057506, 27.032119],
            [-82.255169, 27.03302],
            [-82.255521, 26.945264],
            [-82.3749868195969, 26.9456214736575],
            [-82.522032, 27.228375],
            [-82.568892, 27.275577],
            [-82.56006, 27.2951],
            [-82.642821, 27.38972],
            [-82.6428345450266, 27.3897369770961]
          ]
        ]
      }
    },
    {
      "type": "Feature",
      "id": "48291",
      "properties": {
        "county_id": "48291",
        "county_label": "Liberty County",
        "state_name": "Texas",
        "state_fips": "48"
      },
      "geometry": {
        "type": "Polygon",
        "coordinates": [
          [
            [-95.165897, 30.344976],
            [-94.849414, 30.493553],
            [-94.732732, 30.490066],
            [-94.596338, 30.112101],
            [-94.44491, 30.113015],
            [-94.442235, 29.889538],
            [-94.98146, 29.884276],
            [-94.998656, 29.919771],
            [-94.982095, 29.964754],
            [-94.999834, 29.991322],
            [-95.031179, 29.993324],
            [-95.162558, 30.336365],
            [-95.165897, 30.344976]
          ]
        ]
      }
    },
    {
      "type": "Feature",
      "id": "48367",
      "properties": {
        "county_id": "48367",
        "county_label": "Parker County",
        "state_name": "Texas",
        "state_fips": "48"
      },
      "geometry": {
        "type": "Polygon",
        "coordinates": [
          [
            [-98.066726, 32.56236],
            [-98.056094, 33.003332],
            [-97.544172, 32.994651],
            [-97.550582, 32.555391],
            [-98.066836, 32.558822],
            [-98.066726, 32.56236]
          ]
        ]
      }
    },
    {
      "type": "Feature",
      "id": "48027",
      "properties": {
        "county_id": "48027",
        "county_label": "Bell County",
        "state_name": "Texas",
        "state_fips": "48"
      },
      "geometry": {
        "type": "Polygon",
        "coordinates": [
          [
            [-97.913847, 31.065882],
            [-97.418606, 31.320202],
            [-97.343426, 31.244215],
            [-97.278113, 31.279799],
            [-97.070057, 30.986031],
            [-97.258959, 30.889579],
            [-97.315485, 30.752363],
            [-97.624051, 30.870004],
            [-97.8281, 30.904414],
            [-97.912654, 31.050886],
            [-97.913847, 31.065882]
          ]
        ]
      }
    },
    {
      "type": "Feature",
      "id": "12061",
      "properties": {
        "county_id": "12061",
        "county_label": "Indian River County",
        "state_name": "Florida",
        "state_fips": "12"
      },
      "geometry": {
        "type": "Polygon",
        "coordinates": [
          [
            [-80.881566, 27.822511],
            [-80.509075, 27.822058],
            [-80.491079, 27.854601],
            [-80.4471635247752, 27.8598979972078],
            [-80.380509, 27.732029],
            [-80.3215593152909, 27.5573637757683],
            [-80.777166, 27.558733],
            [-80.778047, 27.643195],
            [-80.87315, 27.642288],
            [-80.881495, 27.821987],
            [-80.881566, 27.822511]
          ]
        ]
      }
    },
    {
      "type": "Feature",
      "id": "48325",
      "properties": {
        "county_id": "48325",
        "county_label": "Medina County",
        "state_name": "Texas",
        "state_fips": "48"
      },
      "geometry": {
        "type": "Polygon",
        "coordinates": [
          [
            [-99.413862, 29.093096],
            [-99.411817, 29.627514],
            [-98.983787, 29.62345],
            [-98.985944, 29.567048],
            [-98.971383, 29.551842],
            [-98.927161, 29.56225],
            [-98.806552, 29.690709],
            [-98.8049, 29.090434],
            [-99.41388, 29.091335],
            [-99.413862, 29.093096]
          ]
        ]
      }
    },
    {
      "type": "Feature",
      "id": "48049",
      "properties": {
        "county_id": "48049",
        "county_label": "Brown County",
        "state_name": "Texas",
        "state_fips": "48"
      },
      "geometry": {
        "type": "Polygon",
        "coordinates": [
          [
            [-99.203411, 31.758221],
            [-99.195871, 32.079235],
            [-98.924401, 32.078018],
            [-98.668441, 31.700514],
            [-98.759983, 31.687906],
            [-98.779951, 31.610735],
            [-99.010644, 31.471246],
            [-99.041052, 31.490579],
            [-99.097937, 31.448186],
            [-99.11615, 31.46824],
            [-99.1841, 31.453733],
            [-99.188558, 31.470337],
            [-99.202768, 31.467234],
            [-99.203488, 31.726688],
            [-99.203411, 31.758221]
          ]
        ]
      }
    },
    {
      "type": "Feature",
      "id": "06049",
      "properties": {
        "county_id": "06049",
        "county_label": "Modoc County",
        "state_name": "California",
        "state_fips": "06"
      },
      "geometry": {
        "type": "Polygon",
        "coordinates": [
          [
            [-121.457213, 41.949945],
            [-121.447537949131, 41.9974692924328],
            [-119.999234, 41.994944],
            [-119.998287, 41.749892],
            [-119.999866, 41.183974],
            [-121.446495, 41.183484],
            [-121.456922, 41.776302],
            [-121.457213, 41.949945]
          ]
        ]
      }
    },
    {
      "type": "Feature",
      "id": "36111",
      "properties": {
        "county_id": "36111",
        "county_label": "Ulster County",
        "state_name": "New York",
        "state_fips": "36"
      },
      "geometry": {
        "type": "Polygon",
        "coordinates": [
          [
            [-74.749602, 42.030755],
            [-74.553598, 42.121484],
            [-74.530985, 42.146475],
            [-74.451713, 42.169225],
            [-74.307571, 42.114346],
            [-74.074797, 42.096589],
            [-74.042393, 42.170386],
            [-74.003589, 42.163365],
            [-74.00245, 42.176992],
            [-73.910675, 42.127293],
            [-73.964413, 41.913148],
            [-73.939389, 41.865852],
            [-73.953307, 41.589977],
            [-74.053685, 41.58061],
            [-74.068083, 41.606001],
            [-74.089896, 41.598602],
            [-74.134511, 41.615695],
            [-74.126393, 41.582544],
            [-74.187505, 41.590793],
            [-74.251601, 41.605374],
            [-74.250186, 41.629324],
            [-74.264093, 41.632738],
            [-74.368191, 41.591353],
            [-74.395071, 41.644876],
            [-74.575086, 41.745258],
            [-74.453685, 41.875595],
            [-74.780693, 42.016375],
            [-74.749602, 42.030755]
          ]
        ]
      }
    },
    {
      "type": "Feature",
      "id": "12043",
      "properties": {
        "county_id": "12043",
        "county_label": "Glades County",
        "state_name": "Florida",
        "state_fips": "12"
      },
      "geometry": {
        "type": "Polygon",
        "coordinates": [
          [
            [-81.565028, 26.85736],
            [-81.562531, 27.033687],
            [-81.267216, 27.032474],
            [-81.267677, 27.121097],
            [-81.168281, 27.121734],
            [-81.169138, 27.209585],
            [-80.961824, 27.210771],
            [-80.906403, 27.189049],
            [-80.910019, 27.174622],
            [-80.878669, 27.169221],
            [-80.870236, 27.152273],
            [-80.885639, 26.958919],
            [-80.945319, 26.769099],
            [-81.434557, 26.768772],
            [-81.43711, 26.78347],
            [-81.459328, 26.783467],
            [-81.459454, 26.768856],
            [-81.565748, 26.769601],
            [-81.565028, 26.85736]
          ]
        ]
      }
    },
    {
      "type": "Feature",
      "id": "48375",
      "properties": {
        "county_id": "48375",
        "county_label": "Potter County",
        "state_name": "Texas",
        "state_fips": "48"
      },
      "geometry": {
        "type": "Polygon",
        "coordinates": [
          [
            [-102.167122, 35.208637],
            [-102.162752, 35.620035],
            [-101.6228, 35.620196],
            [-101.622941, 35.183117],
            [-102.167471, 35.183233],
            [-102.167122, 35.208637]
          ]
        ]
      }
    },
    {
      "type": "Feature",
      "id": "48341",
      "properties": {
        "county_id": "48341",
        "county_label": "Moore County",
        "state_name": "Texas",
        "state_fips": "48"
      },
      "geometry": {
        "type": "Polygon",
        "coordinates": [
          [
            [-102.163015, 36.055249],
            [-101.623466, 36.055405],
            [-101.623144, 35.985166],
            [-101.6228, 35.620196],
            [-102.162752, 35.620035],
            [-102.162757, 35.939056],
            [-102.163015, 36.055249]
          ]
        ]
      }
    },
    {
      "type": "Feature",
      "id": "48483",
      "properties": {
        "county_id": "48483",
        "county_label": "Wheeler County",
        "state_name": "Texas",
        "state_fips": "48"
      },
      "geometry": {
        "type": "Polygon",
        "coordinates": [
          [
            [-100.540158, 35.619296],
            [-100.000392, 35.619115],
            [-100.000385, 35.182702],
            [-100.538978, 35.183144],
            [-100.540101, 35.601236],
            [-100.540158, 35.619296]
          ]
        ]
      }
    },
    {
      "type": "Feature",
      "id": "12067",
      "properties": {
        "county_id": "12067",
        "county_label": "Lafayette County",
        "state_name": "Florida",
        "state_fips": "12"
      },
      "geometry": {
        "type": "Polygon",
        "coordinates": [
          [
            [-83.370394, 29.965502],
            [-83.36726, 30.26044],
            [-83.247253, 30.26067],
            [-83.249996, 30.190487],
            [-83.231601, 30.166841],
            [-83.225659, 30.113321],
            [-83.184358, 30.094122],
            [-83.162457, 30.110022],
            [-83.119203, 30.104973],
            [-83.069553, 30.081252],
            [-83.001312, 30.008789],
            [-82.96385, 29.994544],
            [-82.952399, 29.959361],
            [-82.930782, 29.957399],
            [-82.91555, 29.891791],
            [-82.897866, 29.90144],
            [-82.87522, 29.877265],
            [-82.903956, 29.824294],
            [-83.35286, 29.822222],
            [-83.352986, 29.887859],
            [-83.37089, 29.887934],
            [-83.370394, 29.965502]
          ]
        ]
      }
    },
    {
      "type": "Feature",
      "id": "48159",
      "properties": {
        "county_id": "48159",
        "county_label": "Franklin County",
        "state_name": "Texas",
        "state_fips": "48"
      },
      "geometry": {
        "type": "Polygon",
        "coordinates": [
          [
            [-95.308718, 32.994562],
            [-95.308593, 33.37719],
            [-95.24225, 33.367936],
            [-95.125451, 33.389454],
            [-95.124939, 33.160953],
            [-95.12613, 33.034581],
            [-95.15365, 33.012448],
            [-95.172947, 32.961829],
            [-95.308957, 32.962572],
            [-95.308718, 32.994562]
          ]
        ]
      }
    },
    {
      "type": "Feature",
      "id": "48101",
      "properties": {
        "county_id": "48101",
        "county_label": "Cottle County",
        "state_name": "Texas",
        "state_fips": "48"
      },
      "geometry": {
        "type": "Polygon",
        "coordinates": [
          [
            [-100.518378, 33.910158],
            [-100.51734, 34.314102],
            [-99.99772, 34.311829],
            [-99.997621, 34.224355],
            [-100.009793, 34.241955],
            [-100.047028, 34.22978],
            [-100.04848, 33.835974],
            [-100.518691, 33.83565],
            [-100.518378, 33.910158]
          ]
        ]
      }
    },
    {
      "type": "Feature",
      "id": "48247",
      "properties": {
        "county_id": "48247",
        "county_label": "Jim Hogg County",
        "state_name": "Texas",
        "state_fips": "48"
      },
      "geometry": {
        "type": "Polygon",
        "coordinates": [
          [
            [-98.954304, 27.003078],
            [-98.954669, 27.269397],
            [-98.798087, 27.268012],
            [-98.798323, 27.354029],
            [-98.625094, 27.35773],
            [-98.624893, 27.338067],
            [-98.589478, 27.338236],
            [-98.589537, 27.358695],
            [-98.552617, 27.359101],
            [-98.552448, 27.343764],
            [-98.522293, 27.343284],
            [-98.523284, 27.26515],
            [-98.536646, 27.265196],
            [-98.492943, 27.235012],
            [-98.49291, 27.142062],
            [-98.467284, 27.142006],
            [-98.466542, 27.054711],
            [-98.417883, 27.055285],
            [-98.422616, 26.783535],
            [-98.95423, 26.785694],
            [-98.95477, 26.934794],
            [-98.954304, 27.003078]
          ]
        ]
      }
    },
    {
      "type": "Feature",
      "id": "48417",
      "properties": {
        "county_id": "48417",
        "county_label": "Shackelford County",
        "state_name": "Texas",
        "state_fips": "48"
      },
      "geometry": {
        "type": "Polygon",
        "coordinates": [
          [
            [-99.612129, 32.93074],
            [-99.612001, 32.956962],
            [-99.096016, 32.957037],
            [-99.09605, 32.514768],
            [-99.612026, 32.514654],
            [-99.612222, 32.884045],
            [-99.612129, 32.93074]
          ]
        ]
      }
    },
    {
      "type": "Feature",
      "id": "48269",
      "properties": {
        "county_id": "48269",
        "county_label": "King County",
        "state_name": "Texas",
        "state_fips": "48"
      },
      "geometry": {
        "type": "Polygon",
        "coordinates": [
          [
            [-100.518691, 33.83565],
            [-99.996434, 33.835967],
            [-99.99098, 33.397404],
            [-100.517449, 33.397866],
            [-100.518489, 33.762422],
            [-100.518691, 33.83565]
          ]
        ]
      }
    },
    {
      "type": "Feature",
      "id": "48021",
      "properties": {
        "county_id": "48021",
        "county_label": "Bastrop County",
        "state_name": "Texas",
        "state_fips": "48"
      },
      "geometry": {
        "type": "Polygon",
        "coordinates": [
          [
            [-97.64937, 30.067944],
            [-97.492482, 30.210011],
            [-97.369491, 30.419642],
            [-97.199578, 30.337833],
            [-97.081834, 30.259357],
            [-97.024461, 30.051435],
            [-97.315823, 29.786541],
            [-97.648097, 30.06689],
            [-97.64937, 30.067944]
          ]
        ]
      }
    },
    {
      "type": "Feature",
      "id": "48009",
      "properties": {
        "county_id": "48009",
        "county_label": "Archer County",
        "state_name": "Texas",
        "state_fips": "48"
      },
      "geometry": {
        "type": "Polygon",
        "coordinates": [
          [
            [-98.95383, 33.489589],
            [-98.953202, 33.834025],
            [-98.423577, 33.836047],
            [-98.420666, 33.396195],
            [-98.953938, 33.397534],
            [-98.95383, 33.489589]
          ]
        ]
      }
    },
    {
      "type": "Feature",
      "id": "48461",
      "properties": {
        "county_id": "48461",
        "county_label": "Upton County",
        "state_name": "Texas",
        "state_fips": "48"
      },
      "geometry": {
        "type": "Polygon",
        "coordinates": [
          [
            [-102.31805, 31.651327],
            [-101.775802, 31.651319],
            [-101.776191, 31.079784],
            [-102.301212, 31.086212],
            [-102.317406, 31.587431],
            [-102.31805, 31.651327]
          ]
        ]
      }
    },
    {
      "type": "Feature",
      "id": "48237",
      "properties": {
        "county_id": "48237",
        "county_label": "Jack County",
        "state_name": "Texas",
        "state_fips": "48"
      },
      "geometry": {
        "type": "Polygon",
        "coordinates": [
          [
            [-98.425741, 33.066165],
            [-98.421419, 33.466797],
            [-97.978919, 33.467129],
            [-97.978967, 33.433748],
            [-97.918189, 33.433873],
            [-97.921642, 33.001284],
            [-98.426553, 33.007913],
            [-98.425741, 33.066165]
          ]
        ]
      }
    },
    {
      "type": "Feature",
      "id": "48143",
      "properties": {
        "county_id": "48143",
        "county_label": "Erath County",
        "state_name": "Texas",
        "state_fips": "48"
      },
      "geometry": {
        "type": "Polygon",
        "coordinates": [
          [
            [-98.551158, 32.261436],
            [-98.474685, 32.299084],
            [-98.475177, 32.513039],
            [-98.068545, 32.511626],
            [-97.864864, 32.087328],
            [-98.208386, 31.917511],
            [-98.251211, 31.980127],
            [-98.327499, 31.941261],
            [-98.546064, 32.254116],
            [-98.551158, 32.261436]
          ]
        ]
      }
    },
    {
      "type": "Feature",
      "id": "48429",
      "properties": {
        "county_id": "48429",
        "county_label": "Stephens County",
        "state_name": "Texas",
        "state_fips": "48"
      },
      "geometry": {
        "type": "Polygon",
        "coordinates": [
          [
            [-99.096016, 32.63218],
            [-99.096016, 32.957037],
            [-98.575616, 32.954349],
            [-98.576256, 32.515163],
            [-99.09605, 32.514768],
            [-99.096016, 32.63218]
          ]
        ]
      }
    },
    {
      "type": "Feature",
      "id": "48135",
      "properties": {
        "county_id": "48135",
        "county_label": "Ector County",
        "state_name": "Texas",
        "state_fips": "48"
      },
      "geometry": {
        "type": "Polygon",
        "coordinates": [
          [
            [-102.799086, 32.085795],
            [-102.287048, 32.086991],
            [-102.287345, 31.651276],
            [-102.798939, 31.651783],
            [-102.798782, 32.043351],
            [-102.799086, 32.085795]
          ]
        ]
      }
    },
    {
      "type": "Feature",
      "id": "48131",
      "properties": {
        "county_id": "48131",
        "county_label": "Duval County",
        "state_name": "Texas",
        "state_fips": "48"
      },
      "geometry": {
        "type": "Polygon",
        "coordinates": [
          [
            [-98.803325, 28.05748],
            [-98.235497, 28.057966],
            [-98.232464, 27.262487],
            [-98.523284, 27.26515],
            [-98.522293, 27.343284],
            [-98.552448, 27.343764],
            [-98.552617, 27.359101],
            [-98.589537, 27.358695],
            [-98.589478, 27.338236],
            [-98.624893, 27.338067],
            [-98.625094, 27.35773],
            [-98.798323, 27.354029],
            [-98.803059, 28.011162],
            [-98.803325, 28.05748]
          ]
        ]
      }
    },
    {
      "type": "Feature",
      "id": "48183",
      "properties": {
        "county_id": "48183",
        "county_label": "Gregg County",
        "state_name": "Texas",
        "state_fips": "48"
      },
      "geometry": {
        "type": "Polygon",
        "coordinates": [
          [
            [-94.98694, 32.436461],
            [-94.986935, 32.537246],
            [-94.820308, 32.590622],
            [-94.745629, 32.667507],
            [-94.70179, 32.652209],
            [-94.701986, 32.421782],
            [-94.676589, 32.42438],
            [-94.641305, 32.398104],
            [-94.579219, 32.394916],
            [-94.600776, 32.360044],
            [-94.9864, 32.370837],
            [-94.986951, 32.43238],
            [-94.98694, 32.436461]
          ]
        ]
      }
    },
    {
      "type": "Feature",
      "id": "48357",
      "properties": {
        "county_id": "48357",
        "county_label": "Ochiltree County",
        "state_name": "Texas",
        "state_fips": "48"
      },
      "geometry": {
        "type": "Polygon",
        "coordinates": [
          [
            [-101.085628, 36.243061],
            [-101.085156, 36.499244],
            [-100.546145, 36.499343],
            [-100.546037, 36.215326],
            [-100.546724, 36.056536],
            [-101.085716, 36.057572],
            [-101.085628, 36.243061]
          ]
        ]
      }
    },
    {
      "type": "Feature",
      "id": "48089",
      "properties": {
        "county_id": "48089",
        "county_label": "Colorado County",
        "state_name": "Texas",
        "state_fips": "48"
      },
      "geometry": {
        "type": "Polygon",
        "coordinates": [
          [
            [-96.869116, 29.637928],
            [-96.569844, 29.961516],
            [-96.535705, 29.907326],
            [-96.420791, 29.829247],
            [-96.360694, 29.818868],
            [-96.343663, 29.829927],
            [-96.311922, 29.756698],
            [-96.270117, 29.71658],
            [-96.277643, 29.699723],
            [-96.25976, 29.66933],
            [-96.199451, 29.656455],
            [-96.175422, 29.633806],
            [-96.307672, 29.514523],
            [-96.348621, 29.406792],
            [-96.640315, 29.247804],
            [-96.658466, 29.263876],
            [-96.560555, 29.335439],
            [-96.793132, 29.577378],
            [-96.832812, 29.576863],
            [-96.843213, 29.61662],
            [-96.874222, 29.632706],
            [-96.869116, 29.637928]
          ]
        ]
      }
    },
    {
      "type": "Feature",
      "id": "48137",
      "properties": {
        "county_id": "48137",
        "county_label": "Edwards County",
        "state_name": "Texas",
        "state_fips": "48"
      },
      "geometry": {
        "type": "Polygon",
        "coordinates": [
          [
            [-100.700393, 30.288276],
            [-99.754142, 30.290698],
            [-99.757621, 30.074132],
            [-99.967626, 30.082356],
            [-99.973046, 30.024591],
            [-99.989672, 30.025747],
            [-100.002302, 29.896828],
            [-100.023615, 29.882777],
            [-100.034865, 29.843111],
            [-100.013291, 29.794339],
            [-100.036084, 29.778902],
            [-100.024717, 29.728333],
            [-100.063741, 29.71106],
            [-100.017357, 29.677557],
            [-100.030303, 29.663256],
            [-100.008436, 29.63706],
            [-100.014188, 29.623495],
            [-100.699932, 29.623897],
            [-100.699924, 30.261366],
            [-100.700393, 30.288276]
          ]
        ]
      }
    },
    {
      "type": "Feature",
      "id": "48285",
      "properties": {
        "county_id": "48285",
        "county_label": "Lavaca County",
        "state_name": "Texas",
        "state_fips": "48"
      },
      "geometry": {
        "type": "Polygon",
        "coordinates": [
          [
            [-97.239601, 29.385512],
            [-97.202331, 29.507527],
            [-97.204087, 29.580613],
            [-97.142643, 29.628101],
            [-96.864996, 29.632706],
            [-96.843213, 29.61662],
            [-96.832812, 29.576863],
            [-96.793132, 29.577378],
            [-96.560555, 29.335439],
            [-96.938587, 29.063244],
            [-97.240108, 29.384488],
            [-97.239601, 29.385512]
          ]
        ]
      }
    },
    {
      "type": "Feature",
      "id": "48019",
      "properties": {
        "county_id": "48019",
        "county_label": "Bandera County",
        "state_name": "Texas",
        "state_fips": "48"
      },
      "geometry": {
        "type": "Polygon",
        "coordinates": [
          [
            [-99.603318, 29.740258],
            [-99.602776, 29.907679],
            [-99.27864, 29.904176],
            [-99.174858, 29.894414],
            [-98.778782, 29.720167],
            [-98.927161, 29.56225],
            [-98.971383, 29.551842],
            [-98.985944, 29.567048],
            [-98.983787, 29.62345],
            [-99.60313, 29.627181],
            [-99.603318, 29.740258]
          ]
        ]
      }
    },
    {
      "type": "Feature",
      "id": "48299",
      "properties": {
        "county_id": "48299",
        "county_label": "Llano County",
        "state_name": "Texas",
        "state_fips": "48"
      },
      "geometry": {
        "type": "Polygon",
        "coordinates": [
          [
            [-98.964612, 30.921368],
            [-98.445782, 30.921439],
            [-98.456352, 30.876455],
            [-98.422365, 30.864188],
            [-98.421593, 30.834997],
            [-98.376877, 30.83489],
            [-98.431996, 30.790436],
            [-98.428956, 30.754272],
            [-98.371434, 30.742064],
            [-98.413962, 30.704392],
            [-98.402916, 30.677359],
            [-98.441759, 30.666352],
            [-98.400608, 30.599476],
            [-98.408172, 30.569671],
            [-98.370311, 30.574438],
            [-98.352057, 30.558472],
            [-98.351162, 30.512487],
            [-98.351041, 30.486096],
            [-98.411924, 30.502093],
            [-98.964232, 30.498482],
            [-98.964535, 30.907015],
            [-98.964612, 30.921368]
          ]
        ]
      }
    },
    {
      "type": "Feature",
      "id": "36123",
      "properties": {
        "county_id": "36123",
        "county_label": "Yates County",
        "state_name": "New York",
        "state_fips": "36"
      },
      "geometry": {
        "type": "Polygon",
        "coordinates": [
          [
            [-77.367106, 42.667866],
            [-77.313004, 42.761265],
            [-76.947429, 42.76443],
            [-76.938702, 42.721525],
            [-76.895349, 42.656255],
            [-76.900841, 42.493812],
            [-76.889805, 42.463054],
            [-76.98795, 42.46325],
            [-76.989329, 42.484821],
            [-77.107203, 42.483771],
            [-77.11439, 42.50813],
            [-77.143946, 42.494705],
            [-77.143795, 42.576869],
            [-77.366505, 42.576368],
            [-77.367071, 42.66374],
            [-77.367106, 42.667866]
          ]
        ]
      }
    },
    {
      "type": "Feature",
      "id": "36039",
      "properties": {
        "county_id": "36039",
        "county_label": "Greene County",
        "state_name": "New York",
        "state_fips": "36"
      },
      "geometry": {
        "type": "Polygon",
        "coordinates": [
          [
            [-74.511284, 42.236697],
            [-74.428196, 42.349075],
            [-74.443506, 42.355017],
            [-74.379051, 42.373873],
            [-74.346087, 42.355691],
            [-74.276645, 42.363349],
            [-74.244692, 42.377159],
            [-74.254303, 42.408207],
            [-73.783721, 42.464231],
            [-73.77367, 42.44404],
            [-73.794323, 42.376822],
            [-73.780551, 42.305688],
            [-73.789502, 42.267738],
            [-73.847813, 42.230347],
            [-73.855255, 42.191415],
            [-73.892319, 42.167534],
            [-73.910675, 42.127293],
            [-74.00245, 42.176992],
            [-74.003589, 42.163365],
            [-74.042393, 42.170386],
            [-74.074797, 42.096589],
            [-74.307571, 42.114346],
            [-74.53731, 42.201424],
            [-74.511284, 42.236697]
          ]
        ]
      }
    },
    {
      "type": "Feature",
      "id": "48253",
      "properties": {
        "county_id": "48253",
        "county_label": "Jones County",
        "state_name": "Texas",
        "state_fips": "48"
      },
      "geometry": {
        "type": "Polygon",
        "coordinates": [
          [
            [-100.146071, 32.601172],
            [-100.144224, 32.959978],
            [-99.612001, 32.956962],
            [-99.612026, 32.514654],
            [-100.146543, 32.522793],
            [-100.146071, 32.601172]
          ]
        ]
      }
    },
    {
      "type": "Feature",
      "id": "48147",
      "properties": {
        "county_id": "48147",
        "county_label": "Fannin County",
        "state_name": "Texas",
        "state_fips": "48"
      },
      "geometry": {
        "type": "Polygon",
        "coordinates": [
          [
            [-96.384737, 33.396956],
            [-96.3794039922769, 33.7258163072446],
            [-96.355946, 33.687155],
            [-96.321103, 33.6951],
            [-96.293708, 33.769409],
            [-96.229023, 33.748021],
            [-96.186554, 33.756375],
            [-96.156355, 33.813349],
            [-96.170373, 33.799382],
            [-96.178964, 33.810553],
            [-96.150765, 33.816987],
            [-96.14807, 33.837799],
            [-96.09936, 33.83047],
            [-96.100095, 33.847971],
            [-96.048834, 33.836468],
            [-96.023907, 33.857067],
            [-96.019599, 33.840566],
            [-95.995857, 33.855693],
            [-96.003406, 33.872344],
            [-95.984253, 33.852664],
            [-95.944284, 33.859811],
            [-95.925787, 33.885],
            [-95.8463781777365, 33.8400397456755],
            [-95.858723, 33.40953],
            [-96.384495, 33.341119],
            [-96.384621, 33.396456],
            [-96.384737, 33.396956]
          ]
        ]
      }
    },
    {
      "type": "Feature",
      "id": "48397",
      "properties": {
        "county_id": "48397",
        "county_label": "Rockwall County",
        "state_name": "Texas",
        "state_fips": "48"
      },
      "geometry": {
        "type": "Polygon",
        "coordinates": [
          [
            [-96.518869, 32.832728],
            [-96.517011, 32.982862],
            [-96.297227, 32.981752],
            [-96.297376, 32.814185],
            [-96.51897, 32.813616],
            [-96.518869, 32.832728]
          ]
        ]
      }
    },
    {
      "type": "Feature",
      "id": "48307",
      "properties": {
        "county_id": "48307",
        "county_label": "McCulloch County",
        "state_name": "Texas",
        "state_fips": "48"
      },
      "geometry": {
        "type": "Polygon",
        "coordinates": [
          [
            [-99.603682, 30.980737],
            [-99.60185, 31.49195],
            [-99.536723, 31.483429],
            [-99.511477, 31.424401],
            [-99.49509, 31.444997],
            [-99.470901, 31.421733],
            [-99.435428, 31.447508],
            [-99.449803, 31.45766],
            [-99.440824, 31.475009],
            [-99.358715, 31.431348],
            [-99.343865, 31.443282],
            [-99.345782, 31.421399],
            [-99.314014, 31.409778],
            [-99.238447, 31.483127],
            [-99.209172, 31.465272],
            [-99.194023, 31.473375],
            [-99.1841, 31.453733],
            [-99.159463, 31.468198],
            [-99.125081, 31.456502],
            [-99.109648, 31.466262],
            [-99.097937, 31.448186],
            [-99.090622, 31.460927],
            [-99.092317, 30.941002],
            [-99.603627, 30.940726],
            [-99.603682, 30.980737]
          ]
        ]
      }
    },
    {
      "type": "Feature",
      "id": "48227",
      "properties": {
        "county_id": "48227",
        "county_label": "Howard County",
        "state_name": "Texas",
        "state_fips": "48"
      },
      "geometry": {
        "type": "Polygon",
        "coordinates": [
          [
            [-101.693983, 32.163675],
            [-101.68874, 32.525222],
            [-101.174571, 32.524112],
            [-101.174607, 32.495252],
            [-101.183997, 32.087208],
            [-101.695011, 32.087532],
            [-101.693983, 32.163675]
          ]
        ]
      }
    },
    {
      "type": "Feature",
      "id": "06075",
      "properties": {
        "county_id": "06075",
        "county_label": "San Francisco County",
        "state_name": "California",
        "state_fips": "06"
      },
      "geometry": {
        "type": "MultiPolygon",
        "coordinates": [
          [
            [
              [-122.331615467306, 37.7870695682435],
              [-122.328024583922, 37.7813728248168],
              [-122.332037, 37.782035],
              [-122.331615467306, 37.7870695682435]
            ]
          ],
          [
            [
              [-122.377679, 37.83046],
              [-122.358779, 37.814278],
              [-122.371649, 37.809379],
              [-122.378962, 37.826897],
              [-122.377679, 37.83046]
            ]
          ],
          [
            [
              [-122.425227, 37.828586],
              [-122.423245, 37.828721],
              [-122.420248, 37.826513],
              [-122.420722, 37.82525],
              [-122.42277, 37.825256],
              [-122.425407, 37.827269],
              [-122.425227, 37.828586]
            ]
          ],
          [
            [
              [-122.514483, 37.780829],
              [-122.476785, 37.80944],
              [-122.409529, 37.8089],
              [-122.387669, 37.788809],
              [-122.374609, 37.73288],
              [-122.359279, 37.728593],
              [-122.383235, 37.720735],
              [-122.37939, 37.708663],
              [-122.502426880724, 37.7081329861058],
              [-122.514060822742, 37.7778332550994],
              [-122.514483, 37.780829]
            ]
          ],
          [
            [
              [-123.013916, 37.700355],
              [-122.998754, 37.697438],
              [-123.012777, 37.696498],
              [-123.013916, 37.700355]
            ]
          ]
        ]
      }
    },
    {
      "type": "Feature",
      "id": "48267",
      "properties": {
        "county_id": "48267",
        "county_label": "Kimble County",
        "state_name": "Texas",
        "state_fips": "48"
      },
      "geometry": {
        "type": "Polygon",
        "coordinates": [
          [
            [-100.116657, 30.429348],
            [-100.116234, 30.710366],
            [-99.483869, 30.710771],
            [-99.484493, 30.499641],
            [-99.303996, 30.499832],
            [-99.301718, 30.286653],
            [-100.116461, 30.290296],
            [-100.116701, 30.340406],
            [-100.116657, 30.429348]
          ]
        ]
      }
    },
    {
      "type": "Feature",
      "id": "48079",
      "properties": {
        "county_id": "48079",
        "county_label": "Cochran County",
        "state_name": "Texas",
        "state_fips": "48"
      },
      "geometry": {
        "type": "Polygon",
        "coordinates": [
          [
            [-103.056655, 33.388438],
            [-103.047346, 33.824675],
            [-102.615447, 33.825121],
            [-102.594836, 33.388489],
            [-103.056655304753, 33.3884164031742],
            [-103.056655, 33.388438]
          ]
        ]
      }
    },
    {
      "type": "Feature",
      "id": "48219",
      "properties": {
        "county_id": "48219",
        "county_label": "Hockley County",
        "state_name": "Texas",
        "state_fips": "48"
      },
      "geometry": {
        "type": "Polygon",
        "coordinates": [
          [
            [-102.615447, 33.825121],
            [-102.085733, 33.824675],
            [-102.075929, 33.389586],
            [-102.594836, 33.388489],
            [-102.612245, 33.757045],
            [-102.615447, 33.825121]
          ]
        ]
      }
    },
    {
      "type": "Feature",
      "id": "48495",
      "properties": {
        "county_id": "48495",
        "county_label": "Winkler County",
        "state_name": "Texas",
        "state_fips": "48"
      },
      "geometry": {
        "type": "Polygon",
        "coordinates": [
          [
            [-103.327279, 31.746954],
            [-103.326893, 32.000127],
            [-103.064423, 32.000518],
            [-103.064344, 32.087051],
            [-102.799086, 32.085795],
            [-102.797574, 31.77074],
            [-102.798939, 31.651783],
            [-103.327538, 31.65142],
            [-103.327279, 31.746954]
          ]
        ]
      }
    },
    {
      "type": "Feature",
      "id": "48259",
      "properties": {
        "county_id": "48259",
        "county_label": "Kendall County",
        "state_name": "Texas",
        "state_fips": "48"
      },
      "geometry": {
        "type": "Polygon",
        "coordinates": [
          [
            [-98.920606, 29.989123],
            [-98.920147, 30.13829],
            [-98.587897, 30.138954],
            [-98.414018, 29.937557],
            [-98.646124, 29.745181],
            [-98.744017, 29.716475],
            [-98.917725, 29.781398],
            [-98.920593, 29.986794],
            [-98.920606, 29.989123]
          ]
        ]
      }
    },
    {
      "type": "Feature",
      "id": "48031",
      "properties": {
        "county_id": "48031",
        "county_label": "Blanco County",
        "state_name": "Texas",
        "state_fips": "48"
      },
      "geometry": {
        "type": "Polygon",
        "coordinates": [
          [
            [-98.59167, 30.499875],
            [-98.411924, 30.502093],
            [-98.125556, 30.426186],
            [-98.172977, 30.356312],
            [-98.2976, 30.037994],
            [-98.414018, 29.937557],
            [-98.587897, 30.138954],
            [-98.591523, 30.491159],
            [-98.59167, 30.499875]
          ]
        ]
      }
    },
    {
      "type": "Feature",
      "id": "48421",
      "properties": {
        "county_id": "48421",
        "county_label": "Sherman County",
        "state_name": "Texas",
        "state_fips": "48"
      },
      "geometry": {
        "type": "Polygon",
        "coordinates": [
          [
            [-102.16309, 36.342469],
            [-102.162463, 36.500326],
            [-101.623915, 36.499528],
            [-101.623466, 36.055405],
            [-102.163015, 36.055249],
            [-102.163174, 36.278944],
            [-102.16309, 36.342469]
          ]
        ]
      }
    },
    {
      "type": "Feature",
      "id": "48149",
      "properties": {
        "county_id": "48149",
        "county_label": "Fayette County",
        "state_name": "Texas",
        "state_fips": "48"
      },
      "geometry": {
        "type": "Polygon",
        "coordinates": [
          [
            [-97.315823, 29.786541],
            [-97.024461, 30.051435],
            [-97.019163, 30.032],
            [-96.845857, 30.116027],
            [-96.794552, 30.160545],
            [-96.766937, 30.138745],
            [-96.687141, 30.16435],
            [-96.683394, 30.151038],
            [-96.647223, 30.145174],
            [-96.62198, 30.044283],
            [-96.569844, 29.961516],
            [-96.874222, 29.632706],
            [-97.143262, 29.628089],
            [-97.130517, 29.643296],
            [-97.317893, 29.784658],
            [-97.315823, 29.786541]
          ]
        ]
      }
    },
    {
      "type": "Feature",
      "id": "47113",
      "properties": {
        "county_id": "47113",
        "county_label": "Madison County",
        "state_name": "Tennessee",
        "state_fips": "47"
      },
      "geometry": {
        "type": "Polygon",
        "coordinates": [
          [
            [-89.078847, 35.432067],
            [-89.069544, 35.692679],
            [-89.021364, 35.670953],
            [-88.892938, 35.783842],
            [-88.916181, 35.797307],
            [-88.606862, 35.789354],
            [-88.603575, 35.626084],
            [-88.614204, 35.569161],
            [-88.675867, 35.489163],
            [-88.815798, 35.427451],
            [-89.078876, 35.431428],
            [-89.078847, 35.432067]
          ]
        ]
      }
    },
    {
      "type": "Feature",
      "id": "47177",
      "properties": {
        "county_id": "47177",
        "county_label": "Warren County",
        "state_name": "Tennessee",
        "state_fips": "47"
      },
      "geometry": {
        "type": "Polygon",
        "coordinates": [
          [
            [-85.997426, 35.711955],
            [-85.913867, 35.822506],
            [-85.875877, 35.845776],
            [-85.747257, 35.849369],
            [-85.608493, 35.804237],
            [-85.601327, 35.765509],
            [-85.615146, 35.760531],
            [-85.59183, 35.754268],
            [-85.60514, 35.708529],
            [-85.594632, 35.617898],
            [-85.557535, 35.532977],
            [-85.753574, 35.524164],
            [-85.820334, 35.504573],
            [-85.876962, 35.524095],
            [-85.948192, 35.573422],
            [-85.950184, 35.609874],
            [-85.990368, 35.650625],
            [-85.986835, 35.703961],
            [-85.997732, 35.709926],
            [-85.997426, 35.711955]
          ]
        ]
      }
    },
    {
      "type": "Feature",
      "id": "47015",
      "properties": {
        "county_id": "47015",
        "county_label": "Cannon County",
        "state_name": "Tennessee",
        "state_fips": "47"
      },
      "geometry": {
        "type": "Polygon",
        "coordinates": [
          [
            [-86.208123, 35.715601],
            [-86.183484, 35.763443],
            [-86.173099, 35.874157],
            [-86.141766, 35.914374],
            [-86.154505, 35.963097],
            [-86.095732, 35.960886],
            [-86.090502, 35.974451],
            [-85.99721, 35.952926],
            [-85.88921, 35.857543],
            [-85.885595, 35.830539],
            [-85.913867, 35.822506],
            [-85.93475, 35.781507],
            [-85.987838, 35.734879],
            [-85.994462, 35.653725],
            [-86.037896, 35.643001],
            [-86.143394, 35.661652],
            [-86.208769, 35.7124],
            [-86.208123, 35.715601]
          ]
        ]
      }
    },
    {
      "type": "Feature",
      "id": "47039",
      "properties": {
        "county_id": "47039",
        "county_label": "Decatur County",
        "state_name": "Tennessee",
        "state_fips": "47"
      },
      "geometry": {
        "type": "Polygon",
        "coordinates": [
          [
            [-88.246854, 35.447626],
            [-88.243071, 35.528551],
            [-88.216759, 35.548866],
            [-88.226459, 35.554269],
            [-88.190465, 35.609088],
            [-88.177859, 35.845841],
            [-88.084519, 35.837774],
            [-88.051772, 35.849975],
            [-88.029504, 35.839803],
            [-88.028195, 35.811021],
            [-87.970738, 35.815705],
            [-87.986272, 35.766585],
            [-88.034819, 35.715117],
            [-88.016641, 35.677589],
            [-88.035213, 35.616679],
            [-87.974353, 35.514049],
            [-87.987359, 35.484177],
            [-88.026787, 35.472051],
            [-88.043503, 35.449809],
            [-88.027488, 35.425504],
            [-87.973414, 35.409611],
            [-88.012546, 35.386944],
            [-88.065809, 35.41764],
            [-88.11675, 35.385],
            [-88.165185, 35.392278],
            [-88.196462, 35.379561],
            [-88.210134, 35.407322],
            [-88.247986, 35.42352],
            [-88.246854, 35.447626]
          ]
        ]
      }
    },
    {
      "type": "Feature",
      "id": "12035",
      "properties": {
        "county_id": "12035",
        "county_label": "Flagler County",
        "state_name": "Florida",
        "state_fips": "12"
      },
      "geometry": {
        "type": "Polygon",
        "coordinates": [
          [
            [-81.52366, 29.622432],
            [-81.324059, 29.62561],
            [-81.324345, 29.653478],
            [-81.307658, 29.64218],
            [-81.261018, 29.669076],
            [-81.24726, 29.659093],
            [-81.2128778426699, 29.6706669347027],
            [-81.1019097824214, 29.4270547299613],
            [-81.155881, 29.410954],
            [-81.150081, 29.265957],
            [-81.41729, 29.261156],
            [-81.420745, 29.399645],
            [-81.478793, 29.399052],
            [-81.487194, 29.447151],
            [-81.520467, 29.496513],
            [-81.522689, 29.579473],
            [-81.52366, 29.622432]
          ]
        ]
      }
    },
    {
      "type": "Feature",
      "id": "47047",
      "properties": {
        "county_id": "47047",
        "county_label": "Fayette County",
        "state_name": "Tennessee",
        "state_fips": "47"
      },
      "geometry": {
        "type": "Polygon",
        "coordinates": [
          [
            [-89.643916, 35.006373],
            [-89.628966, 35.382599],
            [-89.544046, 35.404748],
            [-89.183944, 35.397126],
            [-89.198288, 34.994484],
            [-89.6440499795058, 34.9952920623604],
            [-89.643916, 35.006373]
          ]
        ]
      }
    },
    {
      "type": "Feature",
      "id": "47131",
      "properties": {
        "county_id": "47131",
        "county_label": "Obion County",
        "state_name": "Tennessee",
        "state_fips": "47"
      },
      "geometry": {
        "type": "Polygon",
        "coordinates": [
          [
            [-89.485818, 36.220931],
            [-89.453148, 36.228338],
            [-89.428816, 36.259735],
            [-89.401056, 36.32368],
            [-89.404989, 36.351216],
            [-89.36012, 36.409277],
            [-89.369237, 36.434289],
            [-89.340395, 36.475967],
            [-89.346053, 36.50321],
            [-88.8273011555617, 36.5028524305169],
            [-88.814016, 36.470802],
            [-88.81642, 36.410732],
            [-88.885917, 36.392887],
            [-88.950205, 36.409248],
            [-88.961232, 36.201635],
            [-89.483604, 36.213649],
            [-89.485818, 36.220931]
          ]
        ]
      }
    },
    {
      "type": "Feature",
      "id": "47109",
      "properties": {
        "county_id": "47109",
        "county_label": "McNairy County",
        "state_name": "Tennessee",
        "state_fips": "47"
      },
      "geometry": {
        "type": "Polygon",
        "coordinates": [
          [
            [-88.786924, 35.115809],
            [-88.781768, 35.247587],
            [-88.719761, 35.24755],
            [-88.679036, 35.323426],
            [-88.653924, 35.317571],
            [-88.663831, 35.339419],
            [-88.641054, 35.360926],
            [-88.571763, 35.382084],
            [-88.565841, 35.369504],
            [-88.566735, 35.382275],
            [-88.521975, 35.385097],
            [-88.362572, 35.380994],
            [-88.380508, 34.99561],
            [-88.786612, 34.995252],
            [-88.786703, 35.105419],
            [-88.786924, 35.115809]
          ]
        ]
      }
    },
    {
      "type": "Feature",
      "id": "12081",
      "properties": {
        "county_id": "12081",
        "county_label": "Manatee County",
        "state_name": "Florida",
        "state_fips": "12"
      },
      "geometry": {
        "type": "MultiPolygon",
        "coordinates": [
          [
            [
              [-82.5766945787129, 27.6350782198384],
              [-82.5726353851295, 27.6368727092786],
              [-82.569329, 27.633161],
              [-82.569178, 27.630531],
              [-82.573608, 27.631266],
              [-82.576697, 27.635056],
              [-82.5766945787129, 27.6350782198384]
            ]
          ],
          [
            [
              [-82.745748, 27.538834],
              [-82.708044, 27.523106],
              [-82.706821, 27.498415],
              [-82.686133, 27.498128],
              [-82.674621, 27.519614],
              [-82.641346, 27.525508],
              [-82.611717, 27.585283],
              [-82.57745, 27.599556],
              [-82.5540885876195, 27.6458028420481],
              [-82.054349, 27.646382],
              [-82.056497, 27.207769],
              [-82.253596, 27.208916],
              [-82.252264, 27.386243],
              [-82.6428345450266, 27.3897369770961],
              [-82.690071, 27.434415],
              [-82.7444747192513, 27.5352216311823],
              [-82.745748, 27.538834]
            ]
          ]
        ]
      }
    },
    {
      "type": "Feature",
      "id": "47171",
      "properties": {
        "county_id": "47171",
        "county_label": "Unicoi County",
        "state_name": "Tennessee",
        "state_fips": "47"
      },
      "geometry": {
        "type": "Polygon",
        "coordinates": [
          [
            [-82.614362, 36.003506],
            [-82.5772, 36.078387],
            [-82.595065, 36.096205],
            [-82.527605, 36.148951],
            [-82.420661, 36.163207],
            [-82.346641, 36.250864],
            [-82.319588, 36.260347],
            [-82.256356, 36.233208],
            [-82.267955, 36.210109],
            [-82.228953, 36.19051],
            [-82.222052, 36.156911],
            [-82.247521, 36.130865],
            [-82.289455, 36.13571],
            [-82.389958, 36.096909],
            [-82.460658, 36.007809],
            [-82.557874, 35.953901],
            [-82.610889, 35.967409],
            [-82.615062, 36.000306],
            [-82.614362, 36.003506]
          ]
        ]
      }
    },
    {
      "type": "Feature",
      "id": "48169",
      "properties": {
        "county_id": "48169",
        "county_label": "Garza County",
        "state_name": "Texas",
        "state_fips": "48"
      },
      "geometry": {
        "type": "Polygon",
        "coordinates": [
          [
            [-101.557618, 33.053168],
            [-101.556884, 33.39476],
            [-101.038788, 33.397214],
            [-101.03866, 32.970225],
            [-101.557434, 32.961025],
            [-101.557596, 33.033882],
            [-101.557618, 33.053168]
          ]
        ]
      }
    },
    {
      "type": "Feature",
      "id": "48065",
      "properties": {
        "county_id": "48065",
        "county_label": "Carson County",
        "state_name": "Texas",
        "state_fips": "48"
      },
      "geometry": {
        "type": "Polygon",
        "coordinates": [
          [
            [-101.62306, 35.483698],
            [-101.622831, 35.624057],
            [-101.086068, 35.625267],
            [-101.086281, 35.18214],
            [-101.622941, 35.183117],
            [-101.623458, 35.38747],
            [-101.62306, 35.483698]
          ]
        ]
      }
    },
    {
      "type": "Feature",
      "id": "47023",
      "properties": {
        "county_id": "47023",
        "county_label": "Chester County",
        "state_name": "Tennessee",
        "state_fips": "47"
      },
      "geometry": {
        "type": "Polygon",
        "coordinates": [
          [
            [-88.841607, 35.427826],
            [-88.675867, 35.489163],
            [-88.634345, 35.536071],
            [-88.613611, 35.588089],
            [-88.594334, 35.592296],
            [-88.56557, 35.587088],
            [-88.529617, 35.531835],
            [-88.472346, 35.49725],
            [-88.414582, 35.482339],
            [-88.364005, 35.492801],
            [-88.351765, 35.406735],
            [-88.370629, 35.374818],
            [-88.521975, 35.385097],
            [-88.641054, 35.360926],
            [-88.663831, 35.339419],
            [-88.653924, 35.317571],
            [-88.679036, 35.323426],
            [-88.719761, 35.24755],
            [-88.781768, 35.247587],
            [-88.792777, 35.329188],
            [-88.842036, 35.384447],
            [-88.841607, 35.427826]
          ]
        ]
      }
    },
    {
      "type": "Feature",
      "id": "47027",
      "properties": {
        "county_id": "47027",
        "county_label": "Clay County",
        "state_name": "Tennessee",
        "state_fips": "47"
      },
      "geometry": {
        "type": "Polygon",
        "coordinates": [
          [
            [-85.812979, 36.508635],
            [-85.7886129951215, 36.6218452013294],
            [-85.276289, 36.626511],
            [-85.267057, 36.573238],
            [-85.299, 36.522286],
            [-85.361599, 36.519475],
            [-85.389937, 36.505639],
            [-85.383184, 36.488784],
            [-85.404075, 36.49354],
            [-85.392619, 36.504484],
            [-85.446372, 36.49797],
            [-85.481736, 36.454309],
            [-85.495422, 36.403074],
            [-85.564358, 36.475229],
            [-85.696107, 36.49597],
            [-85.704075, 36.522395],
            [-85.736389, 36.518933],
            [-85.715799, 36.497517],
            [-85.75359, 36.499051],
            [-85.767125, 36.517197],
            [-85.813885, 36.499473],
            [-85.812979, 36.508635]
          ]
        ]
      }
    },
    {
      "type": "Feature",
      "id": "36021",
      "properties": {
        "county_id": "36021",
        "county_label": "Columbia County",
        "state_name": "New York",
        "state_fips": "36"
      },
      "geometry": {
        "type": "Polygon",
        "coordinates": [
          [
            [-73.929114, 42.081658],
            [-73.892319, 42.167534],
            [-73.855255, 42.191415],
            [-73.847813, 42.230347],
            [-73.784116, 42.280465],
            [-73.794327, 42.375084],
            [-73.774451, 42.435269],
            [-73.783721, 42.464231],
            [-73.352527, 42.510002],
            [-73.508142, 42.086257],
            [-73.496879, 42.049675],
            [-73.521416, 42.049966],
            [-73.527072, 41.97798],
            [-73.71093, 42.005488],
            [-73.929626, 42.078778],
            [-73.929114, 42.081658]
          ]
        ]
      }
    },
    {
      "type": "Feature",
      "id": "48437",
      "properties": {
        "county_id": "48437",
        "county_label": "Swisher County",
        "state_name": "Texas",
        "state_fips": "48"
      },
      "geometry": {
        "type": "Polygon",
        "coordinates": [
          [
            [-101.998493, 34.74819],
            [-101.471562, 34.747462],
            [-101.471379, 34.625233],
            [-101.47158, 34.31229],
            [-101.99802, 34.313039],
            [-101.998395, 34.647024],
            [-101.998493, 34.74819]
          ]
        ]
      }
    },
    {
      "type": "Feature",
      "id": "48385",
      "properties": {
        "county_id": "48385",
        "county_label": "Real County",
        "state_name": "Texas",
        "state_fips": "48"
      },
      "geometry": {
        "type": "Polygon",
        "coordinates": [
          [
            [-100.063741, 29.71106],
            [-100.024717, 29.728333],
            [-100.036084, 29.778902],
            [-100.013291, 29.794339],
            [-100.034865, 29.843111],
            [-100.023615, 29.882777],
            [-100.002302, 29.896828],
            [-99.989672, 30.025747],
            [-99.973046, 30.024591],
            [-99.967626, 30.082356],
            [-99.689879, 30.073948],
            [-99.691215, 29.908582],
            [-99.602776, 29.907679],
            [-99.60313, 29.627181],
            [-100.014188, 29.623495],
            [-100.008436, 29.63706],
            [-100.030303, 29.663256],
            [-100.017357, 29.677557],
            [-100.060339, 29.709552],
            [-100.063741, 29.71106]
          ]
        ]
      }
    },
    {
      "type": "Feature",
      "id": "48493",
      "properties": {
        "county_id": "48493",
        "county_label": "Wilson County",
        "state_name": "Texas",
        "state_fips": "48"
      },
      "geometry": {
        "type": "Polygon",
        "coordinates": [
          [
            [-98.407336, 29.114435],
            [-98.137187, 29.440428],
            [-98.113175, 29.365667],
            [-98.084684, 29.379594],
            [-97.840383, 29.376791],
            [-97.858782, 29.35289],
            [-97.728443, 29.221748],
            [-98.190991, 28.882333],
            [-98.403, 29.109802],
            [-98.407336, 29.114435]
          ]
        ]
      }
    },
    {
      "type": "Feature",
      "id": "48013",
      "properties": {
        "county_id": "48013",
        "county_label": "Atascosa County",
        "state_name": "Texas",
        "state_fips": "48"
      },
      "geometry": {
        "type": "Polygon",
        "coordinates": [
          [
            [-98.804878, 29.107015],
            [-98.804763, 29.250693],
            [-98.407336, 29.114435],
            [-98.098315, 28.786949],
            [-98.335031, 28.612658],
            [-98.335047, 28.648275],
            [-98.800848, 28.647306],
            [-98.8049, 29.090434],
            [-98.804878, 29.107015]
          ]
        ]
      }
    },
    {
      "type": "Feature",
      "id": "48125",
      "properties": {
        "county_id": "48125",
        "county_label": "Dickens County",
        "state_name": "Texas",
        "state_fips": "48"
      },
      "geometry": {
        "type": "Polygon",
        "coordinates": [
          [
            [-101.041158, 33.833625],
            [-100.518691, 33.83565],
            [-100.517449, 33.397866],
            [-101.038788, 33.397214],
            [-101.040567, 33.732554],
            [-101.041158, 33.833625]
          ]
        ]
      }
    },
    {
      "type": "Feature",
      "id": "36099",
      "properties": {
        "county_id": "36099",
        "county_label": "Seneca County",
        "state_name": "New York",
        "state_fips": "36"
      },
      "geometry": {
        "type": "Polygon",
        "coordinates": [
          [
            [-76.981021, 42.861649],
            [-76.963365, 42.872945],
            [-76.963926, 43.013157],
            [-76.713806, 43.024035],
            [-76.739361, 42.954473],
            [-76.717185, 42.83883],
            [-76.74006, 42.789419],
            [-76.731636, 42.72074],
            [-76.687899, 42.674784],
            [-76.645317, 42.591708],
            [-76.585989, 42.54991],
            [-76.895596, 42.541537],
            [-76.897117, 42.66365],
            [-76.938702, 42.721525],
            [-76.947429, 42.76443],
            [-76.977888, 42.77324],
            [-76.981334, 42.861213],
            [-76.981021, 42.861649]
          ]
        ]
      }
    },
    {
      "type": "Feature",
      "id": "48177",
      "properties": {
        "county_id": "48177",
        "county_label": "Gonzales County",
        "state_name": "Texas",
        "state_fips": "48"
      },
      "geometry": {
        "type": "Polygon",
        "coordinates": [
          [
            [-97.840383, 29.376791],
            [-97.633176, 29.649863],
            [-97.597695, 29.630745],
            [-97.317893, 29.784658],
            [-97.130517, 29.643296],
            [-97.204087, 29.580613],
            [-97.202331, 29.507527],
            [-97.240108, 29.384488],
            [-97.613132, 29.109765],
            [-97.858782, 29.35289],
            [-97.840383, 29.376791]
          ]
        ]
      }
    },
    {
      "type": "Feature",
      "id": "48231",
      "properties": {
        "county_id": "48231",
        "county_label": "Hunt County",
        "state_name": "Texas",
        "state_fips": "48"
      },
      "geometry": {
        "type": "Polygon",
        "coordinates": [
          [
            [-96.297344, 32.867055],
            [-96.295413, 33.351936],
            [-95.858723, 33.40953],
            [-95.862521, 32.979571],
            [-95.9453, 32.979877],
            [-95.987259, 32.876415],
            [-95.934433, 32.837217],
            [-96.297322, 32.841723],
            [-96.297236, 32.857287],
            [-96.297344, 32.867055]
          ]
        ]
      }
    },
    {
      "type": "Feature",
      "id": "36079",
      "properties": {
        "county_id": "36079",
        "county_label": "Putnam County",
        "state_name": "New York",
        "state_fips": "36"
      },
      "geometry": {
        "type": "Polygon",
        "coordinates": [
          [
            [-73.981384, 41.324693],
            [-73.947355, 41.395254],
            [-73.981486, 41.438905],
            [-73.933775, 41.488279],
            [-73.580153, 41.526382],
            [-73.530067, 41.527194],
            [-73.5447070189854, 41.3665399980477],
            [-73.982532, 41.321824],
            [-73.981384, 41.324693]
          ]
        ]
      }
    },
    {
      "type": "Feature",
      "id": "48151",
      "properties": {
        "county_id": "48151",
        "county_label": "Fisher County",
        "state_name": "Texas",
        "state_fips": "48"
      },
      "geometry": {
        "type": "Polygon",
        "coordinates": [
          [
            [-100.660612, 32.533268],
            [-100.65587, 32.963469],
            [-100.144224, 32.959978],
            [-100.146543, 32.522793],
            [-100.660626, 32.525312],
            [-100.660612, 32.533268]
          ]
        ]
      }
    },
    {
      "type": "Feature",
      "id": "36093",
      "properties": {
        "county_id": "36093",
        "county_label": "Schenectady County",
        "state_name": "New York",
        "state_fips": "36"
      },
      "geometry": {
        "type": "Polygon",
        "coordinates": [
          [
            [-74.305932, 42.751493],
            [-74.252815, 42.76349],
            [-74.256829, 42.812214],
            [-74.083883, 42.897354],
            [-74.09298, 42.955868],
            [-74.006531, 42.934073],
            [-73.955458, 42.897306],
            [-73.904386, 42.911163],
            [-73.895938, 42.851076],
            [-73.809603, 42.775016],
            [-74.180274, 42.729979],
            [-74.184299, 42.712494],
            [-74.202713, 42.710826],
            [-74.272295, 42.71427],
            [-74.306665, 42.750074],
            [-74.305932, 42.751493]
          ]
        ]
      }
    },
    {
      "type": "Feature",
      "id": "48191",
      "properties": {
        "county_id": "48191",
        "county_label": "Hall County",
        "state_name": "Texas",
        "state_fips": "48"
      },
      "geometry": {
        "type": "Polygon",
        "coordinates": [
          [
            [-100.945462, 34.484497],
            [-100.944939, 34.748281],
            [-100.415895, 34.747525],
            [-100.415879, 34.528998],
            [-100.417783, 34.313524],
            [-100.946132, 34.312759],
            [-100.945462, 34.484497]
          ]
        ]
      }
    },
    {
      "type": "Feature",
      "id": "48445",
      "properties": {
        "county_id": "48445",
        "county_label": "Terry County",
        "state_name": "Texas",
        "state_fips": "48"
      },
      "geometry": {
        "type": "Polygon",
        "coordinates": [
          [
            [-102.594984, 33.007481],
            [-102.594836, 33.388489],
            [-102.075929, 33.389586],
            [-102.075382, 33.000093],
            [-102.076214, 32.959702],
            [-102.595023, 32.958831],
            [-102.594984, 33.007481]
          ]
        ]
      }
    },
    {
      "type": "Feature",
      "id": "47069",
      "properties": {
        "county_id": "47069",
        "county_label": "Hardeman County",
        "state_name": "Tennessee",
        "state_fips": "47"
      },
      "geometry": {
        "type": "Polygon",
        "coordinates": [
          [
            [-89.197672, 35.011822],
            [-89.182551, 35.432816],
            [-88.841607, 35.427826],
            [-88.842036, 35.384447],
            [-88.792777, 35.329188],
            [-88.781768, 35.247587],
            [-88.786138, 35.000088],
            [-89.198288, 34.994484],
            [-89.197672, 35.011822]
          ]
        ]
      }
    },
    {
      "type": "Feature",
      "id": "36089",
      "properties": {
        "county_id": "36089",
        "county_label": "St. Lawrence County",
        "state_name": "New York",
        "state_fips": "36"
      },
      "geometry": {
        "type": "Polygon",
        "coordinates": [
          [
            [-75.8600599283155, 44.4032818662487],
            [-75.82083, 44.432244],
            [-75.807778, 44.471644],
            [-75.76623, 44.515851],
            [-75.413792, 44.772534],
            [-75.301976, 44.826637],
            [-75.30763, 44.836813],
            [-75.139866, 44.896684],
            [-75.134416, 44.915102],
            [-75.064826, 44.929449],
            [-74.972463, 44.983402],
            [-74.907956, 44.983359],
            [-74.826578, 45.01585],
            [-74.7262280632075, 44.9948630722006],
            [-74.720307, 44.953011],
            [-74.641872, 44.952621],
            [-74.525683, 44.170636],
            [-74.544487, 44.169414],
            [-74.535156, 44.09925],
            [-75.062779, 44.0504],
            [-75.839732, 44.393852],
            [-75.8600599283155, 44.4032818662487]
          ]
        ]
      }
    },
    {
      "type": "Feature",
      "id": "36073",
      "properties": {
        "county_id": "36073",
        "county_label": "Orleans County",
        "state_name": "New York",
        "state_fips": "36"
      },
      "geometry": {
        "type": "Polygon",
        "coordinates": [
          [
            [-78.466256, 43.317433],
            [-78.4655020828508, 43.3712326509368],
            [-78.451877, 43.372679],
            [-77.9955962913432, 43.3652387952246],
            [-77.996853, 43.14906],
            [-77.99729, 43.132981],
            [-78.465505, 43.128619],
            [-78.466429, 43.302775],
            [-78.466256, 43.317433]
          ]
        ]
      }
    },
    {
      "type": "Feature",
      "id": "36003",
      "properties": {
        "county_id": "36003",
        "county_label": "Allegany County",
        "state_name": "New York",
        "state_fips": "36"
      },
      "geometry": {
        "type": "Polygon",
        "coordinates": [
          [
            [-78.309316, 42.231684],
            [-78.308839, 42.521217],
            [-77.840694, 42.517771],
            [-77.840231, 42.474576],
            [-77.722964, 42.471216],
            [-77.749931, 41.998782],
            [-78.308128, 41.999415],
            [-78.309159, 42.22458],
            [-78.309316, 42.231684]
          ]
        ]
      }
    },
    {
      "type": "Feature",
      "id": "48121",
      "properties": {
        "county_id": "48121",
        "county_label": "Denton County",
        "state_name": "Texas",
        "state_fips": "48"
      },
      "geometry": {
        "type": "Polygon",
        "coordinates": [
          [
            [-97.398265, 32.999963],
            [-97.383095, 33.43045],
            [-96.83411, 33.405498],
            [-96.844122, 32.987435],
            [-97.398459, 32.991732],
            [-97.398265, 32.999963]
          ]
        ]
      }
    },
    {
      "type": "Feature",
      "id": "48441",
      "properties": {
        "county_id": "48441",
        "county_label": "Taylor County",
        "state_name": "Texas",
        "state_fips": "48"
      },
      "geometry": {
        "type": "Polygon",
        "coordinates": [
          [
            [-100.151842, 32.090639],
            [-100.146543, 32.522793],
            [-99.629639, 32.520713],
            [-99.631413, 32.081274],
            [-100.151911, 32.082638],
            [-100.151842, 32.090639]
          ]
        ]
      }
    },
    {
      "type": "Feature",
      "id": "12111",
      "properties": {
        "county_id": "12111",
        "county_label": "St. Lucie County",
        "state_name": "Florida",
        "state_fips": "12"
      },
      "geometry": {
        "type": "Polygon",
        "coordinates": [
          [
            [-80.679821, 27.55847],
            [-80.3215593152909, 27.5573637757683],
            [-80.29658, 27.470981],
            [-80.1994351436366, 27.263023139554],
            [-80.284771, 27.263723],
            [-80.28551, 27.206025],
            [-80.677862, 27.205988],
            [-80.679715, 27.557646],
            [-80.679821, 27.55847]
          ]
        ]
      }
    },
    {
      "type": "Feature",
      "id": "12091",
      "properties": {
        "county_id": "12091",
        "county_label": "Okaloosa County",
        "state_name": "Florida",
        "state_fips": "12"
      },
      "geometry": {
        "type": "Polygon",
        "coordinates": [
          [
            [-86.799162, 30.393261],
            [-86.785692460564, 30.9969741853795],
            [-86.3886460004315, 30.9941810207682],
            [-86.3973611301775, 30.3786613877174],
            [-86.64366, 30.397043],
            [-86.7994809735241, 30.3872241102845],
            [-86.799162, 30.393261]
          ]
        ]
      }
    },
    {
      "type": "Feature",
      "id": "48003",
      "properties": {
        "county_id": "48003",
        "county_label": "Andrews County",
        "state_name": "Texas",
        "state_fips": "48"
      },
      "geometry": {
        "type": "Polygon",
        "coordinates": [
          [
            [-103.064696, 32.522193],
            [-102.211037, 32.523244],
            [-102.211249, 32.0868],
            [-102.799086, 32.085795],
            [-103.064344, 32.087051],
            [-103.064695803864, 32.5219230001425],
            [-103.064696, 32.522193]
          ]
        ]
      }
    },
    {
      "type": "Feature",
      "id": "48211",
      "properties": {
        "county_id": "48211",
        "county_label": "Hemphill County",
        "state_name": "Texas",
        "state_fips": "48"
      },
      "geometry": {
        "type": "Polygon",
        "coordinates": [
          [
            [-100.541237, 35.758661],
            [-100.540221, 36.056491],
            [-100.000399, 36.055677],
            [-100.000392, 35.619115],
            [-100.540158, 35.619296],
            [-100.54128, 35.750043],
            [-100.541237, 35.758661]
          ]
        ]
      }
    },
    {
      "type": "Feature",
      "id": "36061",
      "properties": {
        "county_id": "36061",
        "county_label": "New York County",
        "state_name": "New York",
        "state_fips": "36"
      },
      "geometry": {
        "type": "MultiPolygon",
        "coordinates": [
          [
            [
              [-74.0054175790186, 40.6901568421252],
              [-74.0048835194936, 40.6909361394837],
              [-74.0044031676455, 40.6916370668312],
              [-74.0034518194388, 40.6930252700364],
              [-74.0024020737427, 40.6945570544344],
              [-74.0017706378558, 40.6954784429606],
              [-74.0010211025658, 40.696572161627],
              [-74.0007893442333, 40.6969103423875],
              [-74.0002894402924, 40.6976398000646],
              [-73.999232809395, 40.6991816313187],
              [-73.9986442072213, 40.700040517075],
              [-73.998459260799, 40.7003103900978],
              [-73.9975, 40.699653],
              [-73.998032, 40.698762],
              [-73.998847, 40.697141],
              [-73.99942, 40.696361],
              [-73.999461, 40.69628],
              [-73.999604, 40.696069],
              [-74.000277, 40.694959],
              [-74.000701, 40.694388],
              [-74.000959, 40.694069],
              [-74.001744, 40.692407],
              [-74.001969, 40.691843],
              [-74.000699, 40.690612],
              [-74.001963, 40.690136],
              [-74.002993, 40.690427],
              [-74.003409, 40.689613],
              [-74.004593, 40.688215],
              [-74.0064144965104, 40.6887021444156],
              [-74.0054175790186, 40.6901568421252]
            ]
          ],
          [
            [
              [-74.0230657739048, 40.7204139707265],
              [-74.014029, 40.757551],
              [-73.9337868955222, 40.882206616177],
              [-73.907198, 40.876389],
              [-73.933459, 40.833184],
              [-73.932477, 40.808864],
              [-73.910296, 40.790657],
              [-73.959725, 40.745261],
              [-73.969613, 40.707634],
              [-74.012691, 40.700506],
              [-74.023193, 40.719891],
              [-74.0230657739048, 40.7204139707265]
            ]
          ],
          [
            [
              [-74.026288, 40.686317],
              [-74.012132, 40.690679],
              [-74.026302, 40.684844],
              [-74.026288, 40.686317]
            ]
          ],
          [
            [
              [-74.039944, 40.70082],
              [-74.037615, 40.69921],
              [-74.038997, 40.697619],
              [-74.042196, 40.699966],
              [-74.039944, 40.70082]
            ]
          ],
          [
            [
              [-74.047083, 40.691062],
              [-74.04583, 40.691291],
              [-74.043577, 40.690305],
              [-74.043247, 40.689338],
              [-74.044451, 40.688445],
              [-74.045733, 40.688605],
              [-74.04741, 40.690232],
              [-74.047083, 40.691062]
            ]
          ]
        ]
      }
    },
    {
      "type": "Feature",
      "id": "48171",
      "properties": {
        "county_id": "48171",
        "county_label": "Gillespie County",
        "state_name": "Texas",
        "state_fips": "48"
      },
      "geometry": {
        "type": "Polygon",
        "coordinates": [
          [
            [-99.303996, 30.499832],
            [-98.59167, 30.499875],
            [-98.588, 30.246296],
            [-98.587897, 30.138954],
            [-99.300988, 30.134298],
            [-99.303764, 30.472182],
            [-99.303996, 30.499832]
          ]
        ]
      }
    },
    {
      "type": "Feature",
      "id": "47137",
      "properties": {
        "county_id": "47137",
        "county_label": "Pickett County",
        "state_name": "Tennessee",
        "state_fips": "47"
      },
      "geometry": {
        "type": "Polygon",
        "coordinates": [
          [
            [-85.285371, 36.534722],
            [-85.267057, 36.573238],
            [-85.276289, 36.626511],
            [-85.195372, 36.625498],
            [-84.7853995566039, 36.6033748414415],
            [-84.731839, 36.524674],
            [-84.784041, 36.524973],
            [-84.899845, 36.57827],
            [-85.010715, 36.574078],
            [-85.043924, 36.558791],
            [-85.051148, 36.526044],
            [-85.088459, 36.500065],
            [-85.102839, 36.409939],
            [-85.128846, 36.405614],
            [-85.150309, 36.460068],
            [-85.185359, 36.490359],
            [-85.269219, 36.540265],
            [-85.284878, 36.531293],
            [-85.285371, 36.534722]
          ]
        ]
      }
    },
    {
      "type": "Feature",
      "id": "06031",
      "properties": {
        "county_id": "06031",
        "county_label": "Kings County",
        "state_name": "California",
        "state_fips": "06"
      },
      "geometry": {
        "type": "Polygon",
        "coordinates": [
          [
            [-120.315068, 35.907186],
            [-119.958916, 36.181414],
            [-119.959227, 36.400975],
            [-119.753114, 36.401894],
            [-119.74705, 36.416435],
            [-119.671493, 36.431074],
            [-119.66692, 36.418728],
            [-119.573194, 36.488835],
            [-119.527194, 36.488886],
            [-119.528792, 36.401465],
            [-119.474892, 36.400953],
            [-119.474607, 36.269025],
            [-119.529358, 36.26985],
            [-119.53812, 35.789898],
            [-120.213979, 35.789276],
            [-120.219906, 35.818915],
            [-120.259182, 35.845287],
            [-120.243275, 35.877669],
            [-120.27576, 35.905881],
            [-120.312574, 35.907894],
            [-120.315068, 35.907186]
          ]
        ]
      }
    },
    {
      "type": "Feature",
      "id": "47169",
      "properties": {
        "county_id": "47169",
        "county_label": "Trousdale County",
        "state_name": "Tennessee",
        "state_fips": "47"
      },
      "geometry": {
        "type": "Polygon",
        "coordinates": [
          [
            [-86.28526, 36.35359],
            [-86.272496, 36.359036],
            [-86.268788, 36.452897],
            [-86.23722, 36.45192],
            [-86.234198, 36.489159],
            [-86.190066, 36.482725],
            [-86.168261, 36.444293],
            [-85.971063, 36.419439],
            [-85.982708, 36.395903],
            [-86.076034, 36.359093],
            [-86.126152, 36.294086],
            [-86.228669, 36.349217],
            [-86.263446, 36.299448],
            [-86.267291, 36.341395],
            [-86.285215, 36.350842],
            [-86.28526, 36.35359]
          ]
        ]
      }
    },
    {
      "type": "Feature",
      "id": "47083",
      "properties": {
        "county_id": "47083",
        "county_label": "Houston County",
        "state_name": "Tennessee",
        "state_fips": "47"
      },
      "geometry": {
        "type": "Polygon",
        "coordinates": [
          [
            [-87.98074, 36.353307],
            [-87.821816, 36.328724],
            [-87.715494, 36.36824],
            [-87.592358, 36.367663],
            [-87.586957, 36.34178],
            [-87.513533, 36.334713],
            [-87.523627, 36.24889],
            [-87.566798, 36.177857],
            [-87.586335, 36.197714],
            [-87.662191, 36.201227],
            [-87.758, 36.241522],
            [-87.949603, 36.24316],
            [-87.947649, 36.285305],
            [-87.978795, 36.350586],
            [-87.98074, 36.353307]
          ]
        ]
      }
    },
    {
      "type": "Feature",
      "id": "12059",
      "properties": {
        "county_id": "12059",
        "county_label": "Holmes County",
        "state_name": "Florida",
        "state_fips": "12"
      },
      "geometry": {
        "type": "Polygon",
        "coordinates": [
          [
            [-86.037642, 30.778267],
            [-86.035039, 30.99332],
            [-85.4979920209678, 30.9969323496585],
            [-85.528057, 30.975221],
            [-85.530294, 30.939315],
            [-85.582995, 30.884473],
            [-85.619011, 30.743868],
            [-85.736051, 30.74637],
            [-85.735115, 30.775292],
            [-85.751979, 30.775706],
            [-85.751928, 30.78961],
            [-85.821616, 30.790775],
            [-85.833018, 30.75],
            [-85.822531, 30.73528],
            [-85.844421, 30.70313],
            [-86.037591, 30.704572],
            [-86.037527, 30.722085],
            [-86.037642, 30.778267]
          ]
        ]
      }
    },
    {
      "type": "Feature",
      "id": "48117",
      "properties": {
        "county_id": "48117",
        "county_label": "Deaf Smith County",
        "state_name": "Texas",
        "state_fips": "48"
      },
      "geometry": {
        "type": "Polygon",
        "coordinates": [
          [
            [-103.043261, 35.125058],
            [-103.042377, 35.183149],
            [-102.167471, 35.183233],
            [-102.168838, 34.746612],
            [-103.042769, 34.747361],
            [-103.042642, 35.109913],
            [-103.043261, 35.125058]
          ]
        ]
      }
    },
    {
      "type": "Feature",
      "id": "48295",
      "properties": {
        "county_id": "48295",
        "county_label": "Lipscomb County",
        "state_name": "Texas",
        "state_fips": "48"
      },
      "geometry": {
        "type": "Polygon",
        "coordinates": [
          [
            [-100.546265, 36.118284],
            [-100.546145, 36.499343],
            [-100.000406, 36.499702],
            [-100.000399, 36.055677],
            [-100.546724, 36.056536],
            [-100.546265, 36.118284]
          ]
        ]
      }
    },
    {
      "type": "Feature",
      "id": "48279",
      "properties": {
        "county_id": "48279",
        "county_label": "Lamb County",
        "state_name": "Texas",
        "state_fips": "48"
      },
      "geometry": {
        "type": "Polygon",
        "coordinates": [
          [
            [-102.615595, 33.926692],
            [-102.61515, 34.312891],
            [-102.090415, 34.313132],
            [-102.085733, 33.824675],
            [-102.615447, 33.825121],
            [-102.615594, 33.911472],
            [-102.615595, 33.926692]
          ]
        ]
      }
    },
    {
      "type": "Feature",
      "id": "36057",
      "properties": {
        "county_id": "36057",
        "county_label": "Montgomery County",
        "state_name": "New York",
        "state_fips": "36"
      },
      "geometry": {
        "type": "Polygon",
        "coordinates": [
          [
            [-74.758626, 42.887775],
            [-74.740093, 42.998315],
            [-74.759895, 43.047423],
            [-74.542367, 42.98553],
            [-74.097467, 42.982934],
            [-74.083883, 42.897354],
            [-74.289446, 42.783805],
            [-74.454911, 42.772979],
            [-74.763303, 42.863237],
            [-74.758626, 42.887775]
          ]
        ]
      }
    },
    {
      "type": "Feature",
      "id": "48309",
      "properties": {
        "county_id": "48309",
        "county_label": "McLennan County",
        "state_name": "Texas",
        "state_fips": "48"
      },
      "geometry": {
        "type": "Polygon",
        "coordinates": [
          [
            [-97.60523, 31.587762],
            [-97.037266, 31.863079],
            [-96.801123, 31.522269],
            [-97.343426, 31.244215],
            [-97.418606, 31.320202],
            [-97.593787, 31.572378],
            [-97.60523, 31.587762]
          ]
        ]
      }
    },
    {
      "type": "Feature",
      "id": "47061",
      "properties": {
        "county_id": "47061",
        "county_label": "Grundy County",
        "state_name": "Tennessee",
        "state_fips": "47"
      },
      "geometry": {
        "type": "Polygon",
        "coordinates": [
          [
            [-85.913593, 35.289189],
            [-85.904877, 35.330434],
            [-85.869478, 35.380435],
            [-85.886982, 35.38154],
            [-85.889216, 35.443954],
            [-85.874019, 35.528956],
            [-85.820334, 35.504573],
            [-85.753574, 35.524164],
            [-85.607326, 35.531651],
            [-85.536658, 35.487095],
            [-85.535814, 35.431494],
            [-85.512284, 35.422958],
            [-85.512878, 35.407612],
            [-85.485635, 35.406433],
            [-85.506528, 35.357477],
            [-85.558551, 35.319292],
            [-85.707736, 35.290729],
            [-85.693581, 35.239257],
            [-85.740113, 35.215295],
            [-85.822427, 35.242226],
            [-85.873025, 35.223362],
            [-85.913574, 35.288645],
            [-85.913593, 35.289189]
          ]
        ]
      }
    },
    {
      "type": "Feature",
      "id": "48297",
      "properties": {
        "county_id": "48297",
        "county_label": "Live Oak County",
        "state_name": "Texas",
        "state_fips": "48"
      },
      "geometry": {
        "type": "Polygon",
        "coordinates": [
          [
            [-98.335031, 28.612658],
            [-98.098315, 28.786949],
            [-98.005252, 28.690239],
            [-98.089764, 28.662979],
            [-97.808774, 28.183415],
            [-97.904081, 28.114228],
            [-97.901222, 28.067837],
            [-97.883148, 28.0569],
            [-98.334323, 28.0578],
            [-98.334857, 28.594666],
            [-98.335031, 28.612658]
          ]
        ]
      }
    },
    {
      "type": "Feature",
      "id": "48251",
      "properties": {
        "county_id": "48251",
        "county_label": "Johnson County",
        "state_name": "Texas",
        "state_fips": "48"
      },
      "geometry": {
        "type": "Polygon",
        "coordinates": [
          [
            [-97.617103, 32.470678],
            [-97.617066, 32.555484],
            [-97.087054, 32.549263],
            [-97.086117, 32.265471],
            [-97.475985, 32.181679],
            [-97.511986, 32.161177],
            [-97.512854, 32.133966],
            [-97.568013, 32.150153],
            [-97.568475, 32.17647],
            [-97.601558, 32.17562],
            [-97.590446, 32.195732],
            [-97.615055, 32.203581],
            [-97.616607, 32.443246],
            [-97.617103, 32.470678]
          ]
        ]
      }
    },
    {
      "type": "Feature",
      "id": "48451",
      "properties": {
        "county_id": "48451",
        "county_label": "Tom Green County",
        "state_name": "Texas",
        "state_fips": "48"
      },
      "geometry": {
        "type": "Polygon",
        "coordinates": [
          [
            [-101.267839, 31.538177],
            [-101.26763, 31.556462],
            [-100.865256, 31.562294],
            [-100.861099, 31.705418],
            [-100.235761, 31.69297],
            [-100.233783, 31.582196],
            [-100.111234, 31.580267],
            [-100.115216, 31.087994],
            [-100.688764, 31.086576],
            [-100.693299, 31.523956],
            [-101.267947, 31.528688],
            [-101.267839, 31.538177]
          ]
        ]
      }
    },
    {
      "type": "Feature",
      "id": "48363",
      "properties": {
        "county_id": "48363",
        "county_label": "Palo Pinto County",
        "state_name": "Texas",
        "state_fips": "48"
      },
      "geometry": {
        "type": "Polygon",
        "coordinates": [
          [
            [-98.576131, 32.572477],
            [-98.575616, 32.954349],
            [-98.427211, 32.9523],
            [-98.426553, 33.007913],
            [-98.056094, 33.003332],
            [-98.068545, 32.511626],
            [-98.576256, 32.515163],
            [-98.576131, 32.572477]
          ]
        ]
      }
    },
    {
      "type": "Feature",
      "id": "48329",
      "properties": {
        "county_id": "48329",
        "county_label": "Midland County",
        "state_name": "Texas",
        "state_fips": "48"
      },
      "geometry": {
        "type": "Polygon",
        "coordinates": [
          [
            [-102.287433, 31.873681],
            [-102.287048, 32.086991],
            [-101.776085, 32.086925],
            [-101.775802, 31.651319],
            [-102.287345, 31.651276],
            [-102.287446, 31.715456],
            [-102.287433, 31.873681]
          ]
        ]
      }
    },
    {
      "type": "Feature",
      "id": "48045",
      "properties": {
        "county_id": "48045",
        "county_label": "Briscoe County",
        "state_name": "Texas",
        "state_fips": "48"
      },
      "geometry": {
        "type": "Polygon",
        "coordinates": [
          [
            [-101.47205, 34.439125],
            [-101.471562, 34.747462],
            [-100.944939, 34.748281],
            [-100.946132, 34.312759],
            [-101.47158, 34.31229],
            [-101.472052, 34.434084],
            [-101.47205, 34.439125]
          ]
        ]
      }
    },
    {
      "type": "Feature",
      "id": "06029",
      "properties": {
        "county_id": "06029",
        "county_label": "Kern County",
        "state_name": "California",
        "state_fips": "06"
      },
      "geometry": {
        "type": "Polygon",
        "coordinates": [
          [
            [-120.194369, 35.789363],
            [-117.938389, 35.786579],
            [-117.924406, 35.798359],
            [-117.634291, 35.797658],
            [-117.634315, 35.70983],
            [-117.652136, 35.709858],
            [-117.652184, 35.680771],
            [-117.616518, 35.680687],
            [-117.616518, 35.651611],
            [-117.634346, 35.651571],
            [-117.632151, 34.822271],
            [-118.854009, 34.817684],
            [-118.854271, 34.803014],
            [-118.894634, 34.817972],
            [-118.880405, 34.788655],
            [-118.978022, 34.789809],
            [-118.977926, 34.811714],
            [-119.242534, 34.814323],
            [-119.242581, 34.857598],
            [-119.277245, 34.857284],
            [-119.276435, 34.872481],
            [-119.381854, 34.87399],
            [-119.383705, 34.900817],
            [-119.472494, 34.901378],
            [-119.472552, 35.076669],
            [-119.490539, 35.076679],
            [-119.49038, 35.091646],
            [-119.561752, 35.087831],
            [-119.553819, 35.180123],
            [-119.667304, 35.174982],
            [-119.666585, 35.262635],
            [-119.809407, 35.263693],
            [-119.80921, 35.35094],
            [-119.880356, 35.351124],
            [-119.880045, 35.439133],
            [-119.99315, 35.43947],
            [-119.997449, 35.468708],
            [-120.086766, 35.526432],
            [-120.08618, 35.614397],
            [-120.193988, 35.614389],
            [-120.193842, 35.726492],
            [-120.194369, 35.789363]
          ]
        ]
      }
    },
    {
      "type": "Feature",
      "id": "48271",
      "properties": {
        "county_id": "48271",
        "county_label": "Kinney County",
        "state_name": "Texas",
        "state_fips": "48"
      },
      "geometry": {
        "type": "Polygon",
        "coordinates": [
          [
            [-100.797046, 29.235586],
            [-100.757822, 29.238325],
            [-100.738304, 29.282111],
            [-100.746554, 29.3257],
            [-100.712195, 29.337884],
            [-100.699932, 29.623897],
            [-100.112098, 29.623263],
            [-100.111406, 29.086318],
            [-100.667522988428, 29.0842931847587],
            [-100.772649, 29.168492],
            [-100.767059, 29.195287],
            [-100.796751, 29.230963],
            [-100.797046, 29.235586]
          ]
        ]
      }
    },
    {
      "type": "Feature",
      "id": "48293",
      "properties": {
        "county_id": "48293",
        "county_label": "Limestone County",
        "state_name": "Texas",
        "state_fips": "48"
      },
      "geometry": {
        "type": "Polygon",
        "coordinates": [
          [
            [-96.932215, 31.708887],
            [-96.719114, 31.814887],
            [-96.496713, 31.796191],
            [-96.236629, 31.413392],
            [-96.322853, 31.374067],
            [-96.319165, 31.357129],
            [-96.596862, 31.2209],
            [-96.91915, 31.690433],
            [-96.932215, 31.708887]
          ]
        ]
      }
    },
    {
      "type": "Feature",
      "id": "48123",
      "properties": {
        "county_id": "48123",
        "county_label": "DeWitt County",
        "state_name": "Texas",
        "state_fips": "48"
      },
      "geometry": {
        "type": "Polygon",
        "coordinates": [
          [
            [-97.751977, 29.009365],
            [-97.240108, 29.384488],
            [-96.976378, 29.104046],
            [-97.305916, 28.864037],
            [-97.339985, 28.895647],
            [-97.41734, 28.925228],
            [-97.574639, 28.8133],
            [-97.75511, 29.007113],
            [-97.751977, 29.009365]
          ]
        ]
      }
    },
    {
      "type": "Feature",
      "id": "48077",
      "properties": {
        "county_id": "48077",
        "county_label": "Clay County",
        "state_name": "Texas",
        "state_fips": "48"
      },
      "geometry": {
        "type": "Polygon",
        "coordinates": [
          [
            [-98.423577, 33.836047],
            [-98.423533, 34.082843],
            [-98.365621, 34.156993],
            [-98.16912, 34.114171],
            [-98.109462, 34.154111],
            [-98.089755, 34.128211],
            [-98.120208, 34.072127],
            [-98.083839, 34.041719],
            [-98.106261, 34.034154],
            [-98.088203, 34.005481],
            [-98.027672, 33.993357],
            [-97.974173, 34.006716],
            [-97.94573, 33.989839],
            [-97.974173, 33.942832],
            [-97.953395, 33.936445],
            [-97.957155, 33.914454],
            [-97.98454, 33.900703],
            [-97.978919, 33.467129],
            [-98.421419, 33.466797],
            [-98.423581, 33.750101],
            [-98.423577, 33.836047]
          ]
        ]
      }
    },
    {
      "type": "Feature",
      "id": "47125",
      "properties": {
        "county_id": "47125",
        "county_label": "Montgomery County",
        "state_name": "Tennessee",
        "state_fips": "47"
      },
      "geometry": {
        "type": "Polygon",
        "coordinates": [
          [
            [-87.64115, 36.638036],
            [-87.114976, 36.642414],
            [-87.131292, 36.621995],
            [-87.12099, 36.613544],
            [-87.132522, 36.56372],
            [-87.150233, 36.567702],
            [-87.117722, 36.549641],
            [-87.120443, 36.45546],
            [-87.150247, 36.444962],
            [-87.150129, 36.417148],
            [-87.171307, 36.427616],
            [-87.1794, 36.406611],
            [-87.20517, 36.412422],
            [-87.263398, 36.354314],
            [-87.280534, 36.354484],
            [-87.286373, 36.320081],
            [-87.303129, 36.312442],
            [-87.586957, 36.34178],
            [-87.626107, 36.543051],
            [-87.64115, 36.638036]
          ]
        ]
      }
    },
    {
      "type": "Feature",
      "id": "47071",
      "properties": {
        "county_id": "47071",
        "county_label": "Hardin County",
        "state_name": "Tennessee",
        "state_fips": "47"
      },
      "geometry": {
        "type": "Polygon",
        "coordinates": [
          [
            [-88.38013, 35.000086],
            [-88.360829, 35.418972],
            [-88.241677, 35.423263],
            [-88.210134, 35.407322],
            [-88.196462, 35.379561],
            [-88.165185, 35.392278],
            [-88.11675, 35.385],
            [-88.065809, 35.41764],
            [-88.024741, 35.392307],
            [-88.004872, 35.350912],
            [-88.017443, 35.299988],
            [-87.981585, 35.295678],
            [-87.9849162019114, 35.005880673227],
            [-88.380508, 34.99561],
            [-88.38013, 35.000086]
          ]
        ]
      }
    },
    {
      "type": "Feature",
      "id": "48415",
      "properties": {
        "county_id": "48415",
        "county_label": "Scurry County",
        "state_name": "Texas",
        "state_fips": "48"
      },
      "geometry": {
        "type": "Polygon",
        "coordinates": [
          [
            [-101.174419, 32.627951],
            [-101.173378, 32.963597],
            [-100.65587, 32.963469],
            [-100.660626, 32.525312],
            [-101.174562, 32.527703],
            [-101.174726, 32.621002],
            [-101.174419, 32.627951]
          ]
        ]
      }
    },
    {
      "type": "Feature",
      "id": "48047",
      "properties": {
        "county_id": "48047",
        "county_label": "Brooks County",
        "state_name": "Texas",
        "state_fips": "48"
      },
      "geometry": {
        "type": "Polygon",
        "coordinates": [
          [
            [-98.536646, 27.265196],
            [-97.986076, 27.260494],
            [-97.985494, 26.780917],
            [-98.422616, 26.783535],
            [-98.417883, 27.055285],
            [-98.466542, 27.054711],
            [-98.467284, 27.142006],
            [-98.49291, 27.142062],
            [-98.492943, 27.235012],
            [-98.53411, 27.261885],
            [-98.536646, 27.265196]
          ]
        ]
      }
    },
    {
      "type": "Feature",
      "id": "48087",
      "properties": {
        "county_id": "48087",
        "county_label": "Collingsworth County",
        "state_name": "Texas",
        "state_fips": "48"
      },
      "geometry": {
        "type": "Polygon",
        "coordinates": [
          [
            [-100.540997, 34.750052],
            [-100.538978, 35.183144],
            [-100.000385, 35.182702],
            [-100.000381, 34.746358],
            [-100.540703, 34.747723],
            [-100.540997, 34.750052]
          ]
        ]
      }
    },
    {
      "type": "Feature",
      "id": "48383",
      "properties": {
        "county_id": "48383",
        "county_label": "Reagan County",
        "state_name": "Texas",
        "state_fips": "48"
      },
      "geometry": {
        "type": "Polygon",
        "coordinates": [
          [
            [-101.775808, 31.122899],
            [-101.775802, 31.651319],
            [-101.267122, 31.650854],
            [-101.26763, 31.556462],
            [-101.274799, 31.079379],
            [-101.776191, 31.079784],
            [-101.775808, 31.122899]
          ]
        ]
      }
    },
    {
      "type": "Feature",
      "id": "12011",
      "properties": {
        "county_id": "12011",
        "county_label": "Broward County",
        "state_name": "Florida",
        "state_fips": "12"
      },
      "geometry": {
        "type": "Polygon",
        "coordinates": [
          [
            [-80.881285, 26.333806],
            [-80.296986, 26.334356],
            [-80.296881, 26.355431],
            [-80.204083, 26.327822],
            [-80.0748372451019, 26.3210316022663],
            [-80.1178961449456, 25.9752479199449],
            [-80.295104, 25.970572],
            [-80.294972, 25.95677],
            [-80.680016, 25.956857],
            [-80.680038, 25.978749],
            [-80.872932, 25.979434],
            [-80.881232, 26.331461],
            [-80.881285, 26.333806]
          ]
        ]
      }
    },
    {
      "type": "Feature",
      "id": "48413",
      "properties": {
        "county_id": "48413",
        "county_label": "Schleicher County",
        "state_name": "Texas",
        "state_fips": "48"
      },
      "geometry": {
        "type": "Polygon",
        "coordinates": [
          [
            [-100.962176, 31.08249],
            [-100.115216, 31.087994],
            [-100.116234, 30.710366],
            [-100.960587, 30.706071],
            [-100.961911, 30.910537],
            [-100.962176, 31.08249]
          ]
        ]
      }
    },
    {
      "type": "Feature",
      "id": "47017",
      "properties": {
        "county_id": "47017",
        "county_label": "Carroll County",
        "state_name": "Tennessee",
        "state_fips": "47"
      },
      "geometry": {
        "type": "Polygon",
        "coordinates": [
          [
            [-88.706002, 35.796042],
            [-88.692709, 36.062746],
            [-88.653843, 36.064294],
            [-88.655488, 36.117338],
            [-88.532233, 36.115416],
            [-88.530322, 36.152023],
            [-88.211698, 36.145974],
            [-88.225048, 35.877192],
            [-88.217436, 35.846582],
            [-88.177859, 35.845841],
            [-88.179177, 35.816785],
            [-88.569047, 35.824829],
            [-88.599836, 35.789165],
            [-88.706811, 35.791075],
            [-88.706002, 35.796042]
          ]
        ]
      }
    },
    {
      "type": "Feature",
      "id": "48243",
      "properties": {
        "county_id": "48243",
        "county_label": "Jeff Davis County",
        "state_name": "Texas",
        "state_fips": "48"
      },
      "geometry": {
        "type": "Polygon",
        "coordinates": [
          [
            [-104.97961, 30.629363],
            [-104.102351, 31.105203],
            [-103.439976, 30.665939],
            [-103.80068, 30.412527],
            [-103.90101, 30.41219],
            [-104.97995674349, 30.6292311244086],
            [-104.97961, 30.629363]
          ]
        ]
      }
    },
    {
      "type": "Feature",
      "id": "36059",
      "properties": {
        "county_id": "36059",
        "county_label": "Nassau County",
        "state_name": "New York",
        "state_fips": "36"
      },
      "geometry": {
        "type": "Polygon",
        "coordinates": [
          [
            [-73.768761, 40.624352],
            [-73.724984, 40.652678],
            [-73.730326, 40.722157],
            [-73.700384, 40.73919],
            [-73.750295, 40.782478],
            [-73.76554, 40.810866],
            [-73.757221, 40.833888],
            [-73.721851, 40.82187],
            [-73.713404, 40.803467],
            [-73.700448, 40.834734],
            [-73.728462, 40.832989],
            [-73.737566, 40.848409],
            [-73.714053, 40.869989],
            [-73.648602, 40.828821],
            [-73.654372, 40.878199],
            [-73.639807, 40.89662],
            [-73.569969, 40.915398],
            [-73.50742, 40.908656],
            [-73.526434, 40.885839],
            [-73.523582, 40.909554],
            [-73.547825, 40.903626],
            [-73.541883, 40.876854],
            [-73.506231, 40.872361],
            [-73.508846, 40.893745],
            [-73.494822, 40.894823],
            [-73.46253, 40.867295],
            [-73.423509, 40.671413],
            [-73.4240200623355, 40.6095801139079],
            [-73.571791, 40.578257],
            [-73.754332, 40.584542],
            [-73.738358, 40.60266],
            [-73.768553, 40.623155],
            [-73.768761, 40.624352]
          ]
        ]
      }
    },
    {
      "type": "Feature",
      "id": "12089",
      "properties": {
        "county_id": "12089",
        "county_label": "Nassau County",
        "state_name": "Florida",
        "state_fips": "12"
      },
      "geometry": {
        "type": "Polygon",
        "coordinates": [
          [
            [-82.050432, 30.676266],
            [-82.038665, 30.751087],
            [-82.011375, 30.7626],
            [-82.021972, 30.788233],
            [-81.977722, 30.776636],
            [-81.963928, 30.8181],
            [-81.938788, 30.828836],
            [-81.910916, 30.816125],
            [-81.901443, 30.829922],
            [-81.868263, 30.79285],
            [-81.794417, 30.787004],
            [-81.78215, 30.761341],
            [-81.769637, 30.777116],
            [-81.719927, 30.744634],
            [-81.672824, 30.738935],
            [-81.683096, 30.748492],
            [-81.663345, 30.754402],
            [-81.653133, 30.729799],
            [-81.624366, 30.73634],
            [-81.610656, 30.716217],
            [-81.600877, 30.729444],
            [-81.538391, 30.708656],
            [-81.531156, 30.724219],
            [-81.487332, 30.726081],
            [-81.425846, 30.700452],
            [-81.437594, 30.518685],
            [-81.479939, 30.533454],
            [-81.514014, 30.567337],
            [-81.543018, 30.523889],
            [-81.550926, 30.543027],
            [-81.58541, 30.544206],
            [-81.584406, 30.565988],
            [-81.610212, 30.55438],
            [-81.605968, 30.585512],
            [-81.649898, 30.576624],
            [-81.663733, 30.550842],
            [-81.674128, 30.566243],
            [-81.721883, 30.571934],
            [-81.738424, 30.534572],
            [-81.763748, 30.534916],
            [-81.781624, 30.503336],
            [-81.794918, 30.505406],
            [-82.049236, 30.273432],
            [-82.0499660029255, 30.3623823672342],
            [-82.005477, 30.563495],
            [-82.048473, 30.668947],
            [-82.050432, 30.676266]
          ]
        ]
      }
    },
    {
      "type": "Feature",
      "id": "48377",
      "properties": {
        "county_id": "48377",
        "county_label": "Presidio County",
        "state_name": "Texas",
        "state_fips": "48"
      },
      "geometry": {
        "type": "Polygon",
        "coordinates": [
          [
            [-104.980144, 30.625142],
            [-103.90101, 30.41219],
            [-103.80068, 30.412527],
            [-103.792677472426, 29.2624694450609],
            [-104.038282, 29.320156],
            [-104.106467, 29.373127],
            [-104.167443, 29.394744],
            [-104.218126, 29.457732],
            [-104.212997, 29.48413],
            [-104.2311, 29.479066],
            [-104.261744, 29.513463],
            [-104.315476, 29.532754],
            [-104.338113, 29.519967],
            [-104.475991, 29.627979],
            [-104.51293, 29.637247],
            [-104.54419, 29.680997],
            [-104.530679, 29.691394],
            [-104.560491, 29.735351],
            [-104.549796, 29.740641],
            [-104.570053, 29.752858],
            [-104.565688, 29.770462],
            [-104.683245, 29.929451],
            [-104.673643, 29.956774],
            [-104.685256, 29.956991],
            [-104.680152, 29.977003],
            [-104.691944, 29.973865],
            [-104.689641, 30.01495],
            [-104.706874, 30.050685],
            [-104.685003, 30.085643],
            [-104.696402, 30.133747],
            [-104.686715, 30.178617],
            [-104.705967, 30.235001],
            [-104.749664, 30.26126],
            [-104.761288, 30.300611],
            [-104.811854, 30.333599],
            [-104.817602, 30.375746],
            [-104.859521, 30.390413],
            [-104.84787, 30.419979],
            [-104.867933, 30.441066],
            [-104.866758, 30.495036],
            [-104.899001, 30.5704],
            [-104.922935, 30.603848],
            [-104.980291, 30.62204],
            [-104.980144, 30.625142]
          ]
        ]
      }
    },
    {
      "type": "Feature",
      "id": "12121",
      "properties": {
        "county_id": "12121",
        "county_label": "Suwannee County",
        "state_name": "Florida",
        "state_fips": "12"
      },
      "geometry": {
        "type": "Polygon",
        "coordinates": [
          [
            [-83.253236, 30.253646],
            [-83.209924, 30.311878],
            [-83.212551, 30.345851],
            [-83.190057, 30.352239],
            [-83.192869, 30.374032],
            [-83.158052, 30.414109],
            [-83.082017, 30.442865],
            [-83.07535, 30.425435],
            [-82.997757, 30.430672],
            [-82.90836, 30.380079],
            [-82.892013, 30.387569],
            [-82.885102, 30.365295],
            [-82.84375, 30.340884],
            [-82.799669, 30.344262],
            [-82.793975, 29.986202],
            [-82.758776, 29.980094],
            [-82.831473, 29.912808],
            [-82.863266, 29.91105],
            [-82.884196, 29.882334],
            [-82.897866, 29.90144],
            [-82.913001, 29.889777],
            [-82.930782, 29.957399],
            [-82.952399, 29.959361],
            [-82.96385, 29.994544],
            [-83.001312, 30.008789],
            [-83.069553, 30.081252],
            [-83.119203, 30.104973],
            [-83.162457, 30.110022],
            [-83.184358, 30.094122],
            [-83.225659, 30.113321],
            [-83.253093, 30.251098],
            [-83.253236, 30.253646]
          ]
        ]
      }
    },
    {
      "type": "Feature",
      "id": "12133",
      "properties": {
        "county_id": "12133",
        "county_label": "Washington County",
        "state_name": "Florida",
        "state_fips": "12"
      },
      "geometry": {
        "type": "Polygon",
        "coordinates": [
          [
            [-85.993596, 30.405082],
            [-85.962415, 30.440585],
            [-85.90272, 30.442441],
            [-85.859769, 30.490134],
            [-85.883821, 30.507842],
            [-85.879827, 30.556205],
            [-85.915921, 30.596788],
            [-85.915174, 30.636974],
            [-85.867122, 30.66313],
            [-85.874343, 30.681703],
            [-85.82512, 30.726091],
            [-85.821616, 30.790775],
            [-85.751928, 30.78961],
            [-85.751979, 30.775706],
            [-85.735115, 30.775292],
            [-85.736051, 30.74637],
            [-85.685151, 30.744582],
            [-85.619011, 30.743868],
            [-85.599934, 30.830552],
            [-85.482276, 30.829509],
            [-85.482718, 30.785892],
            [-85.432274, 30.785457],
            [-85.434782, 30.56756],
            [-85.486358, 30.567574],
            [-85.487968, 30.436655],
            [-85.8535, 30.440623],
            [-85.883984, 30.410253],
            [-85.92726, 30.416058],
            [-85.993458, 30.396115],
            [-85.993596, 30.405082]
          ]
        ]
      }
    },
    {
      "type": "Feature",
      "id": "48433",
      "properties": {
        "county_id": "48433",
        "county_label": "Stonewall County",
        "state_name": "Texas",
        "state_fips": "48"
      },
      "geometry": {
        "type": "Polygon",
        "coordinates": [
          [
            [-100.518975, 32.993622],
            [-100.517449, 33.397866],
            [-99.99098, 33.397404],
            [-99.988827, 32.960121],
            [-100.519208, 32.962926],
            [-100.518975, 32.993622]
          ]
        ]
      }
    },
    {
      "type": "Feature",
      "id": "48381",
      "properties": {
        "county_id": "48381",
        "county_label": "Randall County",
        "state_name": "Texas",
        "state_fips": "48"
      },
      "geometry": {
        "type": "Polygon",
        "coordinates": [
          [
            [-102.168674, 34.790345],
            [-102.167471, 35.183233],
            [-101.622941, 35.183117],
            [-101.629257, 34.747649],
            [-102.168839, 34.747417],
            [-102.168674, 34.790345]
          ]
        ]
      }
    },
    {
      "type": "Feature",
      "id": "36087",
      "properties": {
        "county_id": "36087",
        "county_label": "Rockland County",
        "state_name": "New York",
        "state_fips": "36"
      },
      "geometry": {
        "type": "Polygon",
        "coordinates": [
          [
            [-74.227305, 41.14804],
            [-73.981384, 41.324693],
            [-73.945783, 41.287593],
            [-73.970784, 41.247893],
            [-73.88748, 41.138295],
            [-73.893984026369, 40.9971701917234],
            [-74.2341633829452, 41.1430920081385],
            [-74.227305, 41.14804]
          ]
        ]
      }
    },
    {
      "type": "Feature",
      "id": "48335",
      "properties": {
        "county_id": "48335",
        "county_label": "Mitchell County",
        "state_name": "Texas",
        "state_fips": "48"
      },
      "geometry": {
        "type": "Polygon",
        "coordinates": [
          [
            [-101.183382, 32.117615],
            [-101.174562, 32.527703],
            [-100.660626, 32.525312],
            [-100.664125, 32.12513],
            [-100.665353, 32.085407],
            [-101.183997, 32.087208],
            [-101.183382, 32.117615]
          ]
        ]
      }
    },
    {
      "type": "Feature",
      "id": "48111",
      "properties": {
        "county_id": "48111",
        "county_label": "Dallam County",
        "state_name": "Texas",
        "state_fips": "48"
      },
      "geometry": {
        "type": "Polygon",
        "coordinates": [
          [
            [-103.041924, 36.500439],
            [-102.162463, 36.500326],
            [-102.163015, 36.055249],
            [-102.539755, 36.055107],
            [-103.040824, 36.055231],
            [-103.041923915598, 36.5003531028134],
            [-103.041924, 36.500439]
          ]
        ]
      }
    },
    {
      "type": "Feature",
      "id": "36083",
      "properties": {
        "county_id": "36083",
        "county_label": "Rensselaer County",
        "state_name": "New York",
        "state_fips": "36"
      },
      "geometry": {
        "type": "Polygon",
        "coordinates": [
          [
            [-73.786047, 42.483835],
            [-73.758313, 42.534215],
            [-73.761265, 42.610379],
            [-73.702921, 42.6993],
            [-73.658462, 42.809077],
            [-73.684535, 42.892837],
            [-73.650897, 42.938138],
            [-73.450593, 42.944581],
            [-73.430623, 42.95865],
            [-73.380235, 42.943739],
            [-73.274294, 42.943652],
            [-73.290944, 42.80192],
            [-73.276421, 42.746019],
            [-73.264957, 42.74594],
            [-73.352527, 42.510002],
            [-73.783721, 42.464231],
            [-73.786078, 42.475249],
            [-73.786047, 42.483835]
          ]
        ]
      }
    },
    {
      "type": "Feature",
      "id": "48249",
      "properties": {
        "county_id": "48249",
        "county_label": "Jim Wells County",
        "state_name": "Texas",
        "state_fips": "48"
      },
      "geometry": {
        "type": "Polygon",
        "coordinates": [
          [
            [-98.235497, 28.057966],
            [-97.883148, 28.0569],
            [-97.860843, 28.03823],
            [-97.805827, 28.041382],
            [-97.789154, 28.013589],
            [-97.934274, 27.885202],
            [-97.942146, 27.635932],
            [-98.0598, 27.635869],
            [-98.058078, 27.260981],
            [-98.232464, 27.262487],
            [-98.235422, 27.995728],
            [-98.235497, 28.057966]
          ]
        ]
      }
    },
    {
      "type": "Feature",
      "id": "47099",
      "properties": {
        "county_id": "47099",
        "county_label": "Lawrence County",
        "state_name": "Tennessee",
        "state_fips": "47"
      },
      "geometry": {
        "type": "Polygon",
        "coordinates": [
          [
            [-87.611925, 35.019006],
            [-87.57275, 35.049051],
            [-87.588833, 35.058431],
            [-87.590376, 35.142756],
            [-87.572654, 35.190451],
            [-87.575352, 35.398454],
            [-87.516794, 35.398188],
            [-87.509612, 35.414679],
            [-87.44882, 35.420622],
            [-87.448485, 35.457844],
            [-87.325796, 35.456415],
            [-87.206578, 35.433207],
            [-87.215082, 35.295769],
            [-87.232442, 35.28767],
            [-87.2153, 35.286625],
            [-87.220472, 35.168874],
            [-87.197359, 35.159439],
            [-87.202549, 35.12165],
            [-87.213984, 35.12331],
            [-87.224053220297, 34.9993266591169],
            [-87.606178379167, 35.0036420906069],
            [-87.611341, 35.01683],
            [-87.611925, 35.019006]
          ]
        ]
      }
    },
    {
      "type": "Feature",
      "id": "48193",
      "properties": {
        "county_id": "48193",
        "county_label": "Hamilton County",
        "state_name": "Texas",
        "state_fips": "48"
      },
      "geometry": {
        "type": "Polygon",
        "coordinates": [
          [
            [-98.447266, 31.692529],
            [-98.156568, 31.841713],
            [-98.208386, 31.917511],
            [-98.005462, 32.017897],
            [-97.766431, 31.672461],
            [-98.27107, 31.416398],
            [-98.463736, 31.683989],
            [-98.447266, 31.692529]
          ]
        ]
      }
    },
    {
      "type": "Feature",
      "id": "36023",
      "properties": {
        "county_id": "36023",
        "county_label": "Cortland County",
        "state_name": "New York",
        "state_fips": "36"
      },
      "geometry": {
        "type": "Polygon",
        "coordinates": [
          [
            [-76.274673, 42.771257],
            [-75.896079, 42.790964],
            [-75.86402, 42.415702],
            [-76.253359, 42.407568],
            [-76.274198, 42.764518],
            [-76.274673, 42.771257]
          ]
        ]
      }
    },
    {
      "type": "Feature",
      "id": "47095",
      "properties": {
        "county_id": "47095",
        "county_label": "Lake County",
        "state_name": "Tennessee",
        "state_fips": "47"
      },
      "geometry": {
        "type": "Polygon",
        "coordinates": [
          [
            [-89.705328, 36.239898],
            [-89.695235, 36.252766],
            [-89.602374, 36.238106],
            [-89.534745, 36.252576],
            [-89.539487, 36.277368],
            [-89.620255, 36.323006],
            [-89.605668, 36.342234],
            [-89.531822, 36.339246],
            [-89.513178, 36.359897],
            [-89.51038, 36.378356],
            [-89.545255, 36.427079],
            [-89.51972, 36.467002],
            [-89.539232, 36.497934],
            [-89.485427, 36.497491],
            [-89.493198, 36.470124],
            [-89.471718, 36.457001],
            [-89.417275, 36.499011],
            [-89.346053, 36.50321],
            [-89.340158, 36.47717],
            [-89.36626, 36.445355],
            [-89.36012, 36.409277],
            [-89.404989, 36.351216],
            [-89.401056, 36.32368],
            [-89.428816, 36.259735],
            [-89.453148, 36.228338],
            [-89.485818, 36.220931],
            [-89.488283, 36.187544],
            [-89.629452, 36.185382],
            [-89.705545, 36.238136],
            [-89.705328, 36.239898]
          ]
        ]
      }
    },
    {
      "type": "Feature",
      "id": "48265",
      "properties": {
        "county_id": "48265",
        "county_label": "Kerr County",
        "state_name": "Texas",
        "state_fips": "48"
      },
      "geometry": {
        "type": "Polygon",
        "coordinates": [
          [
            [-99.754142, 30.290698],
            [-99.301718, 30.286653],
            [-99.300988, 30.134298],
            [-98.920147, 30.13829],
            [-98.917725, 29.781398],
            [-99.176988, 29.895063],
            [-99.691215, 29.908582],
            [-99.689879, 30.073948],
            [-99.757621, 30.074132],
            [-99.754142, 30.290698]
          ]
        ]
      }
    },
    {
      "type": "Feature",
      "id": "48507",
      "properties": {
        "county_id": "48507",
        "county_label": "Zavala County",
        "state_name": "Texas",
        "state_fips": "48"
      },
      "geometry": {
        "type": "Polygon",
        "coordinates": [
          [
            [-100.113881, 28.686667],
            [-100.111406, 29.086318],
            [-99.41388, 29.091335],
            [-99.409021, 28.640566],
            [-100.114336, 28.648122],
            [-100.113881, 28.686667]
          ]
        ]
      }
    },
    {
      "type": "Feature",
      "id": "48197",
      "properties": {
        "county_id": "48197",
        "county_label": "Hardeman County",
        "state_name": "Texas",
        "state_fips": "48"
      },
      "geometry": {
        "type": "Polygon",
        "coordinates": [
          [
            [-99.998006, 34.396821],
            [-99.9975014109467, 34.5604238870434],
            [-99.94572, 34.579273],
            [-99.822281, 34.4981],
            [-99.793684, 34.453894],
            [-99.69497, 34.378333],
            [-99.600026, 34.374688],
            [-99.574367, 34.418281],
            [-99.4750806916433, 34.395998351528],
            [-99.475294, 34.085618],
            [-99.490408, 34.065453],
            [-99.532145, 34.074899],
            [-99.5485, 34.055774],
            [-99.624954, 34.096646],
            [-99.772043, 34.093286],
            [-99.997621, 34.224355],
            [-99.997832, 34.390816],
            [-99.998006, 34.396821]
          ]
        ]
      }
    },
    {
      "type": "Feature",
      "id": "48447",
      "properties": {
        "county_id": "48447",
        "county_label": "Throckmorton County",
        "state_name": "Texas",
        "state_fips": "48"
      },
      "geometry": {
        "type": "Polygon",
        "coordinates": [
          [
            [-99.472444, 33.399023],
            [-98.953938, 33.397534],
            [-98.950875, 32.956918],
            [-99.471258, 32.957025],
            [-99.472301, 33.358558],
            [-99.472444, 33.399023]
          ]
        ]
      }
    },
    {
      "type": "Feature",
      "id": "48109",
      "properties": {
        "county_id": "48109",
        "county_label": "Culberson County",
        "state_name": "Texas",
        "state_fips": "48"
      },
      "geometry": {
        "type": "Polygon",
        "coordinates": [
          [
            [-104.917661, 31.885192],
            [-104.918359749142, 32.000415489556],
            [-104.024521, 32.00001],
            [-104.102351, 31.105203],
            [-104.917163, 30.663626],
            [-104.907389, 30.941016],
            [-104.918495, 31.885206],
            [-104.917661, 31.885192]
          ]
        ]
      }
    },
    {
      "type": "Feature",
      "id": "48281",
      "properties": {
        "county_id": "48281",
        "county_label": "Lampasas County",
        "state_name": "Texas",
        "state_fips": "48"
      },
      "geometry": {
        "type": "Polygon",
        "coordinates": [
          [
            [-98.569645, 31.203269],
            [-98.562732, 31.230443],
            [-98.180006, 31.463717],
            [-97.9071, 31.069374],
            [-97.911689, 31.035009],
            [-98.439711, 31.029647],
            [-98.48404, 31.06301],
            [-98.456419, 31.078699],
            [-98.470531, 31.094441],
            [-98.455598, 31.110905],
            [-98.49893, 31.11854],
            [-98.527102, 31.090675],
            [-98.547196, 31.129205],
            [-98.50438, 31.16645],
            [-98.542016, 31.174496],
            [-98.538386, 31.191303],
            [-98.56916, 31.20127],
            [-98.569645, 31.203269]
          ]
        ]
      }
    },
    {
      "type": "Feature",
      "id": "48209",
      "properties": {
        "county_id": "48209",
        "county_label": "Hays County",
        "state_name": "Texas",
        "state_fips": "48"
      },
      "geometry": {
        "type": "Polygon",
        "coordinates": [
          [
            [-98.294174, 30.046801],
            [-98.172977, 30.356312],
            [-97.70879, 30.023451],
            [-97.792593, 29.945057],
            [-97.893896, 29.883734],
            [-97.89859, 29.857121],
            [-97.874598, 29.859031],
            [-97.999271, 29.752444],
            [-98.030523, 29.848539],
            [-98.2976, 30.037994],
            [-98.294174, 30.046801]
          ]
        ]
      }
    },
    {
      "type": "Feature",
      "id": "48431",
      "properties": {
        "county_id": "48431",
        "county_label": "Sterling County",
        "state_name": "Texas",
        "state_fips": "48"
      },
      "geometry": {
        "type": "Polygon",
        "coordinates": [
          [
            [-101.267576, 31.567987],
            [-101.264216, 32.087136],
            [-100.821594, 32.08661],
            [-100.821673, 32.006174],
            [-100.82537, 31.696155],
            [-100.861099, 31.705418],
            [-100.865256, 31.562294],
            [-101.26763, 31.556462],
            [-101.267576, 31.567987]
          ]
        ]
      }
    },
    {
      "type": "Feature",
      "id": "47161",
      "properties": {
        "county_id": "47161",
        "county_label": "Stewart County",
        "state_name": "Tennessee",
        "state_fips": "47"
      },
      "geometry": {
        "type": "Polygon",
        "coordinates": [
          [
            [-88.070532, 36.678118],
            [-87.849567, 36.663701],
            [-87.853204, 36.633247],
            [-87.64115, 36.638036],
            [-87.592358, 36.367663],
            [-87.715494, 36.36824],
            [-87.821816, 36.328724],
            [-87.98074, 36.353307],
            [-88.061456, 36.444093],
            [-88.032489, 36.540662],
            [-88.068208, 36.659747],
            [-88.070532, 36.678118]
          ]
        ]
      }
    },
    {
      "type": "Feature",
      "id": "48217",
      "properties": {
        "county_id": "48217",
        "county_label": "Hill County",
        "state_name": "Texas",
        "state_fips": "48"
      },
      "geometry": {
        "type": "Polygon",
        "coordinates": [
          [
            [-97.497086, 32.134345],
            [-97.456462, 32.164358],
            [-97.475985, 32.181679],
            [-97.086117, 32.265471],
            [-96.940656, 32.052087],
            [-96.896209, 32.073977],
            [-96.719114, 31.814887],
            [-96.932215, 31.708887],
            [-97.037266, 31.863079],
            [-97.277265, 31.745492],
            [-97.32653, 31.78836],
            [-97.282026, 31.823331],
            [-97.279529, 31.841271],
            [-97.329135, 31.841875],
            [-97.382848, 31.870788],
            [-97.360312, 31.890669],
            [-97.439471, 31.929775],
            [-97.37757, 31.980076],
            [-97.405897, 31.987877],
            [-97.426387, 32.028557],
            [-97.44769, 32.012499],
            [-97.485968, 32.017611],
            [-97.492092, 32.059723],
            [-97.469933, 32.091648],
            [-97.497113, 32.132271],
            [-97.497086, 32.134345]
          ]
        ]
      }
    },
    {
      "type": "Feature",
      "id": "12003",
      "properties": {
        "county_id": "12003",
        "county_label": "Baker County",
        "state_name": "Florida",
        "state_fips": "12"
      },
      "geometry": {
        "type": "Polygon",
        "coordinates": [
          [
            [-82.459544, 30.584272],
            [-82.214839, 30.568591],
            [-82.240403, 30.53777],
            [-82.201416, 30.485164],
            [-82.210291, 30.42459],
            [-82.19294, 30.378779],
            [-82.165192, 30.358035],
            [-82.0499660029255, 30.3623823672342],
            [-82.049236, 30.273432],
            [-82.049425, 30.143136],
            [-82.458364, 30.136449],
            [-82.4597918101678, 30.5842868523055],
            [-82.459544, 30.584272]
          ]
        ]
      }
    },
    {
      "type": "Feature",
      "id": "36033",
      "properties": {
        "county_id": "36033",
        "county_label": "Franklin County",
        "state_name": "New York",
        "state_fips": "36"
      },
      "geometry": {
        "type": "Polygon",
        "coordinates": [
          [
            [-74.7262280632075, 44.9948630722006],
            [-74.670297, 45.006194],
            [-74.0273915898679, 44.9957655091112],
            [-73.986382, 44.707773],
            [-73.966148, 44.709118],
            [-73.909687, 44.429699],
            [-74.141424, 44.407268],
            [-74.09349, 44.137615],
            [-74.535156, 44.09925],
            [-74.544487, 44.169414],
            [-74.525683, 44.170636],
            [-74.641872, 44.952621],
            [-74.720307, 44.953011],
            [-74.723813, 44.97654],
            [-74.7262280632075, 44.9948630722006]
          ]
        ]
      }
    },
    {
      "type": "Feature",
      "id": "48043",
      "properties": {
        "county_id": "48043",
        "county_label": "Brewster County",
        "state_name": "Texas",
        "state_fips": "48"
      },
      "geometry": {
        "type": "Polygon",
        "coordinates": [
          [
            [-103.80068, 30.412527],
            [-103.439976, 30.665939],
            [-102.320703761477, 29.8788549124151],
            [-102.323463, 29.863917],
            [-102.341033, 29.869305],
            [-102.364542, 29.845387],
            [-102.388323, 29.761266],
            [-102.487252, 29.786585],
            [-102.517531, 29.783955],
            [-102.513381, 29.76576],
            [-102.548261, 29.744596],
            [-102.567663, 29.771463],
            [-102.574139, 29.754773],
            [-102.630151, 29.734315],
            [-102.67578, 29.743077],
            [-102.693466, 29.676507],
            [-102.742185, 29.63251],
            [-102.739991, 29.599041],
            [-102.768341, 29.594734],
            [-102.771429, 29.548546],
            [-102.808692, 29.522319],
            [-102.800673, 29.486235],
            [-102.823105, 29.463299],
            [-102.833261, 29.410976],
            [-102.812666, 29.400173],
            [-102.844365, 29.375379],
            [-102.839375, 29.358922],
            [-102.884364, 29.347729],
            [-102.906296, 29.260011],
            [-102.871347, 29.241625],
            [-102.868468, 29.222879],
            [-102.893924, 29.208664],
            [-102.912324, 29.219418],
            [-102.917805, 29.190697],
            [-102.943765, 29.191165],
            [-102.950592, 29.173731],
            [-102.996319, 29.178265],
            [-103.03603, 29.098736],
            [-103.0761, 29.091323],
            [-103.0859, 29.053736],
            [-103.100134, 29.060675],
            [-103.115328, 28.98527],
            [-103.163865, 28.972099],
            [-103.227801, 28.991532],
            [-103.249589, 28.980515],
            [-103.266333, 28.995981],
            [-103.283457, 28.976945],
            [-103.287852, 29.002242],
            [-103.315938, 29.01039],
            [-103.308277, 29.025001],
            [-103.338298, 29.019766],
            [-103.330871, 29.042959],
            [-103.343678, 29.046369],
            [-103.36032, 29.0185],
            [-103.386505, 29.021648],
            [-103.388434, 29.033862],
            [-103.432231, 29.043682],
            [-103.44993, 29.072714],
            [-103.470107, 29.066194],
            [-103.470213, 29.085526],
            [-103.552572, 29.157335],
            [-103.6499, 29.15641],
            [-103.660203, 29.170934],
            [-103.71918, 29.181395],
            [-103.758549, 29.232939],
            [-103.770958, 29.219531],
            [-103.782054, 29.227983],
            [-103.775072, 29.247954],
            [-103.792716, 29.264772],
            [-103.798545, 30.310285],
            [-103.80068, 30.412527]
          ]
        ]
      }
    }
  ]
}
