{
  "type": "FeatureCollection",
  "features": [
    {
      "type": "Feature",
      "id": "48_01800",
      "properties": {
        "state_puma_id": "48_01800",
        "state_name": "Texas",
        "state_fips": "48",
        "puma_name": "East Texas COG (Southwest)--Henderson & Anderson Counties PUMA"
      },
      "geometry": {
        "type": "Polygon",
        "coordinates": [
          [
            [-96.454555, 32.35232],
            [-95.449165, 32.355233],
            [-95.458738, 32.328429],
            [-95.446969, 32.295807],
            [-95.488473, 32.232577],
            [-95.462578, 32.201763],
            [-95.477914, 32.146209],
            [-95.423847, 32.081772],
            [-95.438496, 32.066019],
            [-95.422174, 32.043818],
            [-95.43864, 32.032617],
            [-95.424106, 32.018893],
            [-95.452859, 31.97654],
            [-95.445588, 31.945858],
            [-95.420338, 31.926645],
            [-95.446747, 31.843116],
            [-95.410097, 31.834102],
            [-95.39412, 31.787225],
            [-95.402125, 31.76159],
            [-95.358239, 31.749253],
            [-95.366187, 31.726753],
            [-95.333325, 31.732996],
            [-95.342483, 31.718032],
            [-95.283208, 31.676247],
            [-95.287866, 31.63292],
            [-95.258859, 31.609959],
            [-95.273203, 31.592886],
            [-95.651764, 31.541791],
            [-95.647171, 31.527014],
            [-95.739279, 31.504056],
            [-95.758748, 31.533644],
            [-95.75171, 31.551552],
            [-95.715497, 31.554358],
            [-95.729399, 31.583798],
            [-95.711185, 31.603903],
            [-95.718468, 31.632402],
            [-95.736026, 31.653956],
            [-95.753488, 31.64896],
            [-95.748669, 31.617709],
            [-95.77198, 31.598621],
            [-95.796653, 31.631059],
            [-95.787553, 31.692596],
            [-95.805732, 31.671075],
            [-95.835324, 31.695597],
            [-95.862206, 31.687465],
            [-95.880632, 31.700369],
            [-95.86661, 31.719099],
            [-95.875937, 31.755503],
            [-95.900079, 31.752132],
            [-95.897965, 31.766963],
            [-95.983574, 31.788002],
            [-95.973232, 31.819136],
            [-95.994543, 31.843359],
            [-95.968119, 31.87246],
            [-96.027622, 31.877875],
            [-96.013579, 31.911114],
            [-96.001401, 31.908169],
            [-96.02193, 31.957299],
            [-96.041451, 31.944927],
            [-96.061908, 31.955437],
            [-96.042914, 31.962793],
            [-96.064804, 31.980664],
            [-96.048953, 31.997591],
            [-96.066462, 32.037757],
            [-96.062917, 32.080577],
            [-96.109205, 32.077111],
            [-96.112857, 32.160321],
            [-96.138914, 32.151377],
            [-96.17584, 32.168241],
            [-96.14621, 32.211249],
            [-96.189536, 32.202316],
            [-96.234251, 32.250399],
            [-96.28507, 32.254592],
            [-96.29868, 32.301156],
            [-96.453882, 32.348844],
            [-96.454555, 32.35232]
          ]
        ]
      }
    },
    {
      "type": "Feature",
      "id": "48_02006",
      "properties": {
        "state_puma_id": "48_02006",
        "state_name": "Texas",
        "state_fips": "48",
        "puma_name": "Denton County (North & West)--Denton City (Outer) PUMA"
      },
      "geometry": {
        "type": "Polygon",
        "coordinates": [
          [
            [-97.398265, 32.999963],
            [-97.383095, 33.43045],
            [-96.83411, 33.405498],
            [-96.838803, 33.219386],
            [-96.945986, 33.221373],
            [-96.970945, 33.1177],
            [-96.962942, 33.083016],
            [-96.990057, 33.079517],
            [-97.100544, 33.122478],
            [-97.10255, 33.13237],
            [-97.03938, 33.12992],
            [-97.089791, 33.173513],
            [-97.08235, 33.23407],
            [-97.10976, 33.25789],
            [-97.13165, 33.254179],
            [-97.133073, 33.240596],
            [-97.177792, 33.263689],
            [-97.16893, 33.21538],
            [-97.218616, 33.216701],
            [-97.211077, 33.192889],
            [-97.178723, 33.176081],
            [-97.299651, 32.991282],
            [-97.398459, 32.991732],
            [-97.398265, 32.999963]
          ]
        ]
      }
    },
    {
      "type": "Feature",
      "id": "48_03900",
      "properties": {
        "state_puma_id": "48_03900",
        "state_name": "Texas",
        "state_fips": "48",
        "puma_name": "Deep East Texas COG (West) & Walker County PUMA"
      },
      "geometry": {
        "type": "Polygon",
        "coordinates": [
          [
            [-95.862266, 30.865361],
            [-95.829952, 30.862096],
            [-95.716508, 30.911405],
            [-95.654501, 30.89324],
            [-95.611934, 30.918258],
            [-95.649761, 30.935951],
            [-95.681305, 30.987499],
            [-95.658418, 31.01631],
            [-95.668847, 31.026861],
            [-95.631397, 31.036836],
            [-95.629983, 31.05175],
            [-95.663546, 31.083884],
            [-95.760626, 31.088928],
            [-95.776881, 31.120871],
            [-95.77425, 31.138323],
            [-95.728026, 31.161955],
            [-95.747943, 31.20831],
            [-95.725041, 31.230098],
            [-95.725728, 31.26987],
            [-95.695085, 31.297029],
            [-95.672411, 31.294884],
            [-95.67168, 31.317204],
            [-95.656125, 31.322183],
            [-95.657514, 31.34348],
            [-95.67681, 31.346103],
            [-95.664218, 31.364305],
            [-95.700552, 31.393402],
            [-95.712117, 31.455783],
            [-95.746837, 31.45817],
            [-95.721842, 31.472754],
            [-95.741903, 31.50212],
            [-95.61221, 31.547668],
            [-95.273203, 31.592886],
            [-95.255023, 31.574789],
            [-95.207701, 31.570434],
            [-95.171913, 31.584878],
            [-95.139603, 31.562821],
            [-95.143445, 31.539641],
            [-95.099966, 31.518869],
            [-95.094423, 31.49873],
            [-95.111118, 31.483962],
            [-95.100323, 31.468196],
            [-95.064279, 31.471091],
            [-95.045384, 31.445471],
            [-95.007294, 31.444512],
            [-95.005525, 31.421076],
            [-94.949645, 31.38103],
            [-94.95782, 31.342847],
            [-94.901813, 31.331631],
            [-94.896522, 31.296074],
            [-94.876713, 31.283394],
            [-94.897578, 31.257834],
            [-94.860436, 31.234495],
            [-94.856263, 31.150079],
            [-94.751342, 31.105462],
            [-94.658493, 31.084905],
            [-94.649011, 31.098997],
            [-94.561602, 31.063014],
            [-94.657992, 31.012007],
            [-94.537926, 30.491059],
            [-94.849414, 30.493553],
            [-95.225581, 30.319534],
            [-95.203801, 30.352012],
            [-95.308395, 30.40575],
            [-95.361866, 30.508916],
            [-95.598878, 30.50898],
            [-95.83024, 30.630284],
            [-95.863059, 30.864125],
            [-95.862266, 30.865361]
          ]
        ]
      }
    },
    {
      "type": "Feature",
      "id": "48_05309",
      "properties": {
        "state_puma_id": "48_05309",
        "state_name": "Texas",
        "state_fips": "48",
        "puma_name": "Travis County (West, South & Outside Austin City) PUMA"
      },
      "geometry": {
        "type": "Polygon",
        "coordinates": [
          [
            [-98.161673, 30.372897],
            [-98.097709, 30.467626],
            [-98.097778, 30.498058],
            [-98.123126, 30.487041],
            [-98.049886, 30.624155],
            [-98.036495, 30.611726],
            [-98.006276, 30.627516],
            [-97.9924, 30.609494],
            [-97.956734, 30.628249],
            [-97.917063, 30.604871],
            [-97.926985, 30.567654],
            [-97.890039, 30.565803],
            [-97.859401, 30.511916],
            [-97.885003, 30.5123],
            [-97.925771, 30.453268],
            [-97.899426, 30.395243],
            [-97.933988, 30.331403],
            [-97.890395, 30.342375],
            [-97.889135, 30.329729],
            [-97.893744, 30.307992],
            [-97.936178, 30.305105],
            [-97.907243, 30.260127],
            [-97.92727, 30.24628],
            [-97.888305, 30.229195],
            [-97.925205, 30.1924],
            [-97.88932, 30.172873],
            [-97.861735, 30.177387],
            [-97.858736, 30.147189],
            [-97.833199, 30.149834],
            [-97.832004, 30.162018],
            [-97.823425, 30.148311],
            [-97.791497, 30.152819],
            [-97.806871, 30.11247],
            [-97.756262, 30.100403],
            [-97.712992, 30.18863],
            [-97.684274, 30.198315],
            [-97.68027, 30.176348],
            [-97.659318, 30.167359],
            [-97.647624, 30.178353],
            [-97.638214, 30.208057],
            [-97.658797, 30.22676],
            [-97.626627, 30.248323],
            [-97.639495, 30.267806],
            [-97.611818, 30.256997],
            [-97.596253, 30.281643],
            [-97.521592, 30.247778],
            [-97.514399, 30.226836],
            [-97.486329, 30.220528],
            [-97.492482, 30.210011],
            [-97.70879, 30.023451],
            [-98.172977, 30.356312],
            [-98.161673, 30.372897]
          ]
        ]
      }
    },
    {
      "type": "Feature",
      "id": "48_05000",
      "properties": {
        "state_puma_id": "48_05000",
        "state_name": "Texas",
        "state_fips": "48",
        "puma_name": "Houston-Galveston Area Council (West) PUMA"
      },
      "geometry": {
        "type": "Polygon",
        "coordinates": [
          [
            [-96.869116, 29.637928],
            [-96.569844, 29.961516],
            [-96.62198, 30.044283],
            [-96.594141, 30.071022],
            [-96.518814, 30.065198],
            [-96.288998, 30.096829],
            [-96.259336, 30.075744],
            [-96.162816, 30.052882],
            [-96.151247, 30.076396],
            [-96.13378, 30.07096],
            [-96.158421, 30.091709],
            [-96.153985, 30.107989],
            [-96.169936, 30.098785],
            [-96.188653, 30.110463],
            [-96.1789, 30.120943],
            [-96.192208, 30.136664],
            [-96.17176, 30.13983],
            [-96.180662, 30.155684],
            [-96.152527, 30.143128],
            [-96.162006, 30.164915],
            [-96.147428, 30.217976],
            [-95.804306, 30.24557],
            [-95.8096, 30.085314],
            [-95.838944, 30.083243],
            [-95.872162, 30.120593],
            [-95.898617, 30.120928],
            [-95.960733, 30.163415],
            [-95.825975, 29.788616],
            [-95.971287, 29.740454],
            [-95.97094, 29.728554],
            [-96.032711, 29.727944],
            [-96.006498, 29.714865],
            [-96.022639, 29.70501],
            [-96.015031, 29.682672],
            [-96.060001, 29.675963],
            [-96.016769, 29.667491],
            [-96.033158, 29.658184],
            [-96.014753, 29.641669],
            [-96.024825, 29.602899],
            [-96.088912, 29.601658],
            [-96.062322, 29.591524],
            [-96.044495, 29.561947],
            [-96.05307, 29.511942],
            [-96.022418, 29.501893],
            [-96.059681, 29.491868],
            [-96.059627, 29.473329],
            [-96.029473, 29.452052],
            [-96.035291, 29.443007],
            [-95.992024, 29.433792],
            [-95.970761, 29.408429],
            [-95.968412, 29.383449],
            [-95.936524, 29.358355],
            [-95.949463, 29.335318],
            [-95.894468, 29.31498],
            [-95.878466, 29.265942],
            [-95.842381, 29.259812],
            [-95.874028, 29.229702],
            [-95.844667, 29.204676],
            [-95.857805, 29.193315],
            [-95.838371, 29.176564],
            [-95.846379, 29.10743],
            [-95.765049, 29.060458],
            [-95.7855, 29.03915],
            [-95.768249, 28.969872],
            [-95.67513, 28.964244],
            [-95.645822, 28.938888],
            [-95.64167, 28.903749],
            [-95.57924, 28.859613],
            [-95.572958, 28.832364],
            [-95.504075, 28.82865],
            [-95.83398, 28.655623],
            [-96.205438, 28.497868],
            [-96.3783265241194, 28.3907774793216],
            [-96.322731, 28.642944],
            [-96.309178, 28.963291],
            [-96.658466, 29.263876],
            [-96.560555, 29.335439],
            [-96.793132, 29.577378],
            [-96.832812, 29.576863],
            [-96.843213, 29.61662],
            [-96.874222, 29.632706],
            [-96.869116, 29.637928]
          ]
        ]
      }
    },
    {
      "type": "Feature",
      "id": "48_07200",
      "properties": {
        "state_puma_id": "48_07200",
        "state_name": "Texas",
        "state_fips": "48",
        "puma_name": "Concho Valley COG & Permian Basin Regional Planning Commission (East) PUMA"
      },
      "geometry": {
        "type": "Polygon",
        "coordinates": [
          [
            [-103.585084, 30.76647],
            [-103.01104, 31.371306],
            [-102.913983, 31.339118],
            [-102.826735, 31.266881],
            [-102.774077, 31.295297],
            [-102.739244, 31.282596],
            [-102.724875, 31.308418],
            [-102.667909, 31.326819],
            [-102.596491, 31.264012],
            [-102.567042, 31.272675],
            [-102.511156, 31.2595],
            [-102.442056, 31.212566],
            [-102.425107, 31.17816],
            [-102.430127, 31.129058],
            [-102.406153, 31.08787],
            [-102.301212, 31.086212],
            [-102.31805, 31.651327],
            [-101.775802, 31.651319],
            [-101.776085, 32.086925],
            [-102.211249, 32.0868],
            [-102.20852, 32.958956],
            [-101.173378, 32.963597],
            [-101.183997, 32.087208],
            [-100.235137, 32.082372],
            [-100.235761, 31.69297],
            [-100.861099, 31.705418],
            [-100.865256, 31.562294],
            [-101.26763, 31.556462],
            [-101.267947, 31.528688],
            [-100.693299, 31.523956],
            [-100.682061, 31.086219],
            [-100.115216, 31.087994],
            [-100.111234, 31.580267],
            [-99.721698, 31.576759],
            [-99.714746, 31.560307],
            [-99.70573, 31.576899],
            [-99.690953, 31.554054],
            [-99.671658, 31.553136],
            [-99.692048, 31.53288],
            [-99.652559, 31.527467],
            [-99.677404, 31.497693],
            [-99.653573, 31.496906],
            [-99.625426, 31.467429],
            [-99.608199, 31.477048],
            [-99.620024, 31.502086],
            [-99.536723, 31.483429],
            [-99.511477, 31.424401],
            [-99.49759, 31.444289],
            [-99.47247, 31.421702],
            [-99.438294, 31.445241],
            [-99.443854, 31.4751],
            [-99.358715, 31.431348],
            [-99.343865, 31.443282],
            [-99.345782, 31.421399],
            [-99.314014, 31.409778],
            [-99.238447, 31.483127],
            [-99.209172, 31.465272],
            [-99.194023, 31.473375],
            [-99.1841, 31.453733],
            [-99.159463, 31.468198],
            [-99.125081, 31.456502],
            [-99.109648, 31.466262],
            [-99.097937, 31.448186],
            [-99.090622, 31.460927],
            [-99.092431, 30.921968],
            [-98.964612, 30.921368],
            [-98.964232, 30.498482],
            [-99.303996, 30.499832],
            [-99.301718, 30.286653],
            [-101.7584, 30.288044],
            [-101.760923744511, 29.7818615288962],
            [-101.807536, 29.781373],
            [-101.803613, 29.803446],
            [-101.818275, 29.811621],
            [-101.824101, 29.787152],
            [-101.850958, 29.807881],
            [-101.929323, 29.782576],
            [-101.976632, 29.815992],
            [-101.986071, 29.797493],
            [-102.034759, 29.804028],
            [-102.052245, 29.785117],
            [-102.142326, 29.802854],
            [-102.188672, 29.848943],
            [-102.197063, 29.83642],
            [-102.223528, 29.84053],
            [-102.246915, 29.86431],
            [-102.261389, 29.853283],
            [-102.264954, 29.867806],
            [-102.320703761477, 29.8788549124151],
            [-103.57414, 30.759137],
            [-103.585084, 30.76647]
          ]
        ]
      }
    },
    {
      "type": "Feature",
      "id": "48_02600",
      "properties": {
        "state_puma_id": "48_02600",
        "state_name": "Texas",
        "state_fips": "48",
        "puma_name": "West Central Texas COG (Outside Taylor County) PUMA"
      },
      "geometry": {
        "type": "Polygon",
        "coordinates": [
          [
            [-101.183382, 32.117615],
            [-101.173378, 32.963597],
            [-101.03866, 32.970225],
            [-101.038788, 33.397214],
            [-99.99098, 33.397404],
            [-99.996434, 33.835967],
            [-99.835143, 33.8358],
            [-99.83262, 33.817397],
            [-99.756663, 33.823522],
            [-99.758657, 33.803783],
            [-99.739169, 33.811566],
            [-99.725026, 33.797473],
            [-99.721371, 33.814428],
            [-99.70001, 33.800075],
            [-99.685332, 33.8273],
            [-99.663898, 33.808071],
            [-99.635786, 33.817098],
            [-99.634461, 33.802671],
            [-99.599863, 33.787634],
            [-99.5818, 33.784723],
            [-99.57758, 33.802698],
            [-99.544475, 33.795494],
            [-99.546168, 33.78086],
            [-99.523957, 33.783367],
            [-99.519773, 33.76819],
            [-99.4756, 33.752309],
            [-99.472444, 33.399023],
            [-98.953938, 33.397534],
            [-98.950875, 32.956918],
            [-98.575616, 32.954349],
            [-98.576256, 32.515163],
            [-98.475177, 32.513039],
            [-98.474685, 32.299084],
            [-98.551158, 32.261436],
            [-98.327499, 31.941261],
            [-98.251211, 31.980127],
            [-98.156568, 31.841713],
            [-98.463736, 31.683989],
            [-98.492802, 31.723608],
            [-98.759983, 31.687906],
            [-98.779951, 31.610735],
            [-99.010644, 31.471246],
            [-99.041052, 31.490579],
            [-99.097937, 31.448186],
            [-99.11615, 31.46824],
            [-99.1841, 31.453733],
            [-99.194023, 31.473375],
            [-99.209172, 31.465272],
            [-99.238447, 31.483127],
            [-99.314014, 31.409778],
            [-99.345782, 31.421399],
            [-99.343865, 31.443282],
            [-99.358715, 31.431348],
            [-99.443854, 31.4751],
            [-99.438294, 31.445241],
            [-99.47247, 31.421702],
            [-99.49759, 31.444289],
            [-99.511477, 31.424401],
            [-99.536723, 31.483429],
            [-99.620024, 31.502086],
            [-99.608199, 31.477048],
            [-99.625426, 31.467429],
            [-99.653573, 31.496906],
            [-99.677404, 31.497693],
            [-99.652559, 31.527467],
            [-99.692048, 31.53288],
            [-99.671658, 31.553136],
            [-99.690953, 31.554054],
            [-99.70573, 31.576899],
            [-99.714746, 31.560307],
            [-99.721698, 31.576759],
            [-100.233783, 31.582196],
            [-100.235137, 32.082372],
            [-101.183997, 32.087208],
            [-101.183382, 32.117615]
          ],
          [
            [-100.151911, 32.082638],
            [-99.631413, 32.081274],
            [-99.629639, 32.520713],
            [-100.146543, 32.522793],
            [-100.151842, 32.090639],
            [-100.151911, 32.082638]
          ]
        ]
      }
    },
    {
      "type": "Feature",
      "id": "48_07402",
      "properties": {
        "state_puma_id": "48_07402",
        "state_name": "Texas",
        "state_fips": "48",
        "puma_name": "Brazos County--College Station & Bryan Cities (Outer) PUMA"
      },
      "geometry": {
        "type": "Polygon",
        "coordinates": [
          [
            [-96.601831, 30.641926],
            [-96.581519, 30.68889],
            [-96.45763, 30.744474],
            [-96.349364, 30.911423],
            [-96.24102, 30.973737],
            [-96.198234, 30.931861],
            [-96.21258, 30.904927],
            [-96.16837, 30.822997],
            [-96.183641, 30.795136],
            [-96.162644, 30.769509],
            [-96.162064, 30.727836],
            [-96.177911, 30.709688],
            [-96.164099, 30.658813],
            [-96.188314, 30.599614],
            [-96.159764, 30.567302],
            [-96.129821, 30.452384],
            [-96.079969, 30.43003],
            [-96.111926, 30.415893],
            [-96.121478, 30.383999],
            [-96.147418, 30.382322],
            [-96.139812, 30.340291],
            [-96.15463, 30.330288],
            [-96.149872, 30.36879],
            [-96.1945, 30.39989],
            [-96.210148, 30.373899],
            [-96.272455, 30.358468],
            [-96.306931, 30.394586],
            [-96.29749, 30.411787],
            [-96.272323, 30.410202],
            [-96.287988, 30.421287],
            [-96.28485, 30.448089],
            [-96.320946, 30.449567],
            [-96.340007, 30.47263],
            [-96.329935, 30.477882],
            [-96.343105, 30.498656],
            [-96.371015, 30.513285],
            [-96.354904, 30.52317],
            [-96.35941, 30.542604],
            [-96.413057, 30.539535],
            [-96.420647, 30.585062],
            [-96.429997, 30.591066],
            [-96.43547, 30.573187],
            [-96.452151, 30.597001],
            [-96.489121, 30.60638],
            [-96.490137, 30.621978],
            [-96.499779, 30.612836],
            [-96.510982, 30.62773],
            [-96.601708, 30.640535],
            [-96.601831, 30.641926]
          ],
          [
            [-96.402481, 30.656774],
            [-96.374849, 30.657767],
            [-96.301572, 30.562414],
            [-96.301492, 30.53307],
            [-96.25777, 30.559391],
            [-96.358876, 30.696568],
            [-96.407369, 30.668077],
            [-96.402481, 30.656774]
          ]
        ]
      }
    },
    {
      "type": "Feature",
      "id": "48_05600",
      "properties": {
        "state_puma_id": "48_05600",
        "state_name": "Texas",
        "state_fips": "48",
        "puma_name": "Golden Crescent Regional Planning Commission (Southeast)--Victoria & Calhoun Counties PUMA"
      },
      "geometry": {
        "type": "MultiPolygon",
        "coordinates": [
          [
            [
              [-96.8093527035728, 28.2205944147045],
              [-96.7987181122199, 28.2759479998208],
              [-96.776789, 28.244826],
              [-96.804479, 28.223153],
              [-96.8093527035728, 28.2205944147045]
            ]
          ],
          [
            [
              [-97.305916, 28.864037],
              [-96.976378, 29.104046],
              [-96.938587, 29.063244],
              [-96.832103, 29.021299],
              [-96.791665, 28.918299],
              [-96.738917, 28.893595],
              [-96.702718, 28.851023],
              [-96.723088, 28.821188],
              [-96.695924, 28.796079],
              [-96.697741, 28.774358],
              [-96.670091, 28.761191],
              [-96.658878, 28.719723],
              [-96.587544, 28.726175],
              [-96.57829, 28.696939],
              [-96.428394, 28.703523],
              [-96.39954, 28.730231],
              [-96.404445, 28.674409],
              [-96.323522, 28.675597],
              [-96.3783265241194, 28.3907774793216],
              [-96.407197, 28.348733],
              [-96.65636, 28.207433],
              [-96.8530539631559, 28.0608472718433],
              [-96.803171, 28.135579],
              [-96.819334, 28.143333],
              [-96.816957, 28.17508],
              [-96.786415, 28.189745],
              [-96.720379, 28.186001],
              [-96.697641, 28.202209],
              [-96.702633, 28.215509],
              [-96.659375, 28.227446],
              [-96.648475, 28.25204],
              [-96.595946, 28.277305],
              [-96.611232, 28.28013],
              [-96.603639, 28.292554],
              [-96.440591, 28.34298],
              [-96.438689, 28.368812],
              [-96.471252, 28.367557],
              [-96.416348, 28.413871],
              [-96.45295, 28.418679],
              [-96.573097, 28.358773],
              [-96.625149, 28.316201],
              [-96.620396, 28.30396],
              [-96.632398, 28.318712],
              [-96.665198, 28.30961],
              [-96.705247, 28.348811],
              [-96.706171, 28.404596],
              [-96.747911, 28.409481],
              [-96.79307, 28.480432],
              [-96.827415, 28.46612],
              [-96.7842032768908, 28.4468223251528],
              [-96.813494, 28.430261],
              [-96.883034, 28.5055],
              [-96.902831, 28.509018],
              [-96.915284, 28.485797],
              [-97.022681, 28.517125],
              [-97.024812, 28.539072],
              [-97.051467, 28.535124],
              [-97.044762, 28.549826],
              [-97.086086, 28.532561],
              [-97.104605, 28.554821],
              [-97.155654, 28.547857],
              [-97.153968, 28.570173],
              [-97.182359, 28.610602],
              [-97.167731, 28.727846],
              [-97.178246, 28.738865],
              [-97.160649, 28.78258],
              [-97.204191, 28.854788],
              [-97.233419, 28.865365],
              [-97.234987, 28.854118],
              [-97.300508, 28.844109],
              [-97.304748, 28.863453],
              [-97.305916, 28.864037]
            ]
          ]
        ]
      }
    },
    {
      "type": "Feature",
      "id": "48_04633",
      "properties": {
        "state_puma_id": "48_04633",
        "state_name": "Texas",
        "state_fips": "48",
        "puma_name": "Harris County (Northwest)--South of US-290 & West of TX-6 PUMA"
      },
      "geometry": {
        "type": "Polygon",
        "coordinates": [
          [
            [-95.72384, 29.879704],
            [-95.718476, 29.894468],
            [-95.683956, 29.896902],
            [-95.67347, 29.953075],
            [-95.619799, 29.914896],
            [-95.645161, 29.867673],
            [-95.720284, 29.861352],
            [-95.723805, 29.877457],
            [-95.72384, 29.879704]
          ]
        ]
      }
    },
    {
      "type": "Feature",
      "id": "48_04400",
      "properties": {
        "state_puma_id": "48_04400",
        "state_name": "Texas",
        "state_fips": "48",
        "puma_name": "Houston-Galveston Area Council--Liberty & Chambers Counties PUMA"
      },
      "geometry": {
        "type": "MultiPolygon",
        "coordinates": [
          [
            [
              [-94.718296, 29.728855],
              [-94.717207, 29.732114],
              [-94.716514, 29.733515],
              [-94.714443, 29.732992],
              [-94.713849, 29.731445],
              [-94.715156, 29.729793],
              [-94.716185, 29.727775],
              [-94.716746, 29.727687],
              [-94.717886, 29.728116],
              [-94.718296, 29.728855]
            ]
          ],
          [
            [
              [-94.928592, 29.58356],
              [-94.907676, 29.573741],
              [-94.927998, 29.582216],
              [-94.928592, 29.58356]
            ]
          ],
          [
            [
              [-94.976099, 29.678265],
              [-94.953192, 29.677459],
              [-94.941427, 29.653398],
              [-94.954239, 29.6503],
              [-94.947369, 29.613423],
              [-94.975554, 29.67618],
              [-94.976099, 29.678265]
            ]
          ],
          [
            [
              [-95.165897, 30.344976],
              [-94.849414, 30.493553],
              [-94.732732, 30.490066],
              [-94.596338, 30.112101],
              [-94.44491, 30.113015],
              [-94.442204, 29.887053],
              [-94.357976, 29.887464],
              [-94.3540940185201, 29.5625650084448],
              [-94.3708230339094, 29.5562445220171],
              [-94.371622, 29.597247],
              [-94.405958, 29.598241],
              [-94.422868, 29.566256],
              [-94.503474, 29.543847],
              [-94.521532, 29.540816],
              [-94.560965, 29.574434],
              [-94.768676, 29.525659],
              [-94.788147, 29.546897],
              [-94.751164, 29.550483],
              [-94.701251, 29.639352],
              [-94.695946, 29.759147],
              [-94.726247, 29.795108],
              [-94.747445, 29.789607],
              [-94.815219, 29.758478],
              [-94.872551, 29.67125],
              [-94.921822, 29.658772],
              [-94.930708691215, 29.6737462591277],
              [-94.91581, 29.698434],
              [-94.945858, 29.716812],
              [-94.913813, 29.7663],
              [-94.923812, 29.796401],
              [-94.908971, 29.82673],
              [-94.977138, 29.868181],
              [-94.998656, 29.919771],
              [-94.982095, 29.964754],
              [-94.999834, 29.991322],
              [-95.031179, 29.993324],
              [-95.162558, 30.336365],
              [-95.165897, 30.344976]
            ]
          ]
        ]
      }
    },
    {
      "type": "Feature",
      "id": "48_01700",
      "properties": {
        "state_puma_id": "48_01700",
        "state_name": "Texas",
        "state_fips": "48",
        "puma_name": "East Texas COG (Southeast)--Rusk, Cherokee & Panola Counties PUMA"
      },
      "geometry": {
        "type": "Polygon",
        "coordinates": [
          [
            [-95.46214, 32.128716],
            [-94.985272, 32.137989],
            [-94.985411, 32.37082],
            [-94.600776, 32.360044],
            [-94.554417, 32.407625],
            [-94.515379, 32.387145],
            [-94.479877, 32.390598],
            [-94.440545, 32.3621],
            [-94.384578, 32.366803],
            [-94.382909, 32.345733],
            [-94.35064, 32.326583],
            [-94.042901, 32.392283],
            [-94.04272, 31.999265],
            [-94.01563, 31.979856],
            [-94.511431, 31.973984],
            [-94.511315, 31.924129],
            [-94.480709, 31.902113],
            [-94.452513, 31.844113],
            [-94.937532, 31.845555],
            [-94.953901, 31.797],
            [-94.978134, 31.793514],
            [-94.926266, 31.761858],
            [-94.967268, 31.753816],
            [-94.972788, 31.738575],
            [-94.954379, 31.723181],
            [-94.965946, 31.697758],
            [-94.95078, 31.679152],
            [-94.954224, 31.639712],
            [-94.926244, 31.609984],
            [-94.920791, 31.574392],
            [-94.891827, 31.578001],
            [-94.900524, 31.552458],
            [-94.865857, 31.526916],
            [-95.003345, 31.42571],
            [-95.007294, 31.444512],
            [-95.045384, 31.445471],
            [-95.064279, 31.471091],
            [-95.100323, 31.468196],
            [-95.111118, 31.483962],
            [-95.094423, 31.49873],
            [-95.099966, 31.518869],
            [-95.143445, 31.539641],
            [-95.139603, 31.562821],
            [-95.168446, 31.583406],
            [-95.207701, 31.570434],
            [-95.260257, 31.577104],
            [-95.275309, 31.594859],
            [-95.262255, 31.619962],
            [-95.287866, 31.63292],
            [-95.283208, 31.676247],
            [-95.342483, 31.718032],
            [-95.33521, 31.734735],
            [-95.366187, 31.726753],
            [-95.358239, 31.749253],
            [-95.402125, 31.76159],
            [-95.401038, 31.818675],
            [-95.446747, 31.843116],
            [-95.420338, 31.926645],
            [-95.445588, 31.945858],
            [-95.452859, 31.97654],
            [-95.424106, 32.018893],
            [-95.438221, 32.035612],
            [-95.422038, 32.047264],
            [-95.438496, 32.066019],
            [-95.424107, 32.083892],
            [-95.461159, 32.127434],
            [-95.46214, 32.128716]
          ]
        ]
      }
    },
    {
      "type": "Feature",
      "id": "48_01300",
      "properties": {
        "state_puma_id": "48_01300",
        "state_name": "Texas",
        "state_fips": "48",
        "puma_name": "East Texas COG (Northwest)--Van Zandt, Wood, Camp & Rains Counties PUMA"
      },
      "geometry": {
        "type": "Polygon",
        "coordinates": [
          [
            [-96.076801, 32.838489],
            [-95.934433, 32.837217],
            [-95.987259, 32.876415],
            [-95.9453, 32.979877],
            [-95.667728, 32.979554],
            [-95.665389, 32.960434],
            [-95.172947, 32.961829],
            [-95.137213, 33.030938],
            [-95.103043, 33.032956],
            [-95.01827, 33.075742],
            [-94.927015, 33.070579],
            [-94.916699, 33.045261],
            [-94.786321, 32.959166],
            [-94.77092, 32.927439],
            [-94.719942, 32.904502],
            [-95.15211, 32.902641],
            [-95.15341, 32.570115],
            [-95.166925, 32.543833],
            [-95.17544, 32.555477],
            [-95.189521, 32.541973],
            [-95.204964, 32.572369],
            [-95.238315, 32.560704],
            [-95.250879, 32.577947],
            [-95.278288, 32.571786],
            [-95.34595, 32.609291],
            [-95.37567, 32.597439],
            [-95.4748, 32.606141],
            [-95.594541, 32.687026],
            [-95.5943, 32.479858],
            [-95.449165, 32.355233],
            [-96.075899, 32.357505],
            [-96.07662, 32.837024],
            [-96.076801, 32.838489]
          ]
        ]
      }
    },
    {
      "type": "Feature",
      "id": "48_04907",
      "properties": {
        "state_puma_id": "48_04907",
        "state_name": "Texas",
        "state_fips": "48",
        "puma_name": "Fort Bend County (South) PUMA"
      },
      "geometry": {
        "type": "Polygon",
        "coordinates": [
          [
            [-96.088912, 29.601658],
            [-96.024825, 29.602899],
            [-96.02272, 29.624443],
            [-95.958573, 29.654334],
            [-95.929788, 29.637326],
            [-95.914276, 29.658964],
            [-95.889497, 29.624911],
            [-95.889233, 29.594132],
            [-95.873201, 29.616466],
            [-95.869472, 29.599749],
            [-95.839248, 29.60319],
            [-95.826179, 29.58787],
            [-95.817777, 29.567997],
            [-95.833292, 29.565178],
            [-95.817191, 29.558077],
            [-95.856678, 29.534654],
            [-95.746822, 29.546799],
            [-95.653492, 29.531066],
            [-95.591824, 29.497864],
            [-95.553032, 29.500779],
            [-95.561904, 29.524705],
            [-95.520334, 29.507156],
            [-95.462674, 29.508079],
            [-95.516053, 29.533665],
            [-95.501706, 29.545398],
            [-95.526382, 29.578114],
            [-95.424286, 29.580312],
            [-95.462602, 29.439238],
            [-95.550622, 29.438306],
            [-95.547577, 29.395197],
            [-95.572341, 29.383826],
            [-95.5792, 29.34062],
            [-95.625777, 29.312981],
            [-95.626535, 29.293146],
            [-95.752866, 29.324503],
            [-95.784013, 29.296249],
            [-95.79782, 29.307971],
            [-95.847656, 29.26259],
            [-95.877043, 29.265743],
            [-95.894468, 29.31498],
            [-95.950643, 29.336577],
            [-95.936524, 29.358355],
            [-95.967389, 29.38197],
            [-95.992024, 29.433792],
            [-96.035291, 29.443007],
            [-96.029473, 29.452052],
            [-96.059627, 29.473329],
            [-96.059681, 29.491868],
            [-96.022418, 29.501893],
            [-96.05307, 29.511942],
            [-96.044495, 29.561947],
            [-96.08439, 29.601054],
            [-96.088912, 29.601658]
          ]
        ]
      }
    },
    {
      "type": "Feature",
      "id": "48_03306",
      "properties": {
        "state_puma_id": "48_03306",
        "state_name": "Texas",
        "state_fips": "48",
        "puma_name": "El Paso City (Northwest) PUMA"
      },
      "geometry": {
        "type": "Polygon",
        "coordinates": [
          [
            [-106.645479, 31.89867],
            [-106.611846, 31.920003],
            [-106.629747, 31.92657],
            [-106.619569, 31.971578],
            [-106.639529, 31.980348],
            [-106.618486, 32.000495],
            [-106.513981, 31.999264],
            [-106.496234, 31.961716],
            [-106.497339, 31.839127],
            [-106.483123, 31.804007],
            [-106.509141, 31.805805],
            [-106.510741339548, 31.7626365885477],
            [-106.547144, 31.807305],
            [-106.602727, 31.825024],
            [-106.602045, 31.844405],
            [-106.635926, 31.866235],
            [-106.629197, 31.883717],
            [-106.645646, 31.895649],
            [-106.645479, 31.89867]
          ]
        ]
      }
    },
    {
      "type": "Feature",
      "id": "48_02101",
      "properties": {
        "state_puma_id": "48_02101",
        "state_name": "Texas",
        "state_fips": "48",
        "puma_name": "Ellis County PUMA"
      },
      "geometry": {
        "type": "Polygon",
        "coordinates": [
          [
            [-97.087059, 32.36528],
            [-97.087054, 32.549263],
            [-96.529412, 32.545277],
            [-96.503287, 32.526563],
            [-96.513286, 32.512143],
            [-96.498216, 32.453729],
            [-96.434278, 32.410853],
            [-96.451453, 32.344679],
            [-96.38291, 32.328929],
            [-96.940656, 32.052087],
            [-97.087043, 32.266824],
            [-97.087056, 32.36187],
            [-97.087059, 32.36528]
          ]
        ]
      }
    },
    {
      "type": "Feature",
      "id": "48_05305",
      "properties": {
        "state_puma_id": "48_05305",
        "state_name": "Texas",
        "state_fips": "48",
        "puma_name": "Austin City (Northwest) PUMA"
      },
      "geometry": {
        "type": "Polygon",
        "coordinates": [
          [
            [-97.934048, 30.336451],
            [-97.899426, 30.395243],
            [-97.924763, 30.457433],
            [-97.885003, 30.5123],
            [-97.867459, 30.515308],
            [-97.823069, 30.453436],
            [-97.74749, 30.42229],
            [-97.738299, 30.379988],
            [-97.771931, 30.351692],
            [-97.785935, 30.296576],
            [-97.801227, 30.307921],
            [-97.834732, 30.296679],
            [-97.861895, 30.318156],
            [-97.893744, 30.307992],
            [-97.890395, 30.342375],
            [-97.917887, 30.326603],
            [-97.934688, 30.335703],
            [-97.934048, 30.336451]
          ]
        ]
      }
    },
    {
      "type": "Feature",
      "id": "48_04638",
      "properties": {
        "state_puma_id": "48_04638",
        "state_name": "Texas",
        "state_fips": "48",
        "puma_name": "Houston City (Southwest)--East of TX-6 & West of Beltway TX-8 PUMA"
      },
      "geometry": {
        "type": "Polygon",
        "coordinates": [
          [
            [-95.644062, 29.711051],
            [-95.557475, 29.689424],
            [-95.558124, 29.661048],
            [-95.518321, 29.626586],
            [-95.643636, 29.685934],
            [-95.644012, 29.707205],
            [-95.644062, 29.711051]
          ]
        ]
      }
    },
    {
      "type": "Feature",
      "id": "48_04631",
      "properties": {
        "state_puma_id": "48_04631",
        "state_name": "Texas",
        "state_fips": "48",
        "puma_name": "Harris County (Northwest)--North of US-290 & North of FM-1960 PUMA"
      },
      "geometry": {
        "type": "Polygon",
        "coordinates": [
          [
            [-95.699476, 29.975048],
            [-95.697364, 30.024598],
            [-95.652644, 30.025122],
            [-95.635598, 30.004286],
            [-95.590023, 30.013095],
            [-95.547051, 29.961212],
            [-95.619799, 29.914896],
            [-95.699797, 29.973597],
            [-95.699476, 29.975048]
          ]
        ]
      }
    },
    {
      "type": "Feature",
      "id": "48_03502",
      "properties": {
        "state_puma_id": "48_03502",
        "state_name": "Texas",
        "state_fips": "48",
        "puma_name": "Central Texas COG--Bell County (North, East & South), Temple & Belton Cities PUMA"
      },
      "geometry": {
        "type": "Polygon",
        "coordinates": [
          [
            [-97.913847, 31.065882],
            [-97.816828, 31.115709],
            [-97.816003, 31.059892],
            [-97.747803, 31.053665],
            [-97.710579, 31.023066],
            [-97.664975, 31.035096],
            [-97.65318, 31.004924],
            [-97.625322, 31.023914],
            [-97.609838, 31.009958],
            [-97.594558, 31.025037],
            [-97.633522, 31.044321],
            [-97.623528, 31.075396],
            [-97.674683, 31.083906],
            [-97.671844, 31.133265],
            [-97.75789, 31.134232],
            [-97.763107, 31.113351],
            [-97.815854, 31.11621],
            [-97.418606, 31.320202],
            [-97.343426, 31.244215],
            [-97.278113, 31.279799],
            [-97.070057, 30.986031],
            [-97.258959, 30.889579],
            [-97.315485, 30.752363],
            [-97.624051, 30.870004],
            [-97.8281, 30.904414],
            [-97.912654, 31.050886],
            [-97.913847, 31.065882]
          ]
        ]
      }
    },
    {
      "type": "Feature",
      "id": "48_04100",
      "properties": {
        "state_puma_id": "48_04100",
        "state_name": "Texas",
        "state_fips": "48",
        "puma_name": "Deep East Texas COG (East) & Jasper County PUMA"
      },
      "geometry": {
        "type": "Polygon",
        "coordinates": [
          [
            [-94.656638, 31.012665],
            [-94.561943, 31.058952],
            [-94.492304, 31.044994],
            [-94.471521, 31.026431],
            [-94.129632, 31.09928],
            [-94.192732, 31.135455],
            [-94.218997, 31.173265],
            [-94.262206, 31.180334],
            [-94.339773, 31.24082],
            [-94.315119, 31.308439],
            [-94.330933, 31.363317],
            [-94.326934, 31.399991],
            [-94.30526, 31.421852],
            [-94.324993, 31.43941],
            [-94.316109, 31.495614],
            [-94.302217, 31.505144],
            [-94.305583, 31.570929],
            [-94.365722, 31.632757],
            [-94.395278, 31.638636],
            [-94.416809, 31.705913],
            [-94.41249, 31.746361],
            [-94.431615, 31.773528],
            [-94.42412, 31.800154],
            [-94.480709, 31.902113],
            [-94.511315, 31.924129],
            [-94.511431, 31.973984],
            [-94.0154203807042, 31.9801588291318],
            [-93.973942, 31.921668],
            [-93.923256, 31.907793],
            [-93.922124, 31.885707],
            [-93.897412, 31.894436],
            [-93.902458, 31.875275],
            [-93.880783, 31.864753],
            [-93.873253, 31.814886],
            [-93.839343, 31.80033],
            [-93.822598, 31.773559],
            [-93.836103, 31.748521],
            [-93.813466, 31.725884],
            [-93.816291, 31.707497],
            [-93.794989, 31.704806],
            [-93.826462, 31.666919],
            [-93.816838, 31.622509],
            [-93.838057, 31.606795],
            [-93.834924, 31.586211],
            [-93.787687, 31.527344],
            [-93.747737, 31.53069],
            [-93.742196, 31.515469],
            [-93.711581, 31.512789],
            [-93.751851, 31.483117],
            [-93.749476, 31.46869],
            [-93.703934, 31.455493],
            [-93.708937, 31.441706],
            [-93.692526, 31.438201],
            [-93.704879, 31.410881],
            [-93.674117, 31.397681],
            [-93.670108, 31.3657],
            [-93.639257, 31.371535],
            [-93.668439, 31.353012],
            [-93.68688, 31.305166],
            [-93.641472, 31.269936],
            [-93.620343, 31.271025],
            [-93.617984, 31.232501],
            [-93.596556, 31.229657],
            [-93.607288, 31.205403],
            [-93.588503, 31.165581],
            [-93.533307, 31.184463],
            [-93.5487, 31.155839],
            [-93.5397, 31.114449],
            [-93.563472, 31.093989],
            [-93.527747, 31.07457],
            [-93.518912, 31.061863],
            [-93.531219, 31.051678],
            [-93.508292, 31.032352],
            [-93.578207, 30.999995],
            [-93.564289, 30.989601],
            [-93.572823, 30.970723],
            [-93.531758, 30.958217],
            [-93.526013, 30.937535],
            [-93.57408, 30.884529],
            [-93.554645, 30.823249],
            [-93.583775, 30.801779],
            [-93.592101, 30.763675],
            [-93.614448, 30.75987],
            [-93.609544, 30.723139],
            [-93.629904, 30.67994],
            [-93.6831, 30.640763],
            [-93.678662, 30.594097],
            [-93.721936, 30.580324],
            [-93.740253, 30.539569],
            [-93.706507, 30.50991],
            [-93.717421, 30.483822],
            [-93.6978, 30.440583],
            [-93.726824, 30.429675],
            [-93.757654, 30.390423],
            [-93.751744, 30.361046],
            [-93.765822, 30.333318],
            [-93.743941, 30.304032],
            [-93.704584, 30.289949],
            [-93.7051585596811, 30.2438609876218],
            [-94.117604, 30.241665],
            [-94.096455, 30.258682],
            [-94.113565, 30.262854],
            [-94.117792, 30.300554],
            [-94.08292, 30.345654],
            [-94.119394, 30.426298],
            [-94.071689, 30.526033],
            [-94.545717, 30.526977],
            [-94.657992, 31.012007],
            [-94.656638, 31.012665]
          ]
        ]
      }
    },
    {
      "type": "Feature",
      "id": "48_04302",
      "properties": {
        "state_puma_id": "48_04302",
        "state_name": "Texas",
        "state_fips": "48",
        "puma_name": "Jefferson County (Outside Beaumont City)--Port Arthur City PUMA"
      },
      "geometry": {
        "type": "Polygon",
        "coordinates": [
          [
            [-94.44491, 30.113015],
            [-94.399233, 30.097403],
            [-94.30043, 30.114146],
            [-94.279188, 30.131926],
            [-94.275451, 30.170265],
            [-94.223725, 30.173684],
            [-94.205037, 30.14823],
            [-94.211977, 30.105086],
            [-94.189905, 30.106827],
            [-94.211556, 30.095535],
            [-94.211638, 30.0751],
            [-94.183902, 30.002111],
            [-94.12581, 29.991025],
            [-94.129281, 30.036222],
            [-94.068669, 30.025157],
            [-94.058075, 30.034395],
            [-94.085658, 30.058781],
            [-94.075584, 30.076642],
            [-94.051877, 30.078712],
            [-94.027476, 30.066012],
            [-94.029476, 30.025513],
            [-94.001039, 30.030964],
            [-93.996774, 30.013113],
            [-93.983074, 30.021812],
            [-93.981774, 30.008913],
            [-93.860169, 29.977397],
            [-93.838824, 29.936934],
            [-93.8543426408309, 29.8649909997958],
            [-93.91636, 29.824968],
            [-93.928808, 29.79708],
            [-93.837725, 29.679024],
            [-94.056506, 29.671163],
            [-94.3540940185201, 29.5625650084448],
            [-94.357976, 29.887464],
            [-94.442204, 29.887053],
            [-94.445106, 30.112019],
            [-94.44491, 30.113015]
          ]
        ]
      }
    },
    {
      "type": "Feature",
      "id": "48_06500",
      "properties": {
        "state_puma_id": "48_06500",
        "state_name": "Texas",
        "state_fips": "48",
        "puma_name": "Coastal Bend COG (Northeast) PUMA"
      },
      "geometry": {
        "type": "MultiPolygon",
        "coordinates": [
          [
            [
              [-96.822899, 28.167432],
              [-96.821267, 28.168361],
              [-96.8194604590773, 28.1680715818538],
              [-96.8203305524285, 28.1634171288584],
              [-96.821354, 28.165651],
              [-96.822899, 28.167432]
            ]
          ],
          [
            [
              [-97.056063, 27.849732],
              [-97.03586, 27.908873],
              [-96.997028, 27.940376],
              [-97.035748, 27.940428],
              [-96.98543, 27.955045],
              [-96.984402, 27.984355],
              [-96.925458, 28.08841],
              [-96.880536, 28.106022],
              [-96.896936, 28.114722],
              [-96.873881, 28.133483],
              [-96.8302008306531, 28.1108816440637],
              [-96.8530539631559, 28.0608472718433],
              [-96.991409, 27.922576],
              [-97.045222, 27.839774],
              [-97.055231, 27.847315],
              [-97.056063, 27.849732]
            ]
          ],
          [
            [
              [-97.078917, 27.917014],
              [-97.053603, 27.90231],
              [-97.050394, 27.874369],
              [-97.064922, 27.852412],
              [-97.065492, 27.909582],
              [-97.079068, 27.91632],
              [-97.078917, 27.917014]
            ]
          ],
          [
            [
              [-97.238558, 27.836015],
              [-97.229997, 27.830039],
              [-97.240054, 27.833566],
              [-97.238558, 27.836015]
            ]
          ],
          [
            [
              [-98.089764, 28.662979],
              [-97.915106, 28.719648],
              [-97.825312, 28.670341],
              [-97.788002, 28.675832],
              [-97.732125, 28.628833],
              [-97.696572, 28.541537],
              [-97.646595, 28.520928],
              [-97.623081, 28.529588],
              [-97.558608, 28.514241],
              [-97.552304, 28.451146],
              [-97.521886, 28.446876],
              [-97.517853, 28.431972],
              [-97.48521, 28.436391],
              [-97.445477, 28.402676],
              [-97.400463, 28.405696],
              [-97.399373, 28.392191],
              [-97.375579, 28.388684],
              [-97.160751, 28.553475],
              [-97.104605, 28.554821],
              [-97.086086, 28.532561],
              [-97.044762, 28.549826],
              [-97.051467, 28.535124],
              [-97.024812, 28.539072],
              [-97.022681, 28.517125],
              [-96.915284, 28.485797],
              [-96.902831, 28.509018],
              [-96.883034, 28.5055],
              [-96.813494, 28.430261],
              [-96.785726, 28.44742],
              [-96.764638, 28.425502],
              [-96.780948, 28.401118],
              [-96.83811, 28.432788],
              [-96.859145, 28.415857],
              [-96.7945, 28.364634],
              [-96.791761, 28.31217],
              [-96.809232, 28.293391],
              [-96.7987181122199, 28.2759479998208],
              [-96.811711, 28.213512],
              [-96.913051, 28.120445],
              [-96.926194, 28.115372],
              [-96.910337, 28.147283],
              [-96.931554, 28.123893],
              [-96.967625, 28.125343],
              [-96.925374, 28.193149],
              [-96.942487, 28.217656],
              [-96.918006, 28.269373],
              [-96.968513, 28.21996],
              [-96.945934, 28.196501],
              [-96.972401, 28.173059],
              [-96.979684, 28.125361],
              [-97.025384, 28.14963],
              [-97.008834, 28.158263],
              [-97.016731, 28.203332],
              [-97.169185, 28.130512],
              [-97.21772, 28.085946],
              [-97.219978, 28.072735],
              [-97.121935, 28.020922],
              [-97.105892, 28.038021],
              [-97.135246, 28.04788],
              [-97.054197, 28.092761],
              [-97.053365, 28.118338],
              [-97.020565, 28.104816],
              [-97.036846, 28.07588],
              [-97.0252, 28.032147],
              [-97.043739, 28.028056],
              [-97.064429, 27.992834],
              [-97.075077, 27.919354],
              [-97.074887, 27.974868],
              [-97.087182, 27.970791],
              [-97.190597, 27.823271],
              [-97.224886, 27.826676],
              [-97.22085, 27.850262],
              [-97.263566, 27.880815],
              [-97.354949, 27.851081],
              [-97.330714, 27.873816],
              [-97.337784, 27.883624],
              [-97.418358, 27.870388],
              [-97.458664, 27.878882],
              [-97.481224, 27.860092],
              [-97.493239, 27.884076],
              [-97.520743, 27.860747],
              [-97.488949, 27.840338],
              [-97.589473, 27.856101],
              [-97.611798, 27.892595],
              [-97.632049, 27.893641],
              [-97.638174, 27.865594],
              [-97.67528, 27.882538],
              [-97.690514, 27.916969],
              [-97.736274, 27.912041],
              [-97.730018, 27.923288],
              [-97.762803, 27.923398],
              [-97.780678, 27.947669],
              [-97.806271, 27.934295],
              [-97.817578, 27.970617],
              [-97.789154, 28.013589],
              [-97.79607, 28.031258],
              [-97.860843, 28.03823],
              [-97.900027, 28.065636],
              [-97.904081, 28.114228],
              [-97.808774, 28.183415],
              [-98.082555, 28.650797],
              [-98.089764, 28.662979]
            ]
          ]
        ]
      }
    },
    {
      "type": "Feature",
      "id": "48_06701",
      "properties": {
        "state_puma_id": "48_06701",
        "state_name": "Texas",
        "state_fips": "48",
        "puma_name": "Cameron County (East)--Brownsville City (North) PUMA"
      },
      "geometry": {
        "type": "MultiPolygon",
        "coordinates": [
          [
            [
              [-97.2404693981065, 26.411187847471],
              [-97.2249460830257, 26.4112025299087],
              [-97.201648, 26.324949],
              [-97.153712, 26.067582],
              [-97.169317, 26.077714],
              [-97.19731, 26.278009],
              [-97.241512, 26.408334],
              [-97.2404693981065, 26.411187847471]
            ]
          ],
          [
            [
              [-97.6701572837536, 26.0325111743459],
              [-97.607179, 26.114481],
              [-97.57763, 26.107741],
              [-97.56431, 26.188048],
              [-97.585647, 26.183096],
              [-97.603863, 26.198509],
              [-97.582521, 26.299461],
              [-97.527582, 26.299304],
              [-97.521306, 26.325837],
              [-97.505688, 26.31324],
              [-97.508518, 26.334428],
              [-97.469745, 26.329885],
              [-97.47247, 26.342617],
              [-97.446987, 26.324947],
              [-97.393868, 26.405488],
              [-97.3487421850313, 26.4110407453481],
              [-97.279892, 26.270923],
              [-97.30984, 26.288291],
              [-97.324339, 26.277316],
              [-97.299858, 26.267406],
              [-97.316733, 26.224025],
              [-97.297243, 26.203341],
              [-97.303635, 26.166219],
              [-97.282753, 26.11909],
              [-97.293015, 26.130192],
              [-97.312538, 26.120344],
              [-97.269422, 26.086082],
              [-97.189693, 26.071582],
              [-97.195675, 26.046559],
              [-97.149662, 26.064136],
              [-97.147277, 25.953324],
              [-97.175263, 25.965503],
              [-97.24701, 25.948234],
              [-97.284446, 25.959156],
              [-97.277163, 25.935438],
              [-97.303029, 25.936999],
              [-97.326003, 25.917689],
              [-97.348274, 25.931143],
              [-97.374855, 25.908543],
              [-97.356629, 25.887681],
              [-97.374036, 25.879764],
              [-97.35766, 25.869182],
              [-97.37618, 25.855733],
              [-97.3641, 25.850034],
              [-97.372864, 25.840117],
              [-97.40525, 25.837728],
              [-97.410018, 25.862077],
              [-97.424888, 25.840632],
              [-97.457022, 25.868936],
              [-97.437872, 25.876276],
              [-97.432719, 25.898772],
              [-97.412173, 25.895809],
              [-97.435827, 25.938749],
              [-97.419415, 25.956941],
              [-97.472722, 25.962201],
              [-97.492585, 25.98569],
              [-97.535208, 25.982796],
              [-97.544204, 25.944955],
              [-97.582338, 25.932683],
              [-97.567646, 25.95183],
              [-97.577941, 25.942865],
              [-97.582373, 25.962469],
              [-97.602149, 25.957381],
              [-97.634436, 25.990268],
              [-97.619296, 26.002924],
              [-97.634804, 25.999509],
              [-97.649562, 26.011324],
              [-97.639042, 26.02297],
              [-97.667001, 26.018876],
              [-97.67015, 26.032501],
              [-97.6701572837536, 26.0325111743459]
            ]
          ]
        ]
      }
    },
    {
      "type": "Feature",
      "id": "48_06807",
      "properties": {
        "state_puma_id": "48_06807",
        "state_name": "Texas",
        "state_fips": "48",
        "puma_name": "Hidalgo County (North & West) PUMA"
      },
      "geometry": {
        "type": "Polygon",
        "coordinates": [
          [
            [-98.585295, 26.26027],
            [-98.32067, 26.783081],
            [-97.985494, 26.780917],
            [-97.985303, 26.615809],
            [-97.957405, 26.611769],
            [-97.963943, 26.53364],
            [-97.984367, 26.536578],
            [-98.004189, 26.448784],
            [-97.862227, 26.433579],
            [-97.861913, 26.230051],
            [-97.943634, 26.22879],
            [-97.940121, 26.351223],
            [-97.972321, 26.35593],
            [-97.977399, 26.308199],
            [-98.037727, 26.292849],
            [-98.025177, 26.377783],
            [-98.069166, 26.385768],
            [-98.059215, 26.441117],
            [-98.237623, 26.466658],
            [-98.258115, 26.351886],
            [-98.243731, 26.349877],
            [-98.249512, 26.278257],
            [-98.368368, 26.294772],
            [-98.3866461548818, 26.1580266015834],
            [-98.442536, 26.199151],
            [-98.443406, 26.223653],
            [-98.481582, 26.219379],
            [-98.48274, 26.201644],
            [-98.545328, 26.244536],
            [-98.558816, 26.245932],
            [-98.546005, 26.236889],
            [-98.563414, 26.22534],
            [-98.5866993125035, 26.2575704070883],
            [-98.585295, 26.26027]
          ]
        ]
      }
    },
    {
      "type": "Feature",
      "id": "48_06302",
      "properties": {
        "state_puma_id": "48_06302",
        "state_name": "Texas",
        "state_fips": "48",
        "puma_name": "South Texas Development Council-Webb County (North & East)-Laredo City (Outer) PUMA"
      },
      "geometry": {
        "type": "Polygon",
        "coordinates": [
          [
            [-100.212165531128, 28.1968371629783],
            [-99.394177, 28.204627],
            [-99.388946, 28.030419],
            [-98.803325, 28.05748],
            [-98.798087, 27.268012],
            [-99.33361, 27.273223],
            [-99.370621, 27.319174],
            [-99.484738, 27.259371],
            [-99.494604, 27.303542],
            [-99.537806, 27.317587],
            [-99.504837, 27.338289],
            [-99.487521, 27.412396],
            [-99.495104, 27.451518],
            [-99.461959, 27.464433],
            [-99.448625, 27.490797],
            [-99.462894, 27.529926],
            [-99.451784, 27.550632],
            [-99.479902, 27.554387],
            [-99.476612, 27.587111],
            [-99.5286965411504, 27.5791035891717],
            [-99.55495, 27.614454],
            [-99.584843, 27.603903],
            [-99.576958, 27.617234],
            [-99.596231, 27.639858],
            [-99.654324, 27.629616],
            [-99.664223, 27.657575],
            [-99.721519, 27.666155],
            [-99.77074, 27.732134],
            [-99.801651, 27.741771],
            [-99.813086, 27.773952],
            [-99.838791, 27.764181],
            [-99.850877, 27.793974],
            [-99.876553, 27.797359],
            [-99.877202, 27.842179],
            [-99.904385, 27.875284],
            [-99.896875, 27.907685],
            [-99.937142, 27.940537],
            [-99.931812, 27.980967],
            [-99.991447, 27.99456],
            [-100.018951, 28.066441],
            [-100.053123, 28.08473],
            [-100.086898, 28.146783],
            [-100.212105, 28.19651],
            [-100.212165531128, 28.1968371629783]
          ]
        ]
      }
    },
    {
      "type": "Feature",
      "id": "48_01907",
      "properties": {
        "state_puma_id": "48_01907",
        "state_name": "Texas",
        "state_fips": "48",
        "puma_name": "Collin County (East) PUMA"
      },
      "geometry": {
        "type": "Polygon",
        "coordinates": [
          [
            [-96.727251, 33.402918],
            [-96.386474, 33.398075],
            [-96.384495, 33.341119],
            [-96.295413, 33.351936],
            [-96.297227, 32.981752],
            [-96.583452, 32.983859],
            [-96.561617, 32.997953],
            [-96.578398, 32.999671],
            [-96.568389, 33.054439],
            [-96.585644, 33.055017],
            [-96.58873, 33.08531],
            [-96.628788, 33.085651],
            [-96.628755, 33.1149],
            [-96.652715, 33.115142],
            [-96.644772, 33.129634],
            [-96.659641, 33.129908],
            [-96.645286, 33.157933],
            [-96.583096, 33.146346],
            [-96.572788, 33.173988],
            [-96.598837, 33.19587],
            [-96.593121, 33.230762],
            [-96.680495, 33.301436],
            [-96.728508, 33.399408],
            [-96.727251, 33.402918]
          ]
        ]
      }
    },
    {
      "type": "Feature",
      "id": "48_04623",
      "properties": {
        "state_puma_id": "48_04623",
        "state_name": "Texas",
        "state_fips": "48",
        "puma_name": "Harris County (East)--Baytown City PUMA"
      },
      "geometry": {
        "type": "MultiPolygon",
        "coordinates": [
          [
            [
              [-94.978386, 29.683654],
              [-94.977435, 29.685202],
              [-94.976128, 29.685202],
              [-94.973751, 29.686131],
              [-94.97185, 29.685305],
              [-94.969948, 29.683654],
              [-94.968576, 29.682546],
              [-94.969379, 29.682517],
              [-94.969366, 29.681676],
              [-94.970049, 29.681519],
              [-94.976099, 29.678265],
              [-94.977911, 29.681176],
              [-94.978386, 29.683654]
            ]
          ],
          [
            [
              [-94.992053, 29.698416],
              [-94.973751, 29.689125],
              [-94.992409, 29.697797],
              [-94.992053, 29.698416]
            ]
          ],
          [
            [
              [-95.106089, 29.845679],
              [-95.090311, 29.848636],
              [-95.083662, 29.897872],
              [-94.985911, 29.973012],
              [-94.998656, 29.919771],
              [-94.977138, 29.868181],
              [-94.908971, 29.82673],
              [-94.923812, 29.796401],
              [-94.913813, 29.7663],
              [-94.945858, 29.716812],
              [-94.91581, 29.698434],
              [-94.930708691215, 29.6737462591277],
              [-94.942681, 29.697778],
              [-94.989849, 29.713383],
              [-95.0185855644323, 29.7052360276071],
              [-95.023388, 29.726402],
              [-95.082685, 29.764138],
              [-95.056714, 29.797764],
              [-95.088084, 29.798535],
              [-95.089674, 29.813965],
              [-95.061996, 29.830903],
              [-95.106378, 29.844174],
              [-95.106089, 29.845679]
            ]
          ]
        ]
      }
    },
    {
      "type": "Feature",
      "id": "48_01501",
      "properties": {
        "state_puma_id": "48_01501",
        "state_name": "Texas",
        "state_fips": "48",
        "puma_name": "East Texas COG (Central)--Smith County (Outside Tyler City) PUMA"
      },
      "geometry": {
        "type": "Polygon",
        "coordinates": [
          [
            [-95.594541, 32.687026],
            [-95.4748, 32.606141],
            [-95.37567, 32.597439],
            [-95.34595, 32.609291],
            [-95.278288, 32.571786],
            [-95.250879, 32.577947],
            [-95.238315, 32.560704],
            [-95.204964, 32.572369],
            [-95.183548, 32.540968],
            [-95.17544, 32.555477],
            [-95.164973, 32.544583],
            [-95.150507, 32.572116],
            [-95.118786, 32.542496],
            [-95.093259, 32.557682],
            [-95.075322, 32.537073],
            [-95.04076, 32.532285],
            [-95.020974, 32.546726],
            [-95.011602, 32.516477],
            [-94.986935, 32.537246],
            [-94.985411, 32.37082],
            [-94.985272, 32.137989],
            [-95.459908, 32.135559],
            [-95.479821, 32.151938],
            [-95.462578, 32.201763],
            [-95.488473, 32.232577],
            [-95.456642, 32.274911],
            [-95.437373, 32.264952],
            [-95.364116, 32.28261],
            [-95.353357, 32.27518],
            [-95.362929, 32.242231],
            [-95.323665, 32.239257],
            [-95.311639, 32.207371],
            [-95.246695, 32.225319],
            [-95.238226, 32.258602],
            [-95.215625, 32.24149],
            [-95.200299, 32.256324],
            [-95.267221, 32.341802],
            [-95.267519, 32.387515],
            [-95.331612, 32.380944],
            [-95.340825, 32.397125],
            [-95.370322, 32.395409],
            [-95.35805, 32.373393],
            [-95.377946, 32.375935],
            [-95.376026, 32.359048],
            [-95.414339, 32.344414],
            [-95.409948, 32.362847],
            [-95.4704, 32.368798],
            [-95.5943, 32.479858],
            [-95.594524, 32.66975],
            [-95.594541, 32.687026]
          ]
        ]
      }
    },
    {
      "type": "Feature",
      "id": "48_03400",
      "properties": {
        "state_puma_id": "48_03400",
        "state_name": "Texas",
        "state_fips": "48",
        "puma_name": "Central Texas COG (West), Burnet & Llano Counties PUMA"
      },
      "geometry": {
        "type": "Polygon",
        "coordinates": [
          [
            [-99.092317, 30.941002],
            [-99.090622, 31.460927],
            [-99.062995, 31.462722],
            [-99.041052, 31.490579],
            [-99.010644, 31.471246],
            [-98.779951, 31.610735],
            [-98.759983, 31.687906],
            [-98.492802, 31.723608],
            [-98.463736, 31.683989],
            [-98.326656, 31.754098],
            [-98.156568, 31.841713],
            [-98.208386, 31.917511],
            [-98.005462, 32.017897],
            [-97.766431, 31.672461],
            [-97.689834, 31.711019],
            [-97.418606, 31.320202],
            [-97.913847, 31.065882],
            [-97.911689, 31.035009],
            [-97.8281, 30.904414],
            [-97.96286, 30.785641],
            [-98.123126, 30.487041],
            [-98.097778, 30.498058],
            [-98.097709, 30.467626],
            [-98.125481, 30.426164],
            [-98.411924, 30.502093],
            [-98.964232, 30.498482],
            [-98.964612, 30.921368],
            [-99.092431, 30.921968],
            [-99.092317, 30.941002]
          ]
        ]
      }
    },
    {
      "type": "Feature",
      "id": "48_01502",
      "properties": {
        "state_puma_id": "48_01502",
        "state_name": "Texas",
        "state_fips": "48",
        "puma_name": "East Texas COG (Central)--Smith County (West) (Tyler City) PUMA"
      },
      "geometry": {
        "type": "Polygon",
        "coordinates": [
          [
            [-95.457508, 32.329254],
            [-95.453521, 32.371845],
            [-95.409948, 32.362847],
            [-95.414339, 32.344414],
            [-95.403583, 32.344445],
            [-95.376026, 32.359048],
            [-95.377946, 32.375935],
            [-95.35805, 32.373393],
            [-95.370322, 32.395409],
            [-95.340825, 32.397125],
            [-95.331612, 32.380944],
            [-95.267519, 32.387515],
            [-95.267221, 32.341802],
            [-95.200299, 32.256324],
            [-95.212785, 32.243243],
            [-95.238226, 32.258602],
            [-95.246695, 32.225319],
            [-95.311639, 32.207371],
            [-95.323665, 32.239257],
            [-95.362929, 32.242231],
            [-95.353357, 32.27518],
            [-95.364116, 32.28261],
            [-95.451293, 32.267291],
            [-95.458738, 32.328429],
            [-95.457508, 32.329254]
          ]
        ]
      }
    },
    {
      "type": "Feature",
      "id": "48_05906",
      "properties": {
        "state_puma_id": "48_05906",
        "state_name": "Texas",
        "state_fips": "48",
        "puma_name": "San Antonio City (Southwest)--Inside Loop I-410 PUMA"
      },
      "geometry": {
        "type": "Polygon",
        "coordinates": [
          [
            [-98.636768, 29.371071],
            [-98.613508, 29.377045],
            [-98.576022, 29.355349],
            [-98.549062, 29.398769],
            [-98.511286, 29.396221],
            [-98.503867, 29.337989],
            [-98.481175, 29.334042],
            [-98.477888, 29.322003],
            [-98.607521, 29.3166],
            [-98.63659, 29.370625],
            [-98.636768, 29.371071]
          ]
        ]
      }
    },
    {
      "type": "Feature",
      "id": "48_03700",
      "properties": {
        "state_puma_id": "48_03700",
        "state_name": "Texas",
        "state_fips": "48",
        "puma_name": "Heart of Texas COG--Outside McLennan County & Navarro County PUMA"
      },
      "geometry": {
        "type": "Polygon",
        "coordinates": [
          [
            [-98.000683, 32.020279],
            [-97.630885, 32.207403],
            [-97.594286, 32.201622],
            [-97.601558, 32.17562],
            [-97.573395, 32.180315],
            [-97.568013, 32.150153],
            [-97.516121, 32.133612],
            [-97.511986, 32.161177],
            [-97.475985, 32.181679],
            [-97.086117, 32.265471],
            [-96.940656, 32.052087],
            [-96.38291, 32.328929],
            [-96.29868, 32.301156],
            [-96.28507, 32.254592],
            [-96.234251, 32.250399],
            [-96.193685, 32.204221],
            [-96.14621, 32.211249],
            [-96.17584, 32.168241],
            [-96.138914, 32.151377],
            [-96.112857, 32.160321],
            [-96.109205, 32.077111],
            [-96.062917, 32.080577],
            [-96.066462, 32.037757],
            [-96.048953, 31.997591],
            [-96.064804, 31.980664],
            [-96.042914, 31.962793],
            [-96.061908, 31.955437],
            [-96.041451, 31.944927],
            [-96.02193, 31.957299],
            [-96.001401, 31.908169],
            [-96.013579, 31.911114],
            [-96.027622, 31.877875],
            [-95.968119, 31.87246],
            [-95.994543, 31.843359],
            [-95.973232, 31.819136],
            [-95.983574, 31.788002],
            [-95.897965, 31.766963],
            [-95.900079, 31.752132],
            [-95.875937, 31.755503],
            [-95.86661, 31.719099],
            [-95.880632, 31.700369],
            [-95.862206, 31.687465],
            [-95.835324, 31.695597],
            [-95.805732, 31.671075],
            [-95.787553, 31.692596],
            [-95.7873, 31.618385],
            [-96.322853, 31.374067],
            [-96.319165, 31.357129],
            [-97.070057, 30.986031],
            [-97.278113, 31.279799],
            [-96.801123, 31.522269],
            [-97.037266, 31.863079],
            [-97.60523, 31.587762],
            [-97.689834, 31.711019],
            [-97.766431, 31.672461],
            [-98.005462, 32.017897],
            [-98.000683, 32.020279]
          ]
        ]
      }
    },
    {
      "type": "Feature",
      "id": "48_05201",
      "properties": {
        "state_puma_id": "48_05201",
        "state_name": "Texas",
        "state_fips": "48",
        "puma_name": "Capital Area COG--Williamson County (North), Georgetown (East) & Taylor Cities PUMA"
      },
      "geometry": {
        "type": "Polygon",
        "coordinates": [
          [
            [-97.974361, 30.764553],
            [-97.8281, 30.904414],
            [-97.624051, 30.870004],
            [-97.269949, 30.735362],
            [-97.155219, 30.457344],
            [-97.334463, 30.402843],
            [-97.434113, 30.459719],
            [-97.510862, 30.485265],
            [-97.550068, 30.476483],
            [-97.580596, 30.500698],
            [-97.55899, 30.557143],
            [-97.609439, 30.571847],
            [-97.640123, 30.559339],
            [-97.668973, 30.633334],
            [-97.689797, 30.621192],
            [-97.683325, 30.65161],
            [-97.726718, 30.66655],
            [-97.71776, 30.682926],
            [-97.760529, 30.711612],
            [-97.827521, 30.703102],
            [-97.871883, 30.675238],
            [-97.875486, 30.653303],
            [-97.931948, 30.674691],
            [-97.952645, 30.709557],
            [-97.997996, 30.720209],
            [-97.974361, 30.764553]
          ]
        ]
      }
    },
    {
      "type": "Feature",
      "id": "48_02700",
      "properties": {
        "state_puma_id": "48_02700",
        "state_name": "Texas",
        "state_fips": "48",
        "puma_name": "West Central Texas COG--Taylor County, Abilene City PUMA"
      },
      "geometry": {
        "type": "Polygon",
        "coordinates": [
          [
            [-100.151842, 32.090639],
            [-100.146543, 32.522793],
            [-99.629639, 32.520713],
            [-99.631413, 32.081274],
            [-100.151911, 32.082638],
            [-100.151842, 32.090639]
          ]
        ]
      }
    },
    {
      "type": "Feature",
      "id": "48_05100",
      "properties": {
        "state_puma_id": "48_05100",
        "state_name": "Texas",
        "state_fips": "48",
        "puma_name": "Capital Area COG (East)--Bastrop, Caldwell, Fayette & Lee Counties PUMA"
      },
      "geometry": {
        "type": "Polygon",
        "coordinates": [
          [
            [-97.897071, 29.864369],
            [-97.893896, 29.883734],
            [-97.792435, 29.945177],
            [-97.760705, 29.988119],
            [-97.492482, 30.210011],
            [-97.369491, 30.419642],
            [-97.334463, 30.402843],
            [-97.155219, 30.457344],
            [-96.96363, 30.557198],
            [-96.918902, 30.539212],
            [-96.895906, 30.489158],
            [-96.899843, 30.460277],
            [-96.874822, 30.457466],
            [-96.870507, 30.435415],
            [-96.787616, 30.388948],
            [-96.743672, 30.319757],
            [-96.694682, 30.320191],
            [-96.663716, 30.295549],
            [-96.640883, 30.296786],
            [-96.687104, 30.248069],
            [-96.732855, 30.242907],
            [-96.741508, 30.19743],
            [-96.794552, 30.160545],
            [-96.766937, 30.138745],
            [-96.687141, 30.16435],
            [-96.683394, 30.151038],
            [-96.647223, 30.145174],
            [-96.62198, 30.044283],
            [-96.569844, 29.961516],
            [-96.874222, 29.632706],
            [-97.143262, 29.628089],
            [-97.130517, 29.643296],
            [-97.317893, 29.784658],
            [-97.597695, 29.630745],
            [-97.603731, 29.641786],
            [-97.617497, 29.633553],
            [-97.652612, 29.667843],
            [-97.698511, 29.666988],
            [-97.743629, 29.697496],
            [-97.738308, 29.712744],
            [-97.763364, 29.713042],
            [-97.780917, 29.759258],
            [-97.803416, 29.753651],
            [-97.80565, 29.777058],
            [-97.817138, 29.790383],
            [-97.829259, 29.779597],
            [-97.842351, 29.799224],
            [-97.846645, 29.841671],
            [-97.89859, 29.857121],
            [-97.897071, 29.864369]
          ]
        ]
      }
    },
    {
      "type": "Feature",
      "id": "48_05500",
      "properties": {
        "state_puma_id": "48_05500",
        "state_name": "Texas",
        "state_fips": "48",
        "puma_name": "Golden Crescent Regional Planning Commission (North) & Wilson & Karnes Counties PUMA"
      },
      "geometry": {
        "type": "Polygon",
        "coordinates": [
          [
            [-98.407336, 29.114435],
            [-98.137187, 29.440428],
            [-98.113175, 29.365667],
            [-98.084684, 29.379594],
            [-97.840383, 29.376791],
            [-97.633176, 29.649863],
            [-97.597695, 29.630745],
            [-97.317893, 29.784658],
            [-97.130517, 29.643296],
            [-97.143262, 29.628089],
            [-96.864996, 29.632706],
            [-96.843213, 29.61662],
            [-96.832812, 29.576863],
            [-96.793132, 29.577378],
            [-96.560555, 29.335439],
            [-96.658466, 29.263876],
            [-96.309178, 28.963291],
            [-96.323522, 28.675597],
            [-96.404445, 28.674409],
            [-96.39954, 28.730231],
            [-96.428394, 28.703523],
            [-96.57829, 28.696939],
            [-96.587544, 28.726175],
            [-96.658878, 28.719723],
            [-96.670091, 28.761191],
            [-96.697741, 28.774358],
            [-96.695924, 28.796079],
            [-96.723088, 28.821188],
            [-96.702718, 28.851023],
            [-96.738917, 28.893595],
            [-96.791665, 28.918299],
            [-96.832103, 29.021299],
            [-96.938587, 29.063244],
            [-96.976378, 29.104046],
            [-97.305916, 28.864037],
            [-97.300508, 28.844109],
            [-97.231971, 28.865303],
            [-97.186665, 28.834079],
            [-97.190544, 28.813344],
            [-97.158933, 28.776156],
            [-97.178246, 28.738865],
            [-97.167731, 28.727846],
            [-97.182359, 28.610602],
            [-97.153588, 28.569076],
            [-97.375579, 28.388684],
            [-97.429271, 28.413018],
            [-97.447238, 28.403248],
            [-97.48521, 28.436391],
            [-97.517853, 28.431972],
            [-97.521886, 28.446876],
            [-97.551369, 28.450441],
            [-97.563024, 28.516408],
            [-97.646595, 28.520928],
            [-97.696572, 28.541537],
            [-97.732125, 28.628833],
            [-97.772004, 28.668324],
            [-97.825312, 28.670341],
            [-97.915106, 28.719648],
            [-98.005252, 28.690239],
            [-98.403, 29.109802],
            [-98.407336, 29.114435]
          ]
        ]
      }
    },
    {
      "type": "Feature",
      "id": "48_05204",
      "properties": {
        "state_puma_id": "48_05204",
        "state_name": "Texas",
        "state_fips": "48",
        "puma_name": "Capital Area COG--Williamson County (West), Cedar Park & Leander Cities PUMA"
      },
      "geometry": {
        "type": "Polygon",
        "coordinates": [
          [
            [-98.049886, 30.624155],
            [-97.997996, 30.720209],
            [-97.952645, 30.709557],
            [-97.931948, 30.674691],
            [-97.875486, 30.653303],
            [-97.871883, 30.675238],
            [-97.80497, 30.713127],
            [-97.741092, 30.701606],
            [-97.71776, 30.682926],
            [-97.726718, 30.66655],
            [-97.683325, 30.65161],
            [-97.689797, 30.621192],
            [-97.668973, 30.633334],
            [-97.637972, 30.575535],
            [-97.703523, 30.55759],
            [-97.705748, 30.573773],
            [-97.738846, 30.58862],
            [-97.758436, 30.575562],
            [-97.760454, 30.544139],
            [-97.780878, 30.5771],
            [-97.801994, 30.568749],
            [-97.796338, 30.530561],
            [-97.782664, 30.534656],
            [-97.773549, 30.515175],
            [-97.809009, 30.491958],
            [-97.810595, 30.475352],
            [-97.846541, 30.47341],
            [-97.871416, 30.522714],
            [-97.867866, 30.546499],
            [-97.902456, 30.571328],
            [-97.926985, 30.567654],
            [-97.917063, 30.604871],
            [-97.956734, 30.628249],
            [-97.9924, 30.609494],
            [-98.006276, 30.627516],
            [-98.040294, 30.618204],
            [-98.049886, 30.624155]
          ]
        ]
      }
    },
    {
      "type": "Feature",
      "id": "48_03802",
      "properties": {
        "state_puma_id": "48_03802",
        "state_name": "Texas",
        "state_fips": "48",
        "puma_name": "Heart of Texas COG--McLennan County-Waco (Outer), Hewitt & Robinson Cities PUMA"
      },
      "geometry": {
        "type": "Polygon",
        "coordinates": [
          [
            [-97.60523, 31.587762],
            [-97.037266, 31.863079],
            [-96.801123, 31.522269],
            [-97.343426, 31.244215],
            [-97.418606, 31.320202],
            [-97.593787, 31.572378],
            [-97.60523, 31.587762]
          ],
          [
            [-97.233148, 31.529404],
            [-97.164121, 31.498326],
            [-97.09729, 31.50562],
            [-97.070474, 31.526909],
            [-97.10282, 31.551765],
            [-97.112013, 31.622699],
            [-97.155426, 31.588694],
            [-97.193815, 31.601079],
            [-97.232295, 31.530148],
            [-97.233148, 31.529404]
          ]
        ]
      }
    },
    {
      "type": "Feature",
      "id": "48_02504",
      "properties": {
        "state_puma_id": "48_02504",
        "state_name": "Texas",
        "state_fips": "48",
        "puma_name": "Tarrant County (Southeast)--Arlington (Southeast) & Grand Prairie (Southwest) Cities PUMA"
      },
      "geometry": {
        "type": "Polygon",
        "coordinates": [
          [
            [-97.141719, 32.613079],
            [-97.135061, 32.675269],
            [-97.117856, 32.678134],
            [-97.036579, 32.675912],
            [-97.037455, 32.622841],
            [-97.083096, 32.586769],
            [-97.105819, 32.613351],
            [-97.142242, 32.611598],
            [-97.141719, 32.613079]
          ]
        ]
      }
    },
    {
      "type": "Feature",
      "id": "48_04906",
      "properties": {
        "state_puma_id": "48_04906",
        "state_name": "Texas",
        "state_fips": "48",
        "puma_name": "Fort Bend County (Northwest) PUMA"
      },
      "geometry": {
        "type": "Polygon",
        "coordinates": [
          [
            [-96.060001, 29.675963],
            [-96.015031, 29.682672],
            [-96.022639, 29.70501],
            [-96.006498, 29.714865],
            [-96.032711, 29.727944],
            [-95.97094, 29.728554],
            [-95.971287, 29.740454],
            [-95.825975, 29.788616],
            [-95.776086, 29.760587],
            [-95.772827, 29.744151],
            [-95.8116, 29.716672],
            [-95.738691, 29.66148],
            [-95.742022, 29.594274],
            [-95.758386, 29.583531],
            [-95.752727, 29.608039],
            [-95.779695, 29.610003],
            [-95.790556, 29.599442],
            [-95.780126, 29.581195],
            [-95.801052, 29.568584],
            [-95.817777, 29.567997],
            [-95.837597, 29.602635],
            [-95.869472, 29.599749],
            [-95.871272, 29.61625],
            [-95.889233, 29.594132],
            [-95.889497, 29.624911],
            [-95.914276, 29.658964],
            [-95.929788, 29.637326],
            [-95.958573, 29.654334],
            [-96.014694, 29.626463],
            [-96.033158, 29.658184],
            [-96.018498, 29.669814],
            [-96.059678, 29.675112],
            [-96.060001, 29.675963]
          ]
        ]
      }
    },
    {
      "type": "Feature",
      "id": "48_03600",
      "properties": {
        "state_puma_id": "48_03600",
        "state_name": "Texas",
        "state_fips": "48",
        "puma_name": "Brazos Valley COG (Outside Brazos County) & Milam County PUMA"
      },
      "geometry": {
        "type": "Polygon",
        "coordinates": [
          [
            [-97.315485, 30.752363],
            [-97.250313, 30.895112],
            [-96.319165, 31.357129],
            [-96.322853, 31.374067],
            [-95.7873, 31.618385],
            [-95.760961, 31.60008],
            [-95.748669, 31.617709],
            [-95.756833, 31.645402],
            [-95.736026, 31.653956],
            [-95.710035, 31.614694],
            [-95.729399, 31.583798],
            [-95.715497, 31.554358],
            [-95.75171, 31.551552],
            [-95.758748, 31.533644],
            [-95.737034, 31.518534],
            [-95.745017, 31.490975],
            [-95.721842, 31.472754],
            [-95.746837, 31.45817],
            [-95.712117, 31.455783],
            [-95.700552, 31.393402],
            [-95.664218, 31.364305],
            [-95.67681, 31.346103],
            [-95.655545, 31.32964],
            [-95.672411, 31.294884],
            [-95.695085, 31.297029],
            [-95.725728, 31.26987],
            [-95.725041, 31.230098],
            [-95.747943, 31.20831],
            [-95.728026, 31.161955],
            [-95.77425, 31.138323],
            [-95.776881, 31.120871],
            [-95.760626, 31.088928],
            [-95.663546, 31.083884],
            [-95.629983, 31.05175],
            [-95.631397, 31.036836],
            [-95.668847, 31.026861],
            [-95.658418, 31.01631],
            [-95.681305, 30.987499],
            [-95.649761, 30.935951],
            [-95.611934, 30.918258],
            [-95.654501, 30.89324],
            [-95.716508, 30.911405],
            [-95.829952, 30.862096],
            [-95.863059, 30.864125],
            [-95.817478, 30.500218],
            [-95.804306, 30.24557],
            [-96.147428, 30.217976],
            [-96.162006, 30.164915],
            [-96.152527, 30.143128],
            [-96.180662, 30.155684],
            [-96.17176, 30.13983],
            [-96.192208, 30.136664],
            [-96.1789, 30.120943],
            [-96.188653, 30.110463],
            [-96.169936, 30.098785],
            [-96.153985, 30.107989],
            [-96.158421, 30.091709],
            [-96.13378, 30.07096],
            [-96.151247, 30.076396],
            [-96.160472, 30.053409],
            [-96.259336, 30.075744],
            [-96.288998, 30.096829],
            [-96.518814, 30.065198],
            [-96.594141, 30.071022],
            [-96.62198, 30.044283],
            [-96.647223, 30.145174],
            [-96.683394, 30.151038],
            [-96.687141, 30.16435],
            [-96.766937, 30.138745],
            [-96.794552, 30.160545],
            [-96.741508, 30.19743],
            [-96.732855, 30.242907],
            [-96.687104, 30.248069],
            [-96.640883, 30.296786],
            [-96.663716, 30.295549],
            [-96.694682, 30.320191],
            [-96.743672, 30.319757],
            [-96.787616, 30.388948],
            [-96.870507, 30.435415],
            [-96.874822, 30.457466],
            [-96.899843, 30.460277],
            [-96.895906, 30.489158],
            [-96.918902, 30.539212],
            [-96.96363, 30.557198],
            [-97.155219, 30.457344],
            [-97.269949, 30.735362],
            [-97.307818, 30.749572],
            [-97.315485, 30.752363]
          ],
          [
            [-96.601708, 30.640535],
            [-96.510982, 30.62773],
            [-96.499779, 30.612836],
            [-96.490137, 30.621978],
            [-96.489121, 30.60638],
            [-96.452151, 30.597001],
            [-96.43547, 30.573187],
            [-96.429997, 30.591066],
            [-96.420647, 30.585062],
            [-96.413057, 30.539535],
            [-96.35941, 30.542604],
            [-96.354904, 30.52317],
            [-96.371015, 30.513285],
            [-96.343105, 30.498656],
            [-96.329935, 30.477882],
            [-96.340007, 30.47263],
            [-96.320946, 30.449567],
            [-96.28485, 30.448089],
            [-96.287988, 30.421287],
            [-96.272323, 30.410202],
            [-96.29749, 30.411787],
            [-96.306931, 30.394586],
            [-96.272455, 30.358468],
            [-96.210148, 30.373899],
            [-96.1945, 30.39989],
            [-96.149872, 30.36879],
            [-96.15463, 30.330288],
            [-96.139812, 30.340291],
            [-96.147418, 30.382322],
            [-96.121478, 30.383999],
            [-96.111926, 30.415893],
            [-96.079969, 30.43003],
            [-96.129821, 30.452384],
            [-96.159764, 30.567302],
            [-96.188314, 30.599614],
            [-96.164099, 30.658813],
            [-96.177911, 30.709688],
            [-96.162064, 30.727836],
            [-96.162644, 30.769509],
            [-96.183641, 30.795136],
            [-96.16837, 30.822997],
            [-96.21258, 30.904927],
            [-96.198234, 30.931861],
            [-96.24102, 30.973737],
            [-96.349364, 30.911423],
            [-96.45763, 30.744474],
            [-96.581519, 30.68889],
            [-96.601831, 30.641926],
            [-96.601708, 30.640535]
          ]
        ]
      }
    },
    {
      "type": "Feature",
      "id": "48_07500",
      "properties": {
        "state_puma_id": "48_07500",
        "state_name": "Texas",
        "state_fips": "48",
        "puma_name": "Middle Rio Grande Development Council--Excluding Dimmit & La Salle Counties PUMA"
      },
      "geometry": {
        "type": "Polygon",
        "coordinates": [
          [
            [-101.76032, 29.872049],
            [-101.7584, 30.288044],
            [-99.754142, 30.290698],
            [-99.757621, 30.074132],
            [-99.689879, 30.073948],
            [-99.691215, 29.908582],
            [-99.602776, 29.907679],
            [-99.60313, 29.627181],
            [-99.411817, 29.627514],
            [-99.409021, 28.640566],
            [-100.114336, 28.648122],
            [-100.113719, 28.197819],
            [-100.212165531128, 28.1968371629783],
            [-100.220284, 28.23221],
            [-100.251634, 28.236177],
            [-100.291397, 28.275397],
            [-100.286471, 28.312296],
            [-100.348122, 28.398052],
            [-100.337797, 28.44296],
            [-100.368108, 28.478999],
            [-100.333814, 28.499252],
            [-100.38886, 28.515748],
            [-100.411414, 28.551899],
            [-100.398385, 28.584884],
            [-100.44732, 28.609325],
            [-100.447091, 28.642197],
            [-100.500354, 28.66196],
            [-100.507613, 28.740599],
            [-100.533408, 28.759207],
            [-100.53583, 28.805888],
            [-100.547324, 28.825817],
            [-100.574699, 28.828787],
            [-100.600768, 28.900764],
            [-100.640568, 28.914212],
            [-100.629706, 28.921146],
            [-100.651512, 28.943432],
            [-100.645894, 28.986421],
            [-100.674656, 29.099777],
            [-100.772649, 29.168492],
            [-100.767059, 29.195287],
            [-100.797671, 29.246943],
            [-100.878126, 29.28086],
            [-100.886842, 29.307848],
            [-100.948972, 29.347246],
            [-101.010614, 29.368669],
            [-101.060151, 29.458661],
            [-101.144337, 29.473246],
            [-101.173821, 29.514566],
            [-101.254895, 29.520342],
            [-101.261175, 29.536777],
            [-101.241151, 29.565429],
            [-101.250383, 29.624171],
            [-101.269217, 29.630027],
            [-101.290962, 29.571537],
            [-101.305533, 29.577925],
            [-101.302371, 29.649994],
            [-101.345493, 29.662196],
            [-101.361312, 29.650063],
            [-101.372773, 29.699428],
            [-101.415584, 29.746534],
            [-101.403067, 29.771437],
            [-101.445477, 29.749397],
            [-101.461639, 29.789834],
            [-101.535847, 29.758934],
            [-101.544392, 29.811856],
            [-101.567749, 29.798727],
            [-101.574945, 29.769854],
            [-101.625958, 29.771063],
            [-101.642883, 29.754548],
            [-101.662453, 29.77128],
            [-101.708873, 29.761642],
            [-101.760923744511, 29.7818615288962],
            [-101.76032, 29.872049]
          ]
        ]
      }
    },
    {
      "type": "Feature",
      "id": "48_02310",
      "properties": {
        "state_puma_id": "48_02310",
        "state_name": "Texas",
        "state_fips": "48",
        "puma_name": "Dallas (Far North)--Carrollton (Southeast) Cities & Addison Town, North of I-635 PUMA"
      },
      "geometry": {
        "type": "Polygon",
        "coordinates": [
          [
            [-96.899876, 32.922905],
            [-96.881724, 32.94633],
            [-96.896376, 32.961198],
            [-96.890617, 32.988023],
            [-96.80343, 32.986914],
            [-96.803568, 32.92564],
            [-96.898114, 32.908161],
            [-96.900125, 32.922838],
            [-96.899876, 32.922905]
          ]
        ]
      }
    },
    {
      "type": "Feature",
      "id": "48_05700",
      "properties": {
        "state_puma_id": "48_05700",
        "state_name": "Texas",
        "state_fips": "48",
        "puma_name": "Alamo Area COG (Northeast)--Guadalupe County PUMA"
      },
      "geometry": {
        "type": "Polygon",
        "coordinates": [
          [
            [-98.310928, 29.594473],
            [-98.089941, 29.683479],
            [-97.875259, 29.858208],
            [-97.837614, 29.828497],
            [-97.846362, 29.808648],
            [-97.829259, 29.779597],
            [-97.817138, 29.790383],
            [-97.803416, 29.753651],
            [-97.780917, 29.759258],
            [-97.763364, 29.713042],
            [-97.738308, 29.712744],
            [-97.743629, 29.697496],
            [-97.702229, 29.668592],
            [-97.652612, 29.667843],
            [-97.651654, 29.653965],
            [-97.631432, 29.650606],
            [-97.840383, 29.376791],
            [-98.084684, 29.379594],
            [-98.113175, 29.365667],
            [-98.136578, 29.429869],
            [-98.120702, 29.446982],
            [-98.123119, 29.478549],
            [-98.164638, 29.478091],
            [-98.17023, 29.497864],
            [-98.185085, 29.486089],
            [-98.223112, 29.549236],
            [-98.243162, 29.557052],
            [-98.267432, 29.544178],
            [-98.298524, 29.561141],
            [-98.312058, 29.590854],
            [-98.310928, 29.594473]
          ]
        ]
      }
    },
    {
      "type": "Feature",
      "id": "48_02307",
      "properties": {
        "state_puma_id": "48_02307",
        "state_name": "Texas",
        "state_fips": "48",
        "puma_name": "Dallas City (Northeast)--East of US-75 PUMA"
      },
      "geometry": {
        "type": "Polygon",
        "coordinates": [
          [
            [-96.77035, 32.871851],
            [-96.764269, 32.923874],
            [-96.718147, 32.925432],
            [-96.70039, 32.916562],
            [-96.717717, 32.900582],
            [-96.668053, 32.868126],
            [-96.735257, 32.854307],
            [-96.770373, 32.865603],
            [-96.77035, 32.871851]
          ]
        ]
      }
    },
    {
      "type": "Feature",
      "id": "48_04636",
      "properties": {
        "state_puma_id": "48_04636",
        "state_name": "Texas",
        "state_fips": "48",
        "puma_name": "Houston City (West)--East of TX-6 & West of Beltway TX-8 PUMA"
      },
      "geometry": {
        "type": "Polygon",
        "coordinates": [
          [
            [-95.645763, 29.848998],
            [-95.645313, 29.879209],
            [-95.559176, 29.872251],
            [-95.557893, 29.74755],
            [-95.644503, 29.755872],
            [-95.645742, 29.843578],
            [-95.645763, 29.848998]
          ]
        ]
      }
    },
    {
      "type": "Feature",
      "id": "48_06805",
      "properties": {
        "state_puma_id": "48_06805",
        "state_name": "Texas",
        "state_fips": "48",
        "puma_name": "Hidalgo County (Central)--McAllen City PUMA"
      },
      "geometry": {
        "type": "Polygon",
        "coordinates": [
          [
            [-98.295171, 26.15603],
            [-98.26832, 26.266115],
            [-98.251935, 26.263853],
            [-98.247607, 26.313584],
            [-98.212117, 26.308535],
            [-98.207951, 26.252146],
            [-98.195405, 26.250407],
            [-98.213417, 26.143567],
            [-98.281218, 26.139664],
            [-98.295805, 26.152327],
            [-98.295171, 26.15603]
          ]
        ]
      }
    },
    {
      "type": "Feature",
      "id": "48_04802",
      "properties": {
        "state_puma_id": "48_04802",
        "state_name": "Texas",
        "state_fips": "48",
        "puma_name": "Houston-Galveston Area Council--Brazoria County (Central), Alvin City PUMA"
      },
      "geometry": {
        "type": "Polygon",
        "coordinates": [
          [
            [-95.590793, 29.327485],
            [-95.572341, 29.383826],
            [-95.547577, 29.395197],
            [-95.550622, 29.438306],
            [-95.462602, 29.439238],
            [-95.4463, 29.499637],
            [-95.401181, 29.482609],
            [-95.39341, 29.492371],
            [-95.387464, 29.541408],
            [-95.289137, 29.530885],
            [-95.277046, 29.546661],
            [-95.260103, 29.521363],
            [-95.231915, 29.547389],
            [-95.219091, 29.541246],
            [-95.233081, 29.465566],
            [-95.0570919119968, 29.2005222228872],
            [-95.109428, 29.174848],
            [-95.115756, 29.199528],
            [-95.156967, 29.195046],
            [-95.155184, 29.151465],
            [-95.198446, 29.108863],
            [-95.235711, 29.019145],
            [-95.279542, 28.974988],
            [-95.328323, 29.011964],
            [-95.379068, 29.117944],
            [-95.409991, 29.074848],
            [-95.446799, 29.248081],
            [-95.561903, 29.250582],
            [-95.587139, 29.279892],
            [-95.576972, 29.302718],
            [-95.590917, 29.326396],
            [-95.590793, 29.327485]
          ]
        ]
      }
    },
    {
      "type": "Feature",
      "id": "48_05907",
      "properties": {
        "state_puma_id": "48_05907",
        "state_name": "Texas",
        "state_fips": "48",
        "puma_name": "Bexar County (South)--San Antonio City (Far South) PUMA"
      },
      "geometry": {
        "type": "Polygon",
        "coordinates": [
          [
            [-98.805002, 29.429509],
            [-98.760425, 29.421598],
            [-98.711149, 29.435664],
            [-98.70094, 29.382021],
            [-98.649447, 29.397359],
            [-98.607521, 29.3166],
            [-98.442404, 29.322056],
            [-98.406168, 29.338361],
            [-98.389387, 29.42337],
            [-98.360737, 29.42116],
            [-98.360728, 29.445222],
            [-98.186324, 29.5012],
            [-98.182871, 29.484844],
            [-98.17023, 29.497864],
            [-98.164638, 29.478091],
            [-98.128206, 29.482596],
            [-98.116902, 29.463884],
            [-98.407336, 29.114435],
            [-98.804763, 29.250693],
            [-98.804976, 29.417945],
            [-98.805002, 29.429509]
          ]
        ]
      }
    },
    {
      "type": "Feature",
      "id": "48_05800",
      "properties": {
        "state_puma_id": "48_05800",
        "state_name": "Texas",
        "state_fips": "48",
        "puma_name": "Alamo Area COG (Northeast)--Comal County PUMA"
      },
      "geometry": {
        "type": "Polygon",
        "coordinates": [
          [
            [-98.646124, 29.745181],
            [-98.2976, 30.037994],
            [-98.030523, 29.848539],
            [-97.999271, 29.752444],
            [-98.089941, 29.683479],
            [-98.310928, 29.594473],
            [-98.345252, 29.618297],
            [-98.342733, 29.653442],
            [-98.384341, 29.676534],
            [-98.380487, 29.703464],
            [-98.34135, 29.70965],
            [-98.352589, 29.734365],
            [-98.37521, 29.719975],
            [-98.408049, 29.748471],
            [-98.438344, 29.715627],
            [-98.445978, 29.735884],
            [-98.526106, 29.740335],
            [-98.550489, 29.760713],
            [-98.582849, 29.741137],
            [-98.646231, 29.743602],
            [-98.646124, 29.745181]
          ]
        ]
      }
    },
    {
      "type": "Feature",
      "id": "48_01400",
      "properties": {
        "state_puma_id": "48_01400",
        "state_name": "Texas",
        "state_fips": "48",
        "puma_name": "Kaufman County PUMA"
      },
      "geometry": {
        "type": "Polygon",
        "coordinates": [
          [
            [-96.529412, 32.545277],
            [-96.51897, 32.813616],
            [-96.297376, 32.814185],
            [-96.297322, 32.841723],
            [-96.076801, 32.838489],
            [-96.075899, 32.357505],
            [-96.452372, 32.358659],
            [-96.434278, 32.410853],
            [-96.498216, 32.453729],
            [-96.513286, 32.512143],
            [-96.503287, 32.526563],
            [-96.528952, 32.542442],
            [-96.529412, 32.545277]
          ]
        ]
      }
    },
    {
      "type": "Feature",
      "id": "48_04501",
      "properties": {
        "state_puma_id": "48_04501",
        "state_name": "Texas",
        "state_fips": "48",
        "puma_name": "Houston-Galveston Area Council--Montgomery County (Northeast), Conroe City (East) PUMA"
      },
      "geometry": {
        "type": "Polygon",
        "coordinates": [
          [
            [-95.83024, 30.630284],
            [-95.598878, 30.50898],
            [-95.361866, 30.508916],
            [-95.308395, 30.40575],
            [-95.203801, 30.352012],
            [-95.226494, 30.319865],
            [-95.165897, 30.344976],
            [-95.137255, 30.271502],
            [-95.215376, 30.155048],
            [-95.304417, 30.209918],
            [-95.345318, 30.144697],
            [-95.389797, 30.173707],
            [-95.439076, 30.16884],
            [-95.446725, 30.143774],
            [-95.456919, 30.276682],
            [-95.491959, 30.42106],
            [-95.598871, 30.437159],
            [-95.576395, 30.378084],
            [-95.620887, 30.381271],
            [-95.651591, 30.401793],
            [-95.652963, 30.382798],
            [-95.69657, 30.388514],
            [-95.695909, 30.411024],
            [-95.733301, 30.415837],
            [-95.744137, 30.450391],
            [-95.807675, 30.451639],
            [-95.829039, 30.618219],
            [-95.83024, 30.630284]
          ]
        ]
      }
    },
    {
      "type": "Feature",
      "id": "48_05915",
      "properties": {
        "state_puma_id": "48_05915",
        "state_name": "Texas",
        "state_fips": "48",
        "puma_name": "Bexar County (North)--San Antonio City (Far North) & Timberwood Park PUMA"
      },
      "geometry": {
        "type": "Polygon",
        "coordinates": [
          [
            [-98.635985, 29.676272],
            [-98.623453, 29.731075],
            [-98.603404, 29.749522],
            [-98.582849, 29.741137],
            [-98.550489, 29.760713],
            [-98.526106, 29.740335],
            [-98.445978, 29.735884],
            [-98.438344, 29.715627],
            [-98.403871, 29.749],
            [-98.37521, 29.719975],
            [-98.352589, 29.734365],
            [-98.338618, 29.721786],
            [-98.344689, 29.707239],
            [-98.380487, 29.703464],
            [-98.384341, 29.676534],
            [-98.342733, 29.653442],
            [-98.344723, 29.618],
            [-98.378807, 29.640761],
            [-98.429271, 29.647819],
            [-98.448651, 29.629625],
            [-98.432593, 29.600248],
            [-98.521657, 29.608642],
            [-98.631141, 29.58724],
            [-98.610077, 29.625143],
            [-98.636196, 29.676159],
            [-98.635985, 29.676272]
          ]
        ]
      }
    },
    {
      "type": "Feature",
      "id": "48_02001",
      "properties": {
        "state_puma_id": "48_02001",
        "state_name": "Texas",
        "state_fips": "48",
        "puma_name": "Denton County (Far Southeast)--Carrollton (North) & Dallas (North) Cities PUMA"
      },
      "geometry": {
        "type": "Polygon",
        "coordinates": [
          [
            [-96.951424, 33.00589],
            [-96.91917, 33.052331],
            [-96.841849, 33.086456],
            [-96.844122, 32.987435],
            [-96.939472, 32.988822],
            [-96.951273, 33.005598],
            [-96.951424, 33.00589]
          ]
        ]
      }
    },
    {
      "type": "Feature",
      "id": "48_00100",
      "properties": {
        "state_puma_id": "48_00100",
        "state_name": "Texas",
        "state_fips": "48",
        "puma_name": "Panhandle Regional Planning Commission--Outside Potter & Randall Counties PUMA"
      },
      "geometry": {
        "type": "Polygon",
        "coordinates": [
          [
            [-103.043979, 34.312764],
            [-103.041924, 36.500439],
            [-100.000406, 36.499702],
            [-99.99772, 34.311829],
            [-103.043978936987, 34.312749083575],
            [-103.043979, 34.312764]
          ],
          [
            [-102.168839, 34.747417],
            [-101.629257, 34.747649],
            [-101.622941, 35.183117],
            [-101.6228, 35.620196],
            [-102.162752, 35.620035],
            [-102.168674, 34.790345],
            [-102.168839, 34.747417]
          ]
        ]
      }
    },
    {
      "type": "Feature",
      "id": "48_00800",
      "properties": {
        "state_puma_id": "48_00800",
        "state_name": "Texas",
        "state_fips": "48",
        "puma_name": "Texoma COG--Grayson, Cooke & Fannin Counties PUMA"
      },
      "geometry": {
        "type": "Polygon",
        "coordinates": [
          [
            [-97.486972, 33.448187],
            [-97.48403724377, 33.9157618691195],
            [-97.450954, 33.891398],
            [-97.459068, 33.834581],
            [-97.410387, 33.818845],
            [-97.365507, 33.823763],
            [-97.332457, 33.884253],
            [-97.334616, 33.857231],
            [-97.310143, 33.888532],
            [-97.270314, 33.858221],
            [-97.254235, 33.865323],
            [-97.242092, 33.906277],
            [-97.206141, 33.91428],
            [-97.180845, 33.895204],
            [-97.166629, 33.847311],
            [-97.203514, 33.821825],
            [-97.192817, 33.761169],
            [-97.163149, 33.729322],
            [-97.126102, 33.716941],
            [-97.086195, 33.743933],
            [-97.092112, 33.804097],
            [-97.048146, 33.817456],
            [-97.089464, 33.849847],
            [-97.068071, 33.860465],
            [-97.041245, 33.837761],
            [-97.021438, 33.846379],
            [-96.983835, 33.890949],
            [-96.996183, 33.941728],
            [-96.981337, 33.956378],
            [-96.973807, 33.935697],
            [-96.9163, 33.957798],
            [-96.875281, 33.860505],
            [-96.850593, 33.847211],
            [-96.832157, 33.874835],
            [-96.794276, 33.868886],
            [-96.761588, 33.824406],
            [-96.699574, 33.839049],
            [-96.667187, 33.91694],
            [-96.628294, 33.894477],
            [-96.587934, 33.894784],
            [-96.62929, 33.845488],
            [-96.572937, 33.819098],
            [-96.526655, 33.820891],
            [-96.500268, 33.772583],
            [-96.422643, 33.776041],
            [-96.355946, 33.687155],
            [-96.316925, 33.698997],
            [-96.293708, 33.769409],
            [-96.229023, 33.748021],
            [-96.178059, 33.760518],
            [-96.156355, 33.813349],
            [-96.170373, 33.799382],
            [-96.178964, 33.810553],
            [-96.150765, 33.816987],
            [-96.14807, 33.837799],
            [-96.09936, 33.83047],
            [-96.100095, 33.847971],
            [-96.048834, 33.836468],
            [-96.023907, 33.857067],
            [-96.019599, 33.840566],
            [-95.995857, 33.855693],
            [-96.003406, 33.872344],
            [-95.984253, 33.852664],
            [-95.944284, 33.859811],
            [-95.929561, 33.885],
            [-95.8463781777365, 33.8400397456755],
            [-95.858723, 33.40953],
            [-96.384495, 33.341119],
            [-96.386474, 33.398075],
            [-97.487065, 33.433681],
            [-97.486972, 33.448187]
          ]
        ]
      }
    },
    {
      "type": "Feature",
      "id": "48_01100",
      "properties": {
        "state_puma_id": "48_01100",
        "state_name": "Texas",
        "state_fips": "48",
        "puma_name": "Ark-Tex COG (East)--Bowie & Cass Counties PUMA"
      },
      "geometry": {
        "type": "Polygon",
        "coordinates": [
          [
            [-94.74663, 33.441922],
            [-94.746096, 33.7027682201853],
            [-94.716594, 33.695164],
            [-94.732309, 33.715987],
            [-94.701729, 33.703413],
            [-94.716188, 33.687902],
            [-94.639003, 33.697681],
            [-94.645535, 33.673531],
            [-94.668848, 33.671878],
            [-94.663195, 33.661084],
            [-94.622379, 33.682428],
            [-94.59797, 33.663381],
            [-94.587072, 33.68582],
            [-94.579864, 33.666167],
            [-94.560339, 33.666591],
            [-94.59083, 33.645563],
            [-94.546366, 33.659161],
            [-94.569523, 33.627832],
            [-94.521837, 33.640728],
            [-94.527376, 33.615833],
            [-94.51726, 33.632729],
            [-94.504615, 33.620682],
            [-94.448637, 33.642766],
            [-94.471974, 33.602665],
            [-94.430039, 33.591124],
            [-94.412175, 33.568691],
            [-94.382887, 33.583268],
            [-94.380091, 33.568943],
            [-94.401616, 33.559378],
            [-94.386086, 33.544923],
            [-94.355945, 33.54318],
            [-94.344023, 33.567824],
            [-94.309582, 33.551673],
            [-94.287025, 33.58241],
            [-94.290901, 33.558872],
            [-94.275601, 33.557964],
            [-94.242777, 33.589709],
            [-94.250197, 33.556765],
            [-94.205634, 33.567229],
            [-94.196395, 33.555123],
            [-94.194399, 33.573678],
            [-94.217198, 33.580737],
            [-94.183913, 33.594682],
            [-94.14216, 33.58139],
            [-94.151456, 33.568387],
            [-94.135142, 33.571033],
            [-94.128658, 33.550952],
            [-94.09744, 33.573719],
            [-94.056598, 33.567825],
            [-94.073826, 33.555834],
            [-94.04345, 33.552253],
            [-94.0428857174211, 32.881088560255],
            [-94.653994, 32.879506],
            [-94.652448, 33.275709],
            [-94.687214, 33.293464],
            [-94.691826, 33.312405],
            [-94.725921, 33.307107],
            [-94.746925, 33.328938],
            [-94.74663, 33.441922]
          ]
        ]
      }
    },
    {
      "type": "Feature",
      "id": "48_01000",
      "properties": {
        "state_puma_id": "48_01000",
        "state_name": "Texas",
        "state_fips": "48",
        "puma_name": "Ark-Tex COG (West) PUMA"
      },
      "geometry": {
        "type": "Polygon",
        "coordinates": [
          [
            [-95.863326, 33.049892],
            [-95.85505, 33.827939],
            [-95.822787, 33.838756],
            [-95.817618, 33.859023],
            [-95.757465, 33.850039],
            [-95.761916, 33.883402],
            [-95.745905, 33.896323],
            [-95.710537, 33.885],
            [-95.665466, 33.908978],
            [-95.629055, 33.90587],
            [-95.593827, 33.943031],
            [-95.554478, 33.928072],
            [-95.545197, 33.880294],
            [-95.510739, 33.897877],
            [-95.502304, 33.874742],
            [-95.463785, 33.887232],
            [-95.462339, 33.871678],
            [-95.402055, 33.864188],
            [-95.326436, 33.88607],
            [-95.280922, 33.875403],
            [-95.282981, 33.907402],
            [-95.266126, 33.909773],
            [-95.260595, 33.88765],
            [-95.250171, 33.938497],
            [-95.214137, 33.962142],
            [-95.1247, 33.934675],
            [-95.122038, 33.904795],
            [-95.082387, 33.921758],
            [-95.100168, 33.896101],
            [-95.089607, 33.880857],
            [-95.06569, 33.915966],
            [-95.072413, 33.902699],
            [-95.046568, 33.862565],
            [-94.988487, 33.851],
            [-94.968895, 33.860916],
            [-94.964401, 33.837021],
            [-94.943831, 33.8293],
            [-94.947874, 33.808356],
            [-94.914764, 33.824487],
            [-94.921955, 33.791599],
            [-94.876504, 33.757405],
            [-94.868144, 33.768874],
            [-94.87708, 33.75222],
            [-94.860687, 33.741945],
            [-94.822473, 33.732716],
            [-94.825294, 33.768525],
            [-94.802252, 33.732788],
            [-94.760058, 33.758291],
            [-94.788251, 33.735316],
            [-94.752512, 33.734468],
            [-94.752129, 33.713835],
            [-94.73263, 33.723917],
            [-94.753801, 33.707729],
            [-94.746925, 33.328938],
            [-94.725921, 33.307107],
            [-94.691826, 33.312405],
            [-94.687214, 33.293464],
            [-94.652448, 33.275709],
            [-94.652194, 33.250106],
            [-94.653994, 32.879506],
            [-94.705878, 32.879177],
            [-94.727829, 32.913539],
            [-94.768966, 32.925894],
            [-94.786321, 32.959166],
            [-94.88823, 33.023266],
            [-94.939152, 33.074514],
            [-95.040269, 33.072294],
            [-95.103043, 33.032956],
            [-95.137213, 33.030938],
            [-95.172947, 32.961829],
            [-95.665389, 32.960434],
            [-95.667728, 32.979554],
            [-95.862521, 32.979571],
            [-95.863296, 33.000117],
            [-95.863326, 33.049892]
          ]
        ]
      }
    },
    {
      "type": "Feature",
      "id": "48_07700",
      "properties": {
        "state_puma_id": "48_07700",
        "state_name": "Texas",
        "state_fips": "48",
        "puma_name": "Coastal Bend COG (Central) & Willacy County PUMA"
      },
      "geometry": {
        "type": "MultiPolygon",
        "coordinates": [
          [
            [
              [-97.258102, 26.425439],
              [-97.255963, 26.427035],
              [-97.252398, 26.426503],
              [-97.251091, 26.424162],
              [-97.250378, 26.420969],
              [-97.251091, 26.417776],
              [-97.251685, 26.415222],
              [-97.25323, 26.414903],
              [-97.254893, 26.415222],
              [-97.256438, 26.418309],
              [-97.25727, 26.421608],
              [-97.258102, 26.425439]
            ]
          ],
          [
            [
              [-97.317802, 27.494562],
              [-97.310078, 27.505947],
              [-97.317446, 27.493824],
              [-97.317802, 27.494562]
            ]
          ],
          [
            [
              [-97.318872, 27.480225],
              [-97.316852, 27.483282],
              [-97.315782, 27.486656],
              [-97.313524, 27.490451],
              [-97.311979, 27.490451],
              [-97.307939, 27.491611],
              [-97.305562, 27.494879],
              [-97.304492, 27.495511],
              [-97.303779, 27.494457],
              [-97.305086, 27.491505],
              [-97.309721, 27.488553],
              [-97.31293, 27.48655],
              [-97.313881, 27.483387],
              [-97.315544, 27.48149],
              [-97.316376, 27.480014],
              [-97.316733, 27.477905],
              [-97.319704, 27.4778],
              [-97.318872, 27.480225]
            ]
          ],
          [
            [
              [-97.325911, 26.560805],
              [-97.27188, 26.559943],
              [-97.2249460830257, 26.4112025299087],
              [-97.2404693981065, 26.411187847471],
              [-97.256113, 26.497261],
              [-97.286033, 26.547158],
              [-97.326563, 26.558786],
              [-97.325911, 26.560805]
            ]
          ],
          [
            [
              [-97.398388, 26.867894],
              [-97.389867, 27.20496],
              [-97.361226, 27.272583],
              [-97.371803, 27.294024],
              [-97.355997, 27.308703],
              [-97.361821, 27.35906],
              [-97.2681595636956, 27.5759713728181],
              [-97.2226506131795, 27.5764948600858],
              [-97.329509, 27.338905],
              [-97.376897, 27.102587],
              [-97.363589, 26.866009],
              [-97.277559, 26.565788],
              [-97.310048, 26.566509],
              [-97.287489, 26.583434],
              [-97.328985, 26.646751],
              [-97.394228, 26.855172],
              [-97.398388, 26.867894]
            ]
          ],
          [
            [
              [-97.405642, 27.294747],
              [-97.404097, 27.301928],
              [-97.402909, 27.306468],
              [-97.402077, 27.310481],
              [-97.400532, 27.310903],
              [-97.399106, 27.309108],
              [-97.400294, 27.306363],
              [-97.401364, 27.303089],
              [-97.402433, 27.298971],
              [-97.403146, 27.295908],
              [-97.403503, 27.291261],
              [-97.404335, 27.290205],
              [-97.405642, 27.290205],
              [-97.405642, 27.294747]
            ]
          ],
          [
            [
              [-97.406593, 27.315655],
              [-97.404335, 27.319878],
              [-97.402909, 27.323151],
              [-97.400651, 27.325474],
              [-97.399581, 27.324524],
              [-97.400532, 27.322096],
              [-97.402314, 27.3184],
              [-97.403859, 27.314916],
              [-97.40481, 27.313754],
              [-97.405998, 27.313543],
              [-97.406593, 27.315655]
            ]
          ],
          [
            [
              [-97.423463, 26.752176],
              [-97.415382, 26.740715],
              [-97.424057, 26.750478],
              [-97.423463, 26.752176]
            ]
          ],
          [
            [
              [-98.536646, 27.265196],
              [-98.232464, 27.262487],
              [-98.235497, 28.057966],
              [-98.334323, 28.0578],
              [-98.335031, 28.612658],
              [-98.098315, 28.786949],
              [-98.005252, 28.690239],
              [-98.089764, 28.662979],
              [-97.808774, 28.183415],
              [-97.904081, 28.114228],
              [-97.908203, 28.087992],
              [-97.878373, 28.046722],
              [-97.805827, 28.041382],
              [-97.789154, 28.013589],
              [-97.934274, 27.885202],
              [-97.942146, 27.635932],
              [-97.888411, 27.620051],
              [-97.840678, 27.558358],
              [-97.3246374442316, 27.5610768378161],
              [-97.369396, 27.410433],
              [-97.414436, 27.321568],
              [-97.508304, 27.275014],
              [-97.544437, 27.284175],
              [-97.500595, 27.306574],
              [-97.501189, 27.328219],
              [-97.481462, 27.340465],
              [-97.493583, 27.390597],
              [-97.533734, 27.340039],
              [-97.613017, 27.285241],
              [-97.636904, 27.300977],
              [-97.63322, 27.32463],
              [-97.658418, 27.329696],
              [-97.661266, 27.360099],
              [-97.708802, 27.385638],
              [-97.68444, 27.319878],
              [-97.654877, 27.305103],
              [-97.668465, 27.284448],
              [-97.740114, 27.273247],
              [-97.727745, 27.26163],
              [-97.647343, 27.276359],
              [-97.631123, 27.24223],
              [-97.54291, 27.229213],
              [-97.422593, 27.262045],
              [-97.441565, 27.163833],
              [-97.430994, 27.160861],
              [-97.439396, 27.076524],
              [-97.417925, 27.070913],
              [-97.439163, 27.070705],
              [-97.453283, 26.917335],
              [-97.437296, 26.913069],
              [-97.453166, 26.910467],
              [-97.4569, 26.882577],
              [-97.410223, 26.874354],
              [-97.4576, 26.872897],
              [-97.460284, 26.847287],
              [-97.412674, 26.817402],
              [-97.464806, 26.823964],
              [-97.478605, 26.806675],
              [-97.445708, 26.609362],
              [-97.41537, 26.552763],
              [-97.413112, 26.481197],
              [-97.38055, 26.480559],
              [-97.3487421850313, 26.4110407453481],
              [-97.393868, 26.405488],
              [-97.445383, 26.325819],
              [-97.467876, 26.342902],
              [-97.469745, 26.329885],
              [-97.507656, 26.334724],
              [-97.500824, 26.318852],
              [-97.521306, 26.325837],
              [-97.528102, 26.299273],
              [-97.861875, 26.348156],
              [-97.862227, 26.433579],
              [-98.004189, 26.448784],
              [-97.984367, 26.536578],
              [-97.963943, 26.53364],
              [-97.957405, 26.611769],
              [-97.985303, 26.615809],
              [-97.985494, 26.780917],
              [-98.422616, 26.783535],
              [-98.417883, 27.055285],
              [-98.466542, 27.054711],
              [-98.467284, 27.142006],
              [-98.49291, 27.142062],
              [-98.492943, 27.235012],
              [-98.53411, 27.261885],
              [-98.536646, 27.265196]
            ]
          ]
        ]
      }
    },
    {
      "type": "Feature",
      "id": "48_07600",
      "properties": {
        "state_puma_id": "48_07600",
        "state_name": "Texas",
        "state_fips": "48",
        "puma_name": "South Texas Development Council (South)--Coastal Bend COG (West), Dimmit & La Salle PUMA"
      },
      "geometry": {
        "type": "Polygon",
        "coordinates": [
          [
            [-100.114336, 28.648122],
            [-98.335047, 28.648275],
            [-98.334323, 28.0578],
            [-98.235497, 28.057966],
            [-98.233716, 27.704918],
            [-98.232464, 27.262487],
            [-98.536646, 27.265196],
            [-98.492943, 27.235012],
            [-98.49291, 27.142062],
            [-98.467284, 27.142006],
            [-98.466542, 27.054711],
            [-98.417883, 27.055285],
            [-98.422616, 26.783535],
            [-98.32067, 26.783081],
            [-98.5866993125035, 26.2575704070883],
            [-98.617266, 26.246809],
            [-98.624759, 26.259221],
            [-98.63418, 26.242612],
            [-98.669397, 26.23632],
            [-98.681167, 26.26271],
            [-98.719885, 26.272705],
            [-98.7018, 26.286163],
            [-98.750202, 26.295694],
            [-98.754216, 26.307928],
            [-98.736224, 26.307649],
            [-98.751021, 26.331833],
            [-98.789822, 26.331575],
            [-98.807348, 26.369421],
            [-98.896734, 26.35333],
            [-98.926863, 26.394471],
            [-98.942152, 26.369687],
            [-98.956392, 26.39571],
            [-99.01165, 26.392496],
            [-99.03172, 26.412964],
            [-99.082002, 26.39651],
            [-99.113546, 26.43253],
            [-99.091976, 26.472376],
            [-99.105031, 26.500335],
            [-99.170704, 26.540316],
            [-99.208907, 26.724761],
            [-99.240023, 26.745851],
            [-99.268613, 26.843213],
            [-99.328619, 26.878592],
            [-99.324684, 26.915973],
            [-99.388253, 26.944217],
            [-99.378435, 26.980034],
            [-99.415476, 27.01724],
            [-99.444932, 27.020419],
            [-99.452316, 27.062669],
            [-99.429209, 27.090982],
            [-99.442123, 27.106839],
            [-99.426348, 27.176262],
            [-99.4537956917325, 27.2650556463416],
            [-99.370621, 27.319174],
            [-99.33361, 27.273223],
            [-98.798087, 27.268012],
            [-98.803325, 28.05748],
            [-99.388946, 28.030419],
            [-99.394177, 28.204627],
            [-100.113719, 28.197819],
            [-100.114269, 28.629686],
            [-100.114336, 28.648122]
          ]
        ]
      }
    },
    {
      "type": "Feature",
      "id": "48_07300",
      "properties": {
        "state_puma_id": "48_07300",
        "state_name": "Texas",
        "state_fips": "48",
        "puma_name": "Rio Grande COG & Permian Basin Regional Planning Commission (West) PUMA"
      },
      "geometry": {
        "type": "Polygon",
        "coordinates": [
          [
            [-105.998003, 32.002328],
            [-103.064423, 32.000518],
            [-103.064657, 32.959097],
            [-102.20852, 32.958956],
            [-102.211249, 32.0868],
            [-102.799086, 32.085795],
            [-102.798939, 31.651783],
            [-102.31805, 31.651327],
            [-102.301212, 31.086212],
            [-102.406153, 31.08787],
            [-102.430127, 31.129058],
            [-102.425107, 31.17816],
            [-102.442056, 31.212566],
            [-102.511156, 31.2595],
            [-102.567042, 31.272675],
            [-102.596491, 31.264012],
            [-102.667909, 31.326819],
            [-102.724875, 31.308418],
            [-102.739244, 31.282596],
            [-102.774077, 31.295297],
            [-102.826735, 31.266881],
            [-102.913983, 31.339118],
            [-103.01104, 31.371306],
            [-103.585084, 30.76647],
            [-102.320703761477, 29.8788549124151],
            [-102.323463, 29.863917],
            [-102.341033, 29.869305],
            [-102.364542, 29.845387],
            [-102.388323, 29.761266],
            [-102.487252, 29.786585],
            [-102.517531, 29.783955],
            [-102.513381, 29.76576],
            [-102.548261, 29.744596],
            [-102.567663, 29.771463],
            [-102.574139, 29.754773],
            [-102.630151, 29.734315],
            [-102.677371, 29.741349],
            [-102.693466, 29.676507],
            [-102.736948, 29.641538],
            [-102.741927, 29.595983],
            [-102.768341, 29.594734],
            [-102.771429, 29.548546],
            [-102.808692, 29.522319],
            [-102.800673, 29.486235],
            [-102.823105, 29.463299],
            [-102.833261, 29.410976],
            [-102.812666, 29.400173],
            [-102.844365, 29.375379],
            [-102.839375, 29.358922],
            [-102.884364, 29.347729],
            [-102.906296, 29.260011],
            [-102.866846, 29.225015],
            [-102.893924, 29.208664],
            [-102.912324, 29.219418],
            [-102.917805, 29.190697],
            [-102.943765, 29.191165],
            [-102.950592, 29.173731],
            [-102.996319, 29.178265],
            [-103.03603, 29.098736],
            [-103.0761, 29.091323],
            [-103.0859, 29.053736],
            [-103.100134, 29.060675],
            [-103.115328, 28.98527],
            [-103.154608, 28.971612],
            [-103.227801, 28.991532],
            [-103.249589, 28.980515],
            [-103.266333, 28.995981],
            [-103.283457, 28.976945],
            [-103.287852, 29.002242],
            [-103.315938, 29.01039],
            [-103.308277, 29.025001],
            [-103.338298, 29.019766],
            [-103.327186, 29.038952],
            [-103.342294, 29.046168],
            [-103.36032, 29.0185],
            [-103.386505, 29.021648],
            [-103.388434, 29.033862],
            [-103.432231, 29.043682],
            [-103.44993, 29.072714],
            [-103.472984, 29.068347],
            [-103.470213, 29.085526],
            [-103.552572, 29.157335],
            [-103.6499, 29.15641],
            [-103.660203, 29.170934],
            [-103.71918, 29.181395],
            [-103.758549, 29.232939],
            [-103.776698, 29.220054],
            [-103.784047, 29.265467],
            [-103.975235, 29.296017],
            [-104.038282, 29.320156],
            [-104.106467, 29.373127],
            [-104.167443, 29.394744],
            [-104.218126, 29.457732],
            [-104.212997, 29.48413],
            [-104.2311, 29.479066],
            [-104.261744, 29.513463],
            [-104.315476, 29.532754],
            [-104.338113, 29.519967],
            [-104.475991, 29.627979],
            [-104.51293, 29.637247],
            [-104.54419, 29.680997],
            [-104.530679, 29.691394],
            [-104.560491, 29.735351],
            [-104.549796, 29.740641],
            [-104.570053, 29.752858],
            [-104.565688, 29.770462],
            [-104.683245, 29.929451],
            [-104.673643, 29.956774],
            [-104.685256, 29.956991],
            [-104.680152, 29.977003],
            [-104.691944, 29.973865],
            [-104.689641, 30.01495],
            [-104.706874, 30.050685],
            [-104.685003, 30.085643],
            [-104.696402, 30.133747],
            [-104.686715, 30.178617],
            [-104.705967, 30.235001],
            [-104.749664, 30.26126],
            [-104.761288, 30.300611],
            [-104.811854, 30.333599],
            [-104.817602, 30.375746],
            [-104.859521, 30.390413],
            [-104.847268, 30.413901],
            [-104.867933, 30.441066],
            [-104.866758, 30.495036],
            [-104.922935, 30.603848],
            [-104.972071, 30.61026],
            [-105.006222, 30.685599],
            [-105.061577, 30.685743],
            [-105.118295, 30.749726],
            [-105.161127, 30.752059],
            [-105.15612, 30.769583],
            [-105.176833, 30.768147],
            [-105.195144, 30.792138],
            [-105.218567, 30.785244],
            [-105.215017, 30.805893],
            [-105.257941, 30.794708],
            [-105.292225, 30.826311],
            [-105.31702, 30.810987],
            [-105.339293, 30.840475],
            [-105.400462, 30.852617],
            [-105.399866, 30.889074],
            [-105.466534, 30.924197],
            [-105.501968, 30.967737],
            [-105.55743, 30.990229],
            [-105.604467, 31.083744],
            [-105.741564, 31.164377],
            [-105.773257, 31.166897],
            [-105.782895, 31.197563],
            [-105.869163, 31.288815],
            [-105.932553, 31.313121],
            [-105.953786, 31.364749],
            [-105.997132001253, 31.387246427542],
            [-105.954328, 31.423468],
            [-105.959262, 31.478417],
            [-105.993255, 31.478392],
            [-105.997806, 32.000104],
            [-105.998003, 32.002328]
          ]
        ]
      }
    },
    {
      "type": "Feature",
      "id": "48_00400",
      "properties": {
        "state_puma_id": "48_00400",
        "state_name": "Texas",
        "state_fips": "48",
        "puma_name": "South Plains Association of Governments--Outside Lubbock County PUMA"
      },
      "geometry": {
        "type": "Polygon",
        "coordinates": [
          [
            [-103.064679, 32.964373],
            [-103.043978936987, 34.312749083575],
            [-100.51734, 34.314102],
            [-100.518691, 33.83565],
            [-99.996434, 33.835967],
            [-99.99098, 33.397404],
            [-101.038788, 33.397214],
            [-101.03866, 32.970225],
            [-103.064657, 32.959097],
            [-103.064679, 32.964373]
          ],
          [
            [-102.085391, 33.809869],
            [-102.075929, 33.389586],
            [-101.556884, 33.39476],
            [-101.56358, 33.830451],
            [-102.085733, 33.824675],
            [-102.085391, 33.809869]
          ]
        ]
      }
    },
    {
      "type": "Feature",
      "id": "48_04803",
      "properties": {
        "state_puma_id": "48_04803",
        "state_name": "Texas",
        "state_fips": "48",
        "puma_name": "Houston-Galveston Area Council--Brazoria County (Southwest), Lake Jackson City PUMA"
      },
      "geometry": {
        "type": "Polygon",
        "coordinates": [
          [
            [-95.874028, 29.229702],
            [-95.79782, 29.307971],
            [-95.784013, 29.296249],
            [-95.752866, 29.324503],
            [-95.654619, 29.290951],
            [-95.626535, 29.293146],
            [-95.625777, 29.312981],
            [-95.590793, 29.327485],
            [-95.576972, 29.302718],
            [-95.587139, 29.279892],
            [-95.561903, 29.250582],
            [-95.446799, 29.248081],
            [-95.409991, 29.074848],
            [-95.379068, 29.117944],
            [-95.328323, 29.011964],
            [-95.279542, 28.974988],
            [-95.235711, 29.019145],
            [-95.198446, 29.108863],
            [-95.1598813855137, 29.1448091688252],
            [-95.167068, 29.113057],
            [-95.123837, 29.07064],
            [-95.297946, 28.934726],
            [-95.383683, 28.87],
            [-95.5072492559511, 28.8255658801125],
            [-95.504977, 28.837902],
            [-95.567519, 28.829724],
            [-95.57924, 28.859613],
            [-95.64167, 28.903749],
            [-95.655071, 28.95153],
            [-95.770336, 28.972682],
            [-95.7855, 29.03915],
            [-95.765049, 29.060458],
            [-95.846379, 29.10743],
            [-95.838371, 29.176564],
            [-95.857805, 29.193315],
            [-95.844667, 29.204676],
            [-95.874028, 29.229702]
          ]
        ]
      }
    },
    {
      "type": "Feature",
      "id": "48_00300",
      "properties": {
        "state_puma_id": "48_00300",
        "state_name": "Texas",
        "state_fips": "48",
        "puma_name": "Panhandle Regional Planning Commission (Randall County)--Amarillo City (South) PUMA"
      },
      "geometry": {
        "type": "Polygon",
        "coordinates": [
          [
            [-102.168674, 34.790345],
            [-102.167471, 35.183233],
            [-101.622941, 35.183117],
            [-101.629257, 34.747649],
            [-102.168839, 34.747417],
            [-102.168674, 34.790345]
          ]
        ]
      }
    },
    {
      "type": "Feature",
      "id": "48_04000",
      "properties": {
        "state_puma_id": "48_04000",
        "state_name": "Texas",
        "state_fips": "48",
        "puma_name": "Deep East Texas COG (Central)--Angelina & Nacogdoches Counties PUMA"
      },
      "geometry": {
        "type": "Polygon",
        "coordinates": [
          [
            [-95.004883, 31.42396],
            [-94.865857, 31.526916],
            [-94.900524, 31.552458],
            [-94.891827, 31.578001],
            [-94.920791, 31.574392],
            [-94.926244, 31.609984],
            [-94.954224, 31.639712],
            [-94.95078, 31.679152],
            [-94.965946, 31.697758],
            [-94.954379, 31.723181],
            [-94.972788, 31.738575],
            [-94.967268, 31.753816],
            [-94.926266, 31.761858],
            [-94.978134, 31.793514],
            [-94.953901, 31.797],
            [-94.937532, 31.845555],
            [-94.451685, 31.844044],
            [-94.42412, 31.800154],
            [-94.431615, 31.773528],
            [-94.41249, 31.746361],
            [-94.416809, 31.705913],
            [-94.395278, 31.638636],
            [-94.365722, 31.632757],
            [-94.305583, 31.570929],
            [-94.302217, 31.505144],
            [-94.316109, 31.495614],
            [-94.324993, 31.43941],
            [-94.30526, 31.421852],
            [-94.326934, 31.399991],
            [-94.330933, 31.363317],
            [-94.315119, 31.308439],
            [-94.339773, 31.24082],
            [-94.262206, 31.180334],
            [-94.218997, 31.173265],
            [-94.192732, 31.135455],
            [-94.129632, 31.09928],
            [-94.473218, 31.026393],
            [-94.649011, 31.098997],
            [-94.658493, 31.084905],
            [-94.751342, 31.105462],
            [-94.856263, 31.150079],
            [-94.860436, 31.234495],
            [-94.897578, 31.257834],
            [-94.876713, 31.283394],
            [-94.896522, 31.296074],
            [-94.89703, 31.323423],
            [-94.95782, 31.342847],
            [-94.95025, 31.382214],
            [-95.005525, 31.421076],
            [-95.004883, 31.42396]
          ]
        ]
      }
    },
    {
      "type": "Feature",
      "id": "48_04702",
      "properties": {
        "state_puma_id": "48_04702",
        "state_name": "Texas",
        "state_fips": "48",
        "puma_name": "Galveston County (Northwest)--League City & Friendswood City PUMA"
      },
      "geometry": {
        "type": "Polygon",
        "coordinates": [
          [
            [-95.232338, 29.469719],
            [-95.216422, 29.55608],
            [-95.201192, 29.562987],
            [-95.160724, 29.49749],
            [-95.10547, 29.510328],
            [-95.096176, 29.535092],
            [-95.056239, 29.559094],
            [-94.95412, 29.503424],
            [-94.972928, 29.471201],
            [-95.05551, 29.471085],
            [-95.106201, 29.428651],
            [-95.20934, 29.42998],
            [-95.233081, 29.465566],
            [-95.232338, 29.469719]
          ]
        ]
      }
    },
    {
      "type": "Feature",
      "id": "48_01903",
      "properties": {
        "state_puma_id": "48_01903",
        "state_name": "Texas",
        "state_fips": "48",
        "puma_name": "Collin County (Southwest)--Plano City (Central) PUMA"
      },
      "geometry": {
        "type": "Polygon",
        "coordinates": [
          [
            [-96.770351, 33.04925],
            [-96.75061, 33.056984],
            [-96.750067, 33.08605],
            [-96.704889, 33.088572],
            [-96.672859, 33.072662],
            [-96.662149, 33.031473],
            [-96.631854, 33.010412],
            [-96.699261, 33.018425],
            [-96.699108, 33.03711],
            [-96.769988, 33.026853],
            [-96.770391, 33.045614],
            [-96.770351, 33.04925]
          ]
        ]
      }
    },
    {
      "type": "Feature",
      "id": "48_02303",
      "properties": {
        "state_puma_id": "48_02303",
        "state_name": "Texas",
        "state_fips": "48",
        "puma_name": "Dallas County (East)--Mesquite City (Central & Southeast) PUMA"
      },
      "geometry": {
        "type": "Polygon",
        "coordinates": [
          [
            [-96.629821, 32.823126],
            [-96.518402, 32.876468],
            [-96.520831, 32.70017],
            [-96.627678, 32.699475],
            [-96.612195, 32.742537],
            [-96.627843, 32.810378],
            [-96.629821, 32.823126]
          ]
        ]
      }
    },
    {
      "type": "Feature",
      "id": "48_00600",
      "properties": {
        "state_puma_id": "48_00600",
        "state_name": "Texas",
        "state_fips": "48",
        "puma_name": "North Texas Regional Planning Commission--Outside Wichita County & Wise County PUMA"
      },
      "geometry": {
        "type": "Polygon",
        "coordinates": [
          [
            [-100.518378, 33.910158],
            [-100.51734, 34.314102],
            [-99.99772, 34.311829],
            [-99.9975014109467, 34.5604238870434],
            [-99.94572, 34.579273],
            [-99.822281, 34.4981],
            [-99.793684, 34.453894],
            [-99.69497, 34.378333],
            [-99.600026, 34.374688],
            [-99.569696, 34.418418],
            [-99.499875, 34.409608],
            [-99.436474, 34.370539],
            [-99.424897, 34.385823],
            [-99.40296, 34.373481],
            [-99.387653, 34.411984],
            [-99.394956, 34.442099],
            [-99.36961, 34.458699],
            [-99.319606, 34.408869],
            [-99.261321, 34.403499],
            [-99.274858, 34.384922],
            [-99.242855, 34.372676],
            [-99.229245, 34.336516],
            [-99.206905, 34.338277],
            [-99.211449, 34.29275],
            [-99.19626, 34.281463],
            [-99.189511, 34.214312],
            [-99.130609, 34.219408],
            [-99.126567, 34.203004],
            [-99.079535, 34.211518],
            [-99.048792, 34.198209],
            [-98.990852, 34.221633],
            [-98.969003, 34.201299],
            [-98.9523575349127, 34.2125787665873],
            [-98.953202, 33.834025],
            [-98.423003, 33.836056],
            [-98.423533, 34.082843],
            [-98.364023, 34.157109],
            [-98.16912, 34.114171],
            [-98.109462, 34.154111],
            [-98.089755, 34.128211],
            [-98.120208, 34.072127],
            [-98.083839, 34.041719],
            [-98.106261, 34.034154],
            [-98.088203, 34.005481],
            [-98.027672, 33.993357],
            [-97.974173, 34.006716],
            [-97.946473, 33.990732],
            [-97.974173, 33.942832],
            [-97.953395, 33.936445],
            [-97.957155, 33.914454],
            [-97.978804, 33.912548],
            [-97.983769, 33.8972],
            [-97.877387, 33.850236],
            [-97.834333, 33.857671],
            [-97.797761, 33.899286],
            [-97.784702, 33.890636],
            [-97.785101, 33.916815],
            [-97.76377, 33.914241],
            [-97.762768, 33.934396],
            [-97.725289, 33.941045],
            [-97.671772, 33.99137],
            [-97.590422, 33.954104],
            [-97.597115, 33.917868],
            [-97.581078, 33.899679],
            [-97.486505, 33.916994],
            [-97.487065, 33.433681],
            [-97.383015, 33.43289],
            [-97.39848, 32.990839],
            [-98.426553, 33.007913],
            [-98.427211, 32.9523],
            [-98.950875, 32.956918],
            [-98.953938, 33.397534],
            [-99.472444, 33.399023],
            [-99.474498, 33.733849],
            [-99.493386, 33.76795],
            [-99.545144, 33.780324],
            [-99.554906, 33.798556],
            [-99.599863, 33.787634],
            [-99.634461, 33.802671],
            [-99.635786, 33.817098],
            [-99.663898, 33.808071],
            [-99.685332, 33.8273],
            [-99.70001, 33.800075],
            [-99.721371, 33.814428],
            [-99.725026, 33.797473],
            [-99.739169, 33.811566],
            [-99.758657, 33.803783],
            [-99.756663, 33.823522],
            [-99.83262, 33.817397],
            [-99.835143, 33.8358],
            [-100.518691, 33.83565],
            [-100.518378, 33.910158]
          ]
        ]
      }
    },
    {
      "type": "Feature",
      "id": "48_05301",
      "properties": {
        "state_puma_id": "48_05301",
        "state_name": "Texas",
        "state_fips": "48",
        "puma_name": "Travis County (Northeast)--Pflugerville, Manor Cities & Wells Branch PUMA"
      },
      "geometry": {
        "type": "Polygon",
        "coordinates": [
          [
            [-97.69535, 30.452148],
            [-97.682893, 30.480066],
            [-97.651441, 30.474894],
            [-97.572076, 30.500257],
            [-97.550068, 30.476483],
            [-97.510862, 30.485265],
            [-97.369539, 30.419563],
            [-97.49652, 30.216143],
            [-97.526808, 30.251365],
            [-97.627952, 30.29124],
            [-97.599388, 30.337247],
            [-97.643998, 30.329539],
            [-97.639149, 30.447439],
            [-97.661714, 30.448716],
            [-97.671594, 30.424418],
            [-97.695504, 30.449813],
            [-97.69535, 30.452148]
          ]
        ]
      }
    },
    {
      "type": "Feature",
      "id": "48_02318",
      "properties": {
        "state_puma_id": "48_02318",
        "state_name": "Texas",
        "state_fips": "48",
        "puma_name": "Dallas County (Southwest)--Cedar Hill & Duncanville Cities PUMA"
      },
      "geometry": {
        "type": "Polygon",
        "coordinates": [
          [
            [-97.038523, 32.559998],
            [-97.036907, 32.655158],
            [-97.015308, 32.65835],
            [-96.996341, 32.632885],
            [-96.99824, 32.64586],
            [-96.958278, 32.665613],
            [-96.891414, 32.661913],
            [-96.865635, 32.618586],
            [-96.908399, 32.618789],
            [-96.908171, 32.547607],
            [-97.038685, 32.548666],
            [-97.038523, 32.559998]
          ]
        ]
      }
    },
    {
      "type": "Feature",
      "id": "48_02309",
      "properties": {
        "state_puma_id": "48_02309",
        "state_name": "Texas",
        "state_fips": "48",
        "puma_name": "Dallas (Far North) & Richardson (Southwest) Cities PUMA"
      },
      "geometry": {
        "type": "Polygon",
        "coordinates": [
          [
            [-96.804614, 32.95969],
            [-96.80343, 32.986914],
            [-96.699773, 32.985377],
            [-96.69988, 32.938581],
            [-96.718147, 32.925432],
            [-96.803568, 32.92564],
            [-96.804651, 32.956525],
            [-96.804614, 32.95969]
          ]
        ]
      }
    },
    {
      "type": "Feature",
      "id": "48_05908",
      "properties": {
        "state_puma_id": "48_05908",
        "state_name": "Texas",
        "state_fips": "48",
        "puma_name": "San Antonio City (West)--Between Loop TX-1604 & Loop I-410 PUMA"
      },
      "geometry": {
        "type": "Polygon",
        "coordinates": [
          [
            [-98.711266, 29.465326],
            [-98.704889, 29.494102],
            [-98.662358, 29.499572],
            [-98.666403, 29.484456],
            [-98.629933, 29.453008],
            [-98.649447, 29.397359],
            [-98.70094, 29.382021],
            [-98.711247, 29.448041],
            [-98.711266, 29.465326]
          ]
        ]
      }
    },
    {
      "type": "Feature",
      "id": "48_04502",
      "properties": {
        "state_puma_id": "48_04502",
        "state_name": "Texas",
        "state_fips": "48",
        "puma_name": "Houston-Galveston Area Council--Montgomery County (West), Conroe City (West) PUMA"
      },
      "geometry": {
        "type": "Polygon",
        "coordinates": [
          [
            [-95.813864, 30.459147],
            [-95.744137, 30.450391],
            [-95.733301, 30.415837],
            [-95.695909, 30.411024],
            [-95.69657, 30.388514],
            [-95.652963, 30.382798],
            [-95.651591, 30.401793],
            [-95.620887, 30.381271],
            [-95.576395, 30.378084],
            [-95.598871, 30.437159],
            [-95.491959, 30.42106],
            [-95.457052, 30.247859],
            [-95.458804, 30.236741],
            [-95.568191, 30.220913],
            [-95.600348, 30.177612],
            [-95.597496, 30.133523],
            [-95.623218, 30.135646],
            [-95.668303, 30.101723],
            [-95.80333, 30.090096],
            [-95.813948, 30.455742],
            [-95.813864, 30.459147]
          ]
        ]
      }
    },
    {
      "type": "Feature",
      "id": "48_01200",
      "properties": {
        "state_puma_id": "48_01200",
        "state_name": "Texas",
        "state_fips": "48",
        "puma_name": "East Texas COG (Northeast)--Harrison, Upshur & Marion Counties PUMA"
      },
      "geometry": {
        "type": "Polygon",
        "coordinates": [
          [
            [-95.152964, 32.607121],
            [-95.15211, 32.902641],
            [-94.719942, 32.904502],
            [-94.705878, 32.879177],
            [-94.0428857174211, 32.881088560255],
            [-94.042901, 32.392283],
            [-94.35064, 32.326583],
            [-94.382909, 32.345733],
            [-94.384578, 32.366803],
            [-94.440545, 32.3621],
            [-94.499876, 32.397805],
            [-94.515379, 32.387145],
            [-94.554417, 32.407625],
            [-94.588653, 32.391381],
            [-94.645865, 32.399506],
            [-94.676589, 32.42438],
            [-94.701986, 32.421782],
            [-94.70179, 32.652209],
            [-94.745629, 32.667507],
            [-94.820308, 32.590622],
            [-94.988337, 32.536758],
            [-95.008686, 32.516813],
            [-95.022478, 32.522109],
            [-95.020974, 32.546726],
            [-95.04076, 32.532285],
            [-95.075322, 32.537073],
            [-95.093259, 32.557682],
            [-95.118786, 32.542496],
            [-95.15341, 32.570115],
            [-95.152964, 32.607121]
          ]
        ]
      }
    },
    {
      "type": "Feature",
      "id": "48_04608",
      "properties": {
        "state_puma_id": "48_04608",
        "state_name": "Texas",
        "state_fips": "48",
        "puma_name": "Houston City (North) & Aldine--Between Loop I-610 & Beltway TX-8 PUMA"
      },
      "geometry": {
        "type": "Polygon",
        "coordinates": [
          [
            [-95.414006, 29.940534],
            [-95.295981, 29.939962],
            [-95.332914, 29.865312],
            [-95.336254, 29.808262],
            [-95.355586, 29.819696],
            [-95.370535, 29.892547],
            [-95.412453, 29.899646],
            [-95.412796, 29.936702],
            [-95.414006, 29.940534]
          ]
        ]
      }
    },
    {
      "type": "Feature",
      "id": "48_04621",
      "properties": {
        "state_puma_id": "48_04621",
        "state_name": "Texas",
        "state_fips": "48",
        "puma_name": "Houston (Southeast), Pasadena (Southeast), La Porte (South) & Seabrook (East) Cities PUMA"
      },
      "geometry": {
        "type": "Polygon",
        "coordinates": [
          [
            [-95.179206, 29.623483],
            [-95.158386, 29.642396],
            [-95.155263, 29.681524],
            [-95.132672, 29.663504],
            [-95.08692, 29.664381],
            [-95.086411, 29.651118],
            [-95.038741, 29.651787],
            [-95.038866, 29.685843],
            [-95.019621, 29.681628],
            [-95.015189, 29.632451],
            [-94.982706, 29.601344],
            [-95.0170022544903, 29.5484617569936],
            [-95.065065, 29.558478],
            [-95.090038, 29.531128],
            [-95.168365, 29.591469],
            [-95.153036, 29.591732],
            [-95.142208, 29.614931],
            [-95.178982, 29.623306],
            [-95.179206, 29.623483]
          ]
        ]
      }
    },
    {
      "type": "Feature",
      "id": "48_04602",
      "properties": {
        "state_puma_id": "48_04602",
        "state_name": "Texas",
        "state_fips": "48",
        "puma_name": "Houston City (East Central)--East of I-45 & Inside Loop I-610 PUMA"
      },
      "geometry": {
        "type": "Polygon",
        "coordinates": [
          [
            [-95.374572, 29.757775],
            [-95.365035, 29.770552],
            [-95.264077, 29.775721],
            [-95.266311, 29.711899],
            [-95.29539, 29.695539],
            [-95.325715, 29.691962],
            [-95.337523, 29.728585],
            [-95.374493, 29.752879],
            [-95.374572, 29.757775]
          ]
        ]
      }
    },
    {
      "type": "Feature",
      "id": "48_04613",
      "properties": {
        "state_puma_id": "48_04613",
        "state_name": "Texas",
        "state_fips": "48",
        "puma_name": "Houston (West) & Hunters Creek Village Cities--Between Loop I-610 & Beltway TX-8 PUMA"
      },
      "geometry": {
        "type": "Polygon",
        "coordinates": [
          [
            [-95.562876, 29.772774],
            [-95.453868, 29.780937],
            [-95.468254, 29.731523],
            [-95.557621, 29.727636],
            [-95.562792, 29.770189],
            [-95.562876, 29.772774]
          ]
        ]
      }
    },
    {
      "type": "Feature",
      "id": "48_04616",
      "properties": {
        "state_puma_id": "48_04616",
        "state_name": "Texas",
        "state_fips": "48",
        "puma_name": "Houston City (Southwest)--Between Loop I-610 & Beltway TX-8 PUMA"
      },
      "geometry": {
        "type": "Polygon",
        "coordinates": [
          [
            [-95.54553, 29.655775],
            [-95.531476, 29.673186],
            [-95.427643, 29.677724],
            [-95.463736, 29.64749],
            [-95.465185, 29.62728],
            [-95.495038, 29.61339],
            [-95.550365, 29.653489],
            [-95.54553, 29.655775]
          ]
        ]
      }
    },
    {
      "type": "Feature",
      "id": "48_03307",
      "properties": {
        "state_puma_id": "48_03307",
        "state_name": "Texas",
        "state_fips": "48",
        "puma_name": "El Paso County (Outside El Paso City)--Horizon City PUMA"
      },
      "geometry": {
        "type": "Polygon",
        "coordinates": [
          [
            [-106.42904, 31.835066],
            [-106.323469336526, 32.0014576337223],
            [-105.998003, 32.002328],
            [-105.993255, 31.478392],
            [-105.959262, 31.478417],
            [-105.954328, 31.423468],
            [-105.997132001253, 31.387246427542],
            [-106.080258, 31.398702],
            [-106.206544, 31.466199],
            [-106.246203, 31.541153],
            [-106.280472, 31.56175],
            [-106.25433, 31.58412],
            [-106.2312, 31.575434],
            [-106.208376, 31.597746],
            [-106.189388, 31.59485],
            [-106.284117, 31.701351],
            [-106.267087, 31.742235],
            [-106.216148, 31.732778],
            [-106.216436, 31.755769],
            [-106.248853, 31.755036],
            [-106.249306, 31.769326],
            [-106.216516, 31.769365],
            [-106.212934, 31.813892],
            [-106.329852, 31.79847],
            [-106.330856, 31.840999],
            [-106.381393, 31.820087],
            [-106.43484, 31.825929],
            [-106.42904, 31.835066]
          ]
        ]
      }
    },
    {
      "type": "Feature",
      "id": "48_03308",
      "properties": {
        "state_puma_id": "48_03308",
        "state_name": "Texas",
        "state_fips": "48",
        "puma_name": "El Paso City (East) PUMA"
      },
      "geometry": {
        "type": "Polygon",
        "coordinates": [
          [
            [-106.342257, 31.756371],
            [-106.332655, 31.798042],
            [-106.212934, 31.813892],
            [-106.216516, 31.769365],
            [-106.249306, 31.769326],
            [-106.248853, 31.755036],
            [-106.216436, 31.755769],
            [-106.216148, 31.732778],
            [-106.267087, 31.742235],
            [-106.284117, 31.701351],
            [-106.345255, 31.752676],
            [-106.342257, 31.756371]
          ]
        ]
      }
    },
    {
      "type": "Feature",
      "id": "48_06604",
      "properties": {
        "state_puma_id": "48_06604",
        "state_name": "Texas",
        "state_fips": "48",
        "puma_name": "Coastal Bend COG--Nueces County (Central), Corpus Christi City (Northwest) PUMA"
      },
      "geometry": {
        "type": "Polygon",
        "coordinates": [
          [
            [-97.573702, 27.83866],
            [-97.484469, 27.805149],
            [-97.426812, 27.813271],
            [-97.398154, 27.799617],
            [-97.39491, 27.812012],
            [-97.3740534617407, 27.7480912788719],
            [-97.412414, 27.699591],
            [-97.488252, 27.736344],
            [-97.533767, 27.72653],
            [-97.570204, 27.773432],
            [-97.574061, 27.836315],
            [-97.573702, 27.83866]
          ]
        ]
      }
    },
    {
      "type": "Feature",
      "id": "48_03309",
      "properties": {
        "state_puma_id": "48_03309",
        "state_name": "Texas",
        "state_fips": "48",
        "puma_name": "El Paso City (Southeast)--Socorro City PUMA"
      },
      "geometry": {
        "type": "Polygon",
        "coordinates": [
          [
            [-106.384528, 31.735175],
            [-106.350852, 31.741182],
            [-106.349674, 31.755412],
            [-106.325453, 31.740342],
            [-106.189388, 31.59485],
            [-106.208376, 31.597746],
            [-106.2312, 31.575434],
            [-106.25433, 31.58412],
            [-106.280472, 31.56175],
            [-106.303614, 31.622489],
            [-106.385690233474, 31.7346181947619],
            [-106.384528, 31.735175]
          ]
        ]
      }
    },
    {
      "type": "Feature",
      "id": "48_03310",
      "properties": {
        "state_puma_id": "48_03310",
        "state_name": "Texas",
        "state_fips": "48",
        "puma_name": "El Paso City (Central) PUMA"
      },
      "geometry": {
        "type": "Polygon",
        "coordinates": [
          [
            [-106.511041, 31.798194],
            [-106.483442, 31.803207],
            [-106.479069, 31.783242],
            [-106.465905, 31.80493],
            [-106.442248, 31.803718],
            [-106.43484, 31.825929],
            [-106.381393, 31.820087],
            [-106.330856, 31.840999],
            [-106.329852, 31.79847],
            [-106.350852, 31.741182],
            [-106.377721, 31.734658],
            [-106.451064, 31.764325],
            [-106.489542, 31.748408],
            [-106.510741339548, 31.7626365885477],
            [-106.511015, 31.795219],
            [-106.511041, 31.798194]
          ]
        ]
      }
    },
    {
      "type": "Feature",
      "id": "48_06100",
      "properties": {
        "state_puma_id": "48_06100",
        "state_name": "Texas",
        "state_fips": "48",
        "puma_name": "Alamo Area COG (Southwest) PUMA"
      },
      "geometry": {
        "type": "Polygon",
        "coordinates": [
          [
            [-99.603318, 29.740258],
            [-99.602776, 29.907679],
            [-99.27864, 29.904176],
            [-99.174858, 29.894414],
            [-98.778782, 29.720167],
            [-98.806552, 29.690709],
            [-98.804763, 29.250693],
            [-98.407336, 29.114435],
            [-98.098315, 28.786949],
            [-98.335031, 28.612658],
            [-98.335047, 28.648275],
            [-99.409021, 28.640566],
            [-99.411817, 29.627514],
            [-99.60313, 29.627181],
            [-99.603318, 29.740258]
          ]
        ]
      }
    },
    {
      "type": "Feature",
      "id": "48_02004",
      "properties": {
        "state_puma_id": "48_02004",
        "state_name": "Texas",
        "state_fips": "48",
        "puma_name": "Denton County (East Central)--Frisco (West), The Colony & Little Elm Cities PUMA"
      },
      "geometry": {
        "type": "Polygon",
        "coordinates": [
          [
            [-96.970945, 33.1177],
            [-96.945986, 33.221373],
            [-96.838803, 33.219386],
            [-96.841849, 33.086456],
            [-96.901288, 33.060645],
            [-96.914289, 33.076852],
            [-96.962942, 33.083016],
            [-96.970309, 33.116678],
            [-96.970945, 33.1177]
          ]
        ]
      }
    },
    {
      "type": "Feature",
      "id": "48_02312",
      "properties": {
        "state_puma_id": "48_02312",
        "state_name": "Texas",
        "state_fips": "48",
        "puma_name": "Dallas (West Central), University Park Cities & Highland Park Town PUMA"
      },
      "geometry": {
        "type": "Polygon",
        "coordinates": [
          [
            [-96.921824, 32.801214],
            [-96.914042, 32.843562],
            [-96.879289, 32.8664],
            [-96.86474, 32.855808],
            [-96.770373, 32.865603],
            [-96.771052, 32.843749],
            [-96.814858, 32.7984],
            [-96.806479, 32.762944],
            [-96.851216, 32.797645],
            [-96.904861, 32.798071],
            [-96.915381, 32.784255],
            [-96.921687, 32.798927],
            [-96.921824, 32.801214]
          ]
        ]
      }
    },
    {
      "type": "Feature",
      "id": "48_02320",
      "properties": {
        "state_puma_id": "48_02320",
        "state_name": "Texas",
        "state_fips": "48",
        "puma_name": "Dallas County (West)--Irving (South) & Grand Prairie (North) Cities PUMA"
      },
      "geometry": {
        "type": "Polygon",
        "coordinates": [
          [
            [-97.035518, 32.739709],
            [-97.033857, 32.837134],
            [-97.009553, 32.837103],
            [-97.004088, 32.821708],
            [-96.914912, 32.836925],
            [-96.918902, 32.785719],
            [-96.96002, 32.773416],
            [-96.952987, 32.748175],
            [-97.035522, 32.739451],
            [-97.035518, 32.739709]
          ]
        ]
      }
    },
    {
      "type": "Feature",
      "id": "48_02317",
      "properties": {
        "state_puma_id": "48_02317",
        "state_name": "Texas",
        "state_fips": "48",
        "puma_name": "Dallas County (South)--DeSoto & Lancaster Cities PUMA"
      },
      "geometry": {
        "type": "Polygon",
        "coordinates": [
          [
            [-96.908399, 32.618789],
            [-96.865635, 32.618586],
            [-96.877547, 32.654169],
            [-96.805696, 32.642331],
            [-96.730336, 32.66008],
            [-96.721138, 32.646735],
            [-96.753451, 32.618564],
            [-96.753881, 32.590077],
            [-96.722616, 32.546557],
            [-96.908171, 32.547607],
            [-96.908355, 32.60434],
            [-96.908399, 32.618789]
          ]
        ]
      }
    },
    {
      "type": "Feature",
      "id": "48_04609",
      "properties": {
        "state_puma_id": "48_04609",
        "state_name": "Texas",
        "state_fips": "48",
        "puma_name": "Houston City (North)--South of Aldine & Inside Beltway TX-8 PUMA"
      },
      "geometry": {
        "type": "Polygon",
        "coordinates": [
          [
            [-95.480376, 29.865658],
            [-95.407923, 29.869866],
            [-95.412453, 29.899646],
            [-95.370535, 29.892547],
            [-95.350746, 29.812546],
            [-95.440882, 29.808874],
            [-95.481616, 29.865763],
            [-95.480376, 29.865658]
          ]
        ]
      }
    },
    {
      "type": "Feature",
      "id": "48_05905",
      "properties": {
        "state_puma_id": "48_05905",
        "state_name": "Texas",
        "state_fips": "48",
        "puma_name": "San Antonio City (West)--Inside Loop I-410 PUMA"
      },
      "geometry": {
        "type": "Polygon",
        "coordinates": [
          [
            [-98.649567, 29.404315],
            [-98.648085, 29.430955],
            [-98.592944, 29.485045],
            [-98.55429, 29.456717],
            [-98.56354, 29.405496],
            [-98.548358, 29.404004],
            [-98.576022, 29.355349],
            [-98.613508, 29.377045],
            [-98.636768, 29.371071],
            [-98.64959, 29.401651],
            [-98.649567, 29.404315]
          ]
        ]
      }
    },
    {
      "type": "Feature",
      "id": "48_07401",
      "properties": {
        "state_puma_id": "48_07401",
        "state_name": "Texas",
        "state_fips": "48",
        "puma_name": "Brazos County--College Station & Bryan Cities (Central) PUMA"
      },
      "geometry": {
        "type": "Polygon",
        "coordinates": [
          [
            [-96.407369, 30.668077],
            [-96.358876, 30.696568],
            [-96.25777, 30.559391],
            [-96.301492, 30.53307],
            [-96.301572, 30.562414],
            [-96.374849, 30.657767],
            [-96.402481, 30.656774],
            [-96.407369, 30.668077]
          ]
        ]
      }
    },
    {
      "type": "Feature",
      "id": "48_04610",
      "properties": {
        "state_puma_id": "48_04610",
        "state_name": "Texas",
        "state_fips": "48",
        "puma_name": "Houston City (North)--West of Aldine & Inside Beltway TX-8 PUMA"
      },
      "geometry": {
        "type": "Polygon",
        "coordinates": [
          [
            [-95.521719, 29.936675],
            [-95.414006, 29.940534],
            [-95.407923, 29.869866],
            [-95.42817, 29.863589],
            [-95.481616, 29.865763],
            [-95.521518, 29.936277],
            [-95.521719, 29.936675]
          ]
        ]
      }
    },
    {
      "type": "Feature",
      "id": "48_05203",
      "properties": {
        "state_puma_id": "48_05203",
        "state_name": "Texas",
        "state_fips": "48",
        "puma_name": "Williamson County (South)--Austin City (Far North), Brushy Creek & Jollyville PUMA"
      },
      "geometry": {
        "type": "Polygon",
        "coordinates": [
          [
            [-97.846324, 30.473515],
            [-97.808373, 30.476173],
            [-97.805454, 30.495648],
            [-97.776809, 30.503621],
            [-97.775423, 30.524827],
            [-97.800681, 30.544725],
            [-97.801994, 30.568749],
            [-97.780878, 30.5771],
            [-97.757729, 30.539092],
            [-97.70852, 30.52568],
            [-97.715842, 30.507451],
            [-97.686199, 30.50975],
            [-97.67424, 30.48079],
            [-97.688784, 30.461401],
            [-97.77634, 30.429768],
            [-97.846541, 30.47341],
            [-97.846324, 30.473515]
          ]
        ]
      }
    },
    {
      "type": "Feature",
      "id": "48_05303",
      "properties": {
        "state_puma_id": "48_05303",
        "state_name": "Texas",
        "state_fips": "48",
        "puma_name": "Austin City (Northeast) PUMA"
      },
      "geometry": {
        "type": "Polygon",
        "coordinates": [
          [
            [-97.732498, 30.271846],
            [-97.674573, 30.380114],
            [-97.658057, 30.449826],
            [-97.639149, 30.447439],
            [-97.643998, 30.329539],
            [-97.599466, 30.337467],
            [-97.627952, 30.29124],
            [-97.599956, 30.275877],
            [-97.611818, 30.256997],
            [-97.631256, 30.27114],
            [-97.732996, 30.270465],
            [-97.732498, 30.271846]
          ]
        ]
      }
    },
    {
      "type": "Feature",
      "id": "48_02301",
      "properties": {
        "state_puma_id": "48_02301",
        "state_name": "Texas",
        "state_fips": "48",
        "puma_name": "Dallas County (Northeast)--Rowlett & Garland (Northeast) Cities PUMA"
      },
      "geometry": {
        "type": "Polygon",
        "coordinates": [
          [
            [-96.631019, 32.902157],
            [-96.617802, 32.955353],
            [-96.583796, 32.983867],
            [-96.51707, 32.982882],
            [-96.516977, 32.963932],
            [-96.518402, 32.876468],
            [-96.569853, 32.850544],
            [-96.592367, 32.894002],
            [-96.631032, 32.894355],
            [-96.631019, 32.902157]
          ]
        ]
      }
    },
    {
      "type": "Feature",
      "id": "48_03305",
      "properties": {
        "state_puma_id": "48_03305",
        "state_name": "Texas",
        "state_fips": "48",
        "puma_name": "El Paso City (North) PUMA"
      },
      "geometry": {
        "type": "Polygon",
        "coordinates": [
          [
            [-106.5170616312, 32.0009226204998],
            [-106.323469336526, 32.0014576337223],
            [-106.442248, 31.803718],
            [-106.465905, 31.80493],
            [-106.479069, 31.783242],
            [-106.497339, 31.839127],
            [-106.496234, 31.961716],
            [-106.517134, 32.000098],
            [-106.5170616312, 32.0009226204998]
          ]
        ]
      }
    },
    {
      "type": "Feature",
      "id": "48_00502",
      "properties": {
        "state_puma_id": "48_00502",
        "state_name": "Texas",
        "state_fips": "48",
        "puma_name": "South Plains Association of Governments--Lubbock County, Lubbock City (Outer) PUMA"
      },
      "geometry": {
        "type": "Polygon",
        "coordinates": [
          [
            [-102.085733, 33.824675],
            [-101.56358, 33.830451],
            [-101.556884, 33.39476],
            [-102.075929, 33.389586],
            [-102.085391, 33.809869],
            [-102.085733, 33.824675]
          ],
          [
            [-101.974443, 33.563243],
            [-101.9569, 33.563228],
            [-101.962436, 33.538959],
            [-101.939732, 33.538651],
            [-101.939726, 33.5197],
            [-101.843898, 33.519827],
            [-101.835633, 33.547886],
            [-101.845455, 33.613543],
            [-101.854735, 33.597029],
            [-101.905116, 33.621339],
            [-101.907598, 33.60681],
            [-101.939847, 33.606815],
            [-101.939769, 33.592272],
            [-101.974433, 33.570532],
            [-101.974443, 33.563243]
          ]
        ]
      }
    },
    {
      "type": "Feature",
      "id": "48_06301",
      "properties": {
        "state_puma_id": "48_06301",
        "state_name": "Texas",
        "state_fips": "48",
        "puma_name": "South Texas Development Council (North)--Webb County, Laredo City (Central) PUMA"
      },
      "geometry": {
        "type": "Polygon",
        "coordinates": [
          [
            [-99.526074, 27.57959],
            [-99.476612, 27.587111],
            [-99.479902, 27.554387],
            [-99.456751, 27.560934],
            [-99.459187, 27.501536],
            [-99.447687, 27.497153],
            [-99.461959, 27.464433],
            [-99.4852593800445, 27.4644842536591],
            [-99.480219, 27.485796],
            [-99.496826, 27.500106],
            [-99.52832, 27.498896],
            [-99.511119, 27.564494],
            [-99.5286965411504, 27.5791035891717],
            [-99.526074, 27.57959]
          ]
        ]
      }
    },
    {
      "type": "Feature",
      "id": "48_04612",
      "properties": {
        "state_puma_id": "48_04612",
        "state_name": "Texas",
        "state_fips": "48",
        "puma_name": "Houston (West) & Spring Valley Village Cities--Between Loop I-610 & Beltway TX-8 PUMA"
      },
      "geometry": {
        "type": "Polygon",
        "coordinates": [
          [
            [-95.563782, 29.812698],
            [-95.563693, 29.831934],
            [-95.509323, 29.832711],
            [-95.451263, 29.795012],
            [-95.453868, 29.780937],
            [-95.531778, 29.783813],
            [-95.539848, 29.765358],
            [-95.556511, 29.766291],
            [-95.563746, 29.807591],
            [-95.563782, 29.812698]
          ]
        ]
      }
    },
    {
      "type": "Feature",
      "id": "48_04607",
      "properties": {
        "state_puma_id": "48_04607",
        "state_name": "Texas",
        "state_fips": "48",
        "puma_name": "Houston City (Northeast)--Between Loop I-610 & Beltway TX-8 PUMA"
      },
      "geometry": {
        "type": "Polygon",
        "coordinates": [
          [
            [-95.335339, 29.810313],
            [-95.332914, 29.865312],
            [-95.295981, 29.939962],
            [-95.201304, 29.927474],
            [-95.185683, 29.843487],
            [-95.28014, 29.802473],
            [-95.336254, 29.808262],
            [-95.335339, 29.810313]
          ]
        ]
      }
    },
    {
      "type": "Feature",
      "id": "48_05902",
      "properties": {
        "state_puma_id": "48_05902",
        "state_name": "Texas",
        "state_fips": "48",
        "puma_name": "San Antonio City (Northeast)--Inside Loop I-410 PUMA"
      },
      "geometry": {
        "type": "Polygon",
        "coordinates": [
          [
            [-98.499304, 29.451954],
            [-98.491747, 29.520502],
            [-98.394591, 29.521821],
            [-98.403953, 29.45315],
            [-98.389398, 29.406189],
            [-98.461239, 29.413389],
            [-98.460936, 29.44318],
            [-98.499356, 29.44703],
            [-98.499304, 29.451954]
          ]
        ]
      }
    },
    {
      "type": "Feature",
      "id": "48_02514",
      "properties": {
        "state_puma_id": "48_02514",
        "state_name": "Texas",
        "state_fips": "48",
        "puma_name": "Tarrant County (Southwest)--Fort Worth (Southwest) & Benbrook Cities PUMA"
      },
      "geometry": {
        "type": "Polygon",
        "coordinates": [
          [
            [-97.550527, 32.562576],
            [-97.548601, 32.744518],
            [-97.358787, 32.732802],
            [-97.386103, 32.719359],
            [-97.393183, 32.680872],
            [-97.381166, 32.67509],
            [-97.41362, 32.644793],
            [-97.395882, 32.647931],
            [-97.384408, 32.628041],
            [-97.386391, 32.555878],
            [-97.550582, 32.555391],
            [-97.550527, 32.562576]
          ]
        ]
      }
    },
    {
      "type": "Feature",
      "id": "48_04904",
      "properties": {
        "state_puma_id": "48_04904",
        "state_name": "Texas",
        "state_fips": "48",
        "puma_name": "Fort Bend County (North)--Mission Bend (Southwest), Cinco Ranch & Four Corners PUMA"
      },
      "geometry": {
        "type": "Polygon",
        "coordinates": [
          [
            [-95.809411, 29.718458],
            [-95.772827, 29.744151],
            [-95.776086, 29.760587],
            [-95.616075, 29.670411],
            [-95.64328, 29.668312],
            [-95.651593, 29.644395],
            [-95.682907, 29.633347],
            [-95.683981, 29.604341],
            [-95.712903, 29.65697],
            [-95.741259, 29.662236],
            [-95.8116, 29.716672],
            [-95.809411, 29.718458]
          ]
        ]
      }
    },
    {
      "type": "Feature",
      "id": "48_02311",
      "properties": {
        "state_puma_id": "48_02311",
        "state_name": "Texas",
        "state_fips": "48",
        "puma_name": "Dallas City (North)--South of I-635 & West of US-75 PUMA"
      },
      "geometry": {
        "type": "Polygon",
        "coordinates": [
          [
            [-96.892207, 32.908842],
            [-96.838914, 32.92568],
            [-96.764269, 32.923874],
            [-96.770373, 32.865603],
            [-96.86474, 32.855808],
            [-96.89185, 32.907715],
            [-96.892207, 32.908842]
          ]
        ]
      }
    },
    {
      "type": "Feature",
      "id": "48_04640",
      "properties": {
        "state_puma_id": "48_04640",
        "state_name": "Texas",
        "state_fips": "48",
        "puma_name": "Harris County (Far Northwest)--Katy City (Northeast) PUMA"
      },
      "geometry": {
        "type": "Polygon",
        "coordinates": [
          [
            [-95.95911, 30.163243],
            [-95.898617, 30.120928],
            [-95.872162, 30.120593],
            [-95.838944, 30.083243],
            [-95.763167, 30.086931],
            [-95.78154, 30.066879],
            [-95.770166, 30.037161],
            [-95.781565, 30.037005],
            [-95.781951, 30.003726],
            [-95.815227, 30.016281],
            [-95.807236, 29.874922],
            [-95.72384, 29.879704],
            [-95.718833, 29.836787],
            [-95.754315, 29.831556],
            [-95.752003, 29.802097],
            [-95.775639, 29.801933],
            [-95.77638, 29.76075],
            [-95.825975, 29.788616],
            [-95.960733, 30.163415],
            [-95.95911, 30.163243]
          ]
        ]
      }
    },
    {
      "type": "Feature",
      "id": "48_04639",
      "properties": {
        "state_puma_id": "48_04639",
        "state_name": "Texas",
        "state_fips": "48",
        "puma_name": "Harris County (Far Northwest) PUMA"
      },
      "geometry": {
        "type": "Polygon",
        "coordinates": [
          [
            [-95.815227, 30.016281],
            [-95.781951, 30.003726],
            [-95.781565, 30.037005],
            [-95.770166, 30.037161],
            [-95.781022, 30.068205],
            [-95.74957, 30.095433],
            [-95.705469, 30.102436],
            [-95.699797, 29.973597],
            [-95.67347, 29.953075],
            [-95.683956, 29.896902],
            [-95.807236, 29.874922],
            [-95.815195, 30.015848],
            [-95.815227, 30.016281]
          ]
        ]
      }
    },
    {
      "type": "Feature",
      "id": "48_04604",
      "properties": {
        "state_puma_id": "48_04604",
        "state_name": "Texas",
        "state_fips": "48",
        "puma_name": "Houston City (West Central)--South of I-10 & Inside Loop I-610 PUMA"
      },
      "geometry": {
        "type": "Polygon",
        "coordinates": [
          [
            [-95.460413, 29.730399],
            [-95.453868, 29.780937],
            [-95.370547, 29.777727],
            [-95.362684, 29.744865],
            [-95.410608, 29.730978],
            [-95.418288, 29.706164],
            [-95.44739, 29.705918],
            [-95.451038, 29.689306],
            [-95.460435, 29.728953],
            [-95.460413, 29.730399]
          ]
        ]
      }
    },
    {
      "type": "Feature",
      "id": "48_02316",
      "properties": {
        "state_puma_id": "48_02316",
        "state_name": "Texas",
        "state_fips": "48",
        "puma_name": "Dallas City (South Central)--North of I-20 & West of I-35E PUMA"
      },
      "geometry": {
        "type": "Polygon",
        "coordinates": [
          [
            [-96.913892, 32.720443],
            [-96.869722, 32.720391],
            [-96.82284, 32.743505],
            [-96.823324, 32.642285],
            [-96.835646, 32.642334],
            [-96.891426, 32.660185],
            [-96.880713, 32.691249],
            [-96.915994, 32.720523],
            [-96.913892, 32.720443]
          ]
        ]
      }
    },
    {
      "type": "Feature",
      "id": "48_04626",
      "properties": {
        "state_puma_id": "48_04626",
        "state_name": "Texas",
        "state_fips": "48",
        "puma_name": "Harris County (North)--Houston City (North)-I-45, Between Beltway TX-8 & FM-1960 PUMA"
      },
      "geometry": {
        "type": "Polygon",
        "coordinates": [
          [
            [-95.498342, 29.987865],
            [-95.404544, 30.026593],
            [-95.381397, 29.938696],
            [-95.459996, 29.937521],
            [-95.498393, 29.987836],
            [-95.498342, 29.987865]
          ]
        ]
      }
    },
    {
      "type": "Feature",
      "id": "48_01909",
      "properties": {
        "state_puma_id": "48_01909",
        "state_name": "Texas",
        "state_fips": "48",
        "puma_name": "Collin County (Northwest)--Frisco City (East) PUMA"
      },
      "geometry": {
        "type": "Polygon",
        "coordinates": [
          [
            [-96.841849, 33.086456],
            [-96.84018, 33.175105],
            [-96.732948, 33.188955],
            [-96.732899, 33.125301],
            [-96.841867, 33.085576],
            [-96.841849, 33.086456]
          ]
        ]
      }
    },
    {
      "type": "Feature",
      "id": "48_06703",
      "properties": {
        "state_puma_id": "48_06703",
        "state_name": "Texas",
        "state_fips": "48",
        "puma_name": "Cameron County (South)--Brownsville City (Central) PUMA"
      },
      "geometry": {
        "type": "Polygon",
        "coordinates": [
          [
            [-97.565848, 25.931683],
            [-97.544204, 25.944955],
            [-97.536913, 25.982004],
            [-97.492585, 25.98569],
            [-97.474499, 25.962939],
            [-97.415076, 25.95248],
            [-97.435827, 25.938749],
            [-97.412173, 25.895809],
            [-97.432719, 25.898772],
            [-97.453109, 25.872052],
            [-97.455718, 25.883997],
            [-97.474103, 25.876531],
            [-97.468744, 25.888628],
            [-97.496687, 25.87968],
            [-97.497386, 25.898644],
            [-97.521762, 25.886458],
            [-97.547626, 25.935148],
            [-97.568155, 25.92793],
            [-97.565848, 25.931683]
          ]
        ]
      }
    },
    {
      "type": "Feature",
      "id": "48_04701",
      "properties": {
        "state_puma_id": "48_04701",
        "state_name": "Texas",
        "state_fips": "48",
        "puma_name": "Galveston County (Central, South & East)--Galveston, Texas City & La Marque Cities PUMA"
      },
      "geometry": {
        "type": "MultiPolygon",
        "coordinates": [
          [
            [
              [-94.78337, 29.377482],
              [-94.766495, 29.407613],
              [-94.703509, 29.436493],
              [-94.676654, 29.473479],
              [-94.606562, 29.482786],
              [-94.568973, 29.53018],
              [-94.493282, 29.513569],
              [-94.472272380685, 29.5570131939879],
              [-94.417825, 29.56928],
              [-94.405958, 29.598241],
              [-94.371622, 29.597247],
              [-94.3708230339094, 29.5562445220171],
              [-94.654825, 29.440103],
              [-94.733413, 29.36799],
              [-94.778691, 29.361483],
              [-94.784439, 29.375721],
              [-94.78337, 29.377482]
            ]
          ],
          [
            [
              [-94.823264, 29.323918],
              [-94.810522, 29.352129],
              [-94.781204, 29.332472],
              [-94.793436, 29.314074],
              [-94.823146, 29.316561],
              [-94.823264, 29.323918]
            ]
          ],
          [
            [
              [-94.825908, 29.352648],
              [-94.825232, 29.353795],
              [-94.824328, 29.353902],
              [-94.82097, 29.352668],
              [-94.820212, 29.351562],
              [-94.819946, 29.350169],
              [-94.820581, 29.349083],
              [-94.821872, 29.348448],
              [-94.824248, 29.348919],
              [-94.82601, 29.351726],
              [-94.825908, 29.352648]
            ]
          ],
          [
            [
              [-94.915128, 29.273446],
              [-94.913107, 29.275001],
              [-94.909186, 29.273964],
              [-94.90871, 29.271891],
              [-94.909186, 29.269818],
              [-94.911444, 29.268781],
              [-94.91382, 29.269922],
              [-94.915128, 29.273446]
            ]
          ],
          [
            [
              [-94.928676, 29.287034],
              [-94.922707, 29.28844],
              [-94.919664, 29.286816],
              [-94.9209536208745, 29.2840753425047],
              [-94.921933, 29.281994],
              [-94.924391, 29.281615],
              [-94.9275179007602, 29.2839822774133],
              [-94.928989, 29.285096],
              [-94.928676, 29.287034]
            ]
          ],
          [
            [
              [-95.1222523448321, 29.0887514449895],
              [-94.874366, 29.289927],
              [-94.789038, 29.311898],
              [-94.766568, 29.337344],
              [-94.726172, 29.332517],
              [-95.122265, 29.088551],
              [-95.1222523448321, 29.0887514449895]
            ]
          ],
          [
            [
              [-95.206211, 29.430289],
              [-95.106201, 29.428651],
              [-95.05551, 29.471085],
              [-94.972928, 29.471201],
              [-94.9587802766946, 29.5068109499784],
              [-94.909465, 29.496838],
              [-94.925427, 29.470868],
              [-94.953394, 29.472596],
              [-94.892027, 29.433681],
              [-94.889815, 29.378196],
              [-94.865037, 29.372824],
              [-94.906596, 29.35598],
              [-94.892667, 29.313452],
              [-94.91834, 29.293222],
              [-94.928847, 29.298361],
              [-94.907279, 29.308845],
              [-94.941977, 29.313478],
              [-95.0570919119968, 29.2005222228872],
              [-95.20934, 29.42998],
              [-95.206211, 29.430289]
            ]
          ]
        ]
      }
    },
    {
      "type": "Feature",
      "id": "48_06601",
      "properties": {
        "state_puma_id": "48_06601",
        "state_name": "Texas",
        "state_fips": "48",
        "puma_name": "Coastal Bend COG--Nueces County, Corpus Christi City (Outer) PUMA"
      },
      "geometry": {
        "type": "MultiPolygon",
        "coordinates": [
          [
            [
              [-97.111715, 27.893067],
              [-97.098049, 27.903885],
              [-97.108982, 27.892017],
              [-97.111715, 27.893067]
            ]
          ],
          [
            [
              [-97.12657, 27.909556],
              [-97.125025, 27.912917],
              [-97.123005, 27.912601],
              [-97.122054, 27.911341],
              [-97.122648, 27.910081],
              [-97.124431, 27.909031],
              [-97.125738, 27.907456],
              [-97.127164, 27.908086],
              [-97.12657, 27.909556]
            ]
          ],
          [
            [
              [-97.127046, 27.841063],
              [-97.0720926836424, 27.9009696492849],
              [-97.060971, 27.846317],
              [-97.129898, 27.839487],
              [-97.127046, 27.841063]
            ]
          ],
          [
            [
              [-97.131716, 27.896018],
              [-97.110206, 27.889191],
              [-97.131954, 27.894443],
              [-97.131716, 27.896018]
            ]
          ],
          [
            [
              [-97.132548, 27.898854],
              [-97.129458, 27.904421],
              [-97.128864, 27.905051],
              [-97.127081, 27.904],
              [-97.1272, 27.902425],
              [-97.127081, 27.90085],
              [-97.127319, 27.900115],
              [-97.129696, 27.897489],
              [-97.132191, 27.898119],
              [-97.132548, 27.898854]
            ]
          ],
          [
            [
              [-97.137131, 27.902861],
              [-97.136312, 27.90439],
              [-97.135251, 27.903003],
              [-97.1337829631538, 27.9012317118527],
              [-97.1338567153459, 27.9011057168011],
              [-97.134806, 27.899484],
              [-97.134910798702, 27.8991665808545],
              [-97.1353500134097, 27.8978362670764],
              [-97.136995, 27.899203],
              [-97.138515, 27.900826],
              [-97.137131, 27.902861]
            ]
          ],
          [
            [
              [-97.141223, 27.853158],
              [-97.138728, 27.855784],
              [-97.136945, 27.853788],
              [-97.13647, 27.851056],
              [-97.13742, 27.849375],
              [-97.14051, 27.849375],
              [-97.143362, 27.84948],
              [-97.141223, 27.853158]
            ]
          ],
          [
            [
              [-97.1488192244165, 27.8852103680431],
              [-97.146449, 27.889031],
              [-97.142634, 27.894718],
              [-97.138613, 27.893729],
              [-97.138377, 27.89363],
              [-97.1375368020641, 27.8936861881803],
              [-97.138133, 27.892657],
              [-97.141342, 27.88667],
              [-97.1434723356801, 27.88420804896],
              [-97.144432, 27.883099],
              [-97.147641, 27.88646],
              [-97.1488192244165, 27.8852103680431]
            ]
          ],
          [
            [
              [-97.150849, 27.875851],
              [-97.142055, 27.881103],
              [-97.150493, 27.874905],
              [-97.150849, 27.875851]
            ]
          ],
          [
            [
              [-97.164081, 27.820608],
              [-97.142876, 27.820424],
              [-97.16404, 27.818058],
              [-97.164081, 27.820608]
            ]
          ],
          [
            [
              [-97.174363, 27.755266],
              [-97.173649, 27.756949],
              [-97.173531, 27.758736],
              [-97.1729589866951, 27.760182533646],
              [-97.172699, 27.76084],
              [-97.170441, 27.761996],
              [-97.168658, 27.764099],
              [-97.167113, 27.76452],
              [-97.164855, 27.763994],
              [-97.164855, 27.762943],
              [-97.166044, 27.761365],
              [-97.166757, 27.759262],
              [-97.168539, 27.758421],
              [-97.168539, 27.757054],
              [-97.167589, 27.755687],
              [-97.1677111292027, 27.7555017511371],
              [-97.168421, 27.754425],
              [-97.170203, 27.753373],
              [-97.172699, 27.752952],
              [-97.1746, 27.753899],
              [-97.174363, 27.755266]
            ]
          ],
          [
            [
              [-97.190304, 27.816481],
              [-97.185432, 27.816902],
              [-97.181985, 27.817007],
              [-97.179846, 27.818268],
              [-97.178539, 27.818373],
              [-97.177469, 27.817532],
              [-97.177469, 27.814589],
              [-97.178895, 27.814484],
              [-97.18555, 27.812802],
              [-97.187808, 27.812802],
              [-97.188759, 27.813959],
              [-97.192918, 27.815325],
              [-97.190304, 27.816481]
            ]
          ],
          [
            [
              [-97.220254, 27.810178],
              [-97.196365, 27.813959],
              [-97.220493, 27.809208],
              [-97.220254, 27.810178]
            ]
          ],
          [
            [
              [-97.246468, 27.682484],
              [-97.215538, 27.682827],
              [-97.231522, 27.640894],
              [-97.228081, 27.673891],
              [-97.2463, 27.675953],
              [-97.246468, 27.682484]
            ]
          ],
          [
            [
              [-97.265632, 27.580339],
              [-97.236278, 27.637626],
              [-97.210728, 27.624149],
              [-97.215481, 27.644364],
              [-97.20122, 27.646048],
              [-97.196823, 27.68436],
              [-97.151189, 27.768621],
              [-97.121479, 27.785129],
              [-97.121241, 27.81572],
              [-97.135383, 27.824549],
              [-97.044846, 27.834466],
              [-97.140854, 27.716688],
              [-97.2226506131795, 27.5764948600858],
              [-97.2681595636956, 27.5759713728181],
              [-97.265632, 27.580339]
            ]
          ],
          [
            [
              [-97.267554, 27.873687],
              [-97.238189, 27.840749],
              [-97.268282, 27.87274],
              [-97.267554, 27.873687]
            ]
          ],
          [
            [
              [-97.940065, 27.670767],
              [-97.934274, 27.885202],
              [-97.798517, 27.995659],
              [-97.817578, 27.970617],
              [-97.806798, 27.934712],
              [-97.780678, 27.947669],
              [-97.762803, 27.923398],
              [-97.730018, 27.923288],
              [-97.736274, 27.912041],
              [-97.690514, 27.916969],
              [-97.67528, 27.882538],
              [-97.638174, 27.865594],
              [-97.626973, 27.895398],
              [-97.591871, 27.857005],
              [-97.544318, 27.858875],
              [-97.472073, 27.824154],
              [-97.378864, 27.835919],
              [-97.398154, 27.799617],
              [-97.426812, 27.813271],
              [-97.48614, 27.805419],
              [-97.563706, 27.843637],
              [-97.574061, 27.836315],
              [-97.570204, 27.773432],
              [-97.533767, 27.72653],
              [-97.488252, 27.736344],
              [-97.412414, 27.699591],
              [-97.429116, 27.688612],
              [-97.397494, 27.636279],
              [-97.381545, 27.659388],
              [-97.367306, 27.652284],
              [-97.341451, 27.693415],
              [-97.313985, 27.680689],
              [-97.3080764460955, 27.7103216550954],
              [-97.243544, 27.689227],
              [-97.269214, 27.67744],
              [-97.294645, 27.592688],
              [-97.325216, 27.560896],
              [-97.840678, 27.558358],
              [-97.888411, 27.620051],
              [-97.942146, 27.635932],
              [-97.940065, 27.670767]
            ]
          ]
        ]
      }
    },
    {
      "type": "Feature",
      "id": "48_06806",
      "properties": {
        "state_puma_id": "48_06806",
        "state_name": "Texas",
        "state_fips": "48",
        "puma_name": "Hidalgo County (Southwest)--Mission City PUMA"
      },
      "geometry": {
        "type": "Polygon",
        "coordinates": [
          [
            [-98.387754, 26.164624],
            [-98.368368, 26.294772],
            [-98.249512, 26.278257],
            [-98.251935, 26.263853],
            [-98.26832, 26.266115],
            [-98.295805, 26.152327],
            [-98.31164, 26.154573],
            [-98.3110374305414, 26.1151618207948],
            [-98.335204, 26.137617],
            [-98.334725, 26.165559],
            [-98.352341, 26.15112],
            [-98.359836, 26.172285],
            [-98.367237, 26.15768],
            [-98.387964, 26.163188],
            [-98.387754, 26.164624]
          ]
        ]
      }
    },
    {
      "type": "Feature",
      "id": "48_03000",
      "properties": {
        "state_puma_id": "48_03000",
        "state_name": "Texas",
        "state_fips": "48",
        "puma_name": "Permian Basin Regional Planning Commission (Central)--Midland County, Midland City PUMA"
      },
      "geometry": {
        "type": "Polygon",
        "coordinates": [
          [
            [-102.287433, 31.873681],
            [-102.287048, 32.086991],
            [-101.776085, 32.086925],
            [-101.775802, 31.651319],
            [-102.287345, 31.651276],
            [-102.287446, 31.715456],
            [-102.287433, 31.873681]
          ]
        ]
      }
    },
    {
      "type": "Feature",
      "id": "48_06603",
      "properties": {
        "state_puma_id": "48_06603",
        "state_name": "Texas",
        "state_fips": "48",
        "puma_name": "Coastal Bend COG--Nueces County (Central), Corpus Christi City (South Central) PUMA"
      },
      "geometry": {
        "type": "Polygon",
        "coordinates": [
          [
            [-97.428461, 27.688935],
            [-97.3740534617407, 27.7480912788719],
            [-97.3080764460955, 27.7103216550954],
            [-97.313985, 27.680689],
            [-97.341451, 27.693415],
            [-97.393007, 27.63575],
            [-97.429116, 27.688612],
            [-97.428461, 27.688935]
          ]
        ]
      }
    },
    {
      "type": "Feature",
      "id": "48_06000",
      "properties": {
        "state_puma_id": "48_06000",
        "state_name": "Texas",
        "state_fips": "48",
        "puma_name": "Alamo Area COG (Northwest) & Blanco County PUMA"
      },
      "geometry": {
        "type": "Polygon",
        "coordinates": [
          [
            [-99.754142, 30.290698],
            [-99.301718, 30.286653],
            [-99.303996, 30.499832],
            [-98.411924, 30.502093],
            [-98.125556, 30.426186],
            [-98.172977, 30.356312],
            [-98.2976, 30.037994],
            [-98.646124, 29.745181],
            [-98.734126, 29.729451],
            [-98.73816, 29.716576],
            [-98.781017, 29.72089],
            [-99.176988, 29.895063],
            [-99.691215, 29.908582],
            [-99.689879, 30.073948],
            [-99.757621, 30.074132],
            [-99.754142, 30.290698]
          ]
        ]
      }
    },
    {
      "type": "Feature",
      "id": "48_04606",
      "properties": {
        "state_puma_id": "48_04606",
        "state_name": "Texas",
        "state_fips": "48",
        "puma_name": "Houston (East), Galena Park, Jacinto Cities & Cloverleaf PUMA"
      },
      "geometry": {
        "type": "Polygon",
        "coordinates": [
          [
            [-95.279895, 29.80258],
            [-95.185683, 29.843487],
            [-95.167, 29.822197],
            [-95.153443, 29.771294],
            [-95.197027, 29.771534],
            [-95.164916, 29.750915],
            [-95.223542, 29.725275],
            [-95.228138, 29.707658],
            [-95.267177, 29.709909],
            [-95.263664, 29.78118],
            [-95.28014, 29.802473],
            [-95.279895, 29.80258]
          ]
        ]
      }
    },
    {
      "type": "Feature",
      "id": "48_04620",
      "properties": {
        "state_puma_id": "48_04620",
        "state_name": "Texas",
        "state_fips": "48",
        "puma_name": "Houston (Southeast) & Webster Cities PUMA"
      },
      "geometry": {
        "type": "Polygon",
        "coordinates": [
          [
            [-95.286413, 29.599709],
            [-95.214659, 29.601225],
            [-95.154028, 29.626987],
            [-95.15367, 29.61167],
            [-95.142208, 29.614931],
            [-95.153036, 29.591732],
            [-95.168365, 29.591469],
            [-95.093693, 29.525344],
            [-95.164217, 29.498352],
            [-95.199453, 29.544528],
            [-95.193154, 29.559518],
            [-95.253952, 29.553943],
            [-95.261606, 29.593157],
            [-95.286493, 29.597886],
            [-95.286413, 29.599709]
          ]
        ]
      }
    },
    {
      "type": "Feature",
      "id": "48_05914",
      "properties": {
        "state_puma_id": "48_05914",
        "state_name": "Texas",
        "state_fips": "48",
        "puma_name": "Bexar County (Northwest)--San Antonio (Far Northwest) & Helotes Cities PUMA"
      },
      "geometry": {
        "type": "Polygon",
        "coordinates": [
          [
            [-98.806552, 29.690709],
            [-98.778782, 29.720167],
            [-98.73816, 29.716576],
            [-98.734126, 29.729451],
            [-98.650938, 29.754002],
            [-98.642605, 29.740207],
            [-98.617826, 29.743851],
            [-98.636196, 29.676159],
            [-98.610077, 29.625143],
            [-98.690314, 29.523882],
            [-98.710192, 29.483836],
            [-98.711149, 29.435664],
            [-98.787587, 29.421396],
            [-98.805002, 29.429509],
            [-98.806415, 29.675817],
            [-98.806552, 29.690709]
          ]
        ]
      }
    },
    {
      "type": "Feature",
      "id": "48_04504",
      "properties": {
        "state_puma_id": "48_04504",
        "state_name": "Texas",
        "state_fips": "48",
        "puma_name": "Houston-Galveston Area Council--Montgomery County (Southeast) PUMA"
      },
      "geometry": {
        "type": "Polygon",
        "coordinates": [
          [
            [-95.446725, 30.143774],
            [-95.439076, 30.16884],
            [-95.389797, 30.173707],
            [-95.345318, 30.144697],
            [-95.304417, 30.209918],
            [-95.215376, 30.155048],
            [-95.137255, 30.271502],
            [-95.096708, 30.167214],
            [-95.264138, 30.032069],
            [-95.292997, 30.027905],
            [-95.349539, 30.076398],
            [-95.436642, 30.110366],
            [-95.446082, 30.140653],
            [-95.446725, 30.143774]
          ]
        ]
      }
    },
    {
      "type": "Feature",
      "id": "48_04901",
      "properties": {
        "state_puma_id": "48_04901",
        "state_name": "Texas",
        "state_fips": "48",
        "puma_name": "Fort Bend County (East)--Missouri City PUMA"
      },
      "geometry": {
        "type": "Polygon",
        "coordinates": [
          [
            [-95.593173, 29.56137],
            [-95.582224, 29.606224],
            [-95.55003, 29.603359],
            [-95.520785, 29.625355],
            [-95.431027, 29.583509],
            [-95.526382, 29.578114],
            [-95.501706, 29.545398],
            [-95.516053, 29.533665],
            [-95.463451, 29.507728],
            [-95.55221, 29.515642],
            [-95.563431, 29.552139],
            [-95.592929, 29.560905],
            [-95.593173, 29.56137]
          ]
        ]
      }
    },
    {
      "type": "Feature",
      "id": "48_05304",
      "properties": {
        "state_puma_id": "48_05304",
        "state_name": "Texas",
        "state_fips": "48",
        "puma_name": "Austin City (Southeast) PUMA"
      },
      "geometry": {
        "type": "Polygon",
        "coordinates": [
          [
            [-97.806871, 30.11247],
            [-97.732996, 30.270465],
            [-97.696423, 30.27388],
            [-97.626229, 30.255112],
            [-97.658797, 30.22676],
            [-97.638214, 30.208057],
            [-97.647624, 30.178353],
            [-97.659318, 30.167359],
            [-97.68027, 30.176348],
            [-97.690605, 30.198268],
            [-97.736173, 30.159865],
            [-97.72929, 30.14247],
            [-97.756262, 30.100403],
            [-97.806214, 30.112472],
            [-97.806871, 30.11247]
          ]
        ]
      }
    },
    {
      "type": "Feature",
      "id": "48_05302",
      "properties": {
        "state_puma_id": "48_05302",
        "state_name": "Texas",
        "state_fips": "48",
        "puma_name": "Austin City (North) PUMA"
      },
      "geometry": {
        "type": "Polygon",
        "coordinates": [
          [
            [-97.765323, 30.432404],
            [-97.694592, 30.461501],
            [-97.671643, 30.393388],
            [-97.696888, 30.344504],
            [-97.740871, 30.381987],
            [-97.74749, 30.42229],
            [-97.765609, 30.432407],
            [-97.765323, 30.432404]
          ]
        ]
      }
    },
    {
      "type": "Feature",
      "id": "48_02503",
      "properties": {
        "state_puma_id": "48_02503",
        "state_name": "Texas",
        "state_fips": "48",
        "puma_name": "Tarrant County (East)--Arlington (East) & Grand Prairie (West Central) Cities PUMA"
      },
      "geometry": {
        "type": "Polygon",
        "coordinates": [
          [
            [-97.135254, 32.677916],
            [-97.106607, 32.717683],
            [-97.131922, 32.721246],
            [-97.131584, 32.759923],
            [-97.035191, 32.757098],
            [-97.036579, 32.675912],
            [-97.135266, 32.677058],
            [-97.135254, 32.677916]
          ]
        ]
      }
    },
    {
      "type": "Feature",
      "id": "48_04630",
      "properties": {
        "state_puma_id": "48_04630",
        "state_name": "Texas",
        "state_fips": "48",
        "puma_name": "Harris County (Far North)--Tomball City & The Woodlands (Southwest) PUMA"
      },
      "geometry": {
        "type": "Polygon",
        "coordinates": [
          [
            [-95.702114, 30.099041],
            [-95.668303, 30.101723],
            [-95.541399, 30.170279],
            [-95.499839, 30.142475],
            [-95.491344, 30.110819],
            [-95.506738, 30.114431],
            [-95.506932, 30.083889],
            [-95.492773, 30.050459],
            [-95.527466, 30.049904],
            [-95.578731, 30.015097],
            [-95.635598, 30.004286],
            [-95.652644, 30.025122],
            [-95.697364, 30.024598],
            [-95.702293, 30.09834],
            [-95.702114, 30.099041]
          ]
        ]
      }
    },
    {
      "type": "Feature",
      "id": "48_04629",
      "properties": {
        "state_puma_id": "48_04629",
        "state_name": "Texas",
        "state_fips": "48",
        "puma_name": "Harris County (North)--North of FM-1960, West of I-45 & East of TX-249 PUMA"
      },
      "geometry": {
        "type": "Polygon",
        "coordinates": [
          [
            [-95.589618, 30.013118],
            [-95.527466, 30.049904],
            [-95.429367, 30.035643],
            [-95.429, 30.021343],
            [-95.547051, 29.961212],
            [-95.590023, 30.013095],
            [-95.589618, 30.013118]
          ]
        ]
      }
    },
    {
      "type": "Feature",
      "id": "48_04611",
      "properties": {
        "state_puma_id": "48_04611",
        "state_name": "Texas",
        "state_fips": "48",
        "puma_name": "Houston City (Northwest)--Between Loop I-610 & Beltway TX-8 PUMA"
      },
      "geometry": {
        "type": "Polygon",
        "coordinates": [
          [
            [-95.563713, 29.867276],
            [-95.548754, 29.879348],
            [-95.554846, 29.923875],
            [-95.521719, 29.936675],
            [-95.440882, 29.808874],
            [-95.450653, 29.794562],
            [-95.509323, 29.832711],
            [-95.563693, 29.831934],
            [-95.563703, 29.861543],
            [-95.563713, 29.867276]
          ]
        ]
      }
    },
    {
      "type": "Feature",
      "id": "48_02304",
      "properties": {
        "state_puma_id": "48_02304",
        "state_name": "Texas",
        "state_fips": "48",
        "puma_name": "Dallas County (Southeast)--Dallas City (Southeast) PUMA"
      },
      "geometry": {
        "type": "Polygon",
        "coordinates": [
          [
            [-96.823374, 32.654047],
            [-96.823126, 32.687101],
            [-96.767762, 32.696083],
            [-96.774794, 32.710147],
            [-96.76162, 32.71656],
            [-96.744141, 32.704421],
            [-96.754993, 32.728364],
            [-96.717525, 32.738214],
            [-96.63468, 32.688663],
            [-96.622568, 32.701703],
            [-96.520831, 32.70017],
            [-96.523118, 32.545214],
            [-96.722616, 32.546557],
            [-96.753881, 32.590077],
            [-96.753451, 32.618564],
            [-96.721138, 32.646735],
            [-96.730336, 32.66008],
            [-96.823338, 32.647616],
            [-96.823374, 32.654047]
          ]
        ]
      }
    },
    {
      "type": "Feature",
      "id": "48_05909",
      "properties": {
        "state_puma_id": "48_05909",
        "state_name": "Texas",
        "state_fips": "48",
        "puma_name": "San Antonio (Northwest) & Leon Valley Cities PUMA"
      },
      "geometry": {
        "type": "Polygon",
        "coordinates": [
          [
            [-98.704889, 29.494102],
            [-98.667392, 29.553618],
            [-98.628645, 29.506619],
            [-98.605192, 29.519163],
            [-98.613548, 29.509995],
            [-98.567441, 29.489211],
            [-98.604908, 29.480441],
            [-98.629933, 29.453008],
            [-98.666403, 29.484456],
            [-98.662358, 29.499572],
            [-98.704806, 29.494069],
            [-98.704889, 29.494102]
          ]
        ]
      }
    },
    {
      "type": "Feature",
      "id": "48_05910",
      "properties": {
        "state_puma_id": "48_05910",
        "state_name": "Texas",
        "state_fips": "48",
        "puma_name": "San Antonio City (Northwest)--Between Loop TX-1604 & Loop I-410 PUMA"
      },
      "geometry": {
        "type": "Polygon",
        "coordinates": [
          [
            [-98.667268, 29.553739],
            [-98.637146, 29.585546],
            [-98.598592, 29.590911],
            [-98.551539, 29.496586],
            [-98.601445, 29.501283],
            [-98.613548, 29.509995],
            [-98.605192, 29.519163],
            [-98.628645, 29.506619],
            [-98.667392, 29.553618],
            [-98.667268, 29.553739]
          ]
        ]
      }
    },
    {
      "type": "Feature",
      "id": "48_03501",
      "properties": {
        "state_puma_id": "48_03501",
        "state_name": "Texas",
        "state_fips": "48",
        "puma_name": "Central Texas COG--Bell County (West), Killeen & Harker Heights Cities PUMA"
      },
      "geometry": {
        "type": "Polygon",
        "coordinates": [
          [
            [-97.823718, 31.082507],
            [-97.815854, 31.11621],
            [-97.763107, 31.113351],
            [-97.76704, 31.133053],
            [-97.707385, 31.127918],
            [-97.697866, 31.141038],
            [-97.663559, 31.12698],
            [-97.674683, 31.083906],
            [-97.623528, 31.075396],
            [-97.633522, 31.044321],
            [-97.594558, 31.025037],
            [-97.65318, 31.004924],
            [-97.664975, 31.035096],
            [-97.734039, 31.029413],
            [-97.747803, 31.053665],
            [-97.816003, 31.059892],
            [-97.823653, 31.08188],
            [-97.823718, 31.082507]
          ]
        ]
      }
    },
    {
      "type": "Feature",
      "id": "48_04503",
      "properties": {
        "state_puma_id": "48_04503",
        "state_name": "Texas",
        "state_fips": "48",
        "puma_name": "Houston-Galveston Area Council--Montgomery County (South), The Woodlands (North) PUMA"
      },
      "geometry": {
        "type": "Polygon",
        "coordinates": [
          [
            [-95.600972, 30.175504],
            [-95.568191, 30.220913],
            [-95.458804, 30.236741],
            [-95.436642, 30.110366],
            [-95.487878, 30.107808],
            [-95.499839, 30.142475],
            [-95.541399, 30.170279],
            [-95.596757, 30.13446],
            [-95.600887, 30.174418],
            [-95.600972, 30.175504]
          ]
        ]
      }
    },
    {
      "type": "Feature",
      "id": "48_05306",
      "properties": {
        "state_puma_id": "48_05306",
        "state_name": "Texas",
        "state_fips": "48",
        "puma_name": "Austin City (Central) PUMA"
      },
      "geometry": {
        "type": "Polygon",
        "coordinates": [
          [
            [-97.785921, 30.297505],
            [-97.750897, 30.380228],
            [-97.696888, 30.344504],
            [-97.735994, 30.250611],
            [-97.785935, 30.296576],
            [-97.785921, 30.297505]
          ]
        ]
      }
    },
    {
      "type": "Feature",
      "id": "48_02305",
      "properties": {
        "state_puma_id": "48_02305",
        "state_name": "Texas",
        "state_fips": "48",
        "puma_name": "Dallas (East) & Mesquite (West) Cities--South of I-30 & West of I-635 PUMA"
      },
      "geometry": {
        "type": "Polygon",
        "coordinates": [
          [
            [-96.710333, 32.734433],
            [-96.682807, 32.73435],
            [-96.700019, 32.794083],
            [-96.629821, 32.823126],
            [-96.612207, 32.735073],
            [-96.633723, 32.689535],
            [-96.709038, 32.731554],
            [-96.710333, 32.734433]
          ]
        ]
      }
    },
    {
      "type": "Feature",
      "id": "48_05402",
      "properties": {
        "state_puma_id": "48_05402",
        "state_name": "Texas",
        "state_fips": "48",
        "puma_name": "Capital Area COG (Southwest)--Hays County (East) PUMA"
      },
      "geometry": {
        "type": "Polygon",
        "coordinates": [
          [
            [-98.018657, 29.812175],
            [-97.958238, 29.871235],
            [-97.96892, 29.879875],
            [-97.958256, 29.909328],
            [-97.921838, 29.896586],
            [-97.880264, 29.94695],
            [-97.872345, 29.988092],
            [-97.889595, 30.027762],
            [-97.859489, 30.028271],
            [-97.857936, 30.016871],
            [-97.813255, 30.09868],
            [-97.70879, 30.023451],
            [-97.792593, 29.945057],
            [-97.893896, 29.883734],
            [-97.89859, 29.857121],
            [-97.874598, 29.859031],
            [-97.999271, 29.752444],
            [-98.018247, 29.81096],
            [-98.018657, 29.812175]
          ]
        ]
      }
    },
    {
      "type": "Feature",
      "id": "48_04624",
      "properties": {
        "state_puma_id": "48_04624",
        "state_name": "Texas",
        "state_fips": "48",
        "puma_name": "Harris County (Northeast)--Houston City (Far Northeast) PUMA"
      },
      "geometry": {
        "type": "Polygon",
        "coordinates": [
          [
            [-95.263677, 30.032517],
            [-95.096708, 30.167214],
            [-95.031179, 29.993324],
            [-94.999834, 29.991322],
            [-94.985911, 29.973012],
            [-95.090186, 29.881929],
            [-95.185683, 29.843487],
            [-95.206385, 29.931911],
            [-95.131302, 29.987788],
            [-95.131718, 30.012858],
            [-95.162091, 29.998632],
            [-95.176531, 30.027324],
            [-95.231393, 30.018749],
            [-95.263847, 30.032365],
            [-95.263677, 30.032517]
          ]
        ]
      }
    },
    {
      "type": "Feature",
      "id": "48_01902",
      "properties": {
        "state_puma_id": "48_01902",
        "state_name": "Texas",
        "state_fips": "48",
        "puma_name": "Collin County (Southwest)--Plano City (West) PUMA"
      },
      "geometry": {
        "type": "Polygon",
        "coordinates": [
          [
            [-96.843266, 33.025914],
            [-96.841867, 33.085576],
            [-96.732036, 33.122945],
            [-96.75061, 33.056984],
            [-96.770371, 33.056012],
            [-96.769992, 33.02673],
            [-96.843267, 33.025737],
            [-96.843266, 33.025914]
          ]
        ]
      }
    },
    {
      "type": "Feature",
      "id": "48_02313",
      "properties": {
        "state_puma_id": "48_02313",
        "state_name": "Texas",
        "state_fips": "48",
        "puma_name": "Dallas City (Downtown)--North of I-30 PUMA"
      },
      "geometry": {
        "type": "Polygon",
        "coordinates": [
          [
            [-96.815007, 32.797245],
            [-96.771052, 32.843749],
            [-96.770373, 32.865603],
            [-96.749607, 32.856904],
            [-96.752928, 32.815134],
            [-96.738348, 32.80202],
            [-96.791491, 32.753273],
            [-96.815024, 32.797107],
            [-96.815007, 32.797245]
          ]
        ]
      }
    },
    {
      "type": "Feature",
      "id": "48_05912",
      "properties": {
        "state_puma_id": "48_05912",
        "state_name": "Texas",
        "state_fips": "48",
        "puma_name": "San Antonio City (Northeast)--Between Loop TX-1604 & Loop I-410 PUMA"
      },
      "geometry": {
        "type": "Polygon",
        "coordinates": [
          [
            [-98.499256, 29.523094],
            [-98.468491, 29.60927],
            [-98.351946, 29.591735],
            [-98.407371, 29.55052],
            [-98.394108, 29.536024],
            [-98.428465, 29.534475],
            [-98.430927, 29.516103],
            [-98.499248, 29.520666],
            [-98.499256, 29.523094]
          ]
        ]
      }
    },
    {
      "type": "Feature",
      "id": "48_02400",
      "properties": {
        "state_puma_id": "48_02400",
        "state_name": "Texas",
        "state_fips": "48",
        "puma_name": "Parker County PUMA"
      },
      "geometry": {
        "type": "Polygon",
        "coordinates": [
          [
            [-98.066726, 32.56236],
            [-98.056094, 33.003332],
            [-97.544172, 32.994651],
            [-97.550582, 32.555391],
            [-98.066836, 32.558822],
            [-98.066726, 32.56236]
          ]
        ]
      }
    },
    {
      "type": "Feature",
      "id": "48_02516",
      "properties": {
        "state_puma_id": "48_02516",
        "state_name": "Texas",
        "state_fips": "48",
        "puma_name": "Tarrant County (Northwest)--Fort Worth (Northwest) & Saginaw Cities PUMA"
      },
      "geometry": {
        "type": "Polygon",
        "coordinates": [
          [
            [-97.546979, 32.863321],
            [-97.544181, 32.994177],
            [-97.299329, 32.991282],
            [-97.316878, 32.927809],
            [-97.315428, 32.839768],
            [-97.347511, 32.842333],
            [-97.407854, 32.816002],
            [-97.459622, 32.829732],
            [-97.478386, 32.855863],
            [-97.467219, 32.862386],
            [-97.504077, 32.8748],
            [-97.547097, 32.856846],
            [-97.546979, 32.863321]
          ]
        ]
      }
    },
    {
      "type": "Feature",
      "id": "48_02506",
      "properties": {
        "state_puma_id": "48_02506",
        "state_name": "Texas",
        "state_fips": "48",
        "puma_name": "Tarrant County (South Central)--Fort Worth City (Southeast)-South of I-20 PUMA"
      },
      "geometry": {
        "type": "Polygon",
        "coordinates": [
          [
            [-97.396318, 32.555863],
            [-97.37964, 32.574748],
            [-97.384408, 32.628041],
            [-97.321464, 32.635163],
            [-97.320491, 32.666857],
            [-97.200238, 32.673071],
            [-97.208514, 32.646776],
            [-97.184958, 32.646254],
            [-97.160828, 32.614015],
            [-97.182131, 32.607998],
            [-97.166941, 32.588414],
            [-97.189222, 32.577857],
            [-97.163706, 32.565071],
            [-97.17704, 32.550646],
            [-97.396329, 32.553666],
            [-97.396318, 32.555863]
          ]
        ]
      }
    },
    {
      "type": "Feature",
      "id": "48_02508",
      "properties": {
        "state_puma_id": "48_02508",
        "state_name": "Texas",
        "state_fips": "48",
        "puma_name": "Fort Worth City (East Central)-South of I-30, East of I-35W & Inside Loop I-820 PUMA"
      },
      "geometry": {
        "type": "Polygon",
        "coordinates": [
          [
            [-97.331792, 32.678925],
            [-97.32055, 32.684334],
            [-97.321397, 32.744992],
            [-97.214164, 32.759904],
            [-97.234381, 32.746066],
            [-97.225385, 32.720457],
            [-97.243266, 32.663656],
            [-97.331785, 32.678085],
            [-97.331792, 32.678925]
          ]
        ]
      }
    },
    {
      "type": "Feature",
      "id": "48_06804",
      "properties": {
        "state_puma_id": "48_06804",
        "state_name": "Texas",
        "state_fips": "48",
        "puma_name": "Hidalgo County (North Central)--Edinburg City PUMA"
      },
      "geometry": {
        "type": "Polygon",
        "coordinates": [
          [
            [-98.258115, 26.351886],
            [-98.237623, 26.466658],
            [-98.059215, 26.441117],
            [-98.069166, 26.385768],
            [-98.02636, 26.371143],
            [-98.035591, 26.319712],
            [-98.116258, 26.331417],
            [-98.125689, 26.240784],
            [-98.207951, 26.252146],
            [-98.212117, 26.308535],
            [-98.247607, 26.313584],
            [-98.243731, 26.349877],
            [-98.258081, 26.351883],
            [-98.258115, 26.351886]
          ]
        ]
      }
    },
    {
      "type": "Feature",
      "id": "48_04301",
      "properties": {
        "state_puma_id": "48_04301",
        "state_name": "Texas",
        "state_fips": "48",
        "puma_name": "Jefferson County (North Central)--Beaumont City PUMA"
      },
      "geometry": {
        "type": "Polygon",
        "coordinates": [
          [
            [-94.225529, 30.169984],
            [-94.209577, 30.187724],
            [-94.17644, 30.18794],
            [-94.169016, 30.173448],
            [-94.117932, 30.164054],
            [-94.109146, 30.136733],
            [-94.074278, 30.116511],
            [-94.094079, 30.085012],
            [-94.075584, 30.076642],
            [-94.085658, 30.058781],
            [-94.058075, 30.034395],
            [-94.129281, 30.036222],
            [-94.12581, 29.991025],
            [-94.183902, 30.002111],
            [-94.211638, 30.0751],
            [-94.211556, 30.095535],
            [-94.189905, 30.106827],
            [-94.211977, 30.105086],
            [-94.205037, 30.14823],
            [-94.223626, 30.166048],
            [-94.225529, 30.169984]
          ]
        ]
      }
    },
    {
      "type": "Feature",
      "id": "48_02005",
      "properties": {
        "state_puma_id": "48_02005",
        "state_name": "Texas",
        "state_fips": "48",
        "puma_name": "Denton County (Central)--Denton (Central) & Corinth Cities PUMA"
      },
      "geometry": {
        "type": "Polygon",
        "coordinates": [
          [
            [-97.218299, 33.217735],
            [-97.16893, 33.21538],
            [-97.177792, 33.263689],
            [-97.133073, 33.240596],
            [-97.13165, 33.254179],
            [-97.10976, 33.25789],
            [-97.08235, 33.23407],
            [-97.089791, 33.173513],
            [-97.03938, 33.12992],
            [-97.113398, 33.129158],
            [-97.148651, 33.150803],
            [-97.159147, 33.179289],
            [-97.211077, 33.192889],
            [-97.218616, 33.216701],
            [-97.218299, 33.217735]
          ]
        ]
      }
    },
    {
      "type": "Feature",
      "id": "48_04617",
      "properties": {
        "state_puma_id": "48_04617",
        "state_name": "Texas",
        "state_fips": "48",
        "puma_name": "Houston City (South)--Between Loop I-610 & Beltway TX-8 PUMA"
      },
      "geometry": {
        "type": "Polygon",
        "coordinates": [
          [
            [-95.494934, 29.613537],
            [-95.465185, 29.62728],
            [-95.463736, 29.64749],
            [-95.427643, 29.677724],
            [-95.381204, 29.680716],
            [-95.38728, 29.632212],
            [-95.314646, 29.655004],
            [-95.297157, 29.596548],
            [-95.424286, 29.580312],
            [-95.495038, 29.61339],
            [-95.494934, 29.613537]
          ]
        ]
      }
    },
    {
      "type": "Feature",
      "id": "48_05202",
      "properties": {
        "state_puma_id": "48_05202",
        "state_name": "Texas",
        "state_fips": "48",
        "puma_name": "Capital Area COG--Williamson County (Southeast), Round Rock City PUMA"
      },
      "geometry": {
        "type": "Polygon",
        "coordinates": [
          [
            [-97.761374, 30.564534],
            [-97.732286, 30.58865],
            [-97.703523, 30.55759],
            [-97.637972, 30.575535],
            [-97.640123, 30.559339],
            [-97.609439, 30.571847],
            [-97.55899, 30.557143],
            [-97.580596, 30.500698],
            [-97.651441, 30.474894],
            [-97.673946, 30.480093],
            [-97.686199, 30.50975],
            [-97.715842, 30.507451],
            [-97.70852, 30.52568],
            [-97.758719, 30.539808],
            [-97.760962, 30.563797],
            [-97.761374, 30.564534]
          ]
        ]
      }
    },
    {
      "type": "Feature",
      "id": "48_04625",
      "properties": {
        "state_puma_id": "48_04625",
        "state_name": "Texas",
        "state_fips": "48",
        "puma_name": "Harris County (North)--Houston (North), Humble Cities & Atascocita PUMA"
      },
      "geometry": {
        "type": "Polygon",
        "coordinates": [
          [
            [-95.404781, 30.021835],
            [-95.308907, 30.004366],
            [-95.302926, 30.032018],
            [-95.231393, 30.018749],
            [-95.176531, 30.027324],
            [-95.162091, 29.998632],
            [-95.131718, 30.012858],
            [-95.12951, 29.993929],
            [-95.206385, 29.931911],
            [-95.381397, 29.938696],
            [-95.40452, 30.014215],
            [-95.404781, 30.021835]
          ]
        ]
      }
    },
    {
      "type": "Feature",
      "id": "48_04619",
      "properties": {
        "state_puma_id": "48_04619",
        "state_name": "Texas",
        "state_fips": "48",
        "puma_name": "Houston (Southeast) & South Houston Cities--Inside Beltway TX-8 PUMA"
      },
      "geometry": {
        "type": "Polygon",
        "coordinates": [
          [
            [-95.314646, 29.655004],
            [-95.290325, 29.673535],
            [-95.28875, 29.657526],
            [-95.258109, 29.652126],
            [-95.249472, 29.670342],
            [-95.207957, 29.670089],
            [-95.192627, 29.634567],
            [-95.211632, 29.602257],
            [-95.296257, 29.596242],
            [-95.312833, 29.649068],
            [-95.314646, 29.655004]
          ]
        ]
      }
    },
    {
      "type": "Feature",
      "id": "48_02505",
      "properties": {
        "state_puma_id": "48_02505",
        "state_name": "Texas",
        "state_fips": "48",
        "puma_name": "Tarrant County (Southeast)--Mansfield (North) & Arlington (Southwest) Cities PUMA"
      },
      "geometry": {
        "type": "Polygon",
        "coordinates": [
          [
            [-97.208502, 32.648944],
            [-97.200238, 32.673071],
            [-97.135061, 32.675269],
            [-97.142242, 32.611598],
            [-97.105819, 32.613351],
            [-97.083096, 32.586769],
            [-97.037455, 32.622841],
            [-97.038685, 32.548666],
            [-97.17704, 32.550646],
            [-97.163706, 32.565071],
            [-97.189222, 32.577857],
            [-97.166941, 32.588414],
            [-97.182131, 32.607998],
            [-97.160828, 32.614015],
            [-97.184958, 32.646254],
            [-97.208514, 32.646776],
            [-97.208502, 32.648944]
          ]
        ]
      }
    },
    {
      "type": "Feature",
      "id": "48_04615",
      "properties": {
        "state_puma_id": "48_04615",
        "state_name": "Texas",
        "state_fips": "48",
        "puma_name": "Houston (Southwest) & Bellaire (Southeast) Cities--Between Loop I-610 & Beltway TX-8 PUMA"
      },
      "geometry": {
        "type": "Polygon",
        "coordinates": [
          [
            [-95.560475, 29.674627],
            [-95.557379, 29.704502],
            [-95.459453, 29.705774],
            [-95.459052, 29.681397],
            [-95.531476, 29.673186],
            [-95.550365, 29.653489],
            [-95.560542, 29.67347],
            [-95.560475, 29.674627]
          ]
        ]
      }
    },
    {
      "type": "Feature",
      "id": "48_04634",
      "properties": {
        "state_puma_id": "48_04634",
        "state_name": "Texas",
        "state_fips": "48",
        "puma_name": "Harris County (West)--Houston City (West)-North of US-90 & West of TX-6 PUMA"
      },
      "geometry": {
        "type": "Polygon",
        "coordinates": [
          [
            [-95.754315, 29.831556],
            [-95.719873, 29.831169],
            [-95.720284, 29.861352],
            [-95.708372, 29.865155],
            [-95.645161, 29.867673],
            [-95.645023, 29.856835],
            [-95.644791, 29.785035],
            [-95.752003, 29.802097],
            [-95.75431, 29.830667],
            [-95.754315, 29.831556]
          ]
        ]
      }
    },
    {
      "type": "Feature",
      "id": "48_02515",
      "properties": {
        "state_puma_id": "48_02515",
        "state_name": "Texas",
        "state_fips": "48",
        "puma_name": "Tarrant County (West)--Fort Worth City (West) PUMA"
      },
      "geometry": {
        "type": "Polygon",
        "coordinates": [
          [
            [-97.548201, 32.776114],
            [-97.547097, 32.856846],
            [-97.504077, 32.8748],
            [-97.467219, 32.862386],
            [-97.478386, 32.855863],
            [-97.459622, 32.829732],
            [-97.407842, 32.821493],
            [-97.339437, 32.754834],
            [-97.323025, 32.761854],
            [-97.321259, 32.74656],
            [-97.369976, 32.732609],
            [-97.548601, 32.744518],
            [-97.548201, 32.776114]
          ]
        ]
      }
    },
    {
      "type": "Feature",
      "id": "48_02002",
      "properties": {
        "state_puma_id": "48_02002",
        "state_name": "Texas",
        "state_fips": "48",
        "puma_name": "Denton County (Southeast)--Lewisville City PUMA"
      },
      "geometry": {
        "type": "Polygon",
        "coordinates": [
          [
            [-97.046006, 33.071542],
            [-97.02764, 33.102081],
            [-96.990057, 33.079517],
            [-96.901865, 33.070508],
            [-96.951424, 33.00589],
            [-96.9415, 32.988788],
            [-97.028339, 32.989614],
            [-97.048533, 33.071554],
            [-97.046006, 33.071542]
          ]
        ]
      }
    },
    {
      "type": "Feature",
      "id": "48_02200",
      "properties": {
        "state_puma_id": "48_02200",
        "state_name": "Texas",
        "state_fips": "48",
        "puma_name": "North Central Texas COG (West)--Hood, Erath, Palo Pinto & Somervell Counties PUMA"
      },
      "geometry": {
        "type": "Polygon",
        "coordinates": [
          [
            [-98.576131, 32.572477],
            [-98.575616, 32.954349],
            [-98.427211, 32.9523],
            [-98.426553, 33.007913],
            [-98.056094, 33.003332],
            [-98.066836, 32.558822],
            [-97.617066, 32.555484],
            [-97.614306, 32.258434],
            [-97.615055, 32.203581],
            [-97.630885, 32.207403],
            [-98.208386, 31.917511],
            [-98.251211, 31.980127],
            [-98.327499, 31.941261],
            [-98.551158, 32.261436],
            [-98.474685, 32.299084],
            [-98.475177, 32.513039],
            [-98.576256, 32.515163],
            [-98.576131, 32.572477]
          ]
        ]
      }
    },
    {
      "type": "Feature",
      "id": "48_00501",
      "properties": {
        "state_puma_id": "48_00501",
        "state_name": "Texas",
        "state_fips": "48",
        "puma_name": "South Plains Association of Governments--Lubbock County, Lubbock City (Central) PUMA"
      },
      "geometry": {
        "type": "Polygon",
        "coordinates": [
          [
            [-101.974433, 33.570532],
            [-101.939769, 33.592272],
            [-101.939847, 33.606815],
            [-101.907598, 33.60681],
            [-101.905116, 33.621339],
            [-101.854735, 33.597029],
            [-101.845455, 33.613543],
            [-101.835633, 33.547886],
            [-101.843898, 33.519827],
            [-101.939726, 33.5197],
            [-101.939732, 33.538651],
            [-101.962436, 33.538959],
            [-101.9569, 33.563228],
            [-101.974443, 33.563243],
            [-101.974433, 33.570532]
          ]
        ]
      }
    },
    {
      "type": "Feature",
      "id": "48_02102",
      "properties": {
        "state_puma_id": "48_02102",
        "state_name": "Texas",
        "state_fips": "48",
        "puma_name": "Johnson County PUMA"
      },
      "geometry": {
        "type": "Polygon",
        "coordinates": [
          [
            [-97.617103, 32.470678],
            [-97.617066, 32.555484],
            [-97.087054, 32.549263],
            [-97.086117, 32.265471],
            [-97.475985, 32.181679],
            [-97.511986, 32.161177],
            [-97.512854, 32.133966],
            [-97.568013, 32.150153],
            [-97.568475, 32.17647],
            [-97.601558, 32.17562],
            [-97.590446, 32.195732],
            [-97.615055, 32.203581],
            [-97.616607, 32.443246],
            [-97.617103, 32.470678]
          ]
        ]
      }
    },
    {
      "type": "Feature",
      "id": "48_05916",
      "properties": {
        "state_puma_id": "48_05916",
        "state_name": "Texas",
        "state_fips": "48",
        "puma_name": "Bexar County (Northeast)--San Antonio (Northeast), Universal City & Converse Cities PUMA"
      },
      "geometry": {
        "type": "Polygon",
        "coordinates": [
          [
            [-98.448651, 29.629625],
            [-98.429271, 29.647819],
            [-98.378807, 29.640761],
            [-98.358209, 29.615933],
            [-98.312222, 29.601802],
            [-98.298524, 29.561141],
            [-98.255377, 29.540491],
            [-98.258027, 29.555182],
            [-98.223112, 29.549236],
            [-98.219147, 29.52393],
            [-98.186318, 29.50132],
            [-98.317137, 29.458917],
            [-98.309058, 29.502551],
            [-98.347914, 29.496311],
            [-98.344829, 29.522503],
            [-98.369065, 29.545696],
            [-98.355427, 29.552251],
            [-98.372565, 29.578151],
            [-98.357436, 29.599941],
            [-98.432593, 29.600248],
            [-98.448715, 29.626074],
            [-98.448651, 29.629625]
          ]
        ]
      }
    },
    {
      "type": "Feature",
      "id": "48_02511",
      "properties": {
        "state_puma_id": "48_02511",
        "state_name": "Texas",
        "state_fips": "48",
        "puma_name": "Fort Worth City (North)--East of I-35W & West of US-377 PUMA"
      },
      "geometry": {
        "type": "Polygon",
        "coordinates": [
          [
            [-97.317073, 32.887389],
            [-97.299329, 32.991282],
            [-97.23525, 32.990954],
            [-97.254553, 32.954844],
            [-97.264612, 32.860581],
            [-97.314213, 32.860892],
            [-97.317091, 32.881799],
            [-97.317073, 32.887389]
          ]
        ]
      }
    },
    {
      "type": "Feature",
      "id": "48_02509",
      "properties": {
        "state_puma_id": "48_02509",
        "state_name": "Texas",
        "state_fips": "48",
        "puma_name": "Fort Worth (Northeast)--Hurst (South) Cities, North of I-30 PUMA"
      },
      "geometry": {
        "type": "Polygon",
        "coordinates": [
          [
            [-97.322383, 32.757147],
            [-97.290645, 32.78097],
            [-97.293384, 32.795115],
            [-97.224572, 32.826262],
            [-97.238729, 32.840336],
            [-97.215724, 32.832998],
            [-97.21411, 32.848729],
            [-97.200465, 32.843792],
            [-97.162965, 32.874778],
            [-97.131346, 32.866698],
            [-97.139945, 32.779395],
            [-97.123452, 32.779981],
            [-97.12306, 32.759923],
            [-97.241974, 32.760509],
            [-97.308411, 32.742716],
            [-97.322332, 32.756718],
            [-97.322383, 32.757147]
          ]
        ]
      }
    },
    {
      "type": "Feature",
      "id": "48_00200",
      "properties": {
        "state_puma_id": "48_00200",
        "state_name": "Texas",
        "state_fips": "48",
        "puma_name": "Panhandle Regional Planning Commission (Potter County)--Amarillo City (North) PUMA"
      },
      "geometry": {
        "type": "Polygon",
        "coordinates": [
          [
            [-102.167122, 35.208637],
            [-102.162752, 35.620035],
            [-101.6228, 35.620196],
            [-101.622941, 35.183117],
            [-102.167471, 35.183233],
            [-102.167122, 35.208637]
          ]
        ]
      }
    },
    {
      "type": "Feature",
      "id": "48_02322",
      "properties": {
        "state_puma_id": "48_02322",
        "state_name": "Texas",
        "state_fips": "48",
        "puma_name": "Dallas County (Northwest)--Irving (North), Coppell & Carrollton (Southwest) Cities PUMA"
      },
      "geometry": {
        "type": "Polygon",
        "coordinates": [
          [
            [-97.031438, 32.969923],
            [-97.031007, 32.989691],
            [-96.890617, 32.988023],
            [-96.896376, 32.961198],
            [-96.881724, 32.94633],
            [-96.898114, 32.908161],
            [-96.931075, 32.90943],
            [-96.931073, 32.873728],
            [-97.020148, 32.921326],
            [-97.031707, 32.955001],
            [-97.031438, 32.969923]
          ]
        ]
      }
    },
    {
      "type": "Feature",
      "id": "48_01901",
      "properties": {
        "state_puma_id": "48_01901",
        "state_name": "Texas",
        "state_fips": "48",
        "puma_name": "Collin County (Southwest)--Dallas (North), Plano (South) & Richardson (North) Cities PUMA"
      },
      "geometry": {
        "type": "Polygon",
        "coordinates": [
          [
            [-96.844097, 32.988908],
            [-96.840005, 33.027437],
            [-96.716426, 33.026503],
            [-96.704331, 33.037459],
            [-96.699261, 33.018425],
            [-96.612882, 33.005049],
            [-96.613367, 32.984309],
            [-96.844122, 32.987435],
            [-96.844097, 32.988908]
          ]
        ]
      }
    },
    {
      "type": "Feature",
      "id": "48_02319",
      "properties": {
        "state_puma_id": "48_02319",
        "state_name": "Texas",
        "state_fips": "48",
        "puma_name": "Dallas County (West)--Grand Prairie (Central) & Dallas (Southwest) Cities PUMA"
      },
      "geometry": {
        "type": "Polygon",
        "coordinates": [
          [
            [-97.036824, 32.659489],
            [-97.035522, 32.739451],
            [-96.952987, 32.748175],
            [-96.951513, 32.779241],
            [-96.926077, 32.782076],
            [-96.91832, 32.723982],
            [-96.880713, 32.691249],
            [-96.881539, 32.661948],
            [-96.958278, 32.665613],
            [-96.99824, 32.64586],
            [-96.996341, 32.632885],
            [-97.015308, 32.65835],
            [-97.036907, 32.655158],
            [-97.036824, 32.659489]
          ]
        ]
      }
    },
    {
      "type": "Feature",
      "id": "48_05904",
      "properties": {
        "state_puma_id": "48_05904",
        "state_name": "Texas",
        "state_fips": "48",
        "puma_name": "San Antonio City (Northwest)--Inside Loop I-410 PUMA"
      },
      "geometry": {
        "type": "Polygon",
        "coordinates": [
          [
            [-98.592944, 29.485045],
            [-98.491747, 29.520502],
            [-98.499338, 29.442811],
            [-98.560937, 29.448635],
            [-98.55429, 29.456717],
            [-98.591675, 29.483996],
            [-98.592944, 29.485045]
          ]
        ]
      }
    },
    {
      "type": "Feature",
      "id": "48_04902",
      "properties": {
        "state_puma_id": "48_04902",
        "state_name": "Texas",
        "state_fips": "48",
        "puma_name": "Fort Bend County (Northeast)--Sugar Land & Stafford Cities PUMA"
      },
      "geometry": {
        "type": "Polygon",
        "coordinates": [
          [
            [-95.683981, 29.604341],
            [-95.682907, 29.633347],
            [-95.651593, 29.644395],
            [-95.64328, 29.668312],
            [-95.616075, 29.670411],
            [-95.520785, 29.625355],
            [-95.55003, 29.603359],
            [-95.582224, 29.606224],
            [-95.592672, 29.551839],
            [-95.574506, 29.536877],
            [-95.597839, 29.528489],
            [-95.666439, 29.565534],
            [-95.660578, 29.608123],
            [-95.685229, 29.603894],
            [-95.683981, 29.604341]
          ]
        ]
      }
    },
    {
      "type": "Feature",
      "id": "48_05401",
      "properties": {
        "state_puma_id": "48_05401",
        "state_name": "Texas",
        "state_fips": "48",
        "puma_name": "Capital Area COG (Southwest)--Hays County (West) PUMA"
      },
      "geometry": {
        "type": "Polygon",
        "coordinates": [
          [
            [-98.294174, 30.046801],
            [-98.172977, 30.356312],
            [-97.813255, 30.09868],
            [-97.857936, 30.016871],
            [-97.859489, 30.028271],
            [-97.889595, 30.027762],
            [-97.872345, 29.988092],
            [-97.880264, 29.94695],
            [-97.921838, 29.896586],
            [-97.958256, 29.909328],
            [-97.96892, 29.879875],
            [-97.958238, 29.871235],
            [-98.018657, 29.812175],
            [-98.030523, 29.848539],
            [-98.2976, 30.037994],
            [-98.294174, 30.046801]
          ]
        ]
      }
    },
    {
      "type": "Feature",
      "id": "48_05913",
      "properties": {
        "state_puma_id": "48_05913",
        "state_name": "Texas",
        "state_fips": "48",
        "puma_name": "San Antonio (Northeast), Kirby & Windcrest Cities PUMA"
      },
      "geometry": {
        "type": "Polygon",
        "coordinates": [
          [
            [-98.432694, 29.523321],
            [-98.421218, 29.540756],
            [-98.394108, 29.536024],
            [-98.407371, 29.55052],
            [-98.372565, 29.578151],
            [-98.355427, 29.552251],
            [-98.369065, 29.545696],
            [-98.344829, 29.522503],
            [-98.350793, 29.499033],
            [-98.309058, 29.502551],
            [-98.317137, 29.458917],
            [-98.360728, 29.445222],
            [-98.360737, 29.42116],
            [-98.385289, 29.422474],
            [-98.403953, 29.45315],
            [-98.394591, 29.521821],
            [-98.432568, 29.519782],
            [-98.432694, 29.523321]
          ]
        ]
      }
    },
    {
      "type": "Feature",
      "id": "48_02900",
      "properties": {
        "state_puma_id": "48_02900",
        "state_name": "Texas",
        "state_fips": "48",
        "puma_name": "Concho Valley COG--Tom Green County, San Angelo City PUMA"
      },
      "geometry": {
        "type": "Polygon",
        "coordinates": [
          [
            [-101.267839, 31.538177],
            [-101.26763, 31.556462],
            [-100.865256, 31.562294],
            [-100.861099, 31.705418],
            [-100.235761, 31.69297],
            [-100.233783, 31.582196],
            [-100.111234, 31.580267],
            [-100.115216, 31.087994],
            [-100.688764, 31.086576],
            [-100.693299, 31.523956],
            [-101.267947, 31.528688],
            [-101.267839, 31.538177]
          ]
        ]
      }
    },
    {
      "type": "Feature",
      "id": "48_00700",
      "properties": {
        "state_puma_id": "48_00700",
        "state_name": "Texas",
        "state_fips": "48",
        "puma_name": "North Texas Regional Planning Commission (Wichita County)--Wichita Falls City PUMA"
      },
      "geometry": {
        "type": "Polygon",
        "coordinates": [
          [
            [-98.953191, 33.849934],
            [-98.9523575349127, 34.2125787665873],
            [-98.872922, 34.166584],
            [-98.868116, 34.149635],
            [-98.812954, 34.158444],
            [-98.749291, 34.124238],
            [-98.690595, 34.132972],
            [-98.648073, 34.164441],
            [-98.599789, 34.160571],
            [-98.550522, 34.132194],
            [-98.560574, 34.123567],
            [-98.486328, 34.062598],
            [-98.42523, 34.084799],
            [-98.423003, 33.836056],
            [-98.953202, 33.834025],
            [-98.953191, 33.849934]
          ]
        ]
      }
    },
    {
      "type": "Feature",
      "id": "48_04622",
      "properties": {
        "state_puma_id": "48_04622",
        "state_name": "Texas",
        "state_fips": "48",
        "puma_name": "Harris County (East)--Deer Park, La Porte (North) Cities & Channelview PUMA"
      },
      "geometry": {
        "type": "Polygon",
        "coordinates": [
          [
            [-95.197027, 29.771534],
            [-95.153443, 29.771294],
            [-95.185683, 29.843487],
            [-95.095375, 29.880235],
            [-95.089277, 29.851496],
            [-95.104559, 29.841051],
            [-95.06121, 29.828367],
            [-95.087949, 29.81604],
            [-95.089662, 29.799829],
            [-95.056714, 29.797764],
            [-95.082685, 29.764138],
            [-94.982783, 29.681898],
            [-95.0143563239344, 29.64280591194],
            [-95.019621, 29.681628],
            [-95.036623, 29.686744],
            [-95.038741, 29.651787],
            [-95.132672, 29.663504],
            [-95.155263, 29.681524],
            [-95.146064, 29.736096],
            [-95.196228, 29.769919],
            [-95.197027, 29.771534]
          ]
        ]
      }
    },
    {
      "type": "Feature",
      "id": "48_03801",
      "properties": {
        "state_puma_id": "48_03801",
        "state_name": "Texas",
        "state_fips": "48",
        "puma_name": "Heart of Texas COG--McLennan County-Waco City (Central) PUMA"
      },
      "geometry": {
        "type": "Polygon",
        "coordinates": [
          [
            [-97.232295, 31.530148],
            [-97.193815, 31.601079],
            [-97.155426, 31.588694],
            [-97.112013, 31.622699],
            [-97.10282, 31.551765],
            [-97.070474, 31.526909],
            [-97.09729, 31.50562],
            [-97.164121, 31.498326],
            [-97.233148, 31.529404],
            [-97.232295, 31.530148]
          ]
        ]
      }
    },
    {
      "type": "Feature",
      "id": "48_04627",
      "properties": {
        "state_puma_id": "48_04627",
        "state_name": "Texas",
        "state_fips": "48",
        "puma_name": "Harris County (Far North)--Spring PUMA"
      },
      "geometry": {
        "type": "Polygon",
        "coordinates": [
          [
            [-95.506794, 30.094344],
            [-95.503874, 30.11551],
            [-95.474749, 30.103228],
            [-95.424216, 30.115491],
            [-95.39806, 30.085405],
            [-95.315951, 30.05384],
            [-95.30676, 30.0163],
            [-95.308907, 30.004366],
            [-95.374927, 30.011],
            [-95.400023, 30.027004],
            [-95.429, 30.021343],
            [-95.429367, 30.035643],
            [-95.463105, 30.032665],
            [-95.47387, 30.048482],
            [-95.488562, 30.040386],
            [-95.506932, 30.083889],
            [-95.506794, 30.094344]
          ]
        ]
      }
    },
    {
      "type": "Feature",
      "id": "48_06803",
      "properties": {
        "state_puma_id": "48_06803",
        "state_name": "Texas",
        "state_fips": "48",
        "puma_name": "Hidalgo County (South Central)--Pharr, San Juan & Hidalgo Cities PUMA"
      },
      "geometry": {
        "type": "Polygon",
        "coordinates": [
          [
            [-98.316436, 26.125591],
            [-98.31164, 26.154573],
            [-98.279348, 26.150047],
            [-98.281218, 26.139664],
            [-98.213417, 26.143567],
            [-98.195405, 26.250407],
            [-98.125689, 26.240784],
            [-98.140006, 26.086108],
            [-98.163718, 26.089402],
            [-98.177875, 26.060017],
            [-98.248737, 26.072042],
            [-98.288535, 26.105312],
            [-98.266258, 26.120722],
            [-98.296195, 26.120321],
            [-98.302803, 26.102354],
            [-98.316357, 26.125328],
            [-98.316436, 26.125591]
          ]
        ]
      }
    },
    {
      "type": "Feature",
      "id": "48_02003",
      "properties": {
        "state_puma_id": "48_02003",
        "state_name": "Texas",
        "state_fips": "48",
        "puma_name": "Denton County (South Central)--Flower Mound Town & Highland Village City PUMA"
      },
      "geometry": {
        "type": "Polygon",
        "coordinates": [
          [
            [-97.299651, 32.991282],
            [-97.178723, 33.176081],
            [-97.161219, 33.179361],
            [-97.148651, 33.150803],
            [-97.094171, 33.117232],
            [-97.02764, 33.102081],
            [-97.048533, 33.071554],
            [-97.028339, 32.989614],
            [-97.299329, 32.991282],
            [-97.299651, 32.991282]
          ]
        ]
      }
    },
    {
      "type": "Feature",
      "id": "48_05903",
      "properties": {
        "state_puma_id": "48_05903",
        "state_name": "Texas",
        "state_fips": "48",
        "puma_name": "San Antonio City (Southeast)--Inside Loop I-410 PUMA"
      },
      "geometry": {
        "type": "Polygon",
        "coordinates": [
          [
            [-98.512254, 29.386393],
            [-98.461219, 29.390952],
            [-98.461239, 29.413389],
            [-98.391234, 29.409094],
            [-98.389598, 29.389357],
            [-98.407827, 29.33589],
            [-98.442404, 29.322056],
            [-98.5013, 29.334167],
            [-98.512639, 29.382364],
            [-98.512254, 29.386393]
          ]
        ]
      }
    },
    {
      "type": "Feature",
      "id": "48_01904",
      "properties": {
        "state_puma_id": "48_01904",
        "state_name": "Texas",
        "state_fips": "48",
        "puma_name": "Collin County (South Central)--Allen, Murphy, Plano (East) & Parker Cities PUMA"
      },
      "geometry": {
        "type": "Polygon",
        "coordinates": [
          [
            [-96.736572, 33.086168],
            [-96.732899, 33.125301],
            [-96.645543, 33.157801],
            [-96.652715, 33.115142],
            [-96.628755, 33.1149],
            [-96.628788, 33.085651],
            [-96.585484, 33.081197],
            [-96.585644, 33.055017],
            [-96.568389, 33.054439],
            [-96.578398, 32.999671],
            [-96.561617, 32.997953],
            [-96.613367, 32.984309],
            [-96.612802, 33.011467],
            [-96.659456, 33.027754],
            [-96.672859, 33.072662],
            [-96.736575, 33.086022],
            [-96.736572, 33.086168]
          ]
        ]
      }
    },
    {
      "type": "Feature",
      "id": "48_04618",
      "properties": {
        "state_puma_id": "48_04618",
        "state_name": "Texas",
        "state_fips": "48",
        "puma_name": "Houston City (Southeast)--West of Pasadena City & Outside Loop I-610 PUMA"
      },
      "geometry": {
        "type": "Polygon",
        "coordinates": [
          [
            [-95.387514, 29.657626],
            [-95.381204, 29.680716],
            [-95.267177, 29.709909],
            [-95.228138, 29.707658],
            [-95.224137, 29.675877],
            [-95.249472, 29.670342],
            [-95.253757, 29.652167],
            [-95.28875, 29.657526],
            [-95.296377, 29.672294],
            [-95.382379, 29.629275],
            [-95.387669, 29.655762],
            [-95.387514, 29.657626]
          ]
        ]
      }
    },
    {
      "type": "Feature",
      "id": "48_01908",
      "properties": {
        "state_puma_id": "48_01908",
        "state_name": "Texas",
        "state_fips": "48",
        "puma_name": "Collin County (Northwest)--Celina City & Prosper Town PUMA"
      },
      "geometry": {
        "type": "Polygon",
        "coordinates": [
          [
            [-96.840025, 33.182914],
            [-96.83411, 33.405498],
            [-96.727251, 33.402918],
            [-96.687992, 33.312488],
            [-96.631455, 33.256557],
            [-96.652159, 33.232171],
            [-96.679457, 33.23245],
            [-96.679346, 33.218192],
            [-96.732823, 33.21857],
            [-96.732948, 33.188955],
            [-96.767818, 33.189144],
            [-96.768009, 33.174498],
            [-96.84018, 33.175105],
            [-96.840025, 33.182914]
          ]
        ]
      }
    },
    {
      "type": "Feature",
      "id": "48_02501",
      "properties": {
        "state_puma_id": "48_02501",
        "state_name": "Texas",
        "state_fips": "48",
        "puma_name": "Tarrant County (Northeast)--Grapevine, Southlake & Colleyville Cities PUMA"
      },
      "geometry": {
        "type": "Polygon",
        "coordinates": [
          [
            [-97.192441, 32.905617],
            [-97.184356, 32.99067],
            [-97.031007, 32.989691],
            [-97.03386, 32.83695],
            [-97.061287, 32.83784],
            [-97.076636, 32.866237],
            [-97.159928, 32.86837],
            [-97.193571, 32.904023],
            [-97.192441, 32.905617]
          ]
        ]
      }
    },
    {
      "type": "Feature",
      "id": "48_05308",
      "properties": {
        "state_puma_id": "48_05308",
        "state_name": "Texas",
        "state_fips": "48",
        "puma_name": "Austin City (Southwest), Lost Creek & Barton Creek PUMA"
      },
      "geometry": {
        "type": "Polygon",
        "coordinates": [
          [
            [-97.933491, 30.305373],
            [-97.861895, 30.318156],
            [-97.828222, 30.295722],
            [-97.801227, 30.307921],
            [-97.771605, 30.273636],
            [-97.800809, 30.255592],
            [-97.796557, 30.234042],
            [-97.83342, 30.190957],
            [-97.82588, 30.155623],
            [-97.858736, 30.147189],
            [-97.861735, 30.177387],
            [-97.88932, 30.172873],
            [-97.925205, 30.1924],
            [-97.888305, 30.229195],
            [-97.92727, 30.24628],
            [-97.907243, 30.260127],
            [-97.936178, 30.305105],
            [-97.933491, 30.305373]
          ]
        ]
      }
    },
    {
      "type": "Feature",
      "id": "48_05901",
      "properties": {
        "state_puma_id": "48_05901",
        "state_name": "Texas",
        "state_fips": "48",
        "puma_name": "San Antonio City (Central) PUMA"
      },
      "geometry": {
        "type": "Polygon",
        "coordinates": [
          [
            [-98.563381, 29.414427],
            [-98.56023, 29.448568],
            [-98.475822, 29.448541],
            [-98.460936, 29.44318],
            [-98.461219, 29.390952],
            [-98.563917, 29.410101],
            [-98.563381, 29.414427]
          ]
        ]
      }
    },
    {
      "type": "Feature",
      "id": "48_05911",
      "properties": {
        "state_puma_id": "48_05911",
        "state_name": "Texas",
        "state_fips": "48",
        "puma_name": "San Antonio City (North)--Hollywood Park Town & Shavano Park City PUMA"
      },
      "geometry": {
        "type": "Polygon",
        "coordinates": [
          [
            [-98.598592, 29.590911],
            [-98.468491, 29.60927],
            [-98.499248, 29.520666],
            [-98.548963, 29.500823],
            [-98.597529, 29.583967],
            [-98.598592, 29.590911]
          ]
        ]
      }
    },
    {
      "type": "Feature",
      "id": "48_02502",
      "properties": {
        "state_puma_id": "48_02502",
        "state_name": "Texas",
        "state_fips": "48",
        "puma_name": "Tarrant County (East)--Euless (South & West) & Arlington (North) Cities PUMA"
      },
      "geometry": {
        "type": "Polygon",
        "coordinates": [
          [
            [-97.140188, 32.807482],
            [-97.131346, 32.866698],
            [-97.076636, 32.866237],
            [-97.061287, 32.83784],
            [-97.03386, 32.83695],
            [-97.035171, 32.759693],
            [-97.12306, 32.759923],
            [-97.14015, 32.805303],
            [-97.140188, 32.807482]
          ]
        ]
      }
    },
    {
      "type": "Feature",
      "id": "48_02513",
      "properties": {
        "state_puma_id": "48_02513",
        "state_name": "Texas",
        "state_fips": "48",
        "puma_name": "Fort Worth City (South Central) & Edgecliff Village Town PUMA"
      },
      "geometry": {
        "type": "Polygon",
        "coordinates": [
          [
            [-97.412124, 32.649025],
            [-97.381166, 32.67509],
            [-97.393183, 32.680872],
            [-97.386103, 32.719359],
            [-97.321397, 32.744992],
            [-97.32055, 32.684334],
            [-97.331792, 32.678925],
            [-97.320264, 32.676479],
            [-97.321464, 32.635163],
            [-97.387657, 32.628062],
            [-97.395882, 32.647931],
            [-97.41362, 32.644793],
            [-97.412124, 32.649025]
          ]
        ]
      }
    },
    {
      "type": "Feature",
      "id": "48_04614",
      "properties": {
        "state_puma_id": "48_04614",
        "state_name": "Texas",
        "state_fips": "48",
        "puma_name": "Houston City (West)--Westpark Tollway, Between Loop I-610 & Beltway TX-8 PUMA"
      },
      "geometry": {
        "type": "Polygon",
        "coordinates": [
          [
            [-95.557621, 29.727636],
            [-95.458307, 29.740943],
            [-95.459453, 29.705774],
            [-95.557379, 29.704502],
            [-95.557581, 29.718261],
            [-95.557621, 29.727636]
          ]
        ]
      }
    },
    {
      "type": "Feature",
      "id": "48_05307",
      "properties": {
        "state_puma_id": "48_05307",
        "state_name": "Texas",
        "state_fips": "48",
        "puma_name": "Austin City (South) PUMA"
      },
      "geometry": {
        "type": "Polygon",
        "coordinates": [
          [
            [-97.835244, 30.176734],
            [-97.796557, 30.234042],
            [-97.799874, 30.256748],
            [-97.771605, 30.273636],
            [-97.735994, 30.250611],
            [-97.791497, 30.152819],
            [-97.82351, 30.14834],
            [-97.819998, 30.173889],
            [-97.834863, 30.175009],
            [-97.835244, 30.176734]
          ]
        ]
      }
    },
    {
      "type": "Feature",
      "id": "48_02321",
      "properties": {
        "state_puma_id": "48_02321",
        "state_name": "Texas",
        "state_fips": "48",
        "puma_name": "Dallas County (Northwest)--Irving (Central) & Dallas (Northwest) Cities PUMA"
      },
      "geometry": {
        "type": "Polygon",
        "coordinates": [
          [
            [-97.03384, 32.838532],
            [-97.031707, 32.955001],
            [-97.020148, 32.921326],
            [-96.932729, 32.874194],
            [-96.931075, 32.90943],
            [-96.892207, 32.908842],
            [-96.877767, 32.858362],
            [-96.963994, 32.822387],
            [-97.033857, 32.837134],
            [-97.03384, 32.838532]
          ]
        ]
      }
    },
    {
      "type": "Feature",
      "id": "48_03100",
      "properties": {
        "state_puma_id": "48_03100",
        "state_name": "Texas",
        "state_fips": "48",
        "puma_name": "Permian Basin Regional Planning Commission (Central)--Ector County, Odessa City PUMA"
      },
      "geometry": {
        "type": "Polygon",
        "coordinates": [
          [
            [-102.799086, 32.085795],
            [-102.287048, 32.086991],
            [-102.287345, 31.651276],
            [-102.798939, 31.651783],
            [-102.798782, 32.043351],
            [-102.799086, 32.085795]
          ]
        ]
      }
    },
    {
      "type": "Feature",
      "id": "48_02315",
      "properties": {
        "state_puma_id": "48_02315",
        "state_name": "Texas",
        "state_fips": "48",
        "puma_name": "Dallas City (West Central)--East of Loop TX-12 & West of I-35E PUMA"
      },
      "geometry": {
        "type": "Polygon",
        "coordinates": [
          [
            [-96.927729, 32.765058],
            [-96.907156, 32.797262],
            [-96.852655, 32.797916],
            [-96.824711, 32.783499],
            [-96.808906, 32.751219],
            [-96.869722, 32.720391],
            [-96.915994, 32.720523],
            [-96.92794, 32.764824],
            [-96.927729, 32.765058]
          ]
        ]
      }
    },
    {
      "type": "Feature",
      "id": "48_02512",
      "properties": {
        "state_puma_id": "48_02512",
        "state_name": "Texas",
        "state_fips": "48",
        "puma_name": "Fort Worth City (North Central) & Haltom City (North)--Inside Loop I-820 PUMA"
      },
      "geometry": {
        "type": "Polygon",
        "coordinates": [
          [
            [-97.407854, 32.816002],
            [-97.347511, 32.842333],
            [-97.315428, 32.839768],
            [-97.314213, 32.860892],
            [-97.263976, 32.860585],
            [-97.269461, 32.839399],
            [-97.224454, 32.828021],
            [-97.293384, 32.795115],
            [-97.308976, 32.759645],
            [-97.339437, 32.754834],
            [-97.407872, 32.812164],
            [-97.407854, 32.816002]
          ]
        ]
      }
    },
    {
      "type": "Feature",
      "id": "48_04628",
      "properties": {
        "state_puma_id": "48_04628",
        "state_name": "Texas",
        "state_fips": "48",
        "puma_name": "Harris County (Northwest)--Jersey Village City-Between Beltway TX-8 & FM-1960 PUMA"
      },
      "geometry": {
        "type": "Polygon",
        "coordinates": [
          [
            [-95.645236, 29.882395],
            [-95.626803, 29.911326],
            [-95.498393, 29.987836],
            [-95.459996, 29.937521],
            [-95.551646, 29.926791],
            [-95.559176, 29.872251],
            [-95.645313, 29.879209],
            [-95.645236, 29.882395]
          ]
        ]
      }
    },
    {
      "type": "Feature",
      "id": "48_06702",
      "properties": {
        "state_puma_id": "48_06702",
        "state_name": "Texas",
        "state_fips": "48",
        "puma_name": "Cameron County (West)--Harlingen & San Benito Cities PUMA"
      },
      "geometry": {
        "type": "Polygon",
        "coordinates": [
          [
            [-97.862167, 26.061112],
            [-97.861875, 26.348156],
            [-97.575868, 26.306249],
            [-97.603863, 26.198509],
            [-97.585647, 26.183096],
            [-97.56431, 26.188048],
            [-97.57763, 26.107741],
            [-97.607179, 26.114481],
            [-97.674936, 26.026161],
            [-97.693888, 26.031304],
            [-97.691369, 26.01899],
            [-97.706552, 26.037499],
            [-97.71862, 26.023716],
            [-97.761045, 26.025704],
            [-97.768975, 26.047501],
            [-97.776194, 26.030064],
            [-97.792326, 26.034168],
            [-97.801317, 26.060161],
            [-97.812878, 26.044322],
            [-97.817223, 26.056113],
            [-97.86139, 26.054184],
            [-97.862167, 26.061112]
          ]
        ]
      }
    },
    {
      "type": "Feature",
      "id": "48_04635",
      "properties": {
        "state_puma_id": "48_04635",
        "state_name": "Texas",
        "state_fips": "48",
        "puma_name": "Houston City (West)--South of I-10 & West of TX-6 PUMA"
      },
      "geometry": {
        "type": "Polygon",
        "coordinates": [
          [
            [-95.777517, 29.785483],
            [-95.775639, 29.801933],
            [-95.745428, 29.80212],
            [-95.644791, 29.785035],
            [-95.643636, 29.685934],
            [-95.77638, 29.76075],
            [-95.777523, 29.785173],
            [-95.777517, 29.785483]
          ]
        ]
      }
    },
    {
      "type": "Feature",
      "id": "48_04603",
      "properties": {
        "state_puma_id": "48_04603",
        "state_name": "Texas",
        "state_fips": "48",
        "puma_name": "Houston City (South Central)--South of US-59, West of I-45 & Inside Loop I-610 PUMA"
      },
      "geometry": {
        "type": "Polygon",
        "coordinates": [
          [
            [-95.4591, 29.690083],
            [-95.44739, 29.705918],
            [-95.418288, 29.706164],
            [-95.410608, 29.730978],
            [-95.362684, 29.744865],
            [-95.337523, 29.728585],
            [-95.325715, 29.691962],
            [-95.459052, 29.681397],
            [-95.4591, 29.690083]
          ]
        ]
      }
    },
    {
      "type": "Feature",
      "id": "48_04605",
      "properties": {
        "state_puma_id": "48_04605",
        "state_name": "Texas",
        "state_fips": "48",
        "puma_name": "Harris County (Southeast)--Pasadena City (North & Central)-Inside Beltway TX-8 PUMA"
      },
      "geometry": {
        "type": "Polygon",
        "coordinates": [
          [
            [-95.234542, 29.690491],
            [-95.223542, 29.725275],
            [-95.198411, 29.741827],
            [-95.146064, 29.736096],
            [-95.156785, 29.646458],
            [-95.184181, 29.620402],
            [-95.232419, 29.687423],
            [-95.234542, 29.690491]
          ]
        ]
      }
    },
    {
      "type": "Feature",
      "id": "48_02510",
      "properties": {
        "state_puma_id": "48_02510",
        "state_name": "Texas",
        "state_fips": "48",
        "puma_name": "Tarrant County (North)--North Richland Hills (North) & Keller Cities PUMA"
      },
      "geometry": {
        "type": "Polygon",
        "coordinates": [
          [
            [-97.268379, 32.841127],
            [-97.254553, 32.954844],
            [-97.23525, 32.990954],
            [-97.18145, 32.989817],
            [-97.193571, 32.904023],
            [-97.185964, 32.883659],
            [-97.161655, 32.875836],
            [-97.200465, 32.843792],
            [-97.21411, 32.848729],
            [-97.215724, 32.832998],
            [-97.269461, 32.839399],
            [-97.268379, 32.841127]
          ]
        ]
      }
    },
    {
      "type": "Feature",
      "id": "48_01905",
      "properties": {
        "state_puma_id": "48_01905",
        "state_name": "Texas",
        "state_fips": "48",
        "puma_name": "Collin County (Central)--McKinney City PUMA"
      },
      "geometry": {
        "type": "Polygon",
        "coordinates": [
          [
            [-96.733108, 33.132738],
            [-96.732823, 33.21857],
            [-96.679346, 33.218192],
            [-96.679457, 33.23245],
            [-96.652159, 33.232171],
            [-96.632311, 33.255924],
            [-96.593121, 33.230762],
            [-96.598837, 33.19587],
            [-96.572876, 33.169942],
            [-96.58609, 33.165354],
            [-96.583096, 33.146346],
            [-96.645286, 33.157933],
            [-96.733421, 33.126633],
            [-96.733108, 33.132738]
          ]
        ]
      }
    },
    {
      "type": "Feature",
      "id": "48_04637",
      "properties": {
        "state_puma_id": "48_04637",
        "state_name": "Texas",
        "state_fips": "48",
        "puma_name": "Houston City (West)--Westpark Tollway, West of Beltway TX-8 PUMA"
      },
      "geometry": {
        "type": "Polygon",
        "coordinates": [
          [
            [-95.644517, 29.751414],
            [-95.557893, 29.74755],
            [-95.55718, 29.695336],
            [-95.595905, 29.689088],
            [-95.614704, 29.713411],
            [-95.644062, 29.711051],
            [-95.644508, 29.743893],
            [-95.644517, 29.751414]
          ]
        ]
      }
    },
    {
      "type": "Feature",
      "id": "48_04801",
      "properties": {
        "state_puma_id": "48_04801",
        "state_name": "Texas",
        "state_fips": "48",
        "puma_name": "Houston-Galveston Area Council--Brazoria County (North), Pearland City PUMA"
      },
      "geometry": {
        "type": "Polygon",
        "coordinates": [
          [
            [-95.4463, 29.499637],
            [-95.424286, 29.580312],
            [-95.346447, 29.585548],
            [-95.331146, 29.599108],
            [-95.261606, 29.593157],
            [-95.253952, 29.553943],
            [-95.217086, 29.558929],
            [-95.219091, 29.541246],
            [-95.231915, 29.547389],
            [-95.260103, 29.521363],
            [-95.277046, 29.546661],
            [-95.289137, 29.530885],
            [-95.387464, 29.541408],
            [-95.401181, 29.482609],
            [-95.445985, 29.499459],
            [-95.4463, 29.499637]
          ]
        ]
      }
    },
    {
      "type": "Feature",
      "id": "48_02308",
      "properties": {
        "state_puma_id": "48_02308",
        "state_name": "Texas",
        "state_fips": "48",
        "puma_name": "Dallas County (Northeast)--Garland (Northwest) & Richardson (East) Cities PUMA"
      },
      "geometry": {
        "type": "Polygon",
        "coordinates": [
          [
            [-96.71815, 32.926477],
            [-96.700013, 32.931269],
            [-96.699773, 32.985377],
            [-96.583796, 32.983867],
            [-96.617802, 32.955353],
            [-96.630853, 32.908865],
            [-96.718147, 32.925432],
            [-96.71815, 32.926477]
          ]
        ]
      }
    },
    {
      "type": "Feature",
      "id": "48_04601",
      "properties": {
        "state_puma_id": "48_04601",
        "state_name": "Texas",
        "state_fips": "48",
        "puma_name": "Houston City (North Central)--North of I-10 & Inside Loop I-610 PUMA"
      },
      "geometry": {
        "type": "Polygon",
        "coordinates": [
          [
            [-95.452769, 29.782423],
            [-95.432353, 29.812338],
            [-95.356232, 29.813875],
            [-95.282789, 29.804022],
            [-95.264077, 29.775721],
            [-95.359486, 29.767262],
            [-95.453868, 29.780937],
            [-95.452769, 29.782423]
          ]
        ]
      }
    },
    {
      "type": "Feature",
      "id": "48_04200",
      "properties": {
        "state_puma_id": "48_04200",
        "state_name": "Texas",
        "state_fips": "48",
        "puma_name": "Orange & Hardin Counties PUMA"
      },
      "geometry": {
        "type": "Polygon",
        "coordinates": [
          [
            [-94.732732, 30.490066],
            [-94.537926, 30.491059],
            [-94.545717, 30.526977],
            [-94.071689, 30.526033],
            [-94.119394, 30.426298],
            [-94.08292, 30.345654],
            [-94.117792, 30.300554],
            [-94.113565, 30.262854],
            [-94.096455, 30.258682],
            [-94.117604, 30.241665],
            [-93.703113, 30.239176],
            [-93.717839, 30.193999],
            [-93.705495, 30.192921],
            [-93.706532, 30.147424],
            [-93.688552, 30.140374],
            [-93.734085, 30.08613],
            [-93.699396, 30.05925],
            [-93.717327, 30.06571],
            [-93.74207, 30.020771],
            [-93.789431, 29.987812],
            [-93.8543426408309, 29.8649909997958],
            [-93.838824, 29.936934],
            [-93.859017, 29.976549],
            [-93.981774, 30.008913],
            [-93.983074, 30.021812],
            [-93.996774, 30.013113],
            [-94.001039, 30.030964],
            [-94.03058, 30.026222],
            [-94.027476, 30.066012],
            [-94.093539, 30.083684],
            [-94.079578, 30.127111],
            [-94.107883, 30.135408],
            [-94.120402, 30.165676],
            [-94.169016, 30.173448],
            [-94.17644, 30.18794],
            [-94.209577, 30.187724],
            [-94.2379, 30.16488],
            [-94.275451, 30.170265],
            [-94.292629, 30.117671],
            [-94.344756, 30.103124],
            [-94.596338, 30.112101],
            [-94.723096, 30.463517],
            [-94.732732, 30.490066]
          ]
        ]
      }
    },
    {
      "type": "Feature",
      "id": "48_06801",
      "properties": {
        "state_puma_id": "48_06801",
        "state_name": "Texas",
        "state_fips": "48",
        "puma_name": "Hidalgo County (Southeast)--Weslaco & Mercedes Cities PUMA"
      },
      "geometry": {
        "type": "Polygon",
        "coordinates": [
          [
            [-98.169177, 26.06696],
            [-98.163718, 26.089402],
            [-98.140006, 26.086108],
            [-98.111346, 26.181587],
            [-98.021978, 26.152077],
            [-98.016078, 26.227549],
            [-97.861913, 26.230051],
            [-97.868606, 26.057156],
            [-97.933924, 26.064834],
            [-97.93542, 26.052688],
            [-97.967358, 26.051718],
            [-97.981335, 26.067182],
            [-98.011833, 26.05602],
            [-98.028759, 26.06647],
            [-98.039239, 26.041275],
            [-98.07662, 26.036415],
            [-98.080495, 26.070932],
            [-98.094432, 26.058625],
            [-98.128331, 26.061929],
            [-98.131494, 26.0742],
            [-98.144787, 26.049607],
            [-98.1701270708271, 26.066357577554],
            [-98.169177, 26.06696]
          ]
        ]
      }
    },
    {
      "type": "Feature",
      "id": "48_02302",
      "properties": {
        "state_puma_id": "48_02302",
        "state_name": "Texas",
        "state_fips": "48",
        "puma_name": "Dallas County (Northeast)--Garland City (South) PUMA"
      },
      "geometry": {
        "type": "Polygon",
        "coordinates": [
          [
            [-96.717137, 32.902192],
            [-96.70039, 32.916562],
            [-96.630853, 32.908865],
            [-96.631032, 32.894355],
            [-96.592367, 32.894002],
            [-96.569853, 32.850544],
            [-96.629821, 32.823126],
            [-96.636173, 32.845506],
            [-96.717717, 32.900582],
            [-96.717137, 32.902192]
          ]
        ]
      }
    },
    {
      "type": "Feature",
      "id": "48_02507",
      "properties": {
        "state_puma_id": "48_02507",
        "state_name": "Texas",
        "state_fips": "48",
        "puma_name": "Tarrant County (East)--Arlington City (West)-South of I-30 & East of Loop I-820 PUMA"
      },
      "geometry": {
        "type": "Polygon",
        "coordinates": [
          [
            [-97.241801, 32.665644],
            [-97.225385, 32.720457],
            [-97.234381, 32.746066],
            [-97.214164, 32.759904],
            [-97.131584, 32.759923],
            [-97.131922, 32.721246],
            [-97.106607, 32.717683],
            [-97.135061, 32.675269],
            [-97.241366, 32.665348],
            [-97.241801, 32.665644]
          ]
        ]
      }
    },
    {
      "type": "Feature",
      "id": "48_02314",
      "properties": {
        "state_puma_id": "48_02314",
        "state_name": "Texas",
        "state_fips": "48",
        "puma_name": "Dallas City (East Central)--South of I-30 & East of I-35E PUMA"
      },
      "geometry": {
        "type": "Polygon",
        "coordinates": [
          [
            [-96.82985, 32.711811],
            [-96.822882, 32.749415],
            [-96.806479, 32.762944],
            [-96.791491, 32.753273],
            [-96.760595, 32.790676],
            [-96.700019, 32.794083],
            [-96.700572, 32.76336],
            [-96.682571, 32.762521],
            [-96.682807, 32.73435],
            [-96.754993, 32.728364],
            [-96.744141, 32.704421],
            [-96.76162, 32.71656],
            [-96.787943, 32.686944],
            [-96.823126, 32.687101],
            [-96.829824, 32.711175],
            [-96.82985, 32.711811]
          ]
        ]
      }
    },
    {
      "type": "Feature",
      "id": "48_00900",
      "properties": {
        "state_puma_id": "48_00900",
        "state_name": "Texas",
        "state_fips": "48",
        "puma_name": "Hunt & Rockwall Counties--Rockwall, Greenville & Dallas (Far Northeast) Cities PUMA"
      },
      "geometry": {
        "type": "Polygon",
        "coordinates": [
          [
            [-96.518869, 32.832728],
            [-96.517011, 32.982862],
            [-96.297227, 32.981752],
            [-96.295413, 33.351936],
            [-95.858723, 33.40953],
            [-95.862521, 32.979571],
            [-95.9453, 32.979877],
            [-95.987259, 32.876415],
            [-95.934433, 32.837217],
            [-96.297322, 32.841723],
            [-96.297376, 32.814185],
            [-96.51897, 32.813616],
            [-96.518869, 32.832728]
          ]
        ]
      }
    },
    {
      "type": "Feature",
      "id": "48_04903",
      "properties": {
        "state_puma_id": "48_04903",
        "state_name": "Texas",
        "state_fips": "48",
        "puma_name": "Fort Bend County (Central)--Rosenberg City, Pecan Grove & New Territory PUMA"
      },
      "geometry": {
        "type": "Polygon",
        "coordinates": [
          [
            [-95.856687, 29.535219],
            [-95.817191, 29.558077],
            [-95.832777, 29.565608],
            [-95.780828, 29.580061],
            [-95.790556, 29.599442],
            [-95.779695, 29.610003],
            [-95.752727, 29.608039],
            [-95.758386, 29.583531],
            [-95.742022, 29.594274],
            [-95.738691, 29.66148],
            [-95.718585, 29.660245],
            [-95.683972, 29.601532],
            [-95.660578, 29.608123],
            [-95.666439, 29.565534],
            [-95.612427, 29.525625],
            [-95.563431, 29.552139],
            [-95.567613, 29.512392],
            [-95.553032, 29.500779],
            [-95.591824, 29.497864],
            [-95.653492, 29.531066],
            [-95.746822, 29.546799],
            [-95.856678, 29.534654],
            [-95.856687, 29.535219]
          ]
        ]
      }
    },
    {
      "type": "Feature",
      "id": "48_02306",
      "properties": {
        "state_puma_id": "48_02306",
        "state_name": "Texas",
        "state_fips": "48",
        "puma_name": "Dallas (Northeast) & Mesquite (North) Cities--North of I-30 & West of I-635 PUMA"
      },
      "geometry": {
        "type": "Polygon",
        "coordinates": [
          [
            [-96.752944, 32.842466],
            [-96.749607, 32.856904],
            [-96.668053, 32.868126],
            [-96.629821, 32.823126],
            [-96.677292, 32.799363],
            [-96.74999, 32.791348],
            [-96.738348, 32.80202],
            [-96.752983, 32.836421],
            [-96.752944, 32.842466]
          ]
        ]
      }
    },
    {
      "type": "Feature",
      "id": "48_06802",
      "properties": {
        "state_puma_id": "48_06802",
        "state_name": "Texas",
        "state_fips": "48",
        "puma_name": "Hidalgo County (East)--Alamo & Donna Cities PUMA"
      },
      "geometry": {
        "type": "Polygon",
        "coordinates": [
          [
            [-98.138295, 26.166693],
            [-98.116258, 26.331417],
            [-98.035591, 26.319712],
            [-98.037727, 26.292849],
            [-98.009364, 26.293147],
            [-98.009602, 26.307669],
            [-97.977399, 26.308199],
            [-97.972321, 26.35593],
            [-97.940121, 26.351223],
            [-97.943634, 26.22879],
            [-98.016078, 26.227549],
            [-98.021978, 26.152077],
            [-98.111346, 26.181587],
            [-98.116906, 26.149054],
            [-98.139518, 26.159531],
            [-98.138295, 26.166693]
          ]
        ]
      }
    },
    {
      "type": "Feature",
      "id": "48_01600",
      "properties": {
        "state_puma_id": "48_01600",
        "state_name": "Texas",
        "state_fips": "48",
        "puma_name": "East Texas COG (Central)--Gregg County (Longview City) PUMA"
      },
      "geometry": {
        "type": "Polygon",
        "coordinates": [
          [
            [-94.98694, 32.436461],
            [-94.986935, 32.537246],
            [-94.820308, 32.590622],
            [-94.745629, 32.667507],
            [-94.70179, 32.652209],
            [-94.701986, 32.421782],
            [-94.676589, 32.42438],
            [-94.641305, 32.398104],
            [-94.579219, 32.394916],
            [-94.600776, 32.360044],
            [-94.9864, 32.370837],
            [-94.986951, 32.43238],
            [-94.98694, 32.436461]
          ]
        ]
      }
    }
  ]
}
