{
  "type": "FeatureCollection",
  "features": [
    {
      "type": "Feature",
      "id": "36_00703",
      "properties": {
        "state_puma_id": "36_00703",
        "state_name": "New York",
        "state_fips": "36",
        "puma_name": "Onondaga County (Central)--Syracuse City (Outer) PUMA"
      },
      "geometry": {
        "type": "Polygon",
        "coordinates": [
          [
            [-76.462986, 43.006125],
            [-76.37102, 43.010528],
            [-76.377174, 43.082024],
            [-76.259239, 43.100917],
            [-76.279401, 43.124458],
            [-76.220301, 43.098183],
            [-76.20506, 43.114895],
            [-76.169663, 43.095399],
            [-76.155942, 43.133997],
            [-76.121854, 43.145154],
            [-76.078449, 43.120558],
            [-75.965599, 43.119505],
            [-75.975588, 43.091278],
            [-75.919772, 43.089765],
            [-75.911051, 43.000276],
            [-75.910609, 42.989369],
            [-76.107521, 42.98118],
            [-76.104804, 42.943138],
            [-76.134107, 42.941854],
            [-76.136381, 42.971145],
            [-76.170781, 42.959337],
            [-76.209271, 42.996189],
            [-76.33148, 42.982805],
            [-76.353857, 42.951196],
            [-76.458429, 42.94337],
            [-76.462306, 42.995118],
            [-76.462986, 43.006125]
          ],
          [
            [-76.203346, 43.022605],
            [-76.161223, 43.010626],
            [-76.163675, 42.984166],
            [-76.135358, 42.984792],
            [-76.107936, 43.032773],
            [-76.074256, 43.036534],
            [-76.102573, 43.076397],
            [-76.162455, 43.086102],
            [-76.200378, 43.063675],
            [-76.187626, 43.032384],
            [-76.203593, 43.026732],
            [-76.203346, 43.022605]
          ]
        ]
      }
    },
    {
      "type": "Feature",
      "id": "36_00906",
      "properties": {
        "state_puma_id": "36_00906",
        "state_name": "New York",
        "state_fips": "36",
        "puma_name": "Monroe County (South) PUMA"
      },
      "geometry": {
        "type": "Polygon",
        "coordinates": [
          [
            [-77.759418, 42.944491],
            [-77.725747, 42.957307],
            [-77.729327, 43.035863],
            [-77.697, 43.056504],
            [-77.706516, 43.074669],
            [-77.675834, 43.106112],
            [-77.612516, 43.109487],
            [-77.589368, 43.135794],
            [-77.549123, 43.136688],
            [-77.533545, 43.167607],
            [-77.517219, 43.124017],
            [-77.373244, 43.122804],
            [-77.371478, 43.034696],
            [-77.485418, 43.034564],
            [-77.482517, 42.943164],
            [-77.760615, 42.942573],
            [-77.759418, 42.944491]
          ]
        ]
      }
    },
    {
      "type": "Feature",
      "id": "36_01102",
      "properties": {
        "state_puma_id": "36_01102",
        "state_name": "New York",
        "state_fips": "36",
        "puma_name": "Niagara County (North & East) PUMA"
      },
      "geometry": {
        "type": "Polygon",
        "coordinates": [
          [
            [-79.06467, 43.262754],
            [-78.634346, 43.357624],
            [-78.4655020828508, 43.3712326509368],
            [-78.465157, 43.085968],
            [-78.560265, 43.097279],
            [-78.59404, 43.0695],
            [-78.641802, 43.097362],
            [-78.646561, 43.080791],
            [-78.727647, 43.08622],
            [-78.813845, 43.051665],
            [-78.825049, 43.133096],
            [-79.051034, 43.132055],
            [-79.05606, 43.254156],
            [-79.070469, 43.262454],
            [-79.06467, 43.262754]
          ]
        ]
      }
    },
    {
      "type": "Feature",
      "id": "36_03305",
      "properties": {
        "state_puma_id": "36_03305",
        "state_name": "New York",
        "state_fips": "36",
        "puma_name": "Suffolk County (East) PUMA"
      },
      "geometry": {
        "type": "MultiPolygon",
        "coordinates": [
          [
            [
              [-72.037695, 41.251282],
              [-72.023055, 41.274847],
              [-72.006941, 41.262306],
              [-71.991117, 41.281331],
              [-71.922614, 41.29234],
              [-72.0368669793306, 41.2498307694275],
              [-72.037695, 41.251282]
            ]
          ],
          [
            [
              [-72.142929, 41.097811],
              [-72.125973, 41.121182],
              [-72.077929, 41.099873],
              [-72.095123, 41.054208],
              [-72.103152, 41.086484],
              [-72.141921, 41.094371],
              [-72.142929, 41.097811]
            ]
          ],
          [
            [
              [-72.211393, 41.176562],
              [-72.161542, 41.188776],
              [-72.197319, 41.165468],
              [-72.211999, 41.173544],
              [-72.211393, 41.176562]
            ]
          ],
          [
            [
              [-72.8636354419007, 40.964880050758],
              [-72.745656, 40.968445],
              [-72.585327, 40.997587],
              [-72.477306, 41.052212],
              [-72.445242, 41.086116],
              [-72.397, 41.096307],
              [-72.354123, 41.139952],
              [-72.278789, 41.158722],
              [-72.234026, 41.160032],
              [-72.254744, 41.133986],
              [-72.294106, 41.114121],
              [-72.285212, 41.1273],
              [-72.317119, 41.139432],
              [-72.339163, 41.115045],
              [-72.317238, 41.088659],
              [-72.277427, 41.078723],
              [-72.275875, 41.03657],
              [-72.190563, 41.032579],
              [-72.16037, 41.053827],
              [-72.10216, 40.991509],
              [-72.054564, 41.02184],
              [-72.01693, 41.023517],
              [-71.992638, 41.047147],
              [-71.963513, 41.042533],
              [-71.955203, 41.07307],
              [-71.904329, 41.085989],
              [-71.857494, 41.073558],
              [-71.901418, 41.04055],
              [-72.39585, 40.86666],
              [-72.728149632711, 40.771548450284],
              [-72.72668, 40.833817],
              [-72.701152, 40.914032],
              [-72.831929, 40.876082],
              [-72.8637370325413, 40.964862614328],
              [-72.8636354419007, 40.964880050758]
            ]
          ]
        ]
      }
    },
    {
      "type": "Feature",
      "id": "36_00500",
      "properties": {
        "state_puma_id": "36_00500",
        "state_name": "New York",
        "state_fips": "36",
        "puma_name": "Jefferson & Lewis Counties PUMA"
      },
      "geometry": {
        "type": "MultiPolygon",
        "coordinates": [
          [
            [
              [-76.147437, 43.942825],
              [-76.145659, 43.943653],
              [-76.14299, 43.944029],
              [-76.141999, 43.942805],
              [-76.1429689909012, 43.9421884884848],
              [-76.145034, 43.940876],
              [-76.147194, 43.941757],
              [-76.147437, 43.942825]
            ]
          ],
          [
            [
              [-76.187253, 44.013777],
              [-76.185114, 44.016683],
              [-76.180122, 44.01976],
              [-76.173467, 44.024716],
              [-76.169664, 44.024887],
              [-76.169427, 44.022494],
              [-76.176557, 44.017196],
              [-76.18345, 44.014632],
              [-76.1871756182312, 44.0137943971634],
              [-76.187253, 44.013777]
            ]
          ],
          [
            [
              [-76.217856, 43.895616],
              [-76.2170553752303, 43.8960389805335],
              [-76.214483, 43.897398],
              [-76.211542, 43.897516],
              [-76.210928, 43.895798],
              [-76.215752, 43.89266],
              [-76.217171, 43.892367],
              [-76.218847, 43.893659],
              [-76.217856, 43.895616]
            ]
          ],
          [
            [
              [-76.226382, 43.887673],
              [-76.222446, 43.88931],
              [-76.221419, 43.889193],
              [-76.221001, 43.888496],
              [-76.221001, 43.88847],
              [-76.221874, 43.886004],
              [-76.223793, 43.885646],
              [-76.226009, 43.886158],
              [-76.226382, 43.887673]
            ]
          ],
          [
            [
              [-76.336539, 44.034548],
              [-76.317583, 44.050281],
              [-76.321297, 44.031208],
              [-76.336609, 44.03356],
              [-76.336539, 44.034548]
            ]
          ],
          [
            [
              [-76.3559740350339, 43.8800949275693],
              [-76.313963, 43.913706],
              [-76.302894, 43.917231],
              [-76.307487, 43.905376],
              [-76.32708, 43.88187],
              [-76.356267, 43.87972],
              [-76.3559740350339, 43.8800949275693]
            ]
          ],
          [
            [
              [-76.369699, 44.104671],
              [-76.312647, 44.199044],
              [-76.191328, 44.221244],
              [-76.164265, 44.239603],
              [-76.161833, 44.280777],
              [-76.000998, 44.347534],
              [-75.94954, 44.349129],
              [-75.8600599283155, 44.4032818662487],
              [-75.170159, 44.096959],
              [-75.11016, 43.615229],
              [-75.5335, 43.419756],
              [-75.756213, 43.470388],
              [-75.774553, 43.688884],
              [-76.025087, 43.707018],
              [-76.022003, 43.668143],
              [-76.1996693718617, 43.6801913412181],
              [-76.234986, 43.822625],
              [-76.299064, 43.838503],
              [-76.297392, 43.855925],
              [-76.233163, 43.886267],
              [-76.222892, 43.880123],
              [-76.237363, 43.863596],
              [-76.203012, 43.850752],
              [-76.202257, 43.864898],
              [-76.127285, 43.897889],
              [-76.139069, 43.940779],
              [-76.082981, 43.977044],
              [-76.060063, 43.974544],
              [-76.061034, 43.997261],
              [-76.0797, 44.00329],
              [-76.159004, 43.958995],
              [-76.174782, 43.97428],
              [-76.199811, 43.968345],
              [-76.199447, 43.991672],
              [-76.118753, 44.034472],
              [-76.168284, 44.032723],
              [-76.140145, 44.070194],
              [-76.20428, 44.054271],
              [-76.21397, 44.059373],
              [-76.20164, 44.079039],
              [-76.272841, 44.051777],
              [-76.282217, 44.012306],
              [-76.201164, 44.024177],
              [-76.237226, 43.97792],
              [-76.281393, 43.960945],
              [-76.265882, 43.995483],
              [-76.300956, 44.009864],
              [-76.294902, 44.058274],
              [-76.333812, 44.064652],
              [-76.323385, 44.077318],
              [-76.359687, 44.071024],
              [-76.344247, 44.087917],
              [-76.370706, 44.100499],
              [-76.369699, 44.104671]
            ]
          ],
          [
            [
              [-76.373974, 43.875261],
              [-76.367849, 43.879004],
              [-76.364403, 43.87886],
              [-76.364198, 43.877943],
              [-76.367346, 43.875744],
              [-76.373132, 43.874181],
              [-76.3731432905059, 43.874195481884],
              [-76.373974, 43.875261]
            ]
          ],
          [
            [
              [-76.381711, 44.039633],
              [-76.342769, 44.054103],
              [-76.348305, 44.038416],
              [-76.380867, 44.038602],
              [-76.381711, 44.039633]
            ]
          ],
          [
            [
              [-76.398833, 43.884789],
              [-76.397144, 43.886503],
              [-76.39378, 43.888447],
              [-76.392347, 43.887859],
              [-76.394285, 43.883949],
              [-76.395758, 43.882896],
              [-76.39781, 43.883318],
              [-76.398833, 43.884789]
            ]
          ],
          [
            [
              [-76.445999, 43.890255],
              [-76.406359, 43.920705],
              [-76.379412, 43.921099],
              [-76.444626, 43.887505],
              [-76.445999, 43.890255]
            ]
          ]
        ]
      }
    },
    {
      "type": "Feature",
      "id": "36_02803",
      "properties": {
        "state_puma_id": "36_02803",
        "state_name": "New York",
        "state_fips": "36",
        "puma_name": "Dutchess County (North & East) PUMA"
      },
      "geometry": {
        "type": "Polygon",
        "coordinates": [
          [
            [-73.964237, 41.913916],
            [-73.929626, 42.078778],
            [-73.71093, 42.005488],
            [-73.527072, 41.97798],
            [-73.521416, 42.049966],
            [-73.487314, 42.049638],
            [-73.5210383249554, 41.619828966949],
            [-73.628228, 41.608322],
            [-73.663525, 41.589291],
            [-73.679817, 41.522343],
            [-73.76518, 41.626384],
            [-73.873594, 41.643413],
            [-73.877954, 41.679143],
            [-73.839408, 41.725296],
            [-73.941081, 41.735993],
            [-73.952446, 41.787965],
            [-73.939581, 41.870044],
            [-73.964413, 41.913148],
            [-73.964237, 41.913916]
          ]
        ]
      }
    },
    {
      "type": "Feature",
      "id": "36_00600",
      "properties": {
        "state_puma_id": "36_00600",
        "state_name": "New York",
        "state_fips": "36",
        "puma_name": "Oswego County PUMA"
      },
      "geometry": {
        "type": "Polygon",
        "coordinates": [
          [
            [-76.6169252975653, 43.4180442652892],
            [-76.417581, 43.521285],
            [-76.297103, 43.51287],
            [-76.228701, 43.532987],
            [-76.203473, 43.574978],
            [-76.1996693718617, 43.6801913412181],
            [-76.022003, 43.668143],
            [-76.025087, 43.707018],
            [-75.774553, 43.688884],
            [-75.756213, 43.470388],
            [-75.814627, 43.483578],
            [-75.886756, 43.325021],
            [-75.862934, 43.319222],
            [-75.884275, 43.155562],
            [-76.079397, 43.199758],
            [-76.085288, 43.212875],
            [-76.069414, 43.214699],
            [-76.202573, 43.271539],
            [-76.213393, 43.24002],
            [-76.198748, 43.212568],
            [-76.224449, 43.204968],
            [-76.272851, 43.240168],
            [-76.262051, 43.218468],
            [-76.281027, 43.201091],
            [-76.307541, 43.230788],
            [-76.479224, 43.227519],
            [-76.481148, 43.256641],
            [-76.605012, 43.25357],
            [-76.616585, 43.415262],
            [-76.6169252975653, 43.4180442652892]
          ]
        ]
      }
    },
    {
      "type": "Feature",
      "id": "36_04165",
      "properties": {
        "state_puma_id": "36_04165",
        "state_name": "New York",
        "state_fips": "36",
        "puma_name": "NYC-Manhattan Community Districts 5 & 6--Midtown, East Midtown, & Flatiron PUMA"
      },
      "geometry": {
        "type": "Polygon",
        "coordinates": [
          [
            [-73.995749, 40.749052],
            [-73.982147, 40.76773],
            [-73.955527, 40.757243],
            [-73.961543, 40.723876],
            [-73.997099, 40.747205],
            [-73.995749, 40.749052]
          ]
        ]
      }
    },
    {
      "type": "Feature",
      "id": "36_04207",
      "properties": {
        "state_puma_id": "36_04207",
        "state_name": "New York",
        "state_fips": "36",
        "puma_name": "NYC-Bronx Community District 7--Fordham, Bedford Park, & Norwood PUMA"
      },
      "geometry": {
        "type": "Polygon",
        "coordinates": [
          [
            [-73.91929, 40.857475],
            [-73.877918, 40.887212],
            [-73.876292, 40.870526],
            [-73.917901, 40.856937],
            [-73.91929, 40.857475]
          ]
        ]
      }
    },
    {
      "type": "Feature",
      "id": "36_00300",
      "properties": {
        "state_puma_id": "36_00300",
        "state_name": "New York",
        "state_fips": "36",
        "puma_name": "Warren & Washington Counties PUMA"
      },
      "geometry": {
        "type": "Polygon",
        "coordinates": [
          [
            [-74.214625, 43.728703],
            [-73.3793298267232, 43.808476322237],
            [-73.350707, 43.770463],
            [-73.426463, 43.642598],
            [-73.417668, 43.621687],
            [-73.430947, 43.587036],
            [-73.395767, 43.568087],
            [-73.371889, 43.624489],
            [-73.306234, 43.628018],
            [-73.294621, 43.57897],
            [-73.258631, 43.564949],
            [-73.241589, 43.534973],
            [-73.274294, 42.943652],
            [-73.380235, 42.943739],
            [-73.430623, 42.95865],
            [-73.450593, 42.944581],
            [-73.635463, 42.94129],
            [-73.578155, 43.055787],
            [-73.575484, 43.114851],
            [-73.590938, 43.13511],
            [-73.579464, 43.210677],
            [-73.600738, 43.268836],
            [-73.588822, 43.300543],
            [-73.635941, 43.306998],
            [-73.641861, 43.293273],
            [-73.671273, 43.293154],
            [-73.669561, 43.263871],
            [-73.690162, 43.284072],
            [-73.730478, 43.270774],
            [-73.767498, 43.222123],
            [-73.792889, 43.246243],
            [-73.834917, 43.251004],
            [-73.824615, 43.30427],
            [-73.858647, 43.328115],
            [-73.883299, 43.397988],
            [-74.1601, 43.371532],
            [-74.20378, 43.658798],
            [-74.214625, 43.728703]
          ]
        ]
      }
    },
    {
      "type": "Feature",
      "id": "36_03103",
      "properties": {
        "state_puma_id": "36_03103",
        "state_name": "New York",
        "state_fips": "36",
        "puma_name": "Westchester County (Northeast) PUMA"
      },
      "geometry": {
        "type": "Polygon",
        "coordinates": [
          [
            [-73.871703, 41.199875],
            [-73.83812, 41.203046],
            [-73.861933, 41.334382],
            [-73.5447070189854, 41.3665399980477],
            [-73.550961, 41.295422],
            [-73.482709, 41.21276],
            [-73.727775, 41.100696],
            [-73.706163059899, 41.0741835628326],
            [-73.752577, 41.078753],
            [-73.743948, 41.052162],
            [-73.752848, 41.067554],
            [-73.762482, 41.053696],
            [-73.774517, 41.066258],
            [-73.739749, 41.117338],
            [-73.745636, 41.14025],
            [-73.867746, 41.197948],
            [-73.871703, 41.199875]
          ]
        ]
      }
    },
    {
      "type": "Feature",
      "id": "36_02903",
      "properties": {
        "state_puma_id": "36_02903",
        "state_name": "New York",
        "state_fips": "36",
        "puma_name": "Orange County (Southeast) PUMA"
      },
      "geometry": {
        "type": "Polygon",
        "coordinates": [
          [
            [-74.5369059453343, 41.2848036272051],
            [-74.513582, 41.313734],
            [-74.332054, 41.339087],
            [-74.251163, 41.383071],
            [-74.251309, 41.403777],
            [-74.18876, 41.442744],
            [-74.115575, 41.442921],
            [-74.119803, 41.401785],
            [-74.060413, 41.36791],
            [-74.046659, 41.382451],
            [-74.01402, 41.377816],
            [-73.991607, 41.393569],
            [-73.993395, 41.411786],
            [-73.965156, 41.41387],
            [-73.947523, 41.393316],
            [-73.981384, 41.324693],
            [-74.2341633829452, 41.1430920081385],
            [-74.5368686834236, 41.2847861867841],
            [-74.5369059453343, 41.2848036272051]
          ]
        ]
      }
    },
    {
      "type": "Feature",
      "id": "36_02701",
      "properties": {
        "state_puma_id": "36_02701",
        "state_name": "New York",
        "state_fips": "36",
        "puma_name": "Sullivan & Ulster (West) Counties PUMA"
      },
      "geometry": {
        "type": "Polygon",
        "coordinates": [
          [
            [-75.1446761338745, 41.8514646551538],
            [-74.553598, 42.121484],
            [-74.530985, 42.146475],
            [-74.451713, 42.169225],
            [-74.307571, 42.114346],
            [-74.056458, 42.095095],
            [-74.083847, 42.038384],
            [-74.041216, 42.027316],
            [-74.061526, 41.986068],
            [-74.089429, 41.992501],
            [-74.110093, 42.025388],
            [-74.189997, 42.003121],
            [-74.170353, 41.971384],
            [-74.188189, 41.962202],
            [-74.17748, 41.955844],
            [-74.192127, 41.92545],
            [-74.258802, 41.861166],
            [-74.158401, 41.807623],
            [-74.156736, 41.760608],
            [-74.200759, 41.75214],
            [-74.248334, 41.693739],
            [-74.238932, 41.716015],
            [-74.288542, 41.700385],
            [-74.395071, 41.644876],
            [-74.364486, 41.593783],
            [-74.418399, 41.569397],
            [-74.475619, 41.503953],
            [-74.752399, 41.493743],
            [-74.754708208531, 41.4249933746765],
            [-74.790417, 41.42166],
            [-74.807582, 41.442847],
            [-74.830671, 41.430503],
            [-74.858578, 41.444427],
            [-74.893913, 41.43893],
            [-74.890358, 41.455324],
            [-74.932585, 41.482323],
            [-74.981652, 41.479945],
            [-74.984372, 41.506611],
            [-75.003151, 41.508101],
            [-75.024757, 41.535099],
            [-75.018524, 41.551802],
            [-75.074613, 41.605711],
            [-75.044224, 41.617978],
            [-75.052736, 41.688393],
            [-75.06883, 41.708161],
            [-75.049862, 41.713309],
            [-75.053431, 41.752538],
            [-75.10464, 41.774203],
            [-75.072172, 41.813732],
            [-75.113334, 41.822782],
            [-75.114399, 41.843583],
            [-75.143824, 41.851737],
            [-75.1446761338745, 41.8514646551538]
          ]
        ]
      }
    },
    {
      "type": "Feature",
      "id": "36_02500",
      "properties": {
        "state_puma_id": "36_02500",
        "state_name": "New York",
        "state_fips": "36",
        "puma_name": "Cattaraugus & Allegany Counties PUMA"
      },
      "geometry": {
        "type": "Polygon",
        "coordinates": [
          [
            [-79.059082, 42.086725],
            [-79.060777, 42.537853],
            [-78.995326, 42.531796],
            [-78.95703, 42.472362],
            [-78.920446, 42.442556],
            [-78.88299, 42.438286],
            [-78.773824, 42.456569],
            [-78.714057, 42.486726],
            [-78.692456, 42.472207],
            [-78.596881, 42.512683],
            [-78.46394, 42.536332],
            [-78.464556, 42.519166],
            [-77.840694, 42.517771],
            [-77.840231, 42.474576],
            [-77.723134, 42.4644],
            [-77.749931, 41.998782],
            [-79.061265, 41.999259],
            [-79.059082, 42.086725]
          ]
        ]
      }
    },
    {
      "type": "Feature",
      "id": "36_01802",
      "properties": {
        "state_puma_id": "36_01802",
        "state_name": "New York",
        "state_fips": "36",
        "puma_name": "Saratoga County (Outer) PUMA"
      },
      "geometry": {
        "type": "Polygon",
        "coordinates": [
          [
            [-74.1601, 43.371532],
            [-73.883299, 43.397988],
            [-73.858647, 43.328115],
            [-73.824615, 43.30427],
            [-73.834917, 43.251004],
            [-73.792889, 43.246243],
            [-73.767498, 43.222123],
            [-73.730478, 43.270774],
            [-73.690162, 43.284072],
            [-73.669561, 43.263871],
            [-73.671273, 43.293154],
            [-73.641861, 43.293273],
            [-73.635941, 43.306998],
            [-73.588549, 43.299414],
            [-73.600738, 43.268836],
            [-73.579464, 43.210677],
            [-73.590938, 43.13511],
            [-73.575484, 43.114851],
            [-73.578155, 43.055787],
            [-73.609282, 42.982241],
            [-73.631467, 42.969739],
            [-73.632305, 42.944379],
            [-73.659675, 42.933364],
            [-73.686874, 42.887132],
            [-73.772893, 42.887794],
            [-73.775629, 42.928837],
            [-73.764179, 42.921355],
            [-73.75255, 43.003907],
            [-73.726013, 43.053153],
            [-73.695084, 43.074528],
            [-73.700285, 43.102457],
            [-73.779954, 43.094953],
            [-73.775584, 43.107882],
            [-73.848813, 43.089075],
            [-73.835225, 43.00173],
            [-73.866438, 43.025966],
            [-73.860914, 42.999913],
            [-73.934509, 42.993612],
            [-73.926224, 42.945635],
            [-73.855975, 42.95673],
            [-73.874145, 42.907562],
            [-73.822921, 42.922652],
            [-73.831302, 42.792266],
            [-73.895938, 42.851076],
            [-73.904386, 42.911163],
            [-73.955458, 42.897306],
            [-74.006531, 42.934073],
            [-74.09298, 42.955868],
            [-74.158083, 43.359527],
            [-74.1601, 43.371532]
          ]
        ]
      }
    },
    {
      "type": "Feature",
      "id": "36_00401",
      "properties": {
        "state_puma_id": "36_00401",
        "state_name": "New York",
        "state_fips": "36",
        "puma_name": "Herkimer (North & Central) & Oneida (Outer) Counties PUMA"
      },
      "geometry": {
        "type": "Polygon",
        "coordinates": [
          [
            [-75.886756, 43.325021],
            [-75.814627, 43.483578],
            [-75.5335, 43.419756],
            [-75.11016, 43.615229],
            [-75.170159, 44.096959],
            [-75.062779, 44.0504],
            [-74.854171, 44.070089],
            [-74.775617, 43.486677],
            [-74.867712, 43.339826],
            [-74.712615, 43.286143],
            [-74.696003, 43.177862],
            [-74.71759, 43.165289],
            [-74.708088, 43.149671],
            [-74.734997, 43.143436],
            [-74.728444, 43.125168],
            [-74.77015, 43.112505],
            [-74.774199, 43.078472],
            [-74.740237, 43.014483],
            [-74.763303, 42.863237],
            [-74.878822, 42.898274],
            [-74.874009, 42.919666],
            [-74.902297, 42.94514],
            [-74.992511, 42.951708],
            [-75.216006, 43.022769],
            [-75.219106, 43.052469],
            [-75.182334, 43.075303],
            [-75.158706, 43.117469],
            [-75.216908, 43.145669],
            [-75.188908, 43.181769],
            [-75.287294, 43.235961],
            [-75.340713, 43.177869],
            [-75.378574, 43.194728],
            [-75.393414, 43.281523],
            [-75.607964, 43.266011],
            [-75.622385, 43.242096],
            [-75.65532, 43.239411],
            [-75.667017, 43.209812],
            [-75.544809, 43.225933],
            [-75.546144, 43.171344],
            [-75.460618, 43.065468],
            [-75.459115, 43.021768],
            [-75.550924, 43.020411],
            [-75.552774, 43.037554],
            [-75.596879, 43.035399],
            [-75.602446, 43.064257],
            [-75.635641, 43.075109],
            [-75.65297, 43.113953],
            [-75.706771, 43.137026],
            [-75.724086, 43.162771],
            [-75.776144, 43.173294],
            [-75.868099, 43.146699],
            [-75.884275, 43.155562],
            [-75.862934, 43.319222],
            [-75.885857, 43.324742],
            [-75.886756, 43.325021]
          ]
        ]
      }
    },
    {
      "type": "Feature",
      "id": "36_03207",
      "properties": {
        "state_puma_id": "36_03207",
        "state_name": "New York",
        "state_fips": "36",
        "puma_name": "Nassau County (Central)--Hempstead Town (Northeast) PUMA"
      },
      "geometry": {
        "type": "Polygon",
        "coordinates": [
          [
            [-73.587173, 40.736818],
            [-73.549553, 40.756678],
            [-73.547652, 40.743603],
            [-73.493967, 40.743098],
            [-73.48209, 40.691287],
            [-73.526148, 40.691816],
            [-73.53188, 40.706379],
            [-73.575946, 40.694497],
            [-73.588906, 40.736617],
            [-73.587173, 40.736818]
          ]
        ]
      }
    },
    {
      "type": "Feature",
      "id": "36_01500",
      "properties": {
        "state_puma_id": "36_01500",
        "state_name": "New York",
        "state_fips": "36",
        "puma_name": "Madison & Cortland Counties PUMA"
      },
      "geometry": {
        "type": "Polygon",
        "coordinates": [
          [
            [-76.274673, 42.771257],
            [-75.896079, 42.790964],
            [-75.917219, 43.085926],
            [-75.975588, 43.091278],
            [-75.950094, 43.134981],
            [-75.97731, 43.136867],
            [-75.971511, 43.154926],
            [-75.992428, 43.185164],
            [-75.868099, 43.146699],
            [-75.776144, 43.173294],
            [-75.719899, 43.161053],
            [-75.706771, 43.137026],
            [-75.65297, 43.113953],
            [-75.637316, 43.076468],
            [-75.602446, 43.064257],
            [-75.596879, 43.035399],
            [-75.552774, 43.037554],
            [-75.542803, 42.931774],
            [-75.444173, 42.933089],
            [-75.437167, 42.863319],
            [-75.247963, 42.871604],
            [-75.239547, 42.834233],
            [-75.25099, 42.784941],
            [-75.295877, 42.744106],
            [-75.889832, 42.723844],
            [-75.867507, 42.415419],
            [-76.253359, 42.407568],
            [-76.274198, 42.764518],
            [-76.274673, 42.771257]
          ]
        ]
      }
    },
    {
      "type": "Feature",
      "id": "36_01300",
      "properties": {
        "state_puma_id": "36_01300",
        "state_name": "New York",
        "state_fips": "36",
        "puma_name": "Livingston & Ontario Counties PUMA"
      },
      "geometry": {
        "type": "Polygon",
        "coordinates": [
          [
            [-78.060752, 42.536709],
            [-78.028031, 42.567739],
            [-78.048247, 42.579306],
            [-78.004693, 42.592779],
            [-78.028864, 42.60412],
            [-77.9904, 42.61486],
            [-77.956334, 42.667322],
            [-77.95553, 42.905861],
            [-77.93523, 42.905261],
            [-77.934234, 42.94558],
            [-77.911413, 42.945064],
            [-77.909832, 42.987762],
            [-77.730957, 42.988372],
            [-77.717828, 42.973365],
            [-77.731671, 42.946078],
            [-77.758727, 42.940461],
            [-77.482517, 42.943164],
            [-77.485418, 43.034564],
            [-77.134307, 43.039887],
            [-77.133397, 43.012463],
            [-76.963926, 43.013157],
            [-76.963365, 42.872945],
            [-76.981334, 42.861213],
            [-76.971392, 42.764223],
            [-77.313004, 42.761265],
            [-77.367106, 42.667866],
            [-77.366505, 42.576368],
            [-77.659917, 42.580409],
            [-77.661315, 42.535067],
            [-77.720617, 42.535066],
            [-77.722964, 42.471216],
            [-77.840231, 42.474576],
            [-77.840694, 42.517771],
            [-78.043418, 42.518464],
            [-78.042561, 42.53515],
            [-78.061058, 42.534454],
            [-78.060752, 42.536709]
          ]
        ]
      }
    },
    {
      "type": "Feature",
      "id": "36_01207",
      "properties": {
        "state_puma_id": "36_01207",
        "state_name": "New York",
        "state_fips": "36",
        "puma_name": "Erie County (South) PUMA"
      },
      "geometry": {
        "type": "Polygon",
        "coordinates": [
          [
            [-79.1368929076035, 42.5697987744532],
            [-79.111361, 42.613358],
            [-79.06376, 42.644758],
            [-79.046754, 42.691346],
            [-78.918157, 42.737258],
            [-78.853455, 42.783958],
            [-78.8621462507742, 42.8053754102793],
            [-78.696915, 42.811166],
            [-78.696891, 42.781835],
            [-78.463233, 42.780461],
            [-78.469349, 42.533335],
            [-78.88299, 42.438286],
            [-78.920446, 42.442556],
            [-78.95703, 42.472362],
            [-78.995326, 42.531796],
            [-79.060777, 42.537853],
            [-79.108557, 42.570201],
            [-79.134199, 42.568164],
            [-79.1368929076035, 42.5697987744532]
          ]
        ]
      }
    },
    {
      "type": "Feature",
      "id": "36_00704",
      "properties": {
        "state_puma_id": "36_00704",
        "state_name": "New York",
        "state_fips": "36",
        "puma_name": "Cayuga & Onondaga (South) Counties PUMA"
      },
      "geometry": {
        "type": "Polygon",
        "coordinates": [
          [
            [-76.74006, 42.789419],
            [-76.717185, 42.83883],
            [-76.739361, 42.954473],
            [-76.702325, 43.080393],
            [-76.7225013128626, 43.3436862821829],
            [-76.684856, 43.352691],
            [-76.6169252975653, 43.4180442652892],
            [-76.605012, 43.25357],
            [-76.481148, 43.256641],
            [-76.473066, 43.146017],
            [-76.486303, 43.143223],
            [-76.471862, 43.106831],
            [-76.377174, 43.082024],
            [-76.37102, 43.010528],
            [-76.462986, 43.006125],
            [-76.458429, 42.94337],
            [-76.353857, 42.951196],
            [-76.33148, 42.982805],
            [-76.209271, 42.996189],
            [-76.170781, 42.959337],
            [-76.136381, 42.971145],
            [-76.134107, 42.941854],
            [-76.104804, 42.943138],
            [-76.107521, 42.98118],
            [-75.910609, 42.989369],
            [-75.896079, 42.790964],
            [-76.274673, 42.771257],
            [-76.265584, 42.623588],
            [-76.4584, 42.618615],
            [-76.666543, 42.623457],
            [-76.687899, 42.674784],
            [-76.728951, 42.712898],
            [-76.740201, 42.782885],
            [-76.74006, 42.789419]
          ]
        ]
      }
    },
    {
      "type": "Feature",
      "id": "36_00702",
      "properties": {
        "state_puma_id": "36_00702",
        "state_name": "New York",
        "state_fips": "36",
        "puma_name": "Onondaga County (North) PUMA"
      },
      "geometry": {
        "type": "Polygon",
        "coordinates": [
          [
            [-76.483508, 43.145151],
            [-76.473066, 43.146017],
            [-76.479224, 43.227519],
            [-76.307541, 43.230788],
            [-76.281027, 43.201091],
            [-76.262051, 43.218468],
            [-76.272851, 43.240168],
            [-76.217646, 43.204821],
            [-76.194248, 43.217068],
            [-76.213393, 43.24002],
            [-76.202573, 43.271539],
            [-76.069414, 43.214699],
            [-76.085288, 43.212875],
            [-76.079397, 43.199758],
            [-75.991437, 43.18325],
            [-75.971511, 43.154926],
            [-75.97731, 43.136867],
            [-75.950094, 43.134981],
            [-75.956832, 43.115037],
            [-76.078449, 43.120558],
            [-76.090778, 43.137743],
            [-76.129813, 43.144878],
            [-76.155942, 43.133997],
            [-76.169663, 43.095399],
            [-76.20506, 43.114895],
            [-76.220301, 43.098183],
            [-76.272548, 43.124922],
            [-76.259239, 43.100917],
            [-76.396703, 43.081124],
            [-76.397729, 43.093869],
            [-76.471862, 43.106831],
            [-76.486303, 43.143223],
            [-76.483508, 43.145151]
          ]
        ]
      }
    },
    {
      "type": "Feature",
      "id": "36_04211",
      "properties": {
        "state_puma_id": "36_04211",
        "state_name": "New York",
        "state_fips": "36",
        "puma_name": "NYC-Bronx Community District 11--Pelham Parkway & Morris Park PUMA"
      },
      "geometry": {
        "type": "Polygon",
        "coordinates": [
          [
            [-73.873268, 40.84022],
            [-73.870537, 40.869674],
            [-73.856513, 40.874218],
            [-73.828372, 40.860947],
            [-73.83763, 40.840293],
            [-73.873561, 40.839794],
            [-73.873268, 40.84022]
          ]
        ]
      }
    },
    {
      "type": "Feature",
      "id": "36_00402",
      "properties": {
        "state_puma_id": "36_00402",
        "state_name": "New York",
        "state_fips": "36",
        "puma_name": "Oneida County (Central)--Greater Utica & Rome Cities PUMA"
      },
      "geometry": {
        "type": "Polygon",
        "coordinates": [
          [
            [-75.667017, 43.209812],
            [-75.65532, 43.239411],
            [-75.622385, 43.242096],
            [-75.607964, 43.266011],
            [-75.393414, 43.281523],
            [-75.381423, 43.19686],
            [-75.340713, 43.177869],
            [-75.287294, 43.235961],
            [-75.188908, 43.181769],
            [-75.216908, 43.145669],
            [-75.158706, 43.117469],
            [-75.182334, 43.075303],
            [-75.219106, 43.052469],
            [-75.216006, 43.022769],
            [-75.32761, 43.022165],
            [-75.325085, 43.006656],
            [-75.390629, 43.000845],
            [-75.458065, 42.996185],
            [-75.460618, 43.065468],
            [-75.546144, 43.171344],
            [-75.544809, 43.225933],
            [-75.665095, 43.208817],
            [-75.667017, 43.209812]
          ]
        ]
      }
    },
    {
      "type": "Feature",
      "id": "36_03204",
      "properties": {
        "state_puma_id": "36_03204",
        "state_name": "New York",
        "state_fips": "36",
        "puma_name": "Nassau County (West Central)--North Hempstead Town (South) PUMA"
      },
      "geometry": {
        "type": "Polygon",
        "coordinates": [
          [
            [-73.707747, 40.72805],
            [-73.704337, 40.756458],
            [-73.668529, 40.762272],
            [-73.653816, 40.781295],
            [-73.625571, 40.778066],
            [-73.62127, 40.756605],
            [-73.568826, 40.777324],
            [-73.549553, 40.756678],
            [-73.707939, 40.727771],
            [-73.707747, 40.72805]
          ]
        ]
      }
    },
    {
      "type": "Feature",
      "id": "36_04308",
      "properties": {
        "state_puma_id": "36_04308",
        "state_name": "New York",
        "state_fips": "36",
        "puma_name": "NYC-Brooklyn Community District 8--Crown Heights (North) PUMA"
      },
      "geometry": {
        "type": "Polygon",
        "coordinates": [
          [
            [-73.975321, 40.679333],
            [-73.922753, 40.667098],
            [-73.97618, 40.678065],
            [-73.975321, 40.679333]
          ]
        ]
      }
    },
    {
      "type": "Feature",
      "id": "36_04210",
      "properties": {
        "state_puma_id": "36_04210",
        "state_name": "New York",
        "state_fips": "36",
        "puma_name": "NYC-Bronx Community District 10--Co-op City & Throgs Neck PUMA"
      },
      "geometry": {
        "type": "MultiPolygon",
        "coordinates": [
          [
            [
              [-73.7724178973261, 40.8595369572044],
              [-73.769792, 40.844967],
              [-73.772649, 40.859464],
              [-73.7724178973261, 40.8595369572044]
            ]
          ],
          [
            [
              [-73.792287998482, 40.8554424402514],
              [-73.781534, 40.838948],
              [-73.792643, 40.854799],
              [-73.792287998482, 40.8554424402514]
            ]
          ],
          [
            [
              [-73.853335, 40.84247],
              [-73.83763, 40.840293],
              [-73.826612, 40.884649],
              [-73.783366, 40.871822],
              [-73.799843, 40.848667],
              [-73.817976, 40.863639],
              [-73.7941119431447, 40.800539354068],
              [-73.837984, 40.806226],
              [-73.853268, 40.842075],
              [-73.853335, 40.84247]
            ]
          ]
        ]
      }
    },
    {
      "type": "Feature",
      "id": "36_04204",
      "properties": {
        "state_puma_id": "36_04204",
        "state_name": "New York",
        "state_fips": "36",
        "puma_name": "NYC-Bronx Community District 4--Highbridge & Concourse PUMA"
      },
      "geometry": {
        "type": "Polygon",
        "coordinates": [
          [
            [-73.933144, 40.834815],
            [-73.905383, 40.839769],
            [-73.930276, 40.813256],
            [-73.933459, 40.833184],
            [-73.933144, 40.834815]
          ]
        ]
      }
    },
    {
      "type": "Feature",
      "id": "36_02404",
      "properties": {
        "state_puma_id": "36_02404",
        "state_name": "New York",
        "state_fips": "36",
        "puma_name": "Steuben (outside Corning City), Schuyler, Chemung (North) & Tioga (North) Counties PUMA"
      },
      "geometry": {
        "type": "Polygon",
        "coordinates": [
          [
            [-77.74851, 42.031893],
            [-77.720617, 42.535066],
            [-77.661315, 42.535067],
            [-77.659917, 42.580409],
            [-77.143795, 42.576869],
            [-77.143946, 42.494705],
            [-77.11439, 42.50813],
            [-77.107203, 42.483771],
            [-76.989329, 42.484821],
            [-76.98795, 42.46325],
            [-76.963977, 42.459186],
            [-76.889805, 42.463054],
            [-76.895596, 42.541537],
            [-76.696655, 42.54679],
            [-76.691406, 42.284307],
            [-76.473962, 42.281132],
            [-76.474494, 42.263761],
            [-76.416199, 42.262976],
            [-76.415305, 42.318368],
            [-76.250149, 42.296676],
            [-76.238555, 42.356621],
            [-76.298429, 42.381546],
            [-76.294697, 42.405086],
            [-76.130181, 42.410337],
            [-76.116357, 42.326566],
            [-76.099115, 42.303398],
            [-76.106582, 42.287356],
            [-76.081214, 42.264711],
            [-76.096629, 42.25745],
            [-76.081088, 42.218643],
            [-76.086683, 42.186858],
            [-76.251335, 42.180537],
            [-76.26327, 42.153777],
            [-76.561234, 42.155897],
            [-76.559409, 42.131251],
            [-76.807479, 42.124763],
            [-76.821178, 42.170474],
            [-76.812093, 42.199673],
            [-76.965349, 42.208026],
            [-76.999654, 42.187396],
            [-77.201685, 42.182675],
            [-77.200542, 42.090779],
            [-76.965786, 42.092274],
            [-76.9657926446341, 42.0012728405422],
            [-77.749931, 41.998782],
            [-77.74851, 42.031893]
          ]
        ]
      }
    },
    {
      "type": "Feature",
      "id": "36_00403",
      "properties": {
        "state_puma_id": "36_00403",
        "state_name": "New York",
        "state_fips": "36",
        "puma_name": "Otsego, Schoharie, Oneida (South) & Herkimer (South) Counties PUMA"
      },
      "geometry": {
        "type": "Polygon",
        "coordinates": [
          [
            [-75.550924, 43.020411],
            [-75.459115, 43.021768],
            [-75.458065, 42.996185],
            [-75.325085, 43.006656],
            [-75.32761, 43.022165],
            [-75.216006, 43.022769],
            [-74.992511, 42.951708],
            [-74.902297, 42.94514],
            [-74.874009, 42.919666],
            [-74.878822, 42.898274],
            [-74.454911, 42.772979],
            [-74.254442, 42.795297],
            [-74.258507, 42.757398],
            [-74.306665, 42.750074],
            [-74.272295, 42.71427],
            [-74.184299, 42.712494],
            [-74.180274, 42.729979],
            [-74.164678, 42.717207],
            [-74.173428, 42.657318],
            [-74.241572, 42.550802],
            [-74.226447, 42.499233],
            [-74.264755, 42.418876],
            [-74.244692, 42.377159],
            [-74.276645, 42.363349],
            [-74.346087, 42.355691],
            [-74.379051, 42.373873],
            [-74.443506, 42.355017],
            [-74.618895, 42.424389],
            [-74.71158, 42.517799],
            [-74.771507, 42.504387],
            [-74.844121, 42.512591],
            [-74.957926, 42.462756],
            [-74.97494, 42.467488],
            [-74.99377, 42.439882],
            [-75.017958, 42.454243],
            [-75.01981, 42.429159],
            [-75.093408, 42.420634],
            [-75.197237, 42.358329],
            [-75.19096, 42.379852],
            [-75.261569, 42.366673],
            [-75.308405, 42.321151],
            [-75.416932, 42.314094],
            [-75.392846, 42.357916],
            [-75.40669, 42.380781],
            [-75.374905, 42.410784],
            [-75.403459, 42.508699],
            [-75.367395, 42.552484],
            [-75.330143, 42.568082],
            [-75.330394, 42.674195],
            [-75.290898, 42.751427],
            [-75.25099, 42.784941],
            [-75.2448, 42.868633],
            [-75.437167, 42.863319],
            [-75.444173, 42.933089],
            [-75.542803, 42.931774],
            [-75.550777, 43.018547],
            [-75.550924, 43.020411]
          ]
        ]
      }
    },
    {
      "type": "Feature",
      "id": "36_02702",
      "properties": {
        "state_puma_id": "36_02702",
        "state_name": "New York",
        "state_fips": "36",
        "puma_name": "Ulster County (East) PUMA"
      },
      "geometry": {
        "type": "Polygon",
        "coordinates": [
          [
            [-74.395071, 41.644876],
            [-74.288542, 41.700385],
            [-74.238932, 41.716015],
            [-74.248334, 41.693739],
            [-74.200759, 41.75214],
            [-74.156736, 41.760608],
            [-74.158401, 41.807623],
            [-74.258802, 41.861166],
            [-74.192127, 41.92545],
            [-74.17748, 41.955844],
            [-74.188189, 41.962202],
            [-74.170353, 41.971384],
            [-74.189997, 42.003121],
            [-74.110093, 42.025388],
            [-74.089429, 41.992501],
            [-74.061526, 41.986068],
            [-74.041216, 42.027316],
            [-74.083847, 42.038384],
            [-74.042393, 42.170386],
            [-74.003589, 42.163365],
            [-74.00245, 42.176992],
            [-73.910675, 42.127293],
            [-73.964413, 41.913148],
            [-73.939389, 41.865852],
            [-73.953307, 41.589977],
            [-74.053685, 41.58061],
            [-74.068083, 41.606001],
            [-74.089896, 41.598602],
            [-74.134511, 41.615695],
            [-74.126393, 41.582544],
            [-74.187505, 41.590793],
            [-74.251601, 41.605374],
            [-74.250186, 41.629324],
            [-74.264093, 41.632738],
            [-74.367055, 41.590977],
            [-74.394373, 41.642562],
            [-74.395071, 41.644876]
          ]
        ]
      }
    },
    {
      "type": "Feature",
      "id": "36_01203",
      "properties": {
        "state_puma_id": "36_01203",
        "state_name": "New York",
        "state_fips": "36",
        "puma_name": "Erie County (Northeast) PUMA"
      },
      "geometry": {
        "type": "Polygon",
        "coordinates": [
          [
            [-78.697017, 42.956466],
            [-78.691338, 43.088669],
            [-78.646561, 43.080791],
            [-78.640732, 43.097275],
            [-78.59404, 43.0695],
            [-78.560265, 43.097279],
            [-78.464449, 43.088703],
            [-78.463052, 43.013413],
            [-78.464381, 42.867461],
            [-78.486256, 42.867731],
            [-78.488118, 42.781571],
            [-78.696891, 42.781835],
            [-78.697028, 42.950775],
            [-78.697017, 42.956466]
          ]
        ]
      }
    },
    {
      "type": "Feature",
      "id": "36_02204",
      "properties": {
        "state_puma_id": "36_02204",
        "state_name": "New York",
        "state_fips": "36",
        "puma_name": "Chenango, Delaware Counties & Broome County outside Greater Binghamton City PUMA"
      },
      "geometry": {
        "type": "Polygon",
        "coordinates": [
          [
            [-76.130181, 42.410337],
            [-75.86402, 42.415702],
            [-75.889832, 42.723844],
            [-75.295877, 42.744106],
            [-75.296513, 42.718653],
            [-75.330394, 42.674195],
            [-75.330143, 42.568082],
            [-75.367395, 42.552484],
            [-75.403459, 42.508699],
            [-75.374905, 42.410784],
            [-75.40669, 42.380781],
            [-75.392846, 42.357916],
            [-75.416932, 42.314094],
            [-75.308405, 42.321151],
            [-75.261569, 42.366673],
            [-75.19096, 42.379852],
            [-75.197237, 42.358329],
            [-75.093408, 42.420634],
            [-75.01981, 42.429159],
            [-75.017958, 42.454243],
            [-74.99377, 42.439882],
            [-74.97494, 42.467488],
            [-74.957926, 42.462756],
            [-74.844121, 42.512591],
            [-74.771507, 42.504387],
            [-74.728343, 42.517563],
            [-74.71158, 42.517799],
            [-74.618895, 42.424389],
            [-74.428196, 42.349075],
            [-74.53731, 42.201424],
            [-74.451713, 42.169225],
            [-74.530985, 42.146475],
            [-74.553598, 42.121484],
            [-75.156512, 41.848327],
            [-75.174574, 41.87266],
            [-75.185254, 41.85993],
            [-75.260527, 41.8638],
            [-75.279094, 41.938917],
            [-75.293713, 41.954593],
            [-75.312817, 41.950182],
            [-75.359579, 41.999445],
            [-76.10584, 41.998858],
            [-76.106033, 42.043683],
            [-76.091694, 42.053634],
            [-76.065264, 42.048375],
            [-76.042415, 42.065995],
            [-76.030406, 42.052502],
            [-75.999697, 42.055863],
            [-75.944672, 42.083816],
            [-75.901379, 42.073769],
            [-75.902067, 42.086557],
            [-75.857023, 42.1035],
            [-75.858736, 42.11676],
            [-75.875857, 42.115682],
            [-75.877639, 42.144175],
            [-75.973136, 42.146355],
            [-75.984111, 42.130615],
            [-76.04053, 42.148242],
            [-76.059887, 42.144761],
            [-76.066973, 42.110047],
            [-76.111493, 42.112486],
            [-76.116225, 42.18561],
            [-76.086683, 42.186858],
            [-76.081134, 42.230495],
            [-76.096629, 42.25745],
            [-76.080666, 42.257985],
            [-76.106582, 42.287356],
            [-76.099115, 42.303398],
            [-76.129673, 42.402038],
            [-76.130181, 42.410337]
          ]
        ]
      }
    },
    {
      "type": "Feature",
      "id": "36_02002",
      "properties": {
        "state_puma_id": "36_02002",
        "state_name": "New York",
        "state_fips": "36",
        "puma_name": "Albany County (Outside Albany City) PUMA"
      },
      "geometry": {
        "type": "Polygon",
        "coordinates": [
          [
            [-74.264731, 42.420127],
            [-74.226447, 42.499233],
            [-74.233995, 42.575688],
            [-74.169725, 42.667426],
            [-74.164678, 42.717207],
            [-74.180274, 42.729979],
            [-73.809603, 42.775016],
            [-73.766664, 42.786077],
            [-73.726663, 42.822577],
            [-73.70359, 42.78286],
            [-73.676762, 42.783277],
            [-73.723263, 42.672879],
            [-73.765303, 42.676379],
            [-73.811253, 42.715616],
            [-73.832925, 42.702078],
            [-73.812687, 42.690502],
            [-73.869871, 42.722379],
            [-73.898099, 42.707427],
            [-73.821271, 42.683277],
            [-73.82182, 42.658891],
            [-73.845413, 42.642522],
            [-73.816128, 42.644553],
            [-73.759739, 42.61379],
            [-73.752168, 42.56672],
            [-73.783721, 42.464231],
            [-74.263469, 42.407127],
            [-74.264755, 42.418876],
            [-74.264731, 42.420127]
          ]
        ]
      }
    },
    {
      "type": "Feature",
      "id": "36_00200",
      "properties": {
        "state_puma_id": "36_00200",
        "state_name": "New York",
        "state_fips": "36",
        "puma_name": "Clinton, Franklin, Essex & Hamilton Counties PUMA"
      },
      "geometry": {
        "type": "Polygon",
        "coordinates": [
          [
            [-74.867712, 43.339826],
            [-74.775617, 43.486677],
            [-74.854171, 44.070089],
            [-74.535156, 44.09925],
            [-74.544487, 44.169414],
            [-74.525683, 44.170636],
            [-74.641872, 44.952621],
            [-74.720307, 44.953011],
            [-74.7262280632075, 44.9948630722006],
            [-74.670297, 45.006194],
            [-74.146814, 44.9915],
            [-73.343124, 45.01084],
            [-73.354633, 44.987352],
            [-73.338243, 44.96475],
            [-73.338979, 44.917681],
            [-73.381359, 44.845021],
            [-73.333154, 44.788759],
            [-73.365561, 44.741786],
            [-73.361308, 44.694523],
            [-73.390231, 44.618353],
            [-73.374389, 44.575455],
            [-73.306707, 44.500334],
            [-73.293613, 44.440559],
            [-73.334939, 44.364441],
            [-73.312852, 44.265346],
            [-73.390583, 44.190886],
            [-73.43774, 44.045006],
            [-73.405999, 44.016229],
            [-73.408589, 43.932933],
            [-73.374051, 43.875563],
            [-73.372247, 43.845337],
            [-73.392751, 43.822196],
            [-73.3793298267232, 43.808476322237],
            [-74.214625, 43.728703],
            [-74.140147, 43.253979],
            [-74.224215, 43.248165],
            [-74.220902, 43.221403],
            [-74.322375, 43.214684],
            [-74.326378, 43.241635],
            [-74.534657, 43.228115],
            [-74.85156, 43.334218],
            [-74.867712, 43.339826]
          ]
        ]
      }
    },
    {
      "type": "Feature",
      "id": "36_04309",
      "properties": {
        "state_puma_id": "36_04309",
        "state_name": "New York",
        "state_fips": "36",
        "puma_name": "NYC-Brooklyn Community District 9--Crown Heights (South) PUMA"
      },
      "geometry": {
        "type": "Polygon",
        "coordinates": [
          [
            [-73.962884, 40.662622],
            [-73.92835, 40.668647],
            [-73.930903, 40.65661],
            [-73.962814, 40.660504],
            [-73.962884, 40.662622]
          ]
        ]
      }
    },
    {
      "type": "Feature",
      "id": "36_04110",
      "properties": {
        "state_puma_id": "36_04110",
        "state_name": "New York",
        "state_fips": "36",
        "puma_name": "NYC-Manhattan Community District 10--Harlem PUMA"
      },
      "geometry": {
        "type": "Polygon",
        "coordinates": [
          [
            [-73.959147, 40.801844],
            [-73.934911, 40.835736],
            [-73.932327, 40.819503],
            [-73.959647, 40.801156],
            [-73.959147, 40.801844]
          ]
        ]
      }
    },
    {
      "type": "Feature",
      "id": "36_02403",
      "properties": {
        "state_puma_id": "36_02403",
        "state_name": "New York",
        "state_fips": "36",
        "puma_name": "Tioga (South), Chemung (South) & Steuben (East) Counties--Elmira & Corning Cities PUMA"
      },
      "geometry": {
        "type": "Polygon",
        "coordinates": [
          [
            [-77.201685, 42.182675],
            [-76.999654, 42.187396],
            [-76.965349, 42.208026],
            [-76.812093, 42.199673],
            [-76.821178, 42.170474],
            [-76.807479, 42.124763],
            [-76.554237, 42.131467],
            [-76.561234, 42.155897],
            [-76.26327, 42.153777],
            [-76.251335, 42.180537],
            [-76.116225, 42.18561],
            [-76.104829, 42.031568],
            [-76.10584, 41.998858],
            [-76.9657926446341, 42.0012728405422],
            [-76.965786, 42.092274],
            [-77.200542, 42.090779],
            [-77.201665, 42.181275],
            [-77.201685, 42.182675]
          ]
        ]
      }
    },
    {
      "type": "Feature",
      "id": "36_04304",
      "properties": {
        "state_puma_id": "36_04304",
        "state_name": "New York",
        "state_fips": "36",
        "puma_name": "NYC-Brooklyn Community District 4--Bushwick PUMA"
      },
      "geometry": {
        "type": "Polygon",
        "coordinates": [
          [
            [-73.941931, 40.700725],
            [-73.921892, 40.709396],
            [-73.897769, 40.679926],
            [-73.941149, 40.700281],
            [-73.941931, 40.700725]
          ]
        ]
      }
    },
    {
      "type": "Feature",
      "id": "36_03202",
      "properties": {
        "state_puma_id": "36_03202",
        "state_name": "New York",
        "state_fips": "36",
        "puma_name": "Nassau County (Northeast)--Oyster Bay Town (North) & Glen Cove City PUMA"
      },
      "geometry": {
        "type": "MultiPolygon",
        "coordinates": [
          [
            [
              [-73.652531, 40.828725],
              [-73.65096, 40.828495],
              [-73.652205, 40.828006],
              [-73.652531, 40.828725]
            ]
          ],
          [
            [
              [-73.6557616035436, 40.8651493236632],
              [-73.633134, 40.90269],
              [-73.521423, 40.918304],
              [-73.50742, 40.908656],
              [-73.520254, 40.886738],
              [-73.533089, 40.8853],
              [-73.527622, 40.910811],
              [-73.547825, 40.903626],
              [-73.548063, 40.886378],
              [-73.506231, 40.872361],
              [-73.508846, 40.893745],
              [-73.494822, 40.894823],
              [-73.46253, 40.867295],
              [-73.448763, 40.804999],
              [-73.484377, 40.794902],
              [-73.491634, 40.811784],
              [-73.517455, 40.808585],
              [-73.528323, 40.802807],
              [-73.51605, 40.791296],
              [-73.560142, 40.771543],
              [-73.6486167096479, 40.8288444741594],
              [-73.655784, 40.864939],
              [-73.6557616035436, 40.8651493236632]
            ]
          ]
        ]
      }
    },
    {
      "type": "Feature",
      "id": "36_04112",
      "properties": {
        "state_puma_id": "36_04112",
        "state_name": "New York",
        "state_fips": "36",
        "puma_name": "NYC-Manhattan Community District 12--Washington Heights & Inwood PUMA"
      },
      "geometry": {
        "type": "Polygon",
        "coordinates": [
          [
            [-73.9577157213363, 40.8396805217168],
            [-73.9337868955222, 40.882206616177],
            [-73.907104, 40.872978],
            [-73.940167, 40.830383],
            [-73.9586862157485, 40.8374114414752],
            [-73.9577157213363, 40.8396805217168]
          ]
        ]
      }
    },
    {
      "type": "Feature",
      "id": "36_01801",
      "properties": {
        "state_puma_id": "36_01801",
        "state_name": "New York",
        "state_fips": "36",
        "puma_name": "Saratoga County (South & Central) PUMA"
      },
      "geometry": {
        "type": "Polygon",
        "coordinates": [
          [
            [-73.934509, 42.993612],
            [-73.860914, 42.999913],
            [-73.866438, 43.025966],
            [-73.835225, 43.00173],
            [-73.848813, 43.089075],
            [-73.775584, 43.107882],
            [-73.779954, 43.094953],
            [-73.700285, 43.102457],
            [-73.695084, 43.074528],
            [-73.726013, 43.053153],
            [-73.75255, 43.003907],
            [-73.764179, 42.921355],
            [-73.775629, 42.928837],
            [-73.772893, 42.887794],
            [-73.754945, 42.880489],
            [-73.686874, 42.887132],
            [-73.683654, 42.901314],
            [-73.658462, 42.809077],
            [-73.688362, 42.775477],
            [-73.726663, 42.822577],
            [-73.766664, 42.786077],
            [-73.827667, 42.783776],
            [-73.822921, 42.922652],
            [-73.874145, 42.907562],
            [-73.855975, 42.95673],
            [-73.926224, 42.945635],
            [-73.934267, 42.993148],
            [-73.934509, 42.993612]
          ]
        ]
      }
    },
    {
      "type": "Feature",
      "id": "36_04307",
      "properties": {
        "state_puma_id": "36_04307",
        "state_name": "New York",
        "state_fips": "36",
        "puma_name": "NYC-Brooklyn Community District 7--Sunset Park & Windsor Terrace PUMA"
      },
      "geometry": {
        "type": "Polygon",
        "coordinates": [
          [
            [-74.0329678613999, 40.6439865447956],
            [-73.998619, 40.67183],
            [-73.974482, 40.658339],
            [-74.007023, 40.63211],
            [-74.032076, 40.643407],
            [-74.0329678613999, 40.6439865447956]
          ]
        ]
      }
    },
    {
      "type": "Feature",
      "id": "36_00800",
      "properties": {
        "state_puma_id": "36_00800",
        "state_name": "New York",
        "state_fips": "36",
        "puma_name": "Wayne & Seneca & Yates Counties PUMA"
      },
      "geometry": {
        "type": "Polygon",
        "coordinates": [
          [
            [-77.376046, 43.2762243589198],
            [-77.107075, 43.289312],
            [-77.042559, 43.270516],
            [-76.950964, 43.270522],
            [-76.896207, 43.295957],
            [-76.787949, 43.311309],
            [-76.7225013128626, 43.3436862821829],
            [-76.702325, 43.080393],
            [-76.739361, 42.954473],
            [-76.717185, 42.83883],
            [-76.74006, 42.789419],
            [-76.733454, 42.727895],
            [-76.687899, 42.674784],
            [-76.656226, 42.604798],
            [-76.585989, 42.54991],
            [-76.895596, 42.541537],
            [-76.889805, 42.463054],
            [-76.963977, 42.459186],
            [-76.98795, 42.46325],
            [-76.989329, 42.484821],
            [-77.107203, 42.483771],
            [-77.11439, 42.50813],
            [-77.143946, 42.494705],
            [-77.143795, 42.576869],
            [-77.366505, 42.576368],
            [-77.367106, 42.667866],
            [-77.313004, 42.761265],
            [-76.971392, 42.764223],
            [-76.981334, 42.861213],
            [-76.963365, 42.872945],
            [-76.963926, 43.013157],
            [-77.133397, 43.012463],
            [-77.134307, 43.039887],
            [-77.371478, 43.034696],
            [-77.376055, 43.269596],
            [-77.376046, 43.2762243589198]
          ]
        ]
      }
    },
    {
      "type": "Feature",
      "id": "36_02902",
      "properties": {
        "state_puma_id": "36_02902",
        "state_name": "New York",
        "state_fips": "36",
        "puma_name": "Orange County (Northwest) PUMA"
      },
      "geometry": {
        "type": "Polygon",
        "coordinates": [
          [
            [-74.762466, 41.449525],
            [-74.752399, 41.493743],
            [-74.475619, 41.503953],
            [-74.418399, 41.569397],
            [-74.264093, 41.632738],
            [-74.250186, 41.629324],
            [-74.243749, 41.591709],
            [-74.30407, 41.50212],
            [-74.218174, 41.480541],
            [-74.188707, 41.443022],
            [-74.251309, 41.403777],
            [-74.251163, 41.383071],
            [-74.332054, 41.339087],
            [-74.513582, 41.313734],
            [-74.5369059453343, 41.2848036272051],
            [-74.696398, 41.357339],
            [-74.691129, 41.367324],
            [-74.740963, 41.40512],
            [-74.736688, 41.429228],
            [-74.754708208531, 41.4249933746765],
            [-74.762309, 41.444352],
            [-74.762466, 41.449525]
          ]
        ]
      }
    },
    {
      "type": "Feature",
      "id": "36_04109",
      "properties": {
        "state_puma_id": "36_04109",
        "state_name": "New York",
        "state_fips": "36",
        "puma_name": "NYC-Manhattan Community District 9--Morningside Heights & Hamilton Heights PUMA"
      },
      "geometry": {
        "type": "Polygon",
        "coordinates": [
          [
            [-73.9751708470458, 40.8109443801033],
            [-73.9586862157485, 40.8374114414752],
            [-73.94014, 40.827039],
            [-73.959647, 40.801156],
            [-73.9772506594803, 40.8080821573135],
            [-73.9751708470458, 40.8109443801033]
          ]
        ]
      }
    },
    {
      "type": "Feature",
      "id": "36_04403",
      "properties": {
        "state_puma_id": "36_04403",
        "state_name": "New York",
        "state_fips": "36",
        "puma_name": "NYC-Queens Community District 3--Jackson Heights & East Elmhurst PUMA"
      },
      "geometry": {
        "type": "Polygon",
        "coordinates": [
          [
            [-73.899608, 40.758386],
            [-73.872596, 40.771831],
            [-73.852205, 40.752661],
            [-73.899703, 40.757783],
            [-73.899608, 40.758386]
          ]
        ]
      }
    },
    {
      "type": "Feature",
      "id": "36_04103",
      "properties": {
        "state_puma_id": "36_04103",
        "state_name": "New York",
        "state_fips": "36",
        "puma_name": "NYC-Manhattan Community District 3--Lower East Side & Chinatown PUMA"
      },
      "geometry": {
        "type": "Polygon",
        "coordinates": [
          [
            [-74.001569, 40.713685],
            [-73.989903, 40.734435],
            [-73.962645, 40.722747],
            [-73.970318, 40.707332],
            [-74.000891, 40.713015],
            [-74.001569, 40.713685]
          ]
        ]
      }
    },
    {
      "type": "Feature",
      "id": "36_01000",
      "properties": {
        "state_puma_id": "36_01000",
        "state_name": "New York",
        "state_fips": "36",
        "puma_name": "Genesee, Orleans & Wyoming Counties PUMA"
      },
      "geometry": {
        "type": "Polygon",
        "coordinates": [
          [
            [-78.488118, 42.781571],
            [-78.486256, 42.867731],
            [-78.464381, 42.867461],
            [-78.4655020828508, 43.3712326509368],
            [-77.9955962913432, 43.3652387952246],
            [-77.99729, 43.132981],
            [-77.905934, 43.133561],
            [-77.951044, 43.039544],
            [-77.904121, 43.037056],
            [-77.911413, 42.945064],
            [-77.934234, 42.94558],
            [-77.93523, 42.905261],
            [-77.95553, 42.905861],
            [-77.956334, 42.667322],
            [-77.9904, 42.61486],
            [-78.028864, 42.60412],
            [-78.004693, 42.592779],
            [-78.050827, 42.576008],
            [-78.028031, 42.567739],
            [-78.060752, 42.536709],
            [-78.038261, 42.521522],
            [-78.464556, 42.519166],
            [-78.463233, 42.780461],
            [-78.488143, 42.78066],
            [-78.488118, 42.781571]
          ]
        ]
      }
    },
    {
      "type": "Feature",
      "id": "36_04108",
      "properties": {
        "state_puma_id": "36_04108",
        "state_name": "New York",
        "state_fips": "36",
        "puma_name": "NYC-Manhattan Community District 8--Upper East Side & Roosevelt Island PUMA"
      },
      "geometry": {
        "type": "Polygon",
        "coordinates": [
          [
            [-73.972553, 40.764898],
            [-73.955778, 40.787914],
            [-73.936404, 40.769475],
            [-73.957732, 40.747775],
            [-73.973015, 40.764279],
            [-73.972553, 40.764898]
          ]
        ]
      }
    },
    {
      "type": "Feature",
      "id": "36_03306",
      "properties": {
        "state_puma_id": "36_03306",
        "state_name": "New York",
        "state_fips": "36",
        "puma_name": "Suffolk County (South Central)--Brookhaven Town (South) PUMA"
      },
      "geometry": {
        "type": "Polygon",
        "coordinates": [
          [
            [-73.148065, 40.658278],
            [-73.145211, 40.709549],
            [-73.123749, 40.726677],
            [-73.104453, 40.716499],
            [-73.034977, 40.729412],
            [-73.022324, 40.749102],
            [-72.952352, 40.747707],
            [-72.966877, 40.784823],
            [-72.953863, 40.80979],
            [-72.958106, 40.875537],
            [-72.995834, 40.871067],
            [-72.986373, 40.907654],
            [-72.915071, 40.906953],
            [-72.917738, 40.887256],
            [-72.842526, 40.910914],
            [-72.830311, 40.876017],
            [-72.701152, 40.914032],
            [-72.72668, 40.833817],
            [-72.728149632711, 40.771548450284],
            [-73.054963, 40.666371],
            [-73.147679, 40.651729],
            [-73.148065, 40.658278]
          ]
        ]
      }
    },
    {
      "type": "Feature",
      "id": "36_03310",
      "properties": {
        "state_puma_id": "36_03310",
        "state_name": "New York",
        "state_fips": "36",
        "puma_name": "Suffolk County (Central)--Islip Town (Northwest) PUMA"
      },
      "geometry": {
        "type": "Polygon",
        "coordinates": [
          [
            [-73.304762, 40.743598],
            [-73.294652, 40.803983],
            [-73.235394, 40.808315],
            [-73.171415, 40.796701],
            [-73.150074, 40.747902],
            [-73.203391, 40.763274],
            [-73.306479, 40.741467],
            [-73.304762, 40.743598]
          ]
        ]
      }
    },
    {
      "type": "Feature",
      "id": "36_03111",
      "properties": {
        "state_puma_id": "36_03111",
        "state_name": "New York",
        "state_fips": "36",
        "puma_name": "Westchester County (Central) PUMA"
      },
      "geometry": {
        "type": "Polygon",
        "coordinates": [
          [
            [-73.896144, 40.981873],
            [-73.894777, 41.070791],
            [-73.84841, 41.087005],
            [-73.773396, 41.061737],
            [-73.789909, 41.029069],
            [-73.744517, 40.98106],
            [-73.771841, 40.955861],
            [-73.777952, 40.988336],
            [-73.793228, 40.974921],
            [-73.810423, 40.988343],
            [-73.8987288443335, 40.9748224749793],
            [-73.896144, 40.981873]
          ]
        ]
      }
    },
    {
      "type": "Feature",
      "id": "36_04410",
      "properties": {
        "state_puma_id": "36_04410",
        "state_name": "New York",
        "state_fips": "36",
        "puma_name": "NYC-Queens Community District 10--South Ozone Park & Howard Beach PUMA"
      },
      "geometry": {
        "type": "Polygon",
        "coordinates": [
          [
            [-73.863349, 40.679352],
            [-73.810749, 40.691917],
            [-73.801393, 40.673117],
            [-73.832705, 40.665406],
            [-73.825337, 40.644248],
            [-73.854938, 40.64265],
            [-73.862346, 40.679165],
            [-73.863349, 40.679352]
          ]
        ]
      }
    },
    {
      "type": "Feature",
      "id": "36_04313",
      "properties": {
        "state_puma_id": "36_04313",
        "state_name": "New York",
        "state_fips": "36",
        "puma_name": "NYC-Brooklyn Community District 13--Coney Island & Brighton Beach PUMA"
      },
      "geometry": {
        "type": "Polygon",
        "coordinates": [
          [
            [-74.012865, 40.577908],
            [-73.986019, 40.594446],
            [-73.954143, 40.583105],
            [-74.0120051341758, 40.5757943943289],
            [-74.012865, 40.577908]
          ]
        ]
      }
    },
    {
      "type": "Feature",
      "id": "36_00100",
      "properties": {
        "state_puma_id": "36_00100",
        "state_name": "New York",
        "state_fips": "36",
        "puma_name": "St. Lawrence County PUMA"
      },
      "geometry": {
        "type": "Polygon",
        "coordinates": [
          [
            [-75.8600599283155, 44.4032818662487],
            [-75.82083, 44.432244],
            [-75.807778, 44.471644],
            [-75.76623, 44.515851],
            [-75.413792, 44.772534],
            [-75.301976, 44.826637],
            [-75.30763, 44.836813],
            [-75.139866, 44.896684],
            [-75.134416, 44.915102],
            [-75.064826, 44.929449],
            [-74.972463, 44.983402],
            [-74.907956, 44.983359],
            [-74.826578, 45.01585],
            [-74.7262280632075, 44.9948630722006],
            [-74.720307, 44.953011],
            [-74.641872, 44.952621],
            [-74.525683, 44.170636],
            [-74.544487, 44.169414],
            [-74.535156, 44.09925],
            [-75.062779, 44.0504],
            [-75.839732, 44.393852],
            [-75.8600599283155, 44.4032818662487]
          ]
        ]
      }
    },
    {
      "type": "Feature",
      "id": "36_03208",
      "properties": {
        "state_puma_id": "36_03208",
        "state_name": "New York",
        "state_fips": "36",
        "puma_name": "Nassau County (Southeast)--Oyster Bay Town (South) PUMA"
      },
      "geometry": {
        "type": "Polygon",
        "coordinates": [
          [
            [-73.491069, 40.732099],
            [-73.435582, 40.734635],
            [-73.4240200623355, 40.6095801139079],
            [-73.484915, 40.597394],
            [-73.490332, 40.729122],
            [-73.491069, 40.732099]
          ]
        ]
      }
    },
    {
      "type": "Feature",
      "id": "36_04318",
      "properties": {
        "state_puma_id": "36_04318",
        "state_name": "New York",
        "state_fips": "36",
        "puma_name": "NYC-Brooklyn Community District 18--Canarsie & Flatlands PUMA"
      },
      "geometry": {
        "type": "MultiPolygon",
        "coordinates": [
          [
            [
              [-73.932042, 40.584234],
              [-73.931078, 40.584388],
              [-73.9306285375378, 40.5833866016927],
              [-73.9311013394004, 40.5831743917382],
              [-73.9317281039818, 40.5828930779494],
              [-73.931842, 40.583076],
              [-73.932042, 40.584234]
            ]
          ],
          [
            [
              [-73.947327, 40.629166],
              [-73.893547, 40.655202],
              [-73.878814, 40.637942],
              [-73.860483, 40.654659],
              [-73.833041, 40.628261],
              [-73.849852, 40.588669],
              [-73.879222, 40.574656],
              [-73.9301062637469, 40.5835953690235],
              [-73.917709, 40.586269],
              [-73.946875, 40.626774],
              [-73.947327, 40.629166]
            ]
          ]
        ]
      }
    },
    {
      "type": "Feature",
      "id": "36_04311",
      "properties": {
        "state_puma_id": "36_04311",
        "state_name": "New York",
        "state_fips": "36",
        "puma_name": "NYC-Brooklyn Community District 11--Bensonhurst & Bath Beach PUMA"
      },
      "geometry": {
        "type": "Polygon",
        "coordinates": [
          [
            [-74.0191352237537, 40.6028523682973],
            [-73.994649, 40.625698],
            [-73.971484, 40.597172],
            [-73.996288677915, 40.5892268642664],
            [-74.018517, 40.602505],
            [-74.0191352237537, 40.6028523682973]
          ]
        ]
      }
    },
    {
      "type": "Feature",
      "id": "36_04314",
      "properties": {
        "state_puma_id": "36_04314",
        "state_name": "New York",
        "state_fips": "36",
        "puma_name": "NYC-Brooklyn Community District 14--Flatbush & Midwood PUMA"
      },
      "geometry": {
        "type": "Polygon",
        "coordinates": [
          [
            [-73.977165, 40.630747],
            [-73.959861, 40.655635],
            [-73.944155, 40.629508],
            [-73.96238, 40.609986],
            [-73.977071, 40.630253],
            [-73.977165, 40.630747]
          ]
        ]
      }
    },
    {
      "type": "Feature",
      "id": "36_04301",
      "properties": {
        "state_puma_id": "36_04301",
        "state_name": "New York",
        "state_fips": "36",
        "puma_name": "NYC-Brooklyn Community District 1--Williamsburg & Greenpoint PUMA"
      },
      "geometry": {
        "type": "Polygon",
        "coordinates": [
          [
            [-73.969941, 40.70931],
            [-73.955087, 40.7394],
            [-73.920745, 40.71053],
            [-73.969613, 40.707634],
            [-73.969941, 40.70931]
          ]
        ]
      }
    },
    {
      "type": "Feature",
      "id": "36_04401",
      "properties": {
        "state_puma_id": "36_04401",
        "state_name": "New York",
        "state_fips": "36",
        "puma_name": "NYC-Queens Community District 1--Astoria & Queensbridge PUMA"
      },
      "geometry": {
        "type": "Polygon",
        "coordinates": [
          [
            [-73.95084, 40.755219],
            [-73.912456, 40.796096],
            [-73.86542, 40.78497],
            [-73.860433, 40.763869],
            [-73.949144, 40.754485],
            [-73.95084, 40.755219]
          ]
        ]
      }
    },
    {
      "type": "Feature",
      "id": "36_04404",
      "properties": {
        "state_puma_id": "36_04404",
        "state_name": "New York",
        "state_fips": "36",
        "puma_name": "NYC-Queens Community District 4--Elmhurst & Corona PUMA"
      },
      "geometry": {
        "type": "Polygon",
        "coordinates": [
          [
            [-73.895277, 40.748317],
            [-73.852205, 40.752661],
            [-73.853702, 40.76948],
            [-73.819305, 40.717136],
            [-73.847558, 40.739064],
            [-73.887205, 40.727869],
            [-73.895659, 40.748473],
            [-73.895277, 40.748317]
          ]
        ]
      }
    },
    {
      "type": "Feature",
      "id": "36_04316",
      "properties": {
        "state_puma_id": "36_04316",
        "state_name": "New York",
        "state_fips": "36",
        "puma_name": "NYC-Brooklyn Community District 16--Ocean Hill & Brownsville PUMA"
      },
      "geometry": {
        "type": "Polygon",
        "coordinates": [
          [
            [-73.92638, 40.665515],
            [-73.918046, 40.687213],
            [-73.89999, 40.6769],
            [-73.908558, 40.652096],
            [-73.924549, 40.663862],
            [-73.92638, 40.665515]
          ]
        ]
      }
    },
    {
      "type": "Feature",
      "id": "36_03113",
      "properties": {
        "state_puma_id": "36_03113",
        "state_name": "New York",
        "state_fips": "36",
        "puma_name": "Westchester County (South Central East)--Mount Vernon City PUMA"
      },
      "geometry": {
        "type": "Polygon",
        "coordinates": [
          [
            [-73.853528, 40.907465],
            [-73.810695, 40.987822],
            [-73.793228, 40.974921],
            [-73.806917, 40.935713],
            [-73.7870847948823, 40.8839690983916],
            [-73.85279, 40.907073],
            [-73.853528, 40.907465]
          ]
        ]
      }
    },
    {
      "type": "Feature",
      "id": "36_04205",
      "properties": {
        "state_puma_id": "36_04205",
        "state_name": "New York",
        "state_fips": "36",
        "puma_name": "NYC-Bronx Community District 5--Morris Heights & Mount Hope PUMA"
      },
      "geometry": {
        "type": "Polygon",
        "coordinates": [
          [
            [-73.927296, 40.846557],
            [-73.897068, 40.862534],
            [-73.901304, 40.844477],
            [-73.928159, 40.845492],
            [-73.927296, 40.846557]
          ]
        ]
      }
    },
    {
      "type": "Feature",
      "id": "36_04312",
      "properties": {
        "state_puma_id": "36_04312",
        "state_name": "New York",
        "state_fips": "36",
        "puma_name": "NYC-Brooklyn Community District 12--Borough Park & Kensington PUMA"
      },
      "geometry": {
        "type": "Polygon",
        "coordinates": [
          [
            [-74.008953, 40.636075],
            [-73.971397, 40.648258],
            [-73.964296, 40.609777],
            [-74.009557, 40.635493],
            [-74.008953, 40.636075]
          ]
        ]
      }
    },
    {
      "type": "Feature",
      "id": "36_04302",
      "properties": {
        "state_puma_id": "36_04302",
        "state_name": "New York",
        "state_fips": "36",
        "puma_name": "NYC-Brooklyn Community District 2--Downtown Brooklyn & Fort Greene PUMA"
      },
      "geometry": {
        "type": "Polygon",
        "coordinates": [
          [
            [-74.000959, 40.694069],
            [-73.972789, 40.709378],
            [-73.958841, 40.683018],
            [-74.001744, 40.692407],
            [-74.000959, 40.694069]
          ]
        ]
      }
    },
    {
      "type": "Feature",
      "id": "36_04413",
      "properties": {
        "state_puma_id": "36_04413",
        "state_name": "New York",
        "state_fips": "36",
        "puma_name": "NYC-Queens Community District 13--Queens Village, Bellerose, & Rosedale PUMA"
      },
      "geometry": {
        "type": "Polygon",
        "coordinates": [
          [
            [-73.801964, 40.665901],
            [-73.757891, 40.665917],
            [-73.743593, 40.696215],
            [-73.759441, 40.721063],
            [-73.713325, 40.75973],
            [-73.700384, 40.73919],
            [-73.730326, 40.722157],
            [-73.724984, 40.652678],
            [-73.748001, 40.634631],
            [-73.802162, 40.66525],
            [-73.801964, 40.665901]
          ]
        ]
      }
    },
    {
      "type": "Feature",
      "id": "36_04503",
      "properties": {
        "state_puma_id": "36_04503",
        "state_name": "New York",
        "state_fips": "36",
        "puma_name": "NYC-Staten Island Community District 3--South Shore PUMA"
      },
      "geometry": {
        "type": "Polygon",
        "coordinates": [
          [
            [-74.255629, 40.507919],
            [-74.240703, 40.519322],
            [-74.247808, 40.543396],
            [-74.212243, 40.557213],
            [-74.205193065512, 40.5799991875422],
            [-74.164941, 40.560112],
            [-74.123177, 40.57575],
            [-74.1001313695128, 40.5588511936032],
            [-74.194803, 40.510141],
            [-74.246688, 40.496103],
            [-74.255594215735, 40.5077313454058],
            [-74.255629, 40.507919]
          ]
        ]
      }
    },
    {
      "type": "Feature",
      "id": "36_04305",
      "properties": {
        "state_puma_id": "36_04305",
        "state_name": "New York",
        "state_fips": "36",
        "puma_name": "NYC-Brooklyn Community District 5--East New York & Cypress Hills PUMA"
      },
      "geometry": {
        "type": "Polygon",
        "coordinates": [
          [
            [-73.909449, 40.651522],
            [-73.904046, 40.67922],
            [-73.868917, 40.69515],
            [-73.860483, 40.654659],
            [-73.878814, 40.637942],
            [-73.893547, 40.655202],
            [-73.908681, 40.650717],
            [-73.909449, 40.651522]
          ]
        ]
      }
    },
    {
      "type": "Feature",
      "id": "36_01205",
      "properties": {
        "state_puma_id": "36_01205",
        "state_name": "New York",
        "state_fips": "36",
        "puma_name": "Erie County (West Central)--Buffalo City (East) PUMA"
      },
      "geometry": {
        "type": "Polygon",
        "coordinates": [
          [
            [-78.8887141622712, 42.8780479767312],
            [-78.878397, 42.874469],
            [-78.844207, 42.940305],
            [-78.808942, 42.961416],
            [-78.801059, 42.832423],
            [-78.8599289374827, 42.8322615909168],
            [-78.890108, 42.876669],
            [-78.8887141622712, 42.8780479767312]
          ]
        ]
      }
    },
    {
      "type": "Feature",
      "id": "36_04209",
      "properties": {
        "state_puma_id": "36_04209",
        "state_name": "New York",
        "state_fips": "36",
        "puma_name": "NYC-Bronx Community District 9--Soundview & Parkchester PUMA"
      },
      "geometry": {
        "type": "Polygon",
        "coordinates": [
          [
            [-73.884531, 40.825647],
            [-73.853335, 40.84247],
            [-73.830676, 40.803108],
            [-73.862965, 40.79767],
            [-73.884411, 40.82297],
            [-73.884531, 40.825647]
          ]
        ]
      }
    },
    {
      "type": "Feature",
      "id": "36_04406",
      "properties": {
        "state_puma_id": "36_04406",
        "state_name": "New York",
        "state_fips": "36",
        "puma_name": "NYC-Queens Community District 6--Forest Hills & Rego Park PUMA"
      },
      "geometry": {
        "type": "Polygon",
        "coordinates": [
          [
            [-73.874996, 40.730788],
            [-73.847558, 40.739064],
            [-73.829796, 40.715566],
            [-73.843016, 40.709176],
            [-73.875237, 40.730724],
            [-73.874996, 40.730788]
          ]
        ]
      }
    },
    {
      "type": "Feature",
      "id": "36_04502",
      "properties": {
        "state_puma_id": "36_04502",
        "state_name": "New York",
        "state_fips": "36",
        "puma_name": "NYC-Staten Island Community District 2--Mid-Island PUMA"
      },
      "geometry": {
        "type": "Polygon",
        "coordinates": [
          [
            [-74.2051371012541, 40.5801800703688],
            [-74.1961907657163, 40.6352650814743],
            [-74.147209, 40.608259],
            [-74.053556, 40.5995],
            [-74.1001313695128, 40.5588511936032],
            [-74.123177, 40.57575],
            [-74.164941, 40.560112],
            [-74.205193065512, 40.5799991875422],
            [-74.2051371012541, 40.5801800703688]
          ]
        ]
      }
    },
    {
      "type": "Feature",
      "id": "36_02100",
      "properties": {
        "state_puma_id": "36_02100",
        "state_name": "New York",
        "state_fips": "36",
        "puma_name": "Columbia & Greene Counties PUMA"
      },
      "geometry": {
        "type": "Polygon",
        "coordinates": [
          [
            [-74.511284, 42.236697],
            [-74.428196, 42.349075],
            [-74.443506, 42.355017],
            [-74.379051, 42.373873],
            [-74.346087, 42.355691],
            [-74.276645, 42.363349],
            [-74.244692, 42.377159],
            [-74.254303, 42.408207],
            [-73.352527, 42.510002],
            [-73.508142, 42.086257],
            [-73.496879, 42.049675],
            [-73.521416, 42.049966],
            [-73.527072, 41.97798],
            [-73.71093, 42.005488],
            [-73.929626, 42.078778],
            [-73.910675, 42.127293],
            [-74.00245, 42.176992],
            [-74.003589, 42.163365],
            [-74.042393, 42.170386],
            [-74.074797, 42.096589],
            [-74.307571, 42.114346],
            [-74.53731, 42.201424],
            [-74.511284, 42.236697]
          ]
        ]
      }
    },
    {
      "type": "Feature",
      "id": "36_03302",
      "properties": {
        "state_puma_id": "36_03302",
        "state_name": "New York",
        "state_fips": "36",
        "puma_name": "Suffolk County (Northwest)--Huntington Town (South) PUMA"
      },
      "geometry": {
        "type": "Polygon",
        "coordinates": [
          [
            [-73.454681, 40.835908],
            [-73.431168, 40.846614],
            [-73.427094, 40.828747],
            [-73.37049, 40.835339],
            [-73.364393, 40.865],
            [-73.286448, 40.880126],
            [-73.294966, 40.784297],
            [-73.438617, 40.751287],
            [-73.454625, 40.835001],
            [-73.454681, 40.835908]
          ]
        ]
      }
    },
    {
      "type": "Feature",
      "id": "36_03313",
      "properties": {
        "state_puma_id": "36_03313",
        "state_name": "New York",
        "state_fips": "36",
        "puma_name": "Suffolk County (West Central)--Babylon Town (Northwest) PUMA"
      },
      "geometry": {
        "type": "Polygon",
        "coordinates": [
          [
            [-73.438617, 40.751287],
            [-73.294966, 40.784297],
            [-73.306479, 40.741467],
            [-73.324889, 40.750509],
            [-73.398653, 40.733923],
            [-73.392512, 40.71565],
            [-73.363726, 40.710056],
            [-73.393448, 40.697404],
            [-73.366563, 40.665701],
            [-73.376166, 40.6569],
            [-73.425346, 40.651818],
            [-73.43699, 40.742334],
            [-73.438617, 40.751287]
          ]
        ]
      }
    },
    {
      "type": "Feature",
      "id": "36_04412",
      "properties": {
        "state_puma_id": "36_04412",
        "state_name": "New York",
        "state_fips": "36",
        "puma_name": "NYC-Queens Community District 12--Jamaica, St. Albans, & Hollis PUMA"
      },
      "geometry": {
        "type": "Polygon",
        "coordinates": [
          [
            [-73.816477, 40.70245],
            [-73.759441, 40.721063],
            [-73.743593, 40.696215],
            [-73.757891, 40.665917],
            [-73.799466, 40.66655],
            [-73.814429, 40.698335],
            [-73.816477, 40.70245]
          ]
        ]
      }
    },
    {
      "type": "Feature",
      "id": "36_02901",
      "properties": {
        "state_puma_id": "36_02901",
        "state_name": "New York",
        "state_fips": "36",
        "puma_name": "Orange County (Northeast)--Greater Newburgh City PUMA"
      },
      "geometry": {
        "type": "Polygon",
        "coordinates": [
          [
            [-74.30407, 41.50212],
            [-74.244911, 41.603758],
            [-74.126393, 41.582544],
            [-74.134511, 41.615695],
            [-74.089896, 41.598602],
            [-74.068083, 41.606001],
            [-74.053685, 41.58061],
            [-73.953307, 41.589977],
            [-73.997484, 41.516493],
            [-74.000108, 41.456549],
            [-73.965156, 41.41387],
            [-73.993395, 41.411786],
            [-73.991607, 41.393569],
            [-74.01402, 41.377816],
            [-74.046659, 41.382451],
            [-74.060413, 41.36791],
            [-74.119803, 41.401785],
            [-74.115575, 41.442921],
            [-74.18876, 41.442744],
            [-74.218174, 41.480541],
            [-74.302689, 41.50128],
            [-74.30407, 41.50212]
          ]
        ]
      }
    },
    {
      "type": "Feature",
      "id": "36_04111",
      "properties": {
        "state_puma_id": "36_04111",
        "state_name": "New York",
        "state_fips": "36",
        "puma_name": "NYC-Manhattan Community District 11--East Harlem PUMA"
      },
      "geometry": {
        "type": "Polygon",
        "coordinates": [
          [
            [-73.955275, 40.788584],
            [-73.934475, 40.819697],
            [-73.910296, 40.790657],
            [-73.929881, 40.776222],
            [-73.955778, 40.787914],
            [-73.955275, 40.788584]
          ]
        ]
      }
    },
    {
      "type": "Feature",
      "id": "36_04303",
      "properties": {
        "state_puma_id": "36_04303",
        "state_name": "New York",
        "state_fips": "36",
        "puma_name": "NYC-Brooklyn Community District 3--Bedford-Stuyvesant PUMA"
      },
      "geometry": {
        "type": "Polygon",
        "coordinates": [
          [
            [-73.961671, 40.682691],
            [-73.961051, 40.698326],
            [-73.941931, 40.700725],
            [-73.916301, 40.678577],
            [-73.961611, 40.682375],
            [-73.961671, 40.682691]
          ]
        ]
      }
    },
    {
      "type": "Feature",
      "id": "36_01201",
      "properties": {
        "state_puma_id": "36_01201",
        "state_name": "New York",
        "state_fips": "36",
        "puma_name": "Erie County (Northwest) PUMA"
      },
      "geometry": {
        "type": "Polygon",
        "coordinates": [
          [
            [-79.023256, 43.016356],
            [-78.999435, 43.056057],
            [-79.009664, 43.069558],
            [-78.91152, 43.05474],
            [-78.890159, 43.021956],
            [-78.822211, 43.031023],
            [-78.82384, 42.958126],
            [-78.898754, 42.966455],
            [-78.9142413486873, 42.9403827672317],
            [-79.0208725339062, 43.0007172188258],
            [-79.023256, 43.016356]
          ]
        ]
      }
    },
    {
      "type": "Feature",
      "id": "36_00902",
      "properties": {
        "state_puma_id": "36_00902",
        "state_name": "New York",
        "state_fips": "36",
        "puma_name": "Monroe County (Central)--Rochester City (East) PUMA"
      },
      "geometry": {
        "type": "Polygon",
        "coordinates": [
          [
            [-77.62737, 43.176426],
            [-77.6036728529699, 43.2577790470773],
            [-77.623147, 43.204054],
            [-77.560386, 43.188668],
            [-77.557467, 43.166748],
            [-77.533429, 43.169663],
            [-77.549123, 43.136688],
            [-77.610883, 43.130144],
            [-77.595821, 43.159491],
            [-77.628201, 43.175009],
            [-77.62737, 43.176426]
          ]
        ]
      }
    },
    {
      "type": "Feature",
      "id": "36_03110",
      "properties": {
        "state_puma_id": "36_03110",
        "state_name": "New York",
        "state_fips": "36",
        "puma_name": "Westchester County (Southeast)--White Plains & Rye City PUMA"
      },
      "geometry": {
        "type": "Polygon",
        "coordinates": [
          [
            [-73.789909, 41.029069],
            [-73.759127, 41.070032],
            [-73.743948, 41.052162],
            [-73.752577, 41.078753],
            [-73.723759, 41.079519],
            [-73.655255, 41.012246],
            [-73.660114, 40.96912],
            [-73.70718, 40.939435],
            [-73.787549, 41.025665],
            [-73.789909, 41.029069]
          ]
        ]
      }
    },
    {
      "type": "Feature",
      "id": "36_03205",
      "properties": {
        "state_puma_id": "36_03205",
        "state_name": "New York",
        "state_fips": "36",
        "puma_name": "Nassau County (West Central)--Hempstead Town (Northwest) PUMA"
      },
      "geometry": {
        "type": "Polygon",
        "coordinates": [
          [
            [-73.730326, 40.722157],
            [-73.617101, 40.743004],
            [-73.608999, 40.724093],
            [-73.661236, 40.706336],
            [-73.667596, 40.682982],
            [-73.726503, 40.696886],
            [-73.729661, 40.720483],
            [-73.730326, 40.722157]
          ]
        ]
      }
    },
    {
      "type": "Feature",
      "id": "36_03001",
      "properties": {
        "state_puma_id": "36_03001",
        "state_name": "New York",
        "state_fips": "36",
        "puma_name": "Rockland County (North)--New City & Congers PUMA"
      },
      "geometry": {
        "type": "Polygon",
        "coordinates": [
          [
            [-74.151001, 41.203462],
            [-73.981384, 41.324693],
            [-73.945783, 41.287593],
            [-73.970784, 41.247893],
            [-73.887397, 41.136861],
            [-73.908824, 41.135318],
            [-73.928555, 41.109015],
            [-73.973048, 41.127577],
            [-73.99604, 41.109306],
            [-74.030668, 41.108935],
            [-74.018524, 41.188554],
            [-74.161789, 41.195794],
            [-74.151001, 41.203462]
          ]
        ]
      }
    },
    {
      "type": "Feature",
      "id": "36_03309",
      "properties": {
        "state_puma_id": "36_03309",
        "state_name": "New York",
        "state_fips": "36",
        "puma_name": "Suffolk County (Central)--Islip Town (East) PUMA"
      },
      "geometry": {
        "type": "Polygon",
        "coordinates": [
          [
            [-73.235394, 40.808315],
            [-73.226789, 40.824312],
            [-73.123074, 40.832977],
            [-73.120021, 40.806921],
            [-73.044557, 40.813452],
            [-73.038052, 40.729618],
            [-73.139717, 40.722706],
            [-73.16564, 40.792557],
            [-73.235854, 40.807614],
            [-73.235394, 40.808315]
          ]
        ]
      }
    },
    {
      "type": "Feature",
      "id": "36_02300",
      "properties": {
        "state_puma_id": "36_02300",
        "state_name": "New York",
        "state_fips": "36",
        "puma_name": "Tompkins County PUMA"
      },
      "geometry": {
        "type": "Polygon",
        "coordinates": [
          [
            [-76.696655, 42.54679],
            [-76.585989, 42.54991],
            [-76.666543, 42.623457],
            [-76.265584, 42.623588],
            [-76.253359, 42.407568],
            [-76.293186, 42.406403],
            [-76.299493, 42.385012],
            [-76.237818, 42.350998],
            [-76.250149, 42.296676],
            [-76.415305, 42.318368],
            [-76.416199, 42.262976],
            [-76.474494, 42.263761],
            [-76.473962, 42.281132],
            [-76.691406, 42.284307],
            [-76.695963, 42.536477],
            [-76.696655, 42.54679]
          ]
        ]
      }
    },
    {
      "type": "Feature",
      "id": "36_03203",
      "properties": {
        "state_puma_id": "36_03203",
        "state_name": "New York",
        "state_fips": "36",
        "puma_name": "Nassau County (East Central)--Oyster Bay Town (Central) PUMA"
      },
      "geometry": {
        "type": "Polygon",
        "coordinates": [
          [
            [-73.560142, 40.771543],
            [-73.51605, 40.791296],
            [-73.528323, 40.802807],
            [-73.517455, 40.808585],
            [-73.491634, 40.811784],
            [-73.484377, 40.794902],
            [-73.448763, 40.804999],
            [-73.435582, 40.734635],
            [-73.547652, 40.743603],
            [-73.560056, 40.771486],
            [-73.560142, 40.771543]
          ]
        ]
      }
    },
    {
      "type": "Feature",
      "id": "36_01700",
      "properties": {
        "state_puma_id": "36_01700",
        "state_name": "New York",
        "state_fips": "36",
        "puma_name": "Schenectady County--Schenectady City PUMA"
      },
      "geometry": {
        "type": "Polygon",
        "coordinates": [
          [
            [-74.305932, 42.751493],
            [-74.252815, 42.76349],
            [-74.256829, 42.812214],
            [-74.083883, 42.897354],
            [-74.09298, 42.955868],
            [-74.006531, 42.934073],
            [-73.955458, 42.897306],
            [-73.904386, 42.911163],
            [-73.895938, 42.851076],
            [-73.809603, 42.775016],
            [-74.180274, 42.729979],
            [-74.184299, 42.712494],
            [-74.202713, 42.710826],
            [-74.272295, 42.71427],
            [-74.306665, 42.750074],
            [-74.305932, 42.751493]
          ]
        ]
      }
    },
    {
      "type": "Feature",
      "id": "36_00905",
      "properties": {
        "state_puma_id": "36_00905",
        "state_name": "New York",
        "state_fips": "36",
        "puma_name": "Monroe County (North & West) PUMA"
      },
      "geometry": {
        "type": "Polygon",
        "coordinates": [
          [
            [-77.997248, 43.136519],
            [-77.9955962913432, 43.3652387952246],
            [-77.976438, 43.369159],
            [-77.7484476069107, 43.3350386384836],
            [-77.754246, 43.125462],
            [-77.677565, 43.125837],
            [-77.700477, 43.099574],
            [-77.686064, 43.098694],
            [-77.642539, 43.121661],
            [-77.706516, 43.074669],
            [-77.696025, 43.057926],
            [-77.726293, 43.043148],
            [-77.730957, 42.988372],
            [-77.909832, 42.987762],
            [-77.904121, 43.037056],
            [-77.951044, 43.039544],
            [-77.905934, 43.133561],
            [-77.99729, 43.132981],
            [-77.997248, 43.136519]
          ]
        ]
      }
    },
    {
      "type": "Feature",
      "id": "36_00901",
      "properties": {
        "state_puma_id": "36_00901",
        "state_name": "New York",
        "state_fips": "36",
        "puma_name": "Monroe County (East) PUMA"
      },
      "geometry": {
        "type": "Polygon",
        "coordinates": [
          [
            [-77.623425, 43.205862],
            [-77.6021611595269, 43.2569494086968],
            [-77.539548, 43.235091],
            [-77.376046, 43.2762243589198],
            [-77.373244, 43.122804],
            [-77.517219, 43.124017],
            [-77.535741, 43.171712],
            [-77.557467, 43.166748],
            [-77.560386, 43.188668],
            [-77.623147, 43.204054],
            [-77.623425, 43.205862]
          ]
        ]
      }
    },
    {
      "type": "Feature",
      "id": "36_03102",
      "properties": {
        "state_puma_id": "36_03102",
        "state_name": "New York",
        "state_fips": "36",
        "puma_name": "Westchester County (Northwest) PUMA"
      },
      "geometry": {
        "type": "Polygon",
        "coordinates": [
          [
            [-73.982532, 41.321824],
            [-73.861933, 41.334382],
            [-73.83812, 41.203046],
            [-73.871703, 41.199875],
            [-73.745636, 41.14025],
            [-73.739749, 41.117338],
            [-73.773396, 41.061737],
            [-73.84841, 41.087005],
            [-73.894777, 41.070791],
            [-73.88948, 41.145095],
            [-73.970784, 41.247893],
            [-73.945783, 41.287593],
            [-73.983284, 41.317393],
            [-73.982532, 41.321824]
          ]
        ]
      }
    },
    {
      "type": "Feature",
      "id": "36_03201",
      "properties": {
        "state_puma_id": "36_03201",
        "state_name": "New York",
        "state_fips": "36",
        "puma_name": "Nassau County (Northwest)--North Hempstead Town (North) PUMA"
      },
      "geometry": {
        "type": "Polygon",
        "coordinates": [
          [
            [-73.7646987960844, 40.8116024554613],
            [-73.753009, 40.838392],
            [-73.710934, 40.805751],
            [-73.700448, 40.834734],
            [-73.728462, 40.832989],
            [-73.737566, 40.848409],
            [-73.714053, 40.869989],
            [-73.569633, 40.775172],
            [-73.62127, 40.756605],
            [-73.625571, 40.778066],
            [-73.653816, 40.781295],
            [-73.701633, 40.752493],
            [-73.750295, 40.782478],
            [-73.76554, 40.810866],
            [-73.7646987960844, 40.8116024554613]
          ],
          [
            [-73.652205, 40.828006],
            [-73.65096, 40.828495],
            [-73.652531, 40.828725],
            [-73.652205, 40.828006]
          ]
        ]
      }
    },
    {
      "type": "Feature",
      "id": "36_03301",
      "properties": {
        "state_puma_id": "36_03301",
        "state_name": "New York",
        "state_fips": "36",
        "puma_name": "Suffolk County (Northwest)--Huntington Town (North) PUMA"
      },
      "geometry": {
        "type": "Polygon",
        "coordinates": [
          [
            [-73.496886, 40.925667],
            [-73.485365, 40.946397],
            [-73.437956, 40.934651],
            [-73.433976, 40.909015],
            [-73.380125, 40.900181],
            [-73.373892, 40.912864],
            [-73.357556, 40.893045],
            [-73.353162, 40.924296],
            [-73.40354, 40.931329],
            [-73.392862, 40.955297],
            [-73.352761, 40.926697],
            [-73.2950614460616, 40.9244973436522],
            [-73.287921, 40.883895],
            [-73.364393, 40.865],
            [-73.37049, 40.835339],
            [-73.427094, 40.828747],
            [-73.431168, 40.846614],
            [-73.454681, 40.835908],
            [-73.496518, 40.923141],
            [-73.496886, 40.925667]
          ]
        ]
      }
    },
    {
      "type": "Feature",
      "id": "36_03312",
      "properties": {
        "state_puma_id": "36_03312",
        "state_name": "New York",
        "state_fips": "36",
        "puma_name": "Suffolk County (Southwest)--Babylon Town (Southeast) PUMA"
      },
      "geometry": {
        "type": "Polygon",
        "coordinates": [
          [
            [-73.425346, 40.651818],
            [-73.364465, 40.6605],
            [-73.393507, 40.696018],
            [-73.363726, 40.710056],
            [-73.392512, 40.71565],
            [-73.398653, 40.733923],
            [-73.324889, 40.750509],
            [-73.306479, 40.741467],
            [-73.316589, 40.687789],
            [-73.263308, 40.650379],
            [-73.2644769768046, 40.62190371027],
            [-73.341766, 40.6327],
            [-73.4240200623355, 40.6095801139079],
            [-73.42427, 40.627487],
            [-73.425346, 40.651818]
          ]
        ]
      }
    },
    {
      "type": "Feature",
      "id": "36_01206",
      "properties": {
        "state_puma_id": "36_01206",
        "state_name": "New York",
        "state_fips": "36",
        "puma_name": "Erie County (West Central)--Buffalo City (West) PUMA"
      },
      "geometry": {
        "type": "Polygon",
        "coordinates": [
          [
            [-78.914008, 42.942479],
            [-78.898754, 42.966455],
            [-78.818881, 42.957406],
            [-78.864432, 42.915349],
            [-78.878397, 42.874469],
            [-78.906075, 42.899324],
            [-78.9142413486873, 42.9403827672317],
            [-78.914008, 42.942479]
          ]
        ]
      }
    },
    {
      "type": "Feature",
      "id": "36_01101",
      "properties": {
        "state_puma_id": "36_01101",
        "state_name": "New York",
        "state_fips": "36",
        "puma_name": "Niagara County (Southwest)--Greater Niagara Falls & North Tonawanda Area PUMA"
      },
      "geometry": {
        "type": "Polygon",
        "coordinates": [
          [
            [-79.075367, 43.081355],
            [-79.057961, 43.106957],
            [-79.069091, 43.119956],
            [-79.0516497381565, 43.1326031571393],
            [-78.825049, 43.133096],
            [-78.822357, 43.051557],
            [-78.841745, 43.018863],
            [-78.890159, 43.021956],
            [-78.89626, 43.044156],
            [-78.945262, 43.066956],
            [-79.074467, 43.077855],
            [-79.075367, 43.081355]
          ]
        ]
      }
    },
    {
      "type": "Feature",
      "id": "36_03206",
      "properties": {
        "state_puma_id": "36_03206",
        "state_name": "New York",
        "state_fips": "36",
        "puma_name": "Nassau County (Central)--Hempstead Town (North Central)--Meadowbrook Corridor PUMA"
      },
      "geometry": {
        "type": "Polygon",
        "coordinates": [
          [
            [-73.643203, 40.712777],
            [-73.608705, 40.721127],
            [-73.617101, 40.743004],
            [-73.582961, 40.736822],
            [-73.564632, 40.647687],
            [-73.573074, 40.623998],
            [-73.60157, 40.64533],
            [-73.59684, 40.686293],
            [-73.632643, 40.690607],
            [-73.643173, 40.712701],
            [-73.643203, 40.712777]
          ]
        ]
      }
    },
    {
      "type": "Feature",
      "id": "36_04107",
      "properties": {
        "state_puma_id": "36_04107",
        "state_name": "New York",
        "state_fips": "36",
        "puma_name": "NYC-Manhattan Community District 7--Upper West Side PUMA"
      },
      "geometry": {
        "type": "Polygon",
        "coordinates": [
          [
            [-73.998651819796, 40.7786300356862],
            [-73.9772506594803, 40.8080821573135],
            [-73.950158, 40.795588],
            [-73.973015, 40.764279],
            [-74.0004505769366, 40.7761545991538],
            [-73.998651819796, 40.7786300356862]
          ]
        ]
      }
    },
    {
      "type": "Feature",
      "id": "36_04315",
      "properties": {
        "state_puma_id": "36_04315",
        "state_name": "New York",
        "state_fips": "36",
        "puma_name": "NYC-Brooklyn Community District 15--Sheepshead Bay & Gravesend (East) PUMA"
      },
      "geometry": {
        "type": "Polygon",
        "coordinates": [
          [
            [-73.979955, 40.594074],
            [-73.944827, 40.616046],
            [-73.917709, 40.586269],
            [-73.931968, 40.57577],
            [-73.980711, 40.593997],
            [-73.979955, 40.594074]
          ]
        ]
      }
    },
    {
      "type": "Feature",
      "id": "36_04310",
      "properties": {
        "state_puma_id": "36_04310",
        "state_name": "New York",
        "state_fips": "36",
        "puma_name": "NYC-Brooklyn Community District 10--Bay Ridge & Dyker Heights PUMA"
      },
      "geometry": {
        "type": "Polygon",
        "coordinates": [
          [
            [-74.041712, 40.626379],
            [-74.0329678613999, 40.6439865447956],
            [-73.997241, 40.625289],
            [-74.0191352237537, 40.6028523682973],
            [-74.0416815445561, 40.6261478910369],
            [-74.041712, 40.626379]
          ]
        ]
      }
    },
    {
      "type": "Feature",
      "id": "36_03304",
      "properties": {
        "state_puma_id": "36_03304",
        "state_name": "New York",
        "state_fips": "36",
        "puma_name": "Suffolk County (North Central)--Brookhaven Town (North) PUMA"
      },
      "geometry": {
        "type": "Polygon",
        "coordinates": [
          [
            [-73.158129, 40.967517],
            [-73.118434, 40.977294],
            [-73.043765, 40.962114],
            [-72.8637370325413, 40.964862614328],
            [-72.842526, 40.910914],
            [-72.917738, 40.887256],
            [-72.915071, 40.906953],
            [-72.97444, 40.904087],
            [-73.035062, 40.931635],
            [-73.131654, 40.868999],
            [-73.152082, 40.917906],
            [-73.144673, 40.955842],
            [-73.158757, 40.966399],
            [-73.158129, 40.967517]
          ]
        ]
      }
    },
    {
      "type": "Feature",
      "id": "36_04402",
      "properties": {
        "state_puma_id": "36_04402",
        "state_name": "New York",
        "state_fips": "36",
        "puma_name": "NYC-Queens Community District 2--Long Island City, Sunnyside, & Woodside PUMA"
      },
      "geometry": {
        "type": "Polygon",
        "coordinates": [
          [
            [-73.96262, 40.739033],
            [-73.95084, 40.755219],
            [-73.898738, 40.754154],
            [-73.887253, 40.738836],
            [-73.918364, 40.725931],
            [-73.962478, 40.736802],
            [-73.96262, 40.739033]
          ]
        ]
      }
    },
    {
      "type": "Feature",
      "id": "36_04409",
      "properties": {
        "state_puma_id": "36_04409",
        "state_name": "New York",
        "state_fips": "36",
        "puma_name": "NYC-Queens Community District 9--Kew Gardens, Richmond Hill, & Woodhaven PUMA"
      },
      "geometry": {
        "type": "Polygon",
        "coordinates": [
          [
            [-73.869314, 40.699355],
            [-73.825705, 40.716063],
            [-73.810749, 40.691917],
            [-73.863349, 40.679352],
            [-73.870708, 40.697697],
            [-73.869314, 40.699355]
          ]
        ]
      }
    },
    {
      "type": "Feature",
      "id": "36_02201",
      "properties": {
        "state_puma_id": "36_02201",
        "state_name": "New York",
        "state_fips": "36",
        "puma_name": "Broome County (West Central)--Greater Binghamton City & Greater Johnson City Village PUMA"
      },
      "geometry": {
        "type": "Polygon",
        "coordinates": [
          [
            [-76.111534, 42.10117],
            [-76.104583, 42.114439],
            [-76.066973, 42.110047],
            [-76.059887, 42.144761],
            [-76.028582, 42.148736],
            [-76.014022, 42.14645],
            [-76.019896, 42.134376],
            [-75.984111, 42.130615],
            [-75.973136, 42.146355],
            [-75.877639, 42.144175],
            [-75.875857, 42.115682],
            [-75.858736, 42.11676],
            [-75.857023, 42.1035],
            [-75.902067, 42.086557],
            [-75.901379, 42.073769],
            [-75.944672, 42.083816],
            [-75.999697, 42.055863],
            [-76.030406, 42.052502],
            [-76.042415, 42.065995],
            [-76.106033, 42.043683],
            [-76.110935, 42.095331],
            [-76.111534, 42.10117]
          ]
        ]
      }
    },
    {
      "type": "Feature",
      "id": "36_01202",
      "properties": {
        "state_puma_id": "36_01202",
        "state_name": "New York",
        "state_fips": "36",
        "puma_name": "Erie County (North Central) PUMA"
      },
      "geometry": {
        "type": "Polygon",
        "coordinates": [
          [
            [-78.832332, 43.048007],
            [-78.696906, 43.086337],
            [-78.697028, 42.950775],
            [-78.82384, 42.958126],
            [-78.831385, 43.045358],
            [-78.832332, 43.048007]
          ]
        ]
      }
    },
    {
      "type": "Feature",
      "id": "36_03308",
      "properties": {
        "state_puma_id": "36_03308",
        "state_name": "New York",
        "state_fips": "36",
        "puma_name": "Suffolk County (Central)--Brookhaven Town (West Central) PUMA"
      },
      "geometry": {
        "type": "Polygon",
        "coordinates": [
          [
            [-73.131654, 40.868999],
            [-73.028664, 40.925461],
            [-73.039006, 40.918973],
            [-73.026704, 40.859974],
            [-73.042438, 40.85187],
            [-73.020187, 40.823579],
            [-73.120021, 40.806921],
            [-73.131616, 40.868828],
            [-73.131654, 40.868999]
          ]
        ]
      }
    },
    {
      "type": "Feature",
      "id": "36_01600",
      "properties": {
        "state_puma_id": "36_01600",
        "state_name": "New York",
        "state_fips": "36",
        "puma_name": "Fulton & Montgomery Counties PUMA"
      },
      "geometry": {
        "type": "Polygon",
        "coordinates": [
          [
            [-74.774233, 43.082269],
            [-74.769198, 43.114089],
            [-74.728444, 43.125168],
            [-74.734997, 43.143436],
            [-74.708088, 43.149671],
            [-74.71759, 43.165289],
            [-74.696333, 43.173515],
            [-74.713005, 43.289003],
            [-74.534657, 43.228115],
            [-74.326378, 43.241635],
            [-74.322375, 43.214684],
            [-74.220902, 43.221403],
            [-74.224215, 43.248165],
            [-74.140147, 43.253979],
            [-74.083883, 42.897354],
            [-74.289446, 42.783805],
            [-74.454911, 42.772979],
            [-74.763303, 42.863237],
            [-74.740237, 43.014483],
            [-74.774199, 43.078472],
            [-74.774233, 43.082269]
          ]
        ]
      }
    },
    {
      "type": "Feature",
      "id": "36_00701",
      "properties": {
        "state_puma_id": "36_00701",
        "state_name": "New York",
        "state_fips": "36",
        "puma_name": "Onondaga County (Central)--Syracuse City PUMA"
      },
      "geometry": {
        "type": "Polygon",
        "coordinates": [
          [
            [-76.203593, 43.026732],
            [-76.187626, 43.032384],
            [-76.200378, 43.063675],
            [-76.162455, 43.086102],
            [-76.102573, 43.076397],
            [-76.074256, 43.036534],
            [-76.107936, 43.032773],
            [-76.135358, 42.984792],
            [-76.163675, 42.984166],
            [-76.161223, 43.010626],
            [-76.203346, 43.022605],
            [-76.203593, 43.026732]
          ]
        ]
      }
    },
    {
      "type": "Feature",
      "id": "36_03114",
      "properties": {
        "state_puma_id": "36_03114",
        "state_name": "New York",
        "state_fips": "36",
        "puma_name": "Westchester County (South Central West)--New Rochelle City PUMA"
      },
      "geometry": {
        "type": "MultiPolygon",
        "coordinates": [
          [
            [
              [-73.772371, 40.884793],
              [-73.771462, 40.887452],
              [-73.770373, 40.887804],
              [-73.7672555901763, 40.8861315657864],
              [-73.76707, 40.886032],
              [-73.7671347396069, 40.8858403122672],
              [-73.768221, 40.882624],
              [-73.767715, 40.881038],
              [-73.769903, 40.880021],
              [-73.774013, 40.882641],
              [-73.772371, 40.884793]
            ]
          ],
          [
            [
              [-73.806917, 40.935713],
              [-73.786399, 40.987451],
              [-73.771841, 40.955861],
              [-73.744517, 40.98106],
              [-73.713687, 40.945998],
              [-73.783911, 40.881683],
              [-73.806757, 40.934659],
              [-73.806917, 40.935713]
            ]
          ]
        ]
      }
    },
    {
      "type": "Feature",
      "id": "36_04212",
      "properties": {
        "state_puma_id": "36_04212",
        "state_name": "New York",
        "state_fips": "36",
        "puma_name": "NYC-Bronx Community District 12--Wakefield, Williamsbridge, & Eastchester PUMA"
      },
      "geometry": {
        "type": "Polygon",
        "coordinates": [
          [
            [-73.880008, 40.895244],
            [-73.851123, 40.910009],
            [-73.794107, 40.883631],
            [-73.826612, 40.884649],
            [-73.829594, 40.862173],
            [-73.870537, 40.869674],
            [-73.880403, 40.892997],
            [-73.880008, 40.895244]
          ]
        ]
      }
    },
    {
      "type": "Feature",
      "id": "36_02805",
      "properties": {
        "state_puma_id": "36_02805",
        "state_name": "New York",
        "state_fips": "36",
        "puma_name": "Putnam County & Southern Dutchess County PUMA"
      },
      "geometry": {
        "type": "Polygon",
        "coordinates": [
          [
            [-73.981384, 41.324693],
            [-73.947355, 41.395254],
            [-73.981486, 41.438905],
            [-73.933775, 41.488279],
            [-73.859995, 41.495741],
            [-73.842676, 41.550273],
            [-73.852598, 41.592336],
            [-73.81247, 41.633808],
            [-73.76518, 41.626384],
            [-73.679817, 41.522343],
            [-73.663525, 41.589291],
            [-73.628228, 41.608322],
            [-73.5210383249554, 41.619828966949],
            [-73.5447070189854, 41.3665399980477],
            [-73.982532, 41.321824],
            [-73.981384, 41.324693]
          ]
        ]
      }
    },
    {
      "type": "Feature",
      "id": "36_03003",
      "properties": {
        "state_puma_id": "36_03003",
        "state_name": "New York",
        "state_fips": "36",
        "puma_name": "Rockland County (West)--Spring Valley, Suffern Villages & Monsey PUMA"
      },
      "geometry": {
        "type": "Polygon",
        "coordinates": [
          [
            [-74.227305, 41.14804],
            [-74.161789, 41.195794],
            [-74.018524, 41.188554],
            [-74.038278, 41.098221],
            [-74.089764, 41.111137],
            [-74.089377, 41.149868],
            [-74.119494, 41.138406],
            [-74.1294219671357, 41.0982667684772],
            [-74.2341633829452, 41.1430920081385],
            [-74.227305, 41.14804]
          ]
        ]
      }
    },
    {
      "type": "Feature",
      "id": "36_04104",
      "properties": {
        "state_puma_id": "36_04104",
        "state_name": "New York",
        "state_fips": "36",
        "puma_name": "NYC-Manhattan Community District 4--Chelsea & Hell's Kitchen PUMA"
      },
      "geometry": {
        "type": "Polygon",
        "coordinates": [
          [
            [-74.0160135339463, 40.7493960784053],
            [-74.0004505769366, 40.7761545991538],
            [-73.98238, 40.7674],
            [-73.99684, 40.737361],
            [-74.0172828934725, 40.7441799784587],
            [-74.0160135339463, 40.7493960784053]
          ]
        ]
      }
    },
    {
      "type": "Feature",
      "id": "36_03311",
      "properties": {
        "state_puma_id": "36_03311",
        "state_name": "New York",
        "state_fips": "36",
        "puma_name": "Suffolk County (Southwest)--Islip Town (South) PUMA"
      },
      "geometry": {
        "type": "Polygon",
        "coordinates": [
          [
            [-73.318399, 40.693875],
            [-73.306479, 40.741467],
            [-73.21022, 40.762713],
            [-73.144439, 40.748426],
            [-73.127237, 40.721618],
            [-73.146943, 40.704512],
            [-73.1452311601653, 40.6454230429862],
            [-73.23914, 40.6251],
            [-73.2644769768046, 40.62190371027],
            [-73.266561, 40.6595],
            [-73.317634, 40.691106],
            [-73.318399, 40.693875]
          ]
        ]
      }
    },
    {
      "type": "Feature",
      "id": "36_03210",
      "properties": {
        "state_puma_id": "36_03210",
        "state_name": "New York",
        "state_fips": "36",
        "puma_name": "Nassau County (South Central)--Hempstead Town (Southeast) PUMA"
      },
      "geometry": {
        "type": "Polygon",
        "coordinates": [
          [
            [-73.704172, 40.614642],
            [-73.661943, 40.623054],
            [-73.658684, 40.66242],
            [-73.632643, 40.690607],
            [-73.59684, 40.686293],
            [-73.602145, 40.64706],
            [-73.577258, 40.623373],
            [-73.549104, 40.636909],
            [-73.519132, 40.628482],
            [-73.484647, 40.64878],
            [-73.484915, 40.597394],
            [-73.571791, 40.578257],
            [-73.684694, 40.592331],
            [-73.703433, 40.613978],
            [-73.704172, 40.614642]
          ]
        ]
      }
    },
    {
      "type": "Feature",
      "id": "36_00903",
      "properties": {
        "state_puma_id": "36_00903",
        "state_name": "New York",
        "state_fips": "36",
        "puma_name": "Monroe County (Central)--Rochester City (West) PUMA"
      },
      "geometry": {
        "type": "Polygon",
        "coordinates": [
          [
            [-77.701499, 43.188379],
            [-77.647221, 43.203814],
            [-77.615513, 43.256039],
            [-77.6222948878788, 43.2679990787623],
            [-77.6036728529699, 43.2577790470773],
            [-77.628201, 43.175009],
            [-77.595748, 43.157964],
            [-77.615126, 43.142092],
            [-77.596771, 43.130601],
            [-77.612516, 43.109487],
            [-77.634601, 43.117706],
            [-77.662746, 43.103307],
            [-77.645433, 43.123242],
            [-77.700477, 43.099574],
            [-77.658303, 43.130884],
            [-77.682864, 43.173589],
            [-77.661032, 43.179753],
            [-77.665402, 43.193931],
            [-77.701507, 43.187576],
            [-77.701499, 43.188379]
          ]
        ]
      }
    },
    {
      "type": "Feature",
      "id": "36_04221",
      "properties": {
        "state_puma_id": "36_04221",
        "state_name": "New York",
        "state_fips": "36",
        "puma_name": "NYC-Bronx Community Districts 1 & 2--Melrose, Mott Haven, Longwood, & Hunts Point PUMA"
      },
      "geometry": {
        "type": "Polygon",
        "coordinates": [
          [
            [-73.932605, 40.811517],
            [-73.886092, 40.827695],
            [-73.862965, 40.79767],
            [-73.878307, 40.785357],
            [-73.932477, 40.808864],
            [-73.932605, 40.811517]
          ]
        ]
      }
    },
    {
      "type": "Feature",
      "id": "36_03002",
      "properties": {
        "state_puma_id": "36_03002",
        "state_name": "New York",
        "state_fips": "36",
        "puma_name": "Rockland County (South)--Orangetown, Clarkstown (South) & Ramapo (Southeast) Towns PUMA"
      },
      "geometry": {
        "type": "Polygon",
        "coordinates": [
          [
            [-74.135029, 41.112288],
            [-74.098272, 41.150532],
            [-74.082587, 41.144419],
            [-74.089764, 41.111137],
            [-74.046737, 41.096741],
            [-74.041646, 41.117277],
            [-74.005893, 41.107421],
            [-73.952507, 41.127403],
            [-73.951055, 41.110133],
            [-73.928555, 41.109015],
            [-73.908824, 41.135318],
            [-73.887397, 41.136861],
            [-73.90268, 40.997297],
            [-74.1294219671357, 41.0982667684772],
            [-74.133238, 41.112254],
            [-74.135029, 41.112288]
          ]
        ]
      }
    },
    {
      "type": "Feature",
      "id": "36_04411",
      "properties": {
        "state_puma_id": "36_04411",
        "state_name": "New York",
        "state_fips": "36",
        "puma_name": "NYC-Queens Community District 11--Auburndale, Bayside, & Douglaston PUMA"
      },
      "geometry": {
        "type": "Polygon",
        "coordinates": [
          [
            [-73.796049, 40.75005],
            [-73.795657, 40.773031],
            [-73.768642, 40.779087],
            [-73.756221, 40.766364],
            [-73.750295, 40.782478],
            [-73.713325, 40.75973],
            [-73.752637, 40.727988],
            [-73.797295, 40.749435],
            [-73.796049, 40.75005]
          ]
        ]
      }
    },
    {
      "type": "Feature",
      "id": "36_03209",
      "properties": {
        "state_puma_id": "36_03209",
        "state_name": "New York",
        "state_fips": "36",
        "puma_name": "Nassau County (Central)--Hempstead Town (East Central) PUMA"
      },
      "geometry": {
        "type": "Polygon",
        "coordinates": [
          [
            [-73.575427, 40.638623],
            [-73.564632, 40.647687],
            [-73.575946, 40.694497],
            [-73.53188, 40.706379],
            [-73.526148, 40.691816],
            [-73.48209, 40.691287],
            [-73.486988, 40.646259],
            [-73.519132, 40.628482],
            [-73.549104, 40.636909],
            [-73.572979, 40.625024],
            [-73.576914, 40.638566],
            [-73.575427, 40.638623]
          ]
        ]
      }
    },
    {
      "type": "Feature",
      "id": "36_04208",
      "properties": {
        "state_puma_id": "36_04208",
        "state_name": "New York",
        "state_fips": "36",
        "puma_name": "NYC-Bronx Community District 8--Riverdale, Kingsbridge, & Marble Hill PUMA"
      },
      "geometry": {
        "type": "Polygon",
        "coordinates": [
          [
            [-73.9325634797383, 40.884204169247],
            [-73.918317529127, 40.9177052097217],
            [-73.868042, 40.902642],
            [-73.896561, 40.868565],
            [-73.9337868955222, 40.882206616177],
            [-73.9325634797383, 40.884204169247]
          ]
        ]
      }
    },
    {
      "type": "Feature",
      "id": "36_03112",
      "properties": {
        "state_puma_id": "36_03112",
        "state_name": "New York",
        "state_fips": "36",
        "puma_name": "Westchester County (Southwest)--Yonkers City PUMA"
      },
      "geometry": {
        "type": "Polygon",
        "coordinates": [
          [
            [-73.9176096254119, 40.9194912478847],
            [-73.8987288443335, 40.9748224749793],
            [-73.810423, 40.988343],
            [-73.812992, 40.977167],
            [-73.859393, 40.900381],
            [-73.918317529127, 40.9177052097217],
            [-73.9176096254119, 40.9194912478847]
          ]
        ]
      }
    },
    {
      "type": "Feature",
      "id": "36_04405",
      "properties": {
        "state_puma_id": "36_04405",
        "state_name": "New York",
        "state_fips": "36",
        "puma_name": "NYC-Queens Community District 5--Ridgewood, Maspeth, & Middle Village PUMA"
      },
      "geometry": {
        "type": "Polygon",
        "coordinates": [
          [
            [-73.928307, 40.72834],
            [-73.875237, 40.730724],
            [-73.852151, 40.702251],
            [-73.896518, 40.682397],
            [-73.929058, 40.727688],
            [-73.928307, 40.72834]
          ]
        ]
      }
    },
    {
      "type": "Feature",
      "id": "36_03211",
      "properties": {
        "state_puma_id": "36_03211",
        "state_name": "New York",
        "state_fips": "36",
        "puma_name": "Nassau County (West Central)--Hempstead Town (West Central) PUMA"
      },
      "geometry": {
        "type": "Polygon",
        "coordinates": [
          [
            [-73.728272, 40.66644],
            [-73.726503, 40.696886],
            [-73.667596, 40.682982],
            [-73.643203, 40.712777],
            [-73.6318, 40.693554],
            [-73.65574, 40.653054],
            [-73.679355, 40.643157],
            [-73.721696, 40.644824],
            [-73.709911, 40.661042],
            [-73.728224, 40.665965],
            [-73.728272, 40.66644]
          ]
        ]
      }
    },
    {
      "type": "Feature",
      "id": "36_00904",
      "properties": {
        "state_puma_id": "36_00904",
        "state_name": "New York",
        "state_fips": "36",
        "puma_name": "Monroe County (Central)--Greece & Gates Towns PUMA"
      },
      "geometry": {
        "type": "Polygon",
        "coordinates": [
          [
            [-77.754327, 43.139342],
            [-77.7484476069107, 43.3350386384836],
            [-77.615847, 43.260688],
            [-77.647221, 43.203814],
            [-77.701499, 43.188379],
            [-77.665402, 43.193931],
            [-77.661032, 43.179753],
            [-77.682864, 43.173589],
            [-77.658303, 43.130884],
            [-77.754246, 43.125462],
            [-77.754217, 43.138694],
            [-77.754327, 43.139342]
          ]
        ]
      }
    },
    {
      "type": "Feature",
      "id": "36_03303",
      "properties": {
        "state_puma_id": "36_03303",
        "state_name": "New York",
        "state_fips": "36",
        "puma_name": "Suffolk County (Northwest)--Smithtown Town PUMA"
      },
      "geometry": {
        "type": "Polygon",
        "coordinates": [
          [
            [-73.299166, 40.91818],
            [-73.228384, 40.905961],
            [-73.1483096491833, 40.9285822061679],
            [-73.121412, 40.832545],
            [-73.294652, 40.803983],
            [-73.286448, 40.880126],
            [-73.300982, 40.912508],
            [-73.299166, 40.91818]
          ]
        ]
      }
    },
    {
      "type": "Feature",
      "id": "36_03212",
      "properties": {
        "state_puma_id": "36_03212",
        "state_name": "New York",
        "state_fips": "36",
        "puma_name": "Nassau County (Southwest)--Hempstead Town (Southwest) & Long Beach City PUMA"
      },
      "geometry": {
        "type": "Polygon",
        "coordinates": [
          [
            [-73.768761, 40.624352],
            [-73.73996, 40.635144],
            [-73.727763, 40.663985],
            [-73.709911, 40.661042],
            [-73.721696, 40.644824],
            [-73.65574, 40.653054],
            [-73.661943, 40.623054],
            [-73.704172, 40.614642],
            [-73.684694, 40.592331],
            [-73.637571, 40.595839],
            [-73.640902, 40.582823],
            [-73.754332, 40.584542],
            [-73.738358, 40.60266],
            [-73.768553, 40.623155],
            [-73.768761, 40.624352]
          ]
        ]
      }
    },
    {
      "type": "Feature",
      "id": "36_02001",
      "properties": {
        "state_puma_id": "36_02001",
        "state_name": "New York",
        "state_fips": "36",
        "puma_name": "Albany County (East Central)--Albany City PUMA"
      },
      "geometry": {
        "type": "Polygon",
        "coordinates": [
          [
            [-73.89421, 42.709772],
            [-73.869871, 42.722379],
            [-73.812687, 42.690502],
            [-73.832925, 42.702078],
            [-73.811253, 42.715616],
            [-73.765303, 42.676379],
            [-73.723263, 42.672879],
            [-73.759739, 42.61379],
            [-73.816128, 42.644553],
            [-73.845413, 42.642522],
            [-73.82182, 42.658891],
            [-73.821271, 42.683277],
            [-73.898099, 42.707427],
            [-73.89421, 42.709772]
          ]
        ]
      }
    },
    {
      "type": "Feature",
      "id": "36_04317",
      "properties": {
        "state_puma_id": "36_04317",
        "state_name": "New York",
        "state_fips": "36",
        "puma_name": "NYC-Brooklyn Community District 17--East Flatbush PUMA"
      },
      "geometry": {
        "type": "Polygon",
        "coordinates": [
          [
            [-73.958707, 40.650387],
            [-73.92638, 40.665515],
            [-73.908558, 40.652096],
            [-73.937013, 40.632304],
            [-73.95815, 40.647768],
            [-73.958707, 40.650387]
          ]
        ]
      }
    },
    {
      "type": "Feature",
      "id": "36_04263",
      "properties": {
        "state_puma_id": "36_04263",
        "state_name": "New York",
        "state_fips": "36",
        "puma_name": "NYC-Bronx Community Districts 3 & 6--Morrisania, Tremont, Belmont, & West Farms PUMA"
      },
      "geometry": {
        "type": "Polygon",
        "coordinates": [
          [
            [-73.916088, 40.824838],
            [-73.870944, 40.878511],
            [-73.868019, 40.844841],
            [-73.884411, 40.82297],
            [-73.916773, 40.824387],
            [-73.916088, 40.824838]
          ]
        ]
      }
    },
    {
      "type": "Feature",
      "id": "36_04121",
      "properties": {
        "state_puma_id": "36_04121",
        "state_name": "New York",
        "state_fips": "36",
        "puma_name": "NYC-Manhattan Community Districts 1 & 2--Financial District & Greenwich Village PUMA"
      },
      "geometry": {
        "type": "MultiPolygon",
        "coordinates": [
          [
            [
              [-74.0054175790186, 40.6901568421252],
              [-74.0048835194936, 40.6909361394837],
              [-74.0044031676455, 40.6916370668312],
              [-74.0034518194388, 40.6930252700364],
              [-74.0024020737427, 40.6945570544344],
              [-74.0017706378558, 40.6954784429606],
              [-74.0010211025658, 40.696572161627],
              [-74.0007893442333, 40.6969103423875],
              [-74.0002894402924, 40.6976398000646],
              [-73.999232809395, 40.6991816313187],
              [-73.9986442072213, 40.700040517075],
              [-73.998459260799, 40.7003103900978],
              [-73.9975, 40.699653],
              [-73.998032, 40.698762],
              [-73.998847, 40.697141],
              [-73.99942, 40.696361],
              [-73.999461, 40.69628],
              [-73.999604, 40.696069],
              [-74.000277, 40.694959],
              [-74.000701, 40.694388],
              [-74.000959, 40.694069],
              [-74.001744, 40.692407],
              [-74.001969, 40.691843],
              [-74.000699, 40.690612],
              [-74.001963, 40.690136],
              [-74.002993, 40.690427],
              [-74.003409, 40.689613],
              [-74.004593, 40.688215],
              [-74.0064144965104, 40.6887021444156],
              [-74.0054175790186, 40.6901568421252]
            ]
          ],
          [
            [
              [-74.0230657739048, 40.7204139707265],
              [-74.0172828934725, 40.7441799784587],
              [-73.989903, 40.734435],
              [-73.994498, 40.704318],
              [-74.016308, 40.701712],
              [-74.023193, 40.719891],
              [-74.0230657739048, 40.7204139707265]
            ]
          ],
          [
            [
              [-74.026288, 40.686317],
              [-74.012132, 40.690679],
              [-74.026302, 40.684844],
              [-74.026288, 40.686317]
            ]
          ],
          [
            [
              [-74.039944, 40.70082],
              [-74.037615, 40.69921],
              [-74.038997, 40.697619],
              [-74.042196, 40.699966],
              [-74.039944, 40.70082]
            ]
          ],
          [
            [
              [-74.047083, 40.691062],
              [-74.04583, 40.691291],
              [-74.043577, 40.690305],
              [-74.043247, 40.689338],
              [-74.044451, 40.688445],
              [-74.045733, 40.688605],
              [-74.04741, 40.690232],
              [-74.047083, 40.691062]
            ]
          ]
        ]
      }
    },
    {
      "type": "Feature",
      "id": "36_04407",
      "properties": {
        "state_puma_id": "36_04407",
        "state_name": "New York",
        "state_fips": "36",
        "puma_name": "NYC-Queens Community District 7--Flushing, Murray Hill, & Whitestone PUMA"
      },
      "geometry": {
        "type": "Polygon",
        "coordinates": [
          [
            [-73.870809, 40.787897],
            [-73.817418, 40.80579],
            [-73.793879, 40.789013],
            [-73.775558, 40.795613],
            [-73.7676063995035, 40.7783887978543],
            [-73.795657, 40.773031],
            [-73.796302, 40.738333],
            [-73.830536, 40.73752],
            [-73.871631, 40.786798],
            [-73.870809, 40.787897]
          ]
        ]
      }
    },
    {
      "type": "Feature",
      "id": "36_04306",
      "properties": {
        "state_puma_id": "36_04306",
        "state_name": "New York",
        "state_fips": "36",
        "puma_name": "NYC-Brooklyn Community District 6--Park Slope & Carroll Gardens PUMA"
      },
      "geometry": {
        "type": "Polygon",
        "coordinates": [
          [
            [-74.0188666675375, 40.6715792194765],
            [-74.001744, 40.692407],
            [-73.960956, 40.663285],
            [-73.971397, 40.648258],
            [-74.018868, 40.671303],
            [-74.0188666675375, 40.6715792194765]
          ]
        ]
      }
    },
    {
      "type": "Feature",
      "id": "36_02600",
      "properties": {
        "state_puma_id": "36_02600",
        "state_name": "New York",
        "state_fips": "36",
        "puma_name": "Chautauqua County PUMA"
      },
      "geometry": {
        "type": "Polygon",
        "coordinates": [
          [
            [-79.762152, 42.243054],
            [-79.761951, 42.26986],
            [-79.453533, 42.411157],
            [-79.354483, 42.494071],
            [-79.331312, 42.488918],
            [-79.249667, 42.531744],
            [-79.151872, 42.552244],
            [-79.1368929076035, 42.5697987744532],
            [-79.108557, 42.570201],
            [-79.060777, 42.537853],
            [-79.061265, 41.999259],
            [-79.761374, 41.999067],
            [-79.7621431314725, 42.2414018683975],
            [-79.762152, 42.243054]
          ]
        ]
      }
    },
    {
      "type": "Feature",
      "id": "36_04408",
      "properties": {
        "state_puma_id": "36_04408",
        "state_name": "New York",
        "state_fips": "36",
        "puma_name": "NYC-Queens Community District 8--Fresh Meadows, Hillcrest, & Briarwood PUMA"
      },
      "geometry": {
        "type": "Polygon",
        "coordinates": [
          [
            [-73.837089, 40.741748],
            [-73.767756, 40.74583],
            [-73.754969, 40.72416],
            [-73.816477, 40.70245],
            [-73.836628, 40.739252],
            [-73.837089, 40.741748]
          ]
        ]
      }
    },
    {
      "type": "Feature",
      "id": "36_04501",
      "properties": {
        "state_puma_id": "36_04501",
        "state_name": "New York",
        "state_fips": "36",
        "puma_name": "NYC-Staten Island Community District 1--North Shore PUMA"
      },
      "geometry": {
        "type": "MultiPolygon",
        "coordinates": [
          [
            [
              [-74.161536, 40.644157],
              [-74.160925, 40.644952],
              [-74.158829, 40.644591],
              [-74.1580494082502, 40.6438148469031],
              [-74.157242, 40.643011],
              [-74.158905, 40.641369],
              [-74.161255, 40.64179],
              [-74.161536, 40.644157]
            ]
          ],
          [
            [
              [-74.1961907657163, 40.6352650814743],
              [-74.079042, 40.648171],
              [-74.063769, 40.602127],
              [-74.147209, 40.608259],
              [-74.192314, 40.633249],
              [-74.1961907657163, 40.6352650814743]
            ]
          ]
        ]
      }
    },
    {
      "type": "Feature",
      "id": "36_04414",
      "properties": {
        "state_puma_id": "36_04414",
        "state_name": "New York",
        "state_fips": "36",
        "puma_name": "NYC-Queens Community District 14--The Rockaways PUMA"
      },
      "geometry": {
        "type": "Polygon",
        "coordinates": [
          [
            [-73.940542, 40.54404],
            [-73.849852, 40.588669],
            [-73.833041, 40.628261],
            [-73.848338, 40.643521],
            [-73.825337, 40.644248],
            [-73.832705, 40.665406],
            [-73.79509, 40.66489],
            [-73.74943, 40.644925],
            [-73.766719, 40.615004],
            [-73.745492, 40.611805],
            [-73.737185, 40.592965],
            [-73.9405193213898, 40.5440373094679],
            [-73.940542, 40.54404]
          ]
        ]
      }
    },
    {
      "type": "Feature",
      "id": "36_01900",
      "properties": {
        "state_puma_id": "36_01900",
        "state_name": "New York",
        "state_fips": "36",
        "puma_name": "Rensselaer County--Troy City PUMA"
      },
      "geometry": {
        "type": "Polygon",
        "coordinates": [
          [
            [-73.786047, 42.483835],
            [-73.758313, 42.534215],
            [-73.761265, 42.610379],
            [-73.702921, 42.6993],
            [-73.658462, 42.809077],
            [-73.684535, 42.892837],
            [-73.650897, 42.938138],
            [-73.450593, 42.944581],
            [-73.430623, 42.95865],
            [-73.380235, 42.943739],
            [-73.274294, 42.943652],
            [-73.290944, 42.80192],
            [-73.276421, 42.746019],
            [-73.264957, 42.74594],
            [-73.352527, 42.510002],
            [-73.783721, 42.464231],
            [-73.786078, 42.475249],
            [-73.786047, 42.483835]
          ]
        ]
      }
    },
    {
      "type": "Feature",
      "id": "36_02804",
      "properties": {
        "state_puma_id": "36_02804",
        "state_name": "New York",
        "state_fips": "36",
        "puma_name": "Dutchess County (Southwest)--Fishkill & Wappinger town PUMA"
      },
      "geometry": {
        "type": "Polygon",
        "coordinates": [
          [
            [-73.999911, 41.459656],
            [-73.996536, 41.522649],
            [-73.954146, 41.583271],
            [-73.941081, 41.735993],
            [-73.852278, 41.735793],
            [-73.839951, 41.721233],
            [-73.877954, 41.679143],
            [-73.873594, 41.643413],
            [-73.809448, 41.629155],
            [-73.852598, 41.592336],
            [-73.842676, 41.550273],
            [-73.859995, 41.495741],
            [-73.933775, 41.488279],
            [-73.981486, 41.438905],
            [-74.000108, 41.456549],
            [-73.999911, 41.459656]
          ]
        ]
      }
    },
    {
      "type": "Feature",
      "id": "36_01204",
      "properties": {
        "state_puma_id": "36_01204",
        "state_name": "New York",
        "state_fips": "36",
        "puma_name": "Erie County (Central) PUMA"
      },
      "geometry": {
        "type": "Polygon",
        "coordinates": [
          [
            [-78.871932, 42.826183],
            [-78.796659, 42.838372],
            [-78.798255, 42.949257],
            [-78.696926, 42.949717],
            [-78.696915, 42.811166],
            [-78.8621462507742, 42.8053754102793],
            [-78.871805, 42.822679],
            [-78.871932, 42.826183]
          ]
        ]
      }
    },
    {
      "type": "Feature",
      "id": "36_03307",
      "properties": {
        "state_puma_id": "36_03307",
        "state_name": "New York",
        "state_fips": "36",
        "puma_name": "Suffolk County (Central)--Brookhaven Town (Central) PUMA"
      },
      "geometry": {
        "type": "Polygon",
        "coordinates": [
          [
            [-73.05409, 40.820251],
            [-73.020187, 40.823579],
            [-73.041034, 40.84293],
            [-73.026704, 40.859974],
            [-73.039006, 40.918973],
            [-72.986373, 40.907654],
            [-72.995834, 40.871067],
            [-72.958106, 40.875537],
            [-72.953863, 40.80979],
            [-72.966877, 40.784823],
            [-72.963289, 40.764023],
            [-72.951208, 40.764969],
            [-72.956048, 40.742796],
            [-73.022324, 40.749102],
            [-73.038052, 40.729618],
            [-73.053028, 40.812739],
            [-73.05409, 40.820251]
          ]
        ]
      }
    }
  ]
}
