{
  "type": "FeatureCollection",
  "features": [
    {
      "type": "Feature",
      "id": "12_11900",
      "properties": {
        "state_puma_id": "12_11900",
        "state_name": "Florida",
        "state_fips": "12",
        "puma_name": "Sumter County PUMA"
      },
      "geometry": {
        "type": "Polygon",
        "coordinates": [
          [
            [-82.311697, 28.960391],
            [-81.95419, 28.960053],
            [-81.957805, 28.308888],
            [-81.985781, 28.30532],
            [-82.007642, 28.323205],
            [-82.055819, 28.312794],
            [-82.054469, 28.521367],
            [-82.09498, 28.523618],
            [-82.156164, 28.57335],
            [-82.213724, 28.575363],
            [-82.274823, 28.656198],
            [-82.249207, 28.717393],
            [-82.184809, 28.761771],
            [-82.169141, 28.792954],
            [-82.183637, 28.823626],
            [-82.273585, 28.897216],
            [-82.311268, 28.958428],
            [-82.311697, 28.960391]
          ]
        ]
      }
    },
    {
      "type": "Feature",
      "id": "12_01500",
      "properties": {
        "state_puma_id": "12_01500",
        "state_name": "Florida",
        "state_fips": "12",
        "puma_name": "Charlotte County PUMA"
      },
      "geometry": {
        "type": "Polygon",
        "coordinates": [
          [
            [-82.3749868195969, 26.9456214736575],
            [-82.255521, 26.945264],
            [-82.255169, 27.03302],
            [-81.562531, 27.033687],
            [-81.565748, 26.769601],
            [-82.0598739239255, 26.7704052700131],
            [-82.051105, 26.864955],
            [-82.086661, 26.888538],
            [-82.097114, 26.914514],
            [-82.053802, 26.939799],
            [-82.117841, 26.965136],
            [-82.141428, 26.92393],
            [-82.1831, 26.935773],
            [-82.146259, 26.782893],
            [-82.205562, 26.770528],
            [-82.2720923576117, 26.7895176293629],
            [-82.371007, 26.938653],
            [-82.3749868195969, 26.9456214736575]
          ]
        ]
      }
    },
    {
      "type": "Feature",
      "id": "12_06901",
      "properties": {
        "state_puma_id": "12_06901",
        "state_name": "Florida",
        "state_fips": "12",
        "puma_name": "Lake County (Northeast) PUMA"
      },
      "geometry": {
        "type": "Polygon",
        "coordinates": [
          [
            [-81.761654, 28.960932],
            [-81.658698, 28.960345],
            [-81.659197, 29.04776],
            [-81.638696, 29.04776],
            [-81.641916, 29.276766],
            [-81.61234, 29.202943],
            [-81.560905, 29.20019],
            [-81.531465, 29.176919],
            [-81.502055, 29.097802],
            [-81.459158, 29.094224],
            [-81.455289, 29.063071],
            [-81.355898, 28.987047],
            [-81.370776, 28.957954],
            [-81.349723, 28.939641],
            [-81.357168, 28.887149],
            [-81.416846, 28.824569],
            [-81.414682, 28.785564],
            [-81.62464, 28.785932],
            [-81.655274, 28.805324],
            [-81.651121, 28.79305],
            [-81.707256, 28.787863],
            [-81.741359, 28.803185],
            [-81.741221, 28.913756],
            [-81.760607, 28.926203],
            [-81.761674, 28.952176],
            [-81.761654, 28.960932]
          ]
        ]
      }
    },
    {
      "type": "Feature",
      "id": "12_07302",
      "properties": {
        "state_puma_id": "12_07302",
        "state_name": "Florida",
        "state_fips": "12",
        "puma_name": "Leon County (Central)--Tallahassee City (Central) PUMA"
      },
      "geometry": {
        "type": "Polygon",
        "coordinates": [
          [
            [-84.363206, 30.479459],
            [-84.248036, 30.501722],
            [-84.22656, 30.454191],
            [-84.23848, 30.377684],
            [-84.297667, 30.376235],
            [-84.351855, 30.399091],
            [-84.363208, 30.476007],
            [-84.363206, 30.479459]
          ]
        ]
      }
    },
    {
      "type": "Feature",
      "id": "12_01106",
      "properties": {
        "state_puma_id": "12_01106",
        "state_name": "Florida",
        "state_fips": "12",
        "puma_name": "Broward County (West Central)--Plantation & Sunrise Cities PUMA"
      },
      "geometry": {
        "type": "Polygon",
        "coordinates": [
          [
            [-80.3667, 26.128278],
            [-80.299929, 26.187851],
            [-80.249945, 26.179026],
            [-80.226813, 26.137509],
            [-80.202629, 26.137593],
            [-80.20204, 26.088114],
            [-80.36611, 26.128148],
            [-80.3667, 26.128278]
          ]
        ]
      }
    },
    {
      "type": "Feature",
      "id": "12_03303",
      "properties": {
        "state_puma_id": "12_03303",
        "state_name": "Florida",
        "state_fips": "12",
        "puma_name": "Escambia County (Southwest) PUMA"
      },
      "geometry": {
        "type": "Polygon",
        "coordinates": [
          [
            [-87.51838, 30.283901],
            [-87.452378, 30.300201],
            [-87.450078, 30.3111],
            [-87.50278, 30.307301],
            [-87.504701, 30.324039],
            [-87.459978, 30.3363],
            [-87.429578, 30.406498],
            [-87.366591, 30.436648],
            [-87.425078, 30.465596],
            [-87.447702, 30.510458],
            [-87.412464599042, 30.5738787297872],
            [-87.313594, 30.521552],
            [-87.298569, 30.456628],
            [-87.262369, 30.442045],
            [-87.27604, 30.434206],
            [-87.278186, 30.387726],
            [-87.23972, 30.399074],
            [-87.220181, 30.375985],
            [-87.233284, 30.370331],
            [-87.231429, 30.343309],
            [-87.179021, 30.33593],
            [-86.918937, 30.386514],
            [-86.9188716905368, 30.3709250843817],
            [-87.155392, 30.327748],
            [-87.270896, 30.31675],
            [-87.3012, 30.33029],
            [-87.5183644030418, 30.2829356596958],
            [-87.51838, 30.283901]
          ]
        ]
      }
    },
    {
      "type": "Feature",
      "id": "12_05998",
      "properties": {
        "state_puma_id": "12_05998",
        "state_name": "Florida",
        "state_fips": "12",
        "puma_name": "Holmes, Walton, & Washington Counties PUMA"
      },
      "geometry": {
        "type": "Polygon",
        "coordinates": [
          [
            [-86.397205, 30.385581],
            [-86.3886460004315, 30.9941810207682],
            [-85.4979920209678, 30.9969323496585],
            [-85.530453, 30.97163],
            [-85.530294, 30.939315],
            [-85.575574, 30.898601],
            [-85.599934, 30.830552],
            [-85.482276, 30.829509],
            [-85.482718, 30.785892],
            [-85.432274, 30.785457],
            [-85.434782, 30.56756],
            [-85.486358, 30.567574],
            [-85.487968, 30.436655],
            [-85.8535, 30.440623],
            [-85.883984, 30.410253],
            [-85.964967, 30.410708],
            [-85.992736, 30.38932],
            [-85.9959271127585, 30.2691392913069],
            [-86.243526, 30.349675],
            [-86.3973611301775, 30.3786613877174],
            [-86.397205, 30.385581]
          ]
        ]
      }
    },
    {
      "type": "Feature",
      "id": "12_01700",
      "properties": {
        "state_puma_id": "12_01700",
        "state_name": "Florida",
        "state_fips": "12",
        "puma_name": "Citrus County PUMA"
      },
      "geometry": {
        "type": "MultiPolygon",
        "coordinates": [
          [
            [
              [-82.757334, 28.800728],
              [-82.723815, 28.790452],
              [-82.736707, 28.77371],
              [-82.756146, 28.799062],
              [-82.757334, 28.800728]
            ]
          ],
          [
            [
              [-82.758848, 28.993401],
              [-82.702833, 29.032821],
              [-82.612653, 29.009271],
              [-82.595224, 29.029874],
              [-82.535591, 29.044855],
              [-82.458911, 29.047651],
              [-82.418226, 29.01305],
              [-82.401637, 29.018996],
              [-82.315836, 28.973271],
              [-82.273585, 28.897216],
              [-82.183637, 28.823626],
              [-82.169141, 28.792954],
              [-82.188315, 28.776783],
              [-82.183361, 28.763503],
              [-82.249207, 28.717393],
              [-82.263052, 28.667634],
              [-82.417785, 28.665898],
              [-82.418353, 28.694859],
              [-82.6745857464645, 28.6940608503586],
              [-82.720838, 28.713698],
              [-82.690071, 28.736559],
              [-82.702545, 28.777431],
              [-82.691497, 28.792188],
              [-82.738695, 28.824796],
              [-82.727888, 28.871251],
              [-82.689775, 28.885495],
              [-82.696013, 28.930821],
              [-82.7594208602979, 28.992412212969],
              [-82.758848, 28.993401]
            ]
          ]
        ]
      }
    },
    {
      "type": "Feature",
      "id": "12_11103",
      "properties": {
        "state_puma_id": "12_11103",
        "state_name": "Florida",
        "state_fips": "12",
        "puma_name": "St. Lucie County (Southwest) PUMA"
      },
      "geometry": {
        "type": "Polygon",
        "coordinates": [
          [
            [-80.48137, 27.28612],
            [-80.38656, 27.37954],
            [-80.37358, 27.30122],
            [-80.33193, 27.205734],
            [-80.481413, 27.20637],
            [-80.48142, 27.27965],
            [-80.48137, 27.28612]
          ]
        ]
      }
    },
    {
      "type": "Feature",
      "id": "12_07301",
      "properties": {
        "state_puma_id": "12_07301",
        "state_name": "Florida",
        "state_fips": "12",
        "puma_name": "Leon County (Outer) PUMA"
      },
      "geometry": {
        "type": "Polygon",
        "coordinates": [
          [
            [-84.715144, 30.333077],
            [-84.626025, 30.408454],
            [-84.495307, 30.460298],
            [-84.460506, 30.455908],
            [-84.402926, 30.475769],
            [-84.378384, 30.573467],
            [-84.332107, 30.596494],
            [-84.300583, 30.640068],
            [-84.297497, 30.682522],
            [-84.007454, 30.6721003570368],
            [-84.007687, 30.609299],
            [-83.977165, 30.521987],
            [-84.041152, 30.521901],
            [-84.041488, 30.463308],
            [-84.074691, 30.434302],
            [-84.075539, 30.273617],
            [-84.241222, 30.274244],
            [-84.247673, 30.303493],
            [-84.713351, 30.30017],
            [-84.701017, 30.319035],
            [-84.715138, 30.33014],
            [-84.715144, 30.333077]
          ],
          [
            [-84.363208, 30.476007],
            [-84.351855, 30.399091],
            [-84.297667, 30.376235],
            [-84.23848, 30.377684],
            [-84.22656, 30.454191],
            [-84.248036, 30.501722],
            [-84.363206, 30.479459],
            [-84.363208, 30.476007]
          ]
        ]
      }
    },
    {
      "type": "Feature",
      "id": "12_08301",
      "properties": {
        "state_puma_id": "12_08301",
        "state_name": "Florida",
        "state_fips": "12",
        "puma_name": "Marion County (North) PUMA"
      },
      "geometry": {
        "type": "Polygon",
        "coordinates": [
          [
            [-82.535916, 29.126665],
            [-82.53486, 29.21468],
            [-82.403237, 29.215623],
            [-82.40662, 29.485048],
            [-82.211449, 29.484067],
            [-82.188116, 29.456911],
            [-82.212727, 29.465623],
            [-82.209725, 29.428232],
            [-82.148519, 29.417178],
            [-82.135466, 29.434667],
            [-82.101143, 29.438313],
            [-82.099886, 29.418664],
            [-82.080943, 29.440386],
            [-82.056747, 29.439951],
            [-82.055899, 29.471232],
            [-82.026295, 29.494739],
            [-81.844929, 29.521678],
            [-81.842779, 29.486533],
            [-81.776205, 29.487448],
            [-81.774905, 29.429249],
            [-81.74183, 29.42994],
            [-81.741422, 29.371049],
            [-81.668525, 29.371704],
            [-81.656413, 29.337825],
            [-81.680903, 29.32443],
            [-81.641916, 29.276766],
            [-81.638696, 29.04776],
            [-81.659197, 29.04776],
            [-81.658698, 28.960345],
            [-81.842194, 28.961024],
            [-81.836227, 28.991364],
            [-81.869994, 29.073798],
            [-81.898474, 29.078017],
            [-81.929447, 29.050071],
            [-81.971518, 29.07147],
            [-81.997264, 29.089802],
            [-81.996887, 29.121034],
            [-82.024723, 29.142826],
            [-82.0332, 29.174613],
            [-82.053671, 29.168154],
            [-82.053649, 29.222889],
            [-82.123866, 29.223076],
            [-82.119783, 29.23755],
            [-82.053711, 29.237791],
            [-82.074498, 29.258898],
            [-82.234965, 29.267132],
            [-82.238949, 29.208473],
            [-82.251599, 29.208371],
            [-82.252296, 29.084147],
            [-82.349612, 28.988672],
            [-82.401637, 29.018996],
            [-82.418226, 29.01305],
            [-82.458911, 29.047651],
            [-82.534922, 29.040866],
            [-82.535913, 29.126516],
            [-82.535916, 29.126665]
          ]
        ]
      }
    },
    {
      "type": "Feature",
      "id": "12_08621",
      "properties": {
        "state_puma_id": "12_08621",
        "state_name": "Florida",
        "state_fips": "12",
        "puma_name": "Miami-Dade County (Central)--The Hammocks (West), Richmond West (West) & Country Walk PUMA"
      },
      "geometry": {
        "type": "Polygon",
        "coordinates": [
          [
            [-80.512137, 25.608682],
            [-80.496591, 25.623913],
            [-80.498687, 25.682284],
            [-80.478351, 25.68862],
            [-80.424863, 25.685028],
            [-80.423849, 25.655876],
            [-80.416358, 25.670796],
            [-80.388651, 25.671717],
            [-80.374961, 25.597883],
            [-80.478466, 25.594289],
            [-80.479018, 25.60881],
            [-80.511065, 25.608702],
            [-80.512137, 25.608682]
          ]
        ]
      }
    },
    {
      "type": "Feature",
      "id": "12_11704",
      "properties": {
        "state_puma_id": "12_11704",
        "state_name": "Florida",
        "state_fips": "12",
        "puma_name": "Seminole County (East) PUMA"
      },
      "geometry": {
        "type": "Polygon",
        "coordinates": [
          [
            [-81.309459, 28.723327],
            [-81.257642, 28.759618],
            [-81.254787, 28.833233],
            [-81.225678, 28.832453],
            [-81.213717, 28.804212],
            [-81.180999, 28.79661],
            [-81.178936, 28.781886],
            [-81.136167, 28.792222],
            [-81.120502, 28.825677],
            [-81.091942, 28.824653],
            [-81.067413, 28.812989],
            [-81.053087, 28.773557],
            [-81.06111, 28.750001],
            [-81.016646, 28.693037],
            [-81.007099, 28.636326],
            [-80.986941, 28.618298],
            [-81.277834, 28.611209],
            [-81.266085, 28.620121],
            [-81.274823, 28.669786],
            [-81.253407, 28.712403],
            [-81.309187, 28.721707],
            [-81.309459, 28.723327]
          ]
        ]
      }
    },
    {
      "type": "Feature",
      "id": "12_05701",
      "properties": {
        "state_puma_id": "12_05701",
        "state_name": "Florida",
        "state_fips": "12",
        "puma_name": "Hillsborough County (Central)--Tampa City (Central) PUMA"
      },
      "geometry": {
        "type": "Polygon",
        "coordinates": [
          [
            [-82.48549, 28.015729],
            [-82.47964, 28.053317],
            [-82.397581, 28.054432],
            [-82.393464, 27.996234],
            [-82.416713, 27.98147],
            [-82.384506, 27.981527],
            [-82.401632, 27.968348],
            [-82.475285, 27.966782],
            [-82.484807, 28.012441],
            [-82.48549, 28.015729]
          ]
        ]
      }
    },
    {
      "type": "Feature",
      "id": "12_10503",
      "properties": {
        "state_puma_id": "12_10503",
        "state_name": "Florida",
        "state_fips": "12",
        "puma_name": "Polk County (Central) PUMA"
      },
      "geometry": {
        "type": "Polygon",
        "coordinates": [
          [
            [-82.055892, 27.982059],
            [-81.973227, 27.974877],
            [-81.983009, 27.996973],
            [-81.956964, 27.99664],
            [-81.923924, 27.980254],
            [-81.907959, 28.047947],
            [-81.813343, 28.05771],
            [-81.814563, 28.033105],
            [-81.781354, 28.033189],
            [-81.779382, 28.004931],
            [-81.738118, 27.994849],
            [-81.661006, 28.022402],
            [-81.66075, 27.977476],
            [-81.677124, 27.960295],
            [-81.668643, 27.923717],
            [-81.7945, 27.909248],
            [-81.800888, 27.945647],
            [-81.838602, 27.91108],
            [-81.857246, 27.912766],
            [-81.858722, 27.896681],
            [-81.973632, 27.893406],
            [-81.982461, 27.913996],
            [-82.012972, 27.890534],
            [-82.049189, 27.907064],
            [-82.030218, 27.923582],
            [-82.055262, 27.927253],
            [-82.055651, 27.974695],
            [-82.055892, 27.982059]
          ]
        ]
      }
    },
    {
      "type": "Feature",
      "id": "12_07102",
      "properties": {
        "state_puma_id": "12_07102",
        "state_name": "Florida",
        "state_fips": "12",
        "puma_name": "Lee County (North)--Cape Coral City (South) PUMA"
      },
      "geometry": {
        "type": "Polygon",
        "coordinates": [
          [
            [-82.00036, 26.534193],
            [-81.982464, 26.549159],
            [-81.995004, 26.643054],
            [-81.910538, 26.681785],
            [-81.888317, 26.652138],
            [-81.912531, 26.627844],
            [-81.903677, 26.597184],
            [-81.93941, 26.543554],
            [-82.0002588585337, 26.5331888675229],
            [-82.00036, 26.534193]
          ]
        ]
      }
    },
    {
      "type": "Feature",
      "id": "12_00902",
      "properties": {
        "state_puma_id": "12_00902",
        "state_name": "Florida",
        "state_fips": "12",
        "puma_name": "Brevard County (East)--Beaches & Merritt Island PUMA"
      },
      "geometry": {
        "type": "Polygon",
        "coordinates": [
          [
            [-80.842922, 28.791148],
            [-80.7329248249869, 28.7912445868159],
            [-80.57424, 28.585339],
            [-80.525094, 28.459454],
            [-80.58903, 28.407872],
            [-80.606823, 28.296404],
            [-80.563375, 28.086034],
            [-80.446973, 27.861954],
            [-80.478642, 27.854615],
            [-80.726376, 28.375883],
            [-80.840852, 28.78293],
            [-80.842922, 28.791148]
          ]
        ]
      }
    },
    {
      "type": "Feature",
      "id": "12_00500",
      "properties": {
        "state_puma_id": "12_00500",
        "state_name": "Florida",
        "state_fips": "12",
        "puma_name": "Bay County PUMA"
      },
      "geometry": {
        "type": "Polygon",
        "coordinates": [
          [
            [-85.995732, 30.274656],
            [-85.992736, 30.38932],
            [-85.964967, 30.410708],
            [-85.883984, 30.410253],
            [-85.8535, 30.440623],
            [-85.487968, 30.436655],
            [-85.486358, 30.567574],
            [-85.383948, 30.566856],
            [-85.388465, 29.926076],
            [-85.502321, 29.967845],
            [-85.595611, 30.050583],
            [-85.9959271127585, 30.2691392913069],
            [-85.995732, 30.274656]
          ]
        ]
      }
    },
    {
      "type": "Feature",
      "id": "12_10103",
      "properties": {
        "state_puma_id": "12_10103",
        "state_name": "Florida",
        "state_fips": "12",
        "puma_name": "Pasco County (Gulf Coast) PUMA"
      },
      "geometry": {
        "type": "MultiPolygon",
        "coordinates": [
          [
            [
              [-82.799145, 28.185282],
              [-82.770101, 28.207724],
              [-82.748379, 28.246816],
              [-82.75822, 28.254931],
              [-82.725366, 28.290135],
              [-82.731461, 28.325015],
              [-82.701294, 28.374821],
              [-82.706398, 28.403081],
              [-82.687174, 28.409972],
              [-82.697262, 28.4202],
              [-82.639965, 28.433842],
              [-82.693163, 28.364198],
              [-82.665957, 28.339817],
              [-82.68112, 28.321424],
              [-82.673093, 28.305775],
              [-82.707135, 28.280613],
              [-82.699135, 28.236235],
              [-82.682542, 28.236144],
              [-82.694241, 28.20742],
              [-82.683027, 28.196857],
              [-82.71734, 28.195248],
              [-82.720215, 28.17319],
              [-82.789777, 28.172283],
              [-82.7987451499573, 28.1844666506503],
              [-82.799145, 28.185282]
            ]
          ],
          [
            [
              [-82.8007235904649, 28.174991580989],
              [-82.800717, 28.175013],
              [-82.799476, 28.175418],
              [-82.798318, 28.174915],
              [-82.798433, 28.173887],
              [-82.800115, 28.173231],
              [-82.801029, 28.173999],
              [-82.8007235904649, 28.174991580989]
            ]
          ],
          [
            [
              [-82.804328, 28.177312],
              [-82.80352, 28.177909],
              [-82.801881, 28.177413],
              [-82.801632, 28.176547],
              [-82.802525, 28.175925],
              [-82.804278, 28.176409],
              [-82.8043020177086, 28.1768427598173],
              [-82.804328, 28.177312]
            ]
          ],
          [
            [
              [-82.806128, 28.174061],
              [-82.80524492014, 28.174480418691],
              [-82.80513, 28.174535],
              [-82.804164, 28.174098],
              [-82.804101, 28.173094],
              [-82.805048, 28.172574],
              [-82.8054159582061, 28.172744490899],
              [-82.806071, 28.173048],
              [-82.806128, 28.174061]
            ]
          ],
          [
            [
              [-82.8509621056592, 28.2117655524176],
              [-82.840446, 28.212004],
              [-82.8430268926063, 28.1717337038355],
              [-82.852432, 28.210173],
              [-82.8509621056592, 28.2117655524176]
            ]
          ]
        ]
      }
    },
    {
      "type": "Feature",
      "id": "12_09907",
      "properties": {
        "state_puma_id": "12_09907",
        "state_name": "Florida",
        "state_fips": "12",
        "puma_name": "Palm Beach County (Southeast)--Greater Delray Beach City PUMA"
      },
      "geometry": {
        "type": "Polygon",
        "coordinates": [
          [
            [-80.174629, 26.468747],
            [-80.172267, 26.49775],
            [-80.079199, 26.500331],
            [-80.0556288519168, 26.4758217451204],
            [-80.065546, 26.42055],
            [-80.171604, 26.424066],
            [-80.174671, 26.466868],
            [-80.174629, 26.468747]
          ]
        ]
      }
    },
    {
      "type": "Feature",
      "id": "12_01114",
      "properties": {
        "state_puma_id": "12_01114",
        "state_name": "Florida",
        "state_fips": "12",
        "puma_name": "Broward County (SSE)--Miramar (East), Hallandale Beach & West Park Cities PUMA"
      },
      "geometry": {
        "type": "Polygon",
        "coordinates": [
          [
            [-80.26298, 25.986974],
            [-80.121693, 25.997413],
            [-80.11724218387, 25.9869920165584],
            [-80.123874, 25.974484],
            [-80.262794, 25.981125],
            [-80.26298, 25.986974]
          ]
        ]
      }
    },
    {
      "type": "Feature",
      "id": "12_12704",
      "properties": {
        "state_puma_id": "12_12704",
        "state_name": "Florida",
        "state_fips": "12",
        "puma_name": "Volusia County (Southwest Central)--Deltona & Lake Helen Cities PUMA"
      },
      "geometry": {
        "type": "Polygon",
        "coordinates": [
          [
            [-81.317974, 28.836353],
            [-81.284456, 28.871784],
            [-81.239725, 29.008775],
            [-81.198768, 29.052263],
            [-81.21694, 29.062957],
            [-81.217302, 29.099888],
            [-81.090947, 29.164454],
            [-81.083042, 29.152381],
            [-81.082651, 29.168],
            [-81.032421, 29.11215],
            [-80.958968, 28.967936],
            [-80.899304, 28.790968],
            [-80.967895, 28.790197],
            [-80.964466, 28.612992],
            [-80.989885, 28.613926],
            [-81.007099, 28.636326],
            [-81.016646, 28.693037],
            [-81.06111, 28.750001],
            [-81.053087, 28.773557],
            [-81.076085, 28.819325],
            [-81.120502, 28.825677],
            [-81.136167, 28.792222],
            [-81.178936, 28.781886],
            [-81.180999, 28.79661],
            [-81.213717, 28.804212],
            [-81.225678, 28.832453],
            [-81.319796, 28.834532],
            [-81.317974, 28.836353]
          ]
        ]
      }
    },
    {
      "type": "Feature",
      "id": "12_03101",
      "properties": {
        "state_puma_id": "12_03101",
        "state_name": "Florida",
        "state_fips": "12",
        "puma_name": "Duval County (Outer)--Jacksonville City (North & West) PUMA"
      },
      "geometry": {
        "type": "Polygon",
        "coordinates": [
          [
            [-82.04932, 30.27343],
            [-81.794918, 30.505406],
            [-81.781624, 30.503336],
            [-81.763748, 30.534916],
            [-81.738424, 30.534572],
            [-81.721883, 30.571934],
            [-81.674128, 30.566243],
            [-81.663733, 30.550842],
            [-81.649898, 30.576624],
            [-81.605968, 30.585512],
            [-81.610212, 30.55438],
            [-81.584406, 30.565988],
            [-81.58541, 30.544206],
            [-81.550926, 30.543027],
            [-81.543018, 30.523889],
            [-81.514014, 30.567337],
            [-81.499575, 30.563793],
            [-81.413197, 30.482909],
            [-81.403678, 30.40477],
            [-81.450309, 30.38094],
            [-81.47081, 30.392039],
            [-81.556956, 30.385013],
            [-81.601224, 30.412473],
            [-81.626417, 30.386939],
            [-81.682692, 30.42018],
            [-81.73531, 30.421388],
            [-81.752607, 30.408284],
            [-81.732473, 30.373387],
            [-81.806917, 30.363773],
            [-81.806644, 30.331253],
            [-81.861375, 30.330488],
            [-81.764308, 30.189339],
            [-82.049411, 30.186933],
            [-82.04932, 30.27343]
          ]
        ]
      }
    },
    {
      "type": "Feature",
      "id": "12_05199",
      "properties": {
        "state_puma_id": "12_05199",
        "state_name": "Florida",
        "state_fips": "12",
        "puma_name": "Southeast Heartland--Hendry, Highlands (South & East), Glades, & Okeechobee Counties PUMA"
      },
      "geometry": {
        "type": "Polygon",
        "coordinates": [
          [
            [-81.566527, 26.713919],
            [-81.56313, 27.20965],
            [-81.148543, 27.209768],
            [-81.18952, 27.252497],
            [-81.182486, 27.267178],
            [-81.254977, 27.334043],
            [-81.318072, 27.296412],
            [-81.358475, 27.297162],
            [-81.385568, 27.336066],
            [-81.401599, 27.37334],
            [-81.368205, 27.400355],
            [-81.326679, 27.395978],
            [-81.322535, 27.430057],
            [-81.366984, 27.434412],
            [-81.330617, 27.443172],
            [-81.329679, 27.469585],
            [-81.368112, 27.447574],
            [-81.417037, 27.485727],
            [-81.322716, 27.478058],
            [-81.361298, 27.51703],
            [-81.362303, 27.546821],
            [-81.341235, 27.576486],
            [-81.365595, 27.61407],
            [-81.361576, 27.646492],
            [-80.778047, 27.643195],
            [-80.777166, 27.558733],
            [-80.679821, 27.55847],
            [-80.67772, 27.294065],
            [-80.677427, 27.121619],
            [-80.885639, 26.958919],
            [-80.87971, 26.259308],
            [-81.268236, 26.253069],
            [-81.271768, 26.517069],
            [-81.563763, 26.513331],
            [-81.566515, 26.709544],
            [-81.566527, 26.713919]
          ]
        ]
      }
    },
    {
      "type": "Feature",
      "id": "12_09702",
      "properties": {
        "state_puma_id": "12_09702",
        "state_name": "Florida",
        "state_fips": "12",
        "puma_name": "Osceola County (East) PUMA"
      },
      "geometry": {
        "type": "Polygon",
        "coordinates": [
          [
            [-81.460072, 28.050285],
            [-81.440136, 28.058255],
            [-81.378718, 28.011743],
            [-81.365009, 28.068222],
            [-81.346336, 28.069669],
            [-81.351536, 28.140316],
            [-81.398563, 28.201846],
            [-81.39033, 28.232971],
            [-81.339469, 28.232306],
            [-81.32974, 28.251886],
            [-81.349457, 28.291046],
            [-81.33446, 28.304209],
            [-81.284704, 28.293808],
            [-81.232159, 28.348151],
            [-80.862908, 28.347487],
            [-80.868881, 27.822522],
            [-80.881566, 27.822511],
            [-80.87315, 27.642288],
            [-81.142164, 27.643238],
            [-81.131044, 27.659307],
            [-81.145954, 27.710533],
            [-81.167068, 27.723121],
            [-81.208124, 27.821125],
            [-81.23334, 27.843701],
            [-81.302147, 27.862383],
            [-81.308696, 27.92188],
            [-81.345773, 27.935774],
            [-81.33665, 27.94958],
            [-81.386988, 28.003619],
            [-81.415603, 27.998172],
            [-81.459544, 28.049938],
            [-81.460072, 28.050285]
          ]
        ]
      }
    },
    {
      "type": "Feature",
      "id": "12_05300",
      "properties": {
        "state_puma_id": "12_05300",
        "state_name": "Florida",
        "state_fips": "12",
        "puma_name": "Hernando County PUMA"
      },
      "geometry": {
        "type": "Polygon",
        "coordinates": [
          [
            [-82.681222, 28.464239],
            [-82.666698, 28.475596],
            [-82.678187, 28.499332],
            [-82.644269, 28.584178],
            [-82.677711, 28.654831],
            [-82.655132, 28.680482],
            [-82.6745857464645, 28.6940608503586],
            [-82.418353, 28.694859],
            [-82.417785, 28.665898],
            [-82.263052, 28.667634],
            [-82.273605, 28.653797],
            [-82.256811, 28.64883],
            [-82.213724, 28.575363],
            [-82.156164, 28.57335],
            [-82.09498, 28.523618],
            [-82.054469, 28.521367],
            [-82.054694, 28.478397],
            [-82.253293, 28.478491],
            [-82.253439, 28.434824],
            [-82.6698903209957, 28.4335756565858],
            [-82.664633, 28.452047],
            [-82.680473, 28.460808],
            [-82.681222, 28.464239]
          ]
        ]
      }
    },
    {
      "type": "Feature",
      "id": "12_10799",
      "properties": {
        "state_puma_id": "12_10799",
        "state_name": "Florida",
        "state_fips": "12",
        "puma_name": "Putnam & St. Johns (South) Counties PUMA"
      },
      "geometry": {
        "type": "Polygon",
        "coordinates": [
          [
            [-82.056071, 29.656846],
            [-82.055625, 29.718232],
            [-81.939427, 29.747497],
            [-81.914233, 29.79115],
            [-81.861994, 29.800187],
            [-81.81243, 29.83649],
            [-81.581207, 29.840176],
            [-81.528261, 29.760777],
            [-81.560587, 29.845022],
            [-81.386076, 29.862293],
            [-81.354353, 29.887286],
            [-81.344118, 29.863734],
            [-81.361037, 29.847442],
            [-81.34663, 29.822327],
            [-81.302575, 29.832513],
            [-81.275492, 29.78447],
            [-81.2522285508932, 29.7722905180305],
            [-81.2128778426699, 29.6706669347027],
            [-81.24726, 29.659093],
            [-81.261018, 29.669076],
            [-81.307658, 29.64218],
            [-81.324345, 29.653478],
            [-81.324059, 29.62561],
            [-81.52366, 29.622432],
            [-81.520467, 29.496513],
            [-81.487194, 29.447151],
            [-81.478793, 29.399052],
            [-81.433992, 29.398552],
            [-81.440346, 29.385336],
            [-81.680903, 29.32443],
            [-81.656413, 29.337825],
            [-81.668525, 29.371704],
            [-81.741422, 29.371049],
            [-81.74183, 29.42994],
            [-81.774905, 29.429249],
            [-81.776205, 29.487448],
            [-81.842779, 29.486533],
            [-81.843009, 29.521004],
            [-82.004385, 29.501715],
            [-82.055899, 29.471232],
            [-82.056151, 29.645355],
            [-82.056071, 29.656846]
          ]
        ]
      }
    },
    {
      "type": "Feature",
      "id": "12_00798",
      "properties": {
        "state_puma_id": "12_00798",
        "state_name": "Florida",
        "state_fips": "12",
        "puma_name": "Bradford, Columbia, Dixie, Gilchrist, Levy, & Union Counties PUMA"
      },
      "geometry": {
        "type": "MultiPolygon",
        "coordinates": [
          [
            [
              [-83.034469, 29.125343],
              [-83.02386, 29.124034],
              [-83.034469, 29.121813],
              [-83.034469, 29.125343]
            ]
          ],
          [
            [
              [-83.034469, 29.099594],
              [-83.030666, 29.098971],
              [-83.025912, 29.096271],
              [-83.029477, 29.093779],
              [-83.03405, 29.095547],
              [-83.035325, 29.096307],
              [-83.034469, 29.099594]
            ]
          ],
          [
            [
              [-83.075959, 29.101632],
              [-83.062039, 29.09731],
              [-83.077251, 29.100217],
              [-83.075959, 29.101632]
            ]
          ],
          [
            [
              [-83.093413, 29.131779],
              [-83.082604, 29.128917],
              [-83.093922, 29.128523],
              [-83.093413, 29.131779]
            ]
          ],
          [
            [
              [-83.414774, 29.663559],
              [-83.363207, 29.668238],
              [-83.345676, 29.74349],
              [-83.319462, 29.778328],
              [-83.318859, 29.822623],
              [-82.895033, 29.825783],
              [-82.863266, 29.91105],
              [-82.831473, 29.912808],
              [-82.762206, 29.964377],
              [-82.760411, 29.986205],
              [-82.793975, 29.986202],
              [-82.794594, 30.337024],
              [-82.788503, 30.324013],
              [-82.763316, 30.330924],
              [-82.745411, 30.317369],
              [-82.723815, 30.33383],
              [-82.71643, 30.321242],
              [-82.684158, 30.337964],
              [-82.686949, 30.353336],
              [-82.647198, 30.394797],
              [-82.672895, 30.448571],
              [-82.662352, 30.450652],
              [-82.701802, 30.477713],
              [-82.696663, 30.489418],
              [-82.728622, 30.525707],
              [-82.714528, 30.531842],
              [-82.726583, 30.559486],
              [-82.69652, 30.596047],
              [-82.4597918101678, 30.5842868523055],
              [-82.458364, 30.136449],
              [-82.049425, 30.143136],
              [-82.049244, 29.71867],
              [-82.060331, 29.750443],
              [-82.088079, 29.760779],
              [-82.078887, 29.775103],
              [-82.117552, 29.790595],
              [-82.133126, 29.835949],
              [-82.241061, 29.852185],
              [-82.281837, 29.844448],
              [-82.336211, 29.878798],
              [-82.397647, 29.886156],
              [-82.412983, 29.922238],
              [-82.510972, 29.945207],
              [-82.578266, 29.915845],
              [-82.586485, 29.866702],
              [-82.619739, 29.859111],
              [-82.641377, 29.827423],
              [-82.658554, 29.830144],
              [-82.656331, 29.53562],
              [-82.55703, 29.537362],
              [-82.556766, 29.480055],
              [-82.40662, 29.485048],
              [-82.403237, 29.215623],
              [-82.53486, 29.21468],
              [-82.535591, 29.044855],
              [-82.595224, 29.029874],
              [-82.607473, 29.010443],
              [-82.702833, 29.032821],
              [-82.760551, 28.993087],
              [-82.761612, 29.051609],
              [-82.80487, 29.05431],
              [-82.783479, 29.069269],
              [-82.816925, 29.076215],
              [-82.823659, 29.098902],
              [-82.80178, 29.116622],
              [-82.813902, 29.162502],
              [-82.994776, 29.175162],
              [-83.016405, 29.13863],
              [-83.05316, 29.126747],
              [-83.087839, 29.21642],
              [-83.077265, 29.255331],
              [-83.169115, 29.289756],
              [-83.173613, 29.309902],
              [-83.156174, 29.324861],
              [-83.202508, 29.371293],
              [-83.218075, 29.420492],
              [-83.293718, 29.437019],
              [-83.31438, 29.47508],
              [-83.400252, 29.517242],
              [-83.411712, 29.657041],
              [-83.414774, 29.663559]
            ]
          ]
        ]
      }
    },
    {
      "type": "Feature",
      "id": "12_01398",
      "properties": {
        "state_puma_id": "12_01398",
        "state_name": "Florida",
        "state_fips": "12",
        "puma_name": "Calhoun, Franklin, Gadsden, Gulf, Jackson, Jefferson, Liberty, & Wakulla Counties PUMA"
      },
      "geometry": {
        "type": "MultiPolygon",
        "coordinates": [
          [
            [
              [-84.674683, 29.786234],
              [-84.624532, 29.7901],
              [-84.57248, 29.828459],
              [-84.582819, 29.805982],
              [-84.673919, 29.783212],
              [-84.674683, 29.786234]
            ]
          ],
          [
            [
              [-85.097168, 29.626242],
              [-85.027047, 29.596726],
              [-84.981498, 29.608642],
              [-84.867645, 29.670954],
              [-84.7905, 29.689521],
              [-84.798587, 29.702074],
              [-84.782212, 29.692606],
              [-84.692027, 29.764924],
              [-84.776954, 29.692191],
              [-84.956452, 29.613997],
              [-85.045074, 29.586991],
              [-85.097726, 29.624028],
              [-85.097168, 29.626242]
            ]
          ],
          [
            [
              [-85.222476, 29.679336],
              [-85.114268, 29.688658],
              [-85.074308, 29.673981],
              [-85.096764, 29.633057],
              [-85.120454, 29.630015],
              [-85.222456, 29.677804],
              [-85.222476, 29.679336]
            ]
          ],
          [
            [
              [-85.600062, 30.833783],
              [-85.575574, 30.898601],
              [-85.530294, 30.939315],
              [-85.530453, 30.97163],
              [-85.4979920209678, 30.9969323496585],
              [-85.0019, 31.000681],
              [-85.005931, 30.97704],
              [-84.980127, 30.961286],
              [-84.983127, 30.934786],
              [-84.9349, 30.884528],
              [-84.925665, 30.842685],
              [-84.937424, 30.820889],
              [-84.914322, 30.753591],
              [-84.864693, 30.711542],
              [-84.2825612156871, 30.6853214444398],
              [-84.303498, 30.677686],
              [-84.300583, 30.640068],
              [-84.332107, 30.596494],
              [-84.378384, 30.573467],
              [-84.402926, 30.475769],
              [-84.460506, 30.455908],
              [-84.495307, 30.460298],
              [-84.626025, 30.408454],
              [-84.715144, 30.333077],
              [-84.701017, 30.319035],
              [-84.713351, 30.30017],
              [-84.247673, 30.303493],
              [-84.241222, 30.274244],
              [-84.075539, 30.273617],
              [-84.074691, 30.434302],
              [-84.041488, 30.463308],
              [-84.041152, 30.521901],
              [-83.977165, 30.521987],
              [-84.007687, 30.609299],
              [-84.007454, 30.6721003570368],
              [-83.6117200011691, 30.6512579664548],
              [-83.604401, 30.638236],
              [-83.604186, 30.581916],
              [-83.637343, 30.567471],
              [-83.637412, 30.552671],
              [-83.670488, 30.552901],
              [-83.671073, 30.53802],
              [-83.704293, 30.538094],
              [-83.70436, 30.523021],
              [-83.733897, 30.513286],
              [-83.721711, 30.43484],
              [-83.758403, 30.384901],
              [-83.783186, 30.378863],
              [-83.78977, 30.390219],
              [-83.804607, 30.376903],
              [-83.807559, 30.348728],
              [-83.788876, 30.324318],
              [-83.820521, 30.313144],
              [-83.837652, 30.280764],
              [-83.915827, 30.245152],
              [-83.925453, 30.19286],
              [-83.951753, 30.185148],
              [-83.996537, 30.08172],
              [-84.006757, 30.097555],
              [-84.048715, 30.103208],
              [-84.167881, 30.071422],
              [-84.184493, 30.077254],
              [-84.174999, 30.095763],
              [-84.205589, 30.114323],
              [-84.203413, 30.08461],
              [-84.262263, 30.103724],
              [-84.273055, 30.063755],
              [-84.366115, 30.008662],
              [-84.341754, 29.970258],
              [-84.437597, 29.98813],
              [-84.438904, 29.960232],
              [-84.338625, 29.94649],
              [-84.349066, 29.896812],
              [-84.423336, 29.903279],
              [-84.451705, 29.929085],
              [-84.492025, 29.909872],
              [-84.521814, 29.914078],
              [-84.888031, 29.722406],
              [-84.902142, 29.73532],
              [-84.871125, 29.781333],
              [-84.877661, 29.798144],
              [-84.993264, 29.714961],
              [-85.101682, 29.718748],
              [-85.250913, 29.687155],
              [-85.222039, 29.685467],
              [-85.232229, 29.677355],
              [-85.298623, 29.684019],
              [-85.351514, 29.666669],
              [-85.387313, 29.715367],
              [-85.417495, 29.829933],
              [-85.411765, 29.85979],
              [-85.391232, 29.87432],
              [-85.409696, 29.802353],
              [-85.363594, 29.680544],
              [-85.313731, 29.68646],
              [-85.30396, 29.720621],
              [-85.302789, 29.808864],
              [-85.3891744104151, 29.92478455112],
              [-85.383948, 30.566856],
              [-85.434782, 30.56756],
              [-85.432274, 30.785457],
              [-85.482718, 30.785892],
              [-85.482276, 30.829509],
              [-85.599934, 30.830552],
              [-85.600062, 30.833783]
            ]
          ]
        ]
      }
    },
    {
      "type": "Feature",
      "id": "12_01102",
      "properties": {
        "state_puma_id": "12_01102",
        "state_name": "Florida",
        "state_fips": "12",
        "puma_name": "Broward County (N Central)--Margate, Coconut Creek (South), & North Lauderdale Cities PUMA"
      },
      "geometry": {
        "type": "Polygon",
        "coordinates": [
          [
            [-80.240817, 26.22823],
            [-80.234213, 26.272144],
            [-80.168971, 26.274224],
            [-80.166502, 26.252541],
            [-80.203951, 26.200009],
            [-80.240628, 26.220833],
            [-80.240817, 26.22823]
          ]
        ]
      }
    },
    {
      "type": "Feature",
      "id": "12_03301",
      "properties": {
        "state_puma_id": "12_03301",
        "state_name": "Florida",
        "state_fips": "12",
        "puma_name": "Escambia County (North) PUMA"
      },
      "geometry": {
        "type": "Polygon",
        "coordinates": [
          [
            [-87.6348442887865, 30.866109347267],
            [-87.592055, 30.951492],
            [-87.598928, 30.997457],
            [-87.1636472414627, 30.9990236362357],
            [-87.213203, 30.962034],
            [-87.24183, 30.96141],
            [-87.255998, 30.931186],
            [-87.286882, 30.925441],
            [-87.284486, 30.887986],
            [-87.313908, 30.848708],
            [-87.292766, 30.811283],
            [-87.31268, 30.785521],
            [-87.299614, 30.766108],
            [-87.312409, 30.73477],
            [-87.269407, 30.711687],
            [-87.259508, 30.612049],
            [-87.209715, 30.555266],
            [-87.154086, 30.5353],
            [-87.125714, 30.485501],
            [-87.13357, 30.467229],
            [-87.169398, 30.483042],
            [-87.168115, 30.50295],
            [-87.265985, 30.502272],
            [-87.272862, 30.518807],
            [-87.309919, 30.519631],
            [-87.412464599042, 30.5738787297872],
            [-87.393775, 30.627006],
            [-87.406958, 30.675165],
            [-87.532607, 30.743489],
            [-87.545044, 30.778666],
            [-87.634938, 30.865886],
            [-87.6348442887865, 30.866109347267]
          ]
        ]
      }
    },
    {
      "type": "Feature",
      "id": "12_01105",
      "properties": {
        "state_puma_id": "12_01105",
        "state_name": "Florida",
        "state_fips": "12",
        "puma_name": "Broward County (West Central)--Tamarac, & North Lauderdale, & Sunrise (North) Cities PUMA"
      },
      "geometry": {
        "type": "Polygon",
        "coordinates": [
          [
            [-80.299929, 26.187851],
            [-80.298164, 26.22944],
            [-80.240371, 26.230031],
            [-80.204121, 26.207634],
            [-80.203341, 26.172894],
            [-80.235645, 26.179273],
            [-80.236006, 26.193742],
            [-80.268099, 26.193684],
            [-80.267778, 26.179114],
            [-80.299585, 26.187555],
            [-80.299929, 26.187851]
          ]
        ]
      }
    },
    {
      "type": "Feature",
      "id": "12_11300",
      "properties": {
        "state_puma_id": "12_11300",
        "state_name": "Florida",
        "state_fips": "12",
        "puma_name": "Santa Rosa County PUMA"
      },
      "geometry": {
        "type": "Polygon",
        "coordinates": [
          [
            [-87.313908, 30.848708],
            [-87.284486, 30.887986],
            [-87.286882, 30.925441],
            [-87.255998, 30.931186],
            [-87.24183, 30.96141],
            [-87.213203, 30.962034],
            [-87.176004, 30.996586],
            [-86.785692460564, 30.9969741853795],
            [-86.7994809735241, 30.3872241102845],
            [-86.9188716905368, 30.3709250843817],
            [-86.918937, 30.386514],
            [-86.972699, 30.381113],
            [-87.179021, 30.33593],
            [-87.231429, 30.343309],
            [-87.233284, 30.370331],
            [-87.151906, 30.412598],
            [-87.121451, 30.497419],
            [-87.159333, 30.539257],
            [-87.209715, 30.555266],
            [-87.259508, 30.612049],
            [-87.269407, 30.711687],
            [-87.312409, 30.73477],
            [-87.299614, 30.766108],
            [-87.31268, 30.785521],
            [-87.292766, 30.811283],
            [-87.313611, 30.847266],
            [-87.313908, 30.848708]
          ]
        ]
      }
    },
    {
      "type": "Feature",
      "id": "12_02799",
      "properties": {
        "state_puma_id": "12_02799",
        "state_name": "Florida",
        "state_fips": "12",
        "puma_name": "Southwest Heartland--DeSoto, Hardee, & Highlands (Northwest) Counties PUMA"
      },
      "geometry": {
        "type": "Polygon",
        "coordinates": [
          [
            [-82.057492, 27.135262],
            [-82.054349, 27.646382],
            [-81.361576, 27.646492],
            [-81.365595, 27.61407],
            [-81.341235, 27.576486],
            [-81.362303, 27.546821],
            [-81.361298, 27.51703],
            [-81.322716, 27.478058],
            [-81.417037, 27.485727],
            [-81.368112, 27.447574],
            [-81.329679, 27.469585],
            [-81.330617, 27.443172],
            [-81.366984, 27.434412],
            [-81.322535, 27.430057],
            [-81.326679, 27.395978],
            [-81.368205, 27.400355],
            [-81.401599, 27.37334],
            [-81.385568, 27.336066],
            [-81.358475, 27.297162],
            [-81.318072, 27.296412],
            [-81.254977, 27.334043],
            [-81.182486, 27.267178],
            [-81.18952, 27.252497],
            [-81.148543, 27.209768],
            [-81.56313, 27.20965],
            [-81.562624, 27.033835],
            [-82.057506, 27.032119],
            [-82.057631, 27.125331],
            [-82.057492, 27.135262]
          ]
        ]
      }
    },
    {
      "type": "Feature",
      "id": "12_08610",
      "properties": {
        "state_puma_id": "12_08610",
        "state_name": "Florida",
        "state_fips": "12",
        "puma_name": "Miami-Dade County (Central)--MIA, Miami Springs & Doral Cities PUMA"
      },
      "geometry": {
        "type": "Polygon",
        "coordinates": [
          [
            [-80.387834, 25.869849],
            [-80.344616, 25.869754],
            [-80.244241, 25.795341],
            [-80.311612, 25.770605],
            [-80.385997, 25.776193],
            [-80.388074, 25.869839],
            [-80.387834, 25.869849]
          ]
        ]
      }
    },
    {
      "type": "Feature",
      "id": "12_05710",
      "properties": {
        "state_puma_id": "12_05710",
        "state_name": "Florida",
        "state_fips": "12",
        "puma_name": "Hillsborough County (Southwest)--Tampa City (South) PUMA"
      },
      "geometry": {
        "type": "MultiPolygon",
        "coordinates": [
          [
            [
              [-82.43746, 27.867023],
              [-82.424454, 27.884027],
              [-82.437417, 27.864331],
              [-82.43746, 27.867023]
            ]
          ],
          [
            [
              [-82.4412503879094, 27.8312435225602],
              [-82.440982, 27.835961],
              [-82.438576, 27.839603],
              [-82.431221, 27.838608],
              [-82.431597128401, 27.8324638164403],
              [-82.43222, 27.822289],
              [-82.438606, 27.822299],
              [-82.441689, 27.823534],
              [-82.4412503879094, 27.8312435225602]
            ]
          ],
          [
            [
              [-82.554659, 27.850287],
              [-82.529918, 27.877501],
              [-82.542354, 27.890514],
              [-82.531643, 27.936412],
              [-82.5445856073925, 27.9431018506676],
              [-82.464737, 27.95637],
              [-82.4438762324034, 27.9155174125335],
              [-82.461796, 27.909722],
              [-82.461894, 27.938602],
              [-82.490417, 27.919806],
              [-82.47244, 27.822559],
              [-82.554572, 27.847961],
              [-82.554659, 27.850287]
            ]
          ],
          [
            [
              [-82.576403, 27.637754],
              [-82.572698, 27.636943],
              [-82.5726353851295, 27.6368727092786],
              [-82.5766945787129, 27.6350782198384],
              [-82.576403, 27.637754]
            ]
          ],
          [
            [
              [-82.764241, 27.591285],
              [-82.763482, 27.596287],
              [-82.763373, 27.600663],
              [-82.763102, 27.602394],
              [-82.762551, 27.603149],
              [-82.761494, 27.603077],
              [-82.760463, 27.602423],
              [-82.75885, 27.60047],
              [-82.758652, 27.59696],
              [-82.759194, 27.594315],
              [-82.760351, 27.587463],
              [-82.760636, 27.585564],
              [-82.760056, 27.582769],
              [-82.758977, 27.579885],
              [-82.756698, 27.577624],
              [-82.756101, 27.576085],
              [-82.757566, 27.576037],
              [-82.758927, 27.577112],
              [-82.761297, 27.579809],
              [-82.762505, 27.581184],
              [-82.763319, 27.582146],
              [-82.764176, 27.58859],
              [-82.764241, 27.591285]
            ]
          ]
        ]
      }
    },
    {
      "type": "Feature",
      "id": "12_12701",
      "properties": {
        "state_puma_id": "12_12701",
        "state_name": "Florida",
        "state_fips": "12",
        "puma_name": "Volusia County (Central & Northwest)--DeLand, DeBary Cities & Pierson Town PUMA"
      },
      "geometry": {
        "type": "Polygon",
        "coordinates": [
          [
            [-81.680903, 29.32443],
            [-81.450892, 29.378464],
            [-81.420745, 29.399645],
            [-81.41729, 29.261156],
            [-81.329817, 29.26228],
            [-81.299106, 29.192426],
            [-81.263322, 29.16571],
            [-81.254668, 29.115928],
            [-81.217302, 29.099888],
            [-81.21694, 29.062957],
            [-81.198823, 29.052586],
            [-81.242115, 29.003818],
            [-81.286374, 28.868669],
            [-81.319796, 28.834532],
            [-81.358027, 28.847804],
            [-81.36694, 28.879227],
            [-81.349723, 28.939641],
            [-81.370776, 28.957954],
            [-81.355898, 28.987047],
            [-81.455289, 29.063071],
            [-81.459158, 29.094224],
            [-81.502055, 29.097802],
            [-81.531465, 29.176919],
            [-81.560905, 29.20019],
            [-81.61234, 29.202943],
            [-81.648438, 29.290173],
            [-81.679584, 29.320157],
            [-81.680903, 29.32443]
          ]
        ]
      }
    },
    {
      "type": "Feature",
      "id": "12_10302",
      "properties": {
        "state_puma_id": "12_10302",
        "state_name": "Florida",
        "state_fips": "12",
        "puma_name": "Pinellas County (North Central) PUMA"
      },
      "geometry": {
        "type": "MultiPolygon",
        "coordinates": [
          [
            [
              [-82.8282301120809, 28.0190330353766],
              [-82.818497, 28.048696],
              [-82.809148, 28.006491],
              [-82.8283260343658, 28.0174651603874],
              [-82.8282301120809, 28.0190330353766]
            ]
          ],
          [
            [
              [-82.8374756768916, 28.0854532694558],
              [-82.821206, 28.060187],
              [-82.778223, 28.048875],
              [-82.64858, 28.060025],
              [-82.6485277932049, 28.0181267990881],
              [-82.663556, 27.99987],
              [-82.665352, 28.028103],
              [-82.690071, 28.027473],
              [-82.675572, 28.005442],
              [-82.708857, 27.9607],
              [-82.708963, 27.990807],
              [-82.7954270273038, 27.9974351932931],
              [-82.786064, 28.047945],
              [-82.822304, 28.054069],
              [-82.838621, 28.079492],
              [-82.8374756768916, 28.0854532694558]
            ]
          ]
        ]
      }
    },
    {
      "type": "Feature",
      "id": "12_01112",
      "properties": {
        "state_puma_id": "12_01112",
        "state_name": "Florida",
        "state_fips": "12",
        "puma_name": "Broward County (SSW)--Miramar (West) & Pembroke Pines (Southwest) Cities PUMA"
      },
      "geometry": {
        "type": "Polygon",
        "coordinates": [
          [
            [-80.440863, 26.007729],
            [-80.392774, 26.007729],
            [-80.392295, 25.993187],
            [-80.247583, 25.994804],
            [-80.262794, 25.981125],
            [-80.246715, 25.971875],
            [-80.295104, 25.970572],
            [-80.294972, 25.95677],
            [-80.439389, 25.956852],
            [-80.440474, 25.993177],
            [-80.440863, 26.007729]
          ]
        ]
      }
    },
    {
      "type": "Feature",
      "id": "12_00904",
      "properties": {
        "state_puma_id": "12_00904",
        "state_name": "Florida",
        "state_fips": "12",
        "puma_name": "Brevard County (Southeast)--Palm Bay City, Grant-Valkaria & Malabar Towns PUMA"
      },
      "geometry": {
        "type": "Polygon",
        "coordinates": [
          [
            [-80.745475, 27.998961],
            [-80.745298, 28.013423],
            [-80.728845, 28.013444],
            [-80.728334, 28.042408],
            [-80.671297, 28.049082],
            [-80.638188, 28.035192],
            [-80.621287, 28.063969],
            [-80.581876, 28.063695],
            [-80.478642, 27.854615],
            [-80.509075, 27.822058],
            [-80.60711, 27.82235],
            [-80.623029, 27.842376],
            [-80.623182, 27.910146],
            [-80.720779, 27.910573],
            [-80.720883, 27.998966],
            [-80.745475, 27.99891],
            [-80.745475, 27.998961]
          ]
        ]
      }
    },
    {
      "type": "Feature",
      "id": "12_01104",
      "properties": {
        "state_puma_id": "12_01104",
        "state_name": "Florida",
        "state_fips": "12",
        "puma_name": "Broward County (NE)--Pompano Beach (South) City PUMA"
      },
      "geometry": {
        "type": "Polygon",
        "coordinates": [
          [
            [-80.188284, 26.21854],
            [-80.167405, 26.245318],
            [-80.168971, 26.274224],
            [-80.097501, 26.27554],
            [-80.09951, 26.261142],
            [-80.0813638457439, 26.2581412769836],
            [-80.0929402346064, 26.2048700959126],
            [-80.188166, 26.209675],
            [-80.188284, 26.21854]
          ]
        ]
      }
    },
    {
      "type": "Feature",
      "id": "12_08602",
      "properties": {
        "state_puma_id": "12_08602",
        "state_name": "Florida",
        "state_fips": "12",
        "puma_name": "Miami-Dade County (North Central)--Miami Gardens City PUMA"
      },
      "geometry": {
        "type": "Polygon",
        "coordinates": [
          [
            [-80.295104, 25.970572],
            [-80.206219, 25.972647],
            [-80.20519, 25.942555],
            [-80.222683, 25.941822],
            [-80.210545, 25.929945],
            [-80.232499, 25.926755],
            [-80.22811, 25.915955],
            [-80.292645, 25.913364],
            [-80.295072, 25.963555],
            [-80.295104, 25.970572]
          ]
        ]
      }
    },
    {
      "type": "Feature",
      "id": "12_07101",
      "properties": {
        "state_puma_id": "12_07101",
        "state_name": "Florida",
        "state_fips": "12",
        "puma_name": "Lee County (South & West)--Barrier Islands Region PUMA"
      },
      "geometry": {
        "type": "MultiPolygon",
        "coordinates": [
          [
            [
              [-82.010817, 26.493598],
              [-81.998213085601, 26.5296124933167],
              [-81.94341, 26.540054],
              [-81.908209, 26.583052],
              [-81.872, 26.575363],
              [-81.855236, 26.564597],
              [-81.846239, 26.492437],
              [-81.811106, 26.441961],
              [-81.8107, 26.397969],
              [-81.8439, 26.392824],
              [-81.872438, 26.423281],
              [-81.893902, 26.403629],
              [-81.963931, 26.457216],
              [-81.969509, 26.476505],
              [-82.012715, 26.486878],
              [-82.010817, 26.493598]
            ]
          ],
          [
            [
              [-82.183575, 26.695016],
              [-82.158143, 26.707331],
              [-82.125795, 26.699536],
              [-82.098961, 26.645954],
              [-82.072739, 26.64376],
              [-82.058712, 26.601877],
              [-82.071628, 26.525651],
              [-82.056892, 26.493748],
              [-82.105672, 26.48393],
              [-82.102051, 26.519484],
              [-82.142554, 26.643911],
              [-82.183813, 26.687796],
              [-82.183575, 26.695016]
            ]
          ],
          [
            [
              [-82.224073, 26.602896],
              [-82.17783, 26.492217],
              [-82.088423, 26.455182],
              [-82.062551, 26.470131],
              [-82.013713, 26.454258],
              [-82.075015, 26.422059],
              [-82.126671, 26.436279],
              [-82.180717, 26.476257],
              [-82.224443, 26.593249],
              [-82.224073, 26.602896]
            ]
          ],
          [
            [
              [-82.262485, 26.683974],
              [-82.246085, 26.706057],
              [-82.218514, 26.623221],
              [-82.223127, 26.612544],
              [-82.262485, 26.677602],
              [-82.262485, 26.683974]
            ]
          ],
          [
            [
              [-82.270054, 26.789551],
              [-82.2010205343136, 26.7707662433106],
              [-82.249888, 26.762946],
              [-82.261941, 26.717085],
              [-82.2720923576117, 26.7895176293629],
              [-82.270054, 26.789551]
            ]
          ]
        ]
      }
    },
    {
      "type": "Feature",
      "id": "12_08302",
      "properties": {
        "state_puma_id": "12_08302",
        "state_name": "Florida",
        "state_fips": "12",
        "puma_name": "Marion County (Central)--Ocala City PUMA"
      },
      "geometry": {
        "type": "Polygon",
        "coordinates": [
          [
            [-82.255204, 29.10778],
            [-82.234965, 29.267132],
            [-82.074498, 29.258898],
            [-82.053711, 29.237791],
            [-82.119783, 29.23755],
            [-82.123866, 29.223076],
            [-82.053649, 29.222889],
            [-82.053662, 29.13951],
            [-82.076354, 29.14975],
            [-82.078372, 29.107403],
            [-82.091236, 29.106278],
            [-82.078788, 29.08433],
            [-82.127736, 29.084504],
            [-82.218464, 29.106534],
            [-82.218474, 29.117367],
            [-82.252296, 29.084147],
            [-82.25519, 29.107221],
            [-82.255204, 29.10778]
          ]
        ]
      }
    },
    {
      "type": "Feature",
      "id": "12_01901",
      "properties": {
        "state_puma_id": "12_01901",
        "state_name": "Florida",
        "state_fips": "12",
        "puma_name": "Clay County (North, Central, & South) PUMA"
      },
      "geometry": {
        "type": "Polygon",
        "coordinates": [
          [
            [-82.049435, 30.153723],
            [-82.049411, 30.186933],
            [-81.837585, 30.188624],
            [-81.83085, 30.10324],
            [-81.808123, 30.117262],
            [-81.788504, 30.083731],
            [-81.737705, 30.076862],
            [-81.710675, 30.041363],
            [-81.690458, 30.042834],
            [-81.678243, 30.012233],
            [-81.606808, 29.96649],
            [-81.607606, 29.905655],
            [-81.581207, 29.840176],
            [-81.81243, 29.83649],
            [-81.861994, 29.800187],
            [-81.914233, 29.79115],
            [-81.939427, 29.747497],
            [-82.049244, 29.71867],
            [-82.049425, 30.143136],
            [-82.049435, 30.153723]
          ]
        ]
      }
    },
    {
      "type": "Feature",
      "id": "12_09501",
      "properties": {
        "state_puma_id": "12_09501",
        "state_name": "Florida",
        "state_fips": "12",
        "puma_name": "Orange County (Northwest) PUMA"
      },
      "geometry": {
        "type": "Polygon",
        "coordinates": [
          [
            [-81.658561, 28.745827],
            [-81.646513, 28.785872],
            [-81.414688, 28.777039],
            [-81.423761, 28.73534],
            [-81.459524, 28.713264],
            [-81.459728, 28.640196],
            [-81.432564, 28.612786],
            [-81.45178, 28.611311],
            [-81.451497, 28.578029],
            [-81.496814, 28.577523],
            [-81.498358, 28.612483],
            [-81.571965, 28.606835],
            [-81.556685, 28.632601],
            [-81.592958, 28.647516],
            [-81.606239, 28.671329],
            [-81.658466, 28.676798],
            [-81.658603, 28.740313],
            [-81.658561, 28.745827]
          ]
        ]
      }
    },
    {
      "type": "Feature",
      "id": "12_08607",
      "properties": {
        "state_puma_id": "12_08607",
        "state_name": "Florida",
        "state_fips": "12",
        "puma_name": "Miami-Dade County (Northeast)--Greater Hialeah City (North) PUMA"
      },
      "geometry": {
        "type": "Polygon",
        "coordinates": [
          [
            [-80.365726, 25.886641],
            [-80.356417, 25.898747],
            [-80.292017, 25.898841],
            [-80.278907, 25.870559],
            [-80.339546, 25.866223],
            [-80.366317, 25.886677],
            [-80.365726, 25.886641]
          ]
        ]
      }
    },
    {
      "type": "Feature",
      "id": "12_10303",
      "properties": {
        "state_puma_id": "12_10303",
        "state_name": "Florida",
        "state_fips": "12",
        "puma_name": "Pinellas County (Central)--Clearwater City (South & Central) PUMA"
      },
      "geometry": {
        "type": "Polygon",
        "coordinates": [
          [
            [-82.847826, 27.910199],
            [-82.8283260343658, 28.0174651603874],
            [-82.80487, 27.965983],
            [-82.7954270273038, 27.9974351932931],
            [-82.754845, 27.997217],
            [-82.708963, 27.990807],
            [-82.7053753145078, 27.9604873071742],
            [-82.742609, 27.928386],
            [-82.799911, 27.942621],
            [-82.800532, 27.92408],
            [-82.8478987424186, 27.9097931200888],
            [-82.847826, 27.910199]
          ]
        ]
      }
    },
    {
      "type": "Feature",
      "id": "12_03102",
      "properties": {
        "state_puma_id": "12_03102",
        "state_name": "Florida",
        "state_fips": "12",
        "puma_name": "Duval County (Northwest Central)--Jacksonville City (Northwest) PUMA"
      },
      "geometry": {
        "type": "Polygon",
        "coordinates": [
          [
            [-81.861302, 30.330515],
            [-81.806644, 30.331253],
            [-81.806917, 30.363773],
            [-81.732473, 30.373387],
            [-81.752607, 30.408284],
            [-81.73531, 30.421388],
            [-81.682692, 30.42018],
            [-81.626417, 30.386939],
            [-81.613216, 30.343939],
            [-81.626924, 30.314924],
            [-81.676396, 30.329068],
            [-81.751907, 30.306099],
            [-81.854371, 30.308598],
            [-81.861375, 30.330488],
            [-81.861302, 30.330515]
          ]
        ]
      }
    },
    {
      "type": "Feature",
      "id": "12_10501",
      "properties": {
        "state_puma_id": "12_10501",
        "state_name": "Florida",
        "state_fips": "12",
        "puma_name": "Polk County (Northwest) PUMA"
      },
      "geometry": {
        "type": "Polygon",
        "coordinates": [
          [
            [-82.055955, 27.985615],
            [-82.055946, 28.036937],
            [-82.034042, 28.038563],
            [-81.911541, 28.135644],
            [-81.898676, 28.140046],
            [-81.908073, 28.072554],
            [-81.89569, 28.07345],
            [-81.923924, 27.980254],
            [-81.956964, 27.99664],
            [-81.983009, 27.996973],
            [-81.973227, 27.974877],
            [-82.055892, 27.982059],
            [-82.055955, 27.985615]
          ]
        ]
      }
    },
    {
      "type": "Feature",
      "id": "12_00398",
      "properties": {
        "state_puma_id": "12_00398",
        "state_name": "Florida",
        "state_fips": "12",
        "puma_name": "Baker & Nassau Counties PUMA"
      },
      "geometry": {
        "type": "Polygon",
        "coordinates": [
          [
            [-82.459544, 30.584272],
            [-82.214839, 30.568591],
            [-82.240403, 30.53777],
            [-82.201416, 30.485164],
            [-82.210291, 30.42459],
            [-82.19294, 30.378779],
            [-82.165192, 30.358035],
            [-82.068533, 30.359184],
            [-82.036825, 30.377884],
            [-82.005477, 30.563495],
            [-82.049507, 30.655548],
            [-82.044792, 30.728481],
            [-82.036773, 30.754434],
            [-82.011375, 30.7626],
            [-82.021972, 30.788233],
            [-81.973442, 30.778828],
            [-81.949501, 30.827867],
            [-81.910916, 30.816125],
            [-81.901443, 30.829922],
            [-81.868263, 30.79285],
            [-81.794417, 30.787004],
            [-81.78215, 30.761341],
            [-81.76172, 30.775698],
            [-81.719927, 30.744634],
            [-81.672824, 30.738935],
            [-81.683096, 30.748492],
            [-81.663345, 30.754402],
            [-81.653133, 30.729799],
            [-81.624366, 30.73634],
            [-81.610656, 30.716217],
            [-81.600877, 30.729444],
            [-81.538391, 30.708656],
            [-81.531156, 30.724219],
            [-81.487332, 30.726081],
            [-81.425846, 30.700452],
            [-81.437594, 30.518685],
            [-81.479939, 30.533454],
            [-81.514014, 30.567337],
            [-81.543018, 30.523889],
            [-81.550926, 30.543027],
            [-81.58541, 30.544206],
            [-81.584406, 30.565988],
            [-81.610212, 30.55438],
            [-81.605968, 30.585512],
            [-81.649898, 30.576624],
            [-81.663733, 30.550842],
            [-81.674128, 30.566243],
            [-81.721883, 30.571934],
            [-81.738424, 30.534572],
            [-81.763748, 30.534916],
            [-81.781624, 30.503336],
            [-81.794918, 30.505406],
            [-82.04932, 30.27343],
            [-82.049425, 30.143136],
            [-82.458364, 30.136449],
            [-82.4597918101678, 30.5842868523055],
            [-82.459544, 30.584272]
          ]
        ]
      }
    },
    {
      "type": "Feature",
      "id": "12_01902",
      "properties": {
        "state_puma_id": "12_01902",
        "state_name": "Florida",
        "state_fips": "12",
        "puma_name": "Clay County (Northeast) PUMA"
      },
      "geometry": {
        "type": "Polygon",
        "coordinates": [
          [
            [-81.837585, 30.188624],
            [-81.679626, 30.190495],
            [-81.692116, 30.14474],
            [-81.68056, 30.082654],
            [-81.690458, 30.042834],
            [-81.710675, 30.041363],
            [-81.737705, 30.076862],
            [-81.788504, 30.083731],
            [-81.808123, 30.117262],
            [-81.83085, 30.10324],
            [-81.83704, 30.18574],
            [-81.837585, 30.188624]
          ]
        ]
      }
    },
    {
      "type": "Feature",
      "id": "12_10902",
      "properties": {
        "state_puma_id": "12_10902",
        "state_name": "Florida",
        "state_fips": "12",
        "puma_name": "St. Johns County (Northwest) PUMA"
      },
      "geometry": {
        "type": "Polygon",
        "coordinates": [
          [
            [-81.690458, 30.042834],
            [-81.680215, 30.12124],
            [-81.612312, 30.132941],
            [-81.504264, 30.104348],
            [-81.496626, 30.044003],
            [-81.414224, 29.922732],
            [-81.395138, 29.861354],
            [-81.560587, 29.845022],
            [-81.528261, 29.760777],
            [-81.564171, 29.798517],
            [-81.599013, 29.875422],
            [-81.604867, 29.963498],
            [-81.678243, 30.012233],
            [-81.690001, 30.035553],
            [-81.690458, 30.042834]
          ]
        ]
      }
    },
    {
      "type": "Feature",
      "id": "12_10505",
      "properties": {
        "state_puma_id": "12_10505",
        "state_name": "Florida",
        "state_fips": "12",
        "puma_name": "Polk County (North) PUMA"
      },
      "geometry": {
        "type": "Polygon",
        "coordinates": [
          [
            [-82.106205, 28.259226],
            [-82.055531, 28.258928],
            [-82.045489, 28.318302],
            [-81.957805, 28.308888],
            [-81.957641, 28.34518],
            [-81.857512, 28.345965],
            [-81.857624, 28.361868],
            [-81.790887, 28.361837],
            [-81.790727, 28.346413],
            [-81.657268, 28.347098],
            [-81.657189, 28.259217],
            [-81.613553, 28.25946],
            [-81.78704, 28.160013],
            [-81.911541, 28.135644],
            [-82.03853, 28.037066],
            [-82.055946, 28.036937],
            [-82.056261, 28.171592],
            [-82.105853, 28.17165],
            [-82.106205, 28.224196],
            [-82.106205, 28.259226]
          ]
        ]
      }
    },
    {
      "type": "Feature",
      "id": "12_08625",
      "properties": {
        "state_puma_id": "12_08625",
        "state_name": "Florida",
        "state_fips": "12",
        "puma_name": "Miami-Dade (South/Outside Urban Development Boundary) & Monroe Counties PUMA"
      },
      "geometry": {
        "type": "MultiPolygon",
        "coordinates": [
          [
            [
              [-80.176276, 25.525054],
              [-80.17395, 25.525375],
              [-80.173116, 25.524181],
              [-80.172863, 25.523173],
              [-80.17268, 25.522087],
              [-80.176024, 25.521154],
              [-80.17706, 25.521704],
              [-80.176276, 25.525054]
            ]
          ],
          [
            [
              [-80.258601, 25.359611],
              [-80.25543, 25.380739],
              [-80.236602, 25.389272],
              [-80.249491, 25.395046],
              [-80.20922, 25.41437],
              [-80.181355, 25.490554],
              [-80.189723, 25.504092],
              [-80.175744, 25.517714],
              [-80.176668, 25.485896],
              [-80.239341, 25.350586],
              [-80.258957, 25.354349],
              [-80.258601, 25.359611]
            ]
          ],
          [
            [
              [-80.296177, 25.327095],
              [-80.294843, 25.327697],
              [-80.293668, 25.326819],
              [-80.293713, 25.324611],
              [-80.295262, 25.324495],
              [-80.296776, 25.325538],
              [-80.296177, 25.327095]
            ]
          ],
          [
            [
              [-80.303522, 25.38012],
              [-80.29279, 25.37955],
              [-80.303641, 25.37851],
              [-80.303522, 25.38012]
            ]
          ],
          [
            [
              [-80.303541, 25.406007],
              [-80.301833, 25.406823],
              [-80.300239, 25.406652],
              [-80.299741, 25.405385],
              [-80.300281, 25.404348],
              [-80.301963, 25.403001],
              [-80.303463, 25.404093],
              [-80.304046, 25.405288],
              [-80.303541, 25.406007]
            ]
          ],
          [
            [
              [-80.460852, 25.050808],
              [-80.446311, 25.052813],
              [-80.460984, 25.049575],
              [-80.460852, 25.050808]
            ]
          ],
          [
            [
              [-80.482307, 25.112364],
              [-80.480673, 25.116026],
              [-80.476915, 25.114316],
              [-80.477147, 25.112259],
              [-80.475008, 25.109784],
              [-80.475942, 25.10832],
              [-80.477416, 25.107891],
              [-80.479189, 25.110561],
              [-80.4812630844854, 25.1117603503295],
              [-80.482307, 25.112364]
            ]
          ],
          [
            [
              [-80.482614, 25.086431],
              [-80.482376, 25.088368],
              [-80.481426, 25.089444],
              [-80.481544, 25.091489],
              [-80.480475, 25.092673],
              [-80.478573, 25.091704],
              [-80.477029, 25.090951],
              [-80.474889, 25.092135],
              [-80.473939, 25.093642],
              [-80.474295, 25.095364],
              [-80.476316, 25.096225],
              [-80.477504, 25.098054],
              [-80.478573, 25.101713],
              [-80.477742, 25.103543],
              [-80.476672, 25.102466],
              [-80.475721, 25.098807],
              [-80.473939, 25.097085],
              [-80.471087, 25.094503],
              [-80.470492, 25.093319],
              [-80.4692045471916, 25.0923187660683],
              [-80.468829, 25.092027],
              [-80.471443, 25.091597],
              [-80.474652, 25.090736],
              [-80.476316, 25.088906],
              [-80.478455, 25.089014],
              [-80.48, 25.088045],
              [-80.480831, 25.086],
              [-80.482495, 25.084278],
              [-80.483802, 25.085139],
              [-80.482614, 25.086431]
            ]
          ],
          [
            [
              [-80.498063, 25.102682],
              [-80.486179, 25.1086],
              [-80.496994, 25.099668],
              [-80.498063, 25.102682]
            ]
          ],
          [
            [
              [-80.502891, 25.076204],
              [-80.49285, 25.079996],
              [-80.501873, 25.074761],
              [-80.502891, 25.076204]
            ]
          ],
          [
            [
              [-80.510599, 25.138971],
              [-80.509938, 25.139974],
              [-80.508409, 25.139516],
              [-80.506898, 25.138007],
              [-80.505356, 25.137824],
              [-80.504928, 25.135743],
              [-80.506187, 25.133476],
              [-80.506548, 25.131713],
              [-80.507737, 25.13096],
              [-80.509163, 25.13139],
              [-80.507737, 25.13408],
              [-80.508093, 25.135263],
              [-80.509989, 25.137033],
              [-80.510599, 25.138971]
            ]
          ],
          [
            [
              [-80.514404, 25.150354],
              [-80.510928, 25.151559],
              [-80.510744, 25.153764],
              [-80.509337, 25.155186],
              [-80.508152, 25.154562],
              [-80.505434, 25.148743],
              [-80.506644, 25.147339],
              [-80.509759, 25.149258],
              [-80.51397, 25.148711],
              [-80.514404, 25.150354]
            ]
          ],
          [
            [
              [-80.518681, 25.08598],
              [-80.51478, 25.084861],
              [-80.511144, 25.083179],
              [-80.510588, 25.081913],
              [-80.512066, 25.081322],
              [-80.517832, 25.083],
              [-80.519306, 25.085122],
              [-80.518681, 25.08598]
            ]
          ],
          [
            [
              [-80.545464, 25.183296],
              [-80.535636, 25.195097],
              [-80.544387, 25.182293],
              [-80.545464, 25.183296]
            ]
          ],
          [
            [
              [-80.553221, 25.161413],
              [-80.550578, 25.162393],
              [-80.550058, 25.161854],
              [-80.550354, 25.160433],
              [-80.551437, 25.159321],
              [-80.55281, 25.158287],
              [-80.555867, 25.158177],
              [-80.553221, 25.161413]
            ]
          ],
          [
            [
              [-80.559789, 25.064558],
              [-80.558136, 25.06596],
              [-80.558291, 25.067391],
              [-80.556801, 25.070396],
              [-80.555844, 25.072206],
              [-80.554878, 25.071278],
              [-80.554459, 25.069696],
              [-80.554779, 25.067808],
              [-80.553772, 25.065321],
              [-80.551945, 25.064774],
              [-80.552658, 25.062944],
              [-80.554787, 25.064049],
              [-80.556223, 25.063482],
              [-80.558363, 25.062513],
              [-80.559907, 25.063267],
              [-80.559789, 25.064558]
            ]
          ],
          [
            [
              [-80.570603, 25.131175],
              [-80.569652, 25.131498],
              [-80.568161, 25.12944],
              [-80.566328, 25.129099],
              [-80.564955, 25.127871],
              [-80.564991, 25.12476],
              [-80.566466, 25.123918],
              [-80.567972, 25.122476],
              [-80.567731, 25.125708],
              [-80.570198, 25.127871],
              [-80.570833, 25.129247],
              [-80.570603, 25.131175]
            ]
          ],
          [
            [
              [-80.570841, 25.148065],
              [-80.570128, 25.149464],
              [-80.568345, 25.150217],
              [-80.565018, 25.149679],
              [-80.563377, 25.148339],
              [-80.560873, 25.145691],
              [-80.557983, 25.142091],
              [-80.557233, 25.140384],
              [-80.558503, 25.139762],
              [-80.561944, 25.13957],
              [-80.561763, 25.141408],
              [-80.563734, 25.142476],
              [-80.564164, 25.144612],
              [-80.564272, 25.146897],
              [-80.5655, 25.148438],
              [-80.568226, 25.147958],
              [-80.570365, 25.147205],
              [-80.570841, 25.148065]
            ]
          ],
          [
            [
              [-80.574168, 25.104597],
              [-80.567632, 25.119124],
              [-80.560739, 25.107395],
              [-80.573099, 25.103951],
              [-80.574168, 25.104597]
            ]
          ],
          [
            [
              [-80.57905, 25.159949],
              [-80.577513, 25.159899],
              [-80.574561, 25.159899],
              [-80.573799, 25.157826],
              [-80.572928, 25.156745],
              [-80.57412, 25.155424],
              [-80.574615, 25.153866],
              [-80.574525, 25.151723],
              [-80.574406, 25.149679],
              [-80.575119, 25.148388],
              [-80.576426, 25.150217],
              [-80.57675, 25.153778],
              [-80.577779, 25.156029],
              [-80.578941, 25.158033],
              [-80.57905, 25.159949]
            ]
          ],
          [
            [
              [-80.589027, 25.060463],
              [-80.587558, 25.061086],
              [-80.586356, 25.062545],
              [-80.585524, 25.062536],
              [-80.582693, 25.061169],
              [-80.582813, 25.058791],
              [-80.583278, 25.056946],
              [-80.585049, 25.056974],
              [-80.586409, 25.055623],
              [-80.588246, 25.056483],
              [-80.589322, 25.058228],
              [-80.589027, 25.060463]
            ]
          ],
          [
            [
              [-80.607696, 25.174917],
              [-80.586631, 25.171442],
              [-80.596193, 25.162434],
              [-80.607412, 25.174421],
              [-80.607696, 25.174917]
            ]
          ],
          [
            [
              [-80.619408, 25.071509],
              [-80.60553, 25.070358],
              [-80.609464, 25.055946],
              [-80.619565, 25.069833],
              [-80.619408, 25.071509]
            ]
          ],
          [
            [
              [-80.619782, 25.002903],
              [-80.618351, 25.004027],
              [-80.617783, 25.005651],
              [-80.615531, 25.007777],
              [-80.614348, 25.007883],
              [-80.612751, 25.00666],
              [-80.613028, 25.004414],
              [-80.614146, 25.003219],
              [-80.615982, 25.003532],
              [-80.618984, 25.001389],
              [-80.620159, 25.001352],
              [-80.619782, 25.002903]
            ]
          ],
          [
            [
              [-80.624794, 25.182807],
              [-80.609847, 25.182407],
              [-80.624319, 25.181302],
              [-80.624794, 25.182807]
            ]
          ],
          [
            [
              [-80.627171, 25.000401],
              [-80.626002, 25.002625],
              [-80.623225, 25.001586],
              [-80.622785, 24.999997],
              [-80.623887, 24.998781],
              [-80.626172, 24.999077],
              [-80.627171, 25.000401]
            ]
          ],
          [
            [
              [-80.627357, 24.959814],
              [-80.625146, 24.961366],
              [-80.623882, 24.963673],
              [-80.623036, 24.962022],
              [-80.622944, 24.959853],
              [-80.623203, 24.95862],
              [-80.627334, 24.959076],
              [-80.627357, 24.959814]
            ]
          ],
          [
            [
              [-80.637434, 25.027073],
              [-80.636835, 25.02813],
              [-80.634152, 25.028118],
              [-80.632255, 25.027517],
              [-80.631628, 25.025463],
              [-80.633242, 25.024247],
              [-80.634227, 25.024297],
              [-80.635229, 25.025624],
              [-80.636854, 25.026445],
              [-80.637434, 25.027073]
            ]
          ],
          [
            [
              [-80.648224, 25.05087],
              [-80.647629, 25.052054],
              [-80.644777, 25.052808],
              [-80.642748, 25.052305],
              [-80.641298, 25.0516],
              [-80.641141, 25.049794],
              [-80.641855, 25.048044],
              [-80.644236, 25.046938],
              [-80.646376, 25.047462],
              [-80.648224, 25.049147],
              [-80.648224, 25.05087]
            ]
          ],
          [
            [
              [-80.649208, 25.035533],
              [-80.646681, 25.036429],
              [-80.64586, 25.036275],
              [-80.645564, 25.035444],
              [-80.646338, 25.033159],
              [-80.648532, 25.032356],
              [-80.649498, 25.034344],
              [-80.649208, 25.035533]
            ]
          ],
          [
            [
              [-80.653553, 24.982826],
              [-80.651058, 24.984334],
              [-80.651414, 24.98638],
              [-80.651414, 24.98735],
              [-80.651177, 24.988858],
              [-80.650226, 24.989504],
              [-80.647744, 24.988515],
              [-80.646576, 24.987369],
              [-80.646438, 24.986296],
              [-80.647894, 24.985189],
              [-80.649984, 24.982933],
              [-80.65077, 24.982162],
              [-80.652685, 24.980814],
              [-80.654128, 24.98164],
              [-80.653553, 24.982826]
            ]
          ],
          [
            [
              [-80.658672, 25.107111],
              [-80.63927, 25.118207],
              [-80.645948, 25.139622],
              [-80.632135, 25.118588],
              [-80.646163, 25.102488],
              [-80.640643, 25.073373],
              [-80.658544, 25.105377],
              [-80.658672, 25.107111]
            ]
          ],
          [
            [
              [-80.665556, 24.989396],
              [-80.654271, 24.994916],
              [-80.664962, 24.988104],
              [-80.665556, 24.989396]
            ]
          ],
          [
            [
              [-80.669088, 25.035768],
              [-80.667106, 25.036676],
              [-80.66464, 25.037154],
              [-80.663816, 25.035153],
              [-80.664029, 25.033643],
              [-80.66498, 25.033104],
              [-80.667058, 25.033312],
              [-80.668406, 25.033527],
              [-80.66936, 25.034634],
              [-80.669088, 25.035768]
            ]
          ],
          [
            [
              [-80.669914, 24.923468],
              [-80.668503, 24.926441],
              [-80.666542, 24.927647],
              [-80.665154, 24.928158],
              [-80.662079, 24.926638],
              [-80.660828, 24.924028],
              [-80.661392, 24.921898],
              [-80.663322, 24.92024],
              [-80.666389, 24.918518],
              [-80.669006, 24.918413],
              [-80.670837, 24.92021],
              [-80.669914, 24.923468]
            ]
          ],
          [
            [
              [-80.671843, 24.988712],
              [-80.671317, 24.989472],
              [-80.670085, 24.990165],
              [-80.668408, 24.989504],
              [-80.667339, 24.988104],
              [-80.666745, 24.987242],
              [-80.667322, 24.986395],
              [-80.669288, 24.987082],
              [-80.671384, 24.987638],
              [-80.671843, 24.988712]
            ]
          ],
          [
            [
              [-80.680244, 25.100754],
              [-80.666932, 25.095962],
              [-80.68042, 25.099282],
              [-80.680244, 25.100754]
            ]
          ],
          [
            [
              [-80.680636, 25.032945],
              [-80.678061, 25.035262],
              [-80.675101, 25.033831],
              [-80.67379, 25.03355],
              [-80.673729, 25.032916],
              [-80.676237, 25.03099],
              [-80.678648, 25.031937],
              [-80.680001, 25.032251],
              [-80.680636, 25.032945]
            ]
          ],
          [
            [
              [-80.684712, 25.114624],
              [-80.683691, 25.115202],
              [-80.683308, 25.11682],
              [-80.684457, 25.117629],
              [-80.685223, 25.119363],
              [-80.683691, 25.120403],
              [-80.684074, 25.122946],
              [-80.682159, 25.123639],
              [-80.680755, 25.122137],
              [-80.679479, 25.123177],
              [-80.677691, 25.120981],
              [-80.677691, 25.118554],
              [-80.676798, 25.116358],
              [-80.675904, 25.114509],
              [-80.677691, 25.114624],
              [-80.678713, 25.115318],
              [-80.679479, 25.117167],
              [-80.680627, 25.117629],
              [-80.681393, 25.116358],
              [-80.681776, 25.114162],
              [-80.68318, 25.112659],
              [-80.685861, 25.112891],
              [-80.684712, 25.114624]
            ]
          ],
          [
            [
              [-80.685989, 25.030594],
              [-80.68483, 25.031134],
              [-80.682053, 25.03072],
              [-80.681831, 25.02795],
              [-80.682111, 25.025314],
              [-80.684639, 25.026108],
              [-80.687065, 25.027197],
              [-80.685989, 25.030594]
            ]
          ],
          [
            [
              [-80.700645, 25.055092],
              [-80.698705, 25.057795],
              [-80.695635, 25.062084],
              [-80.69485, 25.062122],
              [-80.692643, 25.060086],
              [-80.692698, 25.057272],
              [-80.695012, 25.054426],
              [-80.692504, 25.052169],
              [-80.69448, 25.050071],
              [-80.697726, 25.04962],
              [-80.69998, 25.053237],
              [-80.700645, 25.055092]
            ]
          ],
          [
            [
              [-80.702173, 25.09877],
              [-80.700157, 25.101447],
              [-80.700709, 25.104341],
              [-80.700892, 25.108069],
              [-80.699136, 25.107342],
              [-80.698498, 25.105609],
              [-80.698243, 25.102257],
              [-80.697222, 25.10006],
              [-80.697222, 25.098326],
              [-80.698672, 25.0962],
              [-80.701538, 25.095759],
              [-80.702173, 25.09877]
            ]
          ],
          [
            [
              [-80.701562, 25.122599],
              [-80.700157, 25.122252],
              [-80.698626, 25.121212],
              [-80.696711, 25.122483],
              [-80.694541, 25.122252],
              [-80.694413, 25.119941],
              [-80.697094, 25.118438],
              [-80.699519, 25.115896],
              [-80.700903, 25.11582],
              [-80.7007, 25.118386],
              [-80.702838, 25.121328],
              [-80.701562, 25.122599]
            ]
          ],
          [
            [
              [-80.704003, 24.902058],
              [-80.693404, 24.899532],
              [-80.704353, 24.898529],
              [-80.704003, 24.902058]
            ]
          ],
          [
            [
              [-80.714958, 25.140795],
              [-80.71356, 25.141667],
              [-80.712539, 25.143169],
              [-80.711135, 25.143054],
              [-80.709603, 25.14132],
              [-80.710369, 25.139702],
              [-80.709603, 25.137507],
              [-80.708199, 25.136814],
              [-80.705263, 25.135542],
              [-80.703476, 25.133693],
              [-80.701689, 25.133347],
              [-80.700923, 25.131498],
              [-80.700285, 25.12988],
              [-80.698626, 25.127106],
              [-80.699647, 25.125719],
              [-80.701179, 25.126182],
              [-80.701817, 25.127684],
              [-80.704373, 25.128191],
              [-80.706017, 25.128904],
              [-80.707711, 25.132593],
              [-80.710028, 25.13486],
              [-80.71186, 25.136385],
              [-80.713633, 25.139346],
              [-80.714958, 25.140795]
            ]
          ],
          [
            [
              [-80.714756, 25.149787],
              [-80.712498, 25.148065],
              [-80.710953, 25.145806],
              [-80.711309, 25.144408],
              [-80.712973, 25.143977],
              [-80.714637, 25.146559],
              [-80.715231, 25.148818],
              [-80.714756, 25.149787]
            ]
          ],
          [
            [
              [-80.728296, 25.094736],
              [-80.725196, 25.099155],
              [-80.723231, 25.098128],
              [-80.723228, 25.095847],
              [-80.724637, 25.093824],
              [-80.726205, 25.093192],
              [-80.72734, 25.093261],
              [-80.728296, 25.094736]
            ]
          ],
          [
            [
              [-80.731633, 24.995539],
              [-80.723687, 25.005051],
              [-80.73063, 24.993232],
              [-80.731633, 24.995539]
            ]
          ],
          [
            [
              [-80.737149, 25.065548],
              [-80.728203, 25.070893],
              [-80.736778, 25.064829],
              [-80.737149, 25.065548]
            ]
          ],
          [
            [
              [-80.739, 25.010466],
              [-80.73785, 25.01044],
              [-80.735532, 25.005445],
              [-80.735857, 25.002888],
              [-80.736917, 25.002469],
              [-80.7384, 25.004321],
              [-80.740108, 25.008277],
              [-80.739, 25.010466]
            ]
          ],
          [
            [
              [-80.7410595553448, 24.853715041322],
              [-80.689872, 24.881761],
              [-80.741319, 24.852514],
              [-80.7410595553448, 24.853715041322]
            ]
          ],
          [
            [
              [-80.759065, 25.032709],
              [-80.758024, 25.036293],
              [-80.755697, 25.038571],
              [-80.754511, 25.03908],
              [-80.753691, 25.037893],
              [-80.753988, 25.036473],
              [-80.75559, 25.034525],
              [-80.75567, 25.030914],
              [-80.753117, 25.030363],
              [-80.749776, 25.028221],
              [-80.749596, 25.027061],
              [-80.750672, 25.026353],
              [-80.753951, 25.028585],
              [-80.758285, 25.0293],
              [-80.759065, 25.032709]
            ]
          ],
          [
            [
              [-80.762529, 25.145268],
              [-80.760509, 25.146344],
              [-80.758845, 25.145268],
              [-80.759271, 25.143857],
              [-80.760886, 25.143528],
              [-80.762767, 25.143655],
              [-80.762529, 25.145268]
            ]
          ],
          [
            [
              [-80.788172, 24.940462],
              [-80.786331, 24.940963],
              [-80.783891, 24.940841],
              [-80.782672, 24.939327],
              [-80.783246, 24.938033],
              [-80.783693, 24.937186],
              [-80.784714, 24.936768],
              [-80.786893, 24.937544],
              [-80.787986, 24.938723],
              [-80.788172, 24.940462]
            ]
          ],
          [
            [
              [-80.791243, 25.025307],
              [-80.789648, 25.026551],
              [-80.786301, 25.026556],
              [-80.785232, 25.024756],
              [-80.785788, 25.023655],
              [-80.787135, 25.023011],
              [-80.789232, 25.023182],
              [-80.791534, 25.023567],
              [-80.791243, 25.025307]
            ]
          ],
          [
            [
              [-80.792239, 25.131713],
              [-80.791289, 25.132573],
              [-80.789268, 25.132036],
              [-80.78701, 25.129561],
              [-80.784277, 25.127302],
              [-80.780918, 25.123904],
              [-80.781182, 25.122027],
              [-80.782186, 25.121587],
              [-80.784417, 25.123399],
              [-80.786703, 25.124423],
              [-80.789617, 25.128105],
              [-80.791292, 25.129316],
              [-80.792239, 25.131713]
            ]
          ],
          [
            [
              [-80.791594, 25.094558],
              [-80.790252, 25.093804],
              [-80.789454, 25.092091],
              [-80.787115, 25.092223],
              [-80.78567, 25.092476],
              [-80.785495, 25.091837],
              [-80.787672, 25.089118],
              [-80.790053, 25.090038],
              [-80.791123, 25.09147],
              [-80.792398, 25.09398],
              [-80.791594, 25.094558]
            ]
          ],
          [
            [
              [-80.792444, 25.071177],
              [-80.788673, 25.071034],
              [-80.787519, 25.068677],
              [-80.789755, 25.066734],
              [-80.7923, 25.067924],
              [-80.792952, 25.069454],
              [-80.792444, 25.071177]
            ]
          ],
          [
            [
              [-80.832726, 24.993469],
              [-80.831711, 24.994608],
              [-80.829887, 24.994453],
              [-80.829231, 24.992121],
              [-80.827771, 24.990621],
              [-80.827196, 24.988895],
              [-80.827909, 24.987926],
              [-80.829315, 24.987165],
              [-80.829765, 24.987682],
              [-80.830025, 24.989725],
              [-80.832497, 24.992512],
              [-80.832726, 24.993469]
            ]
          ],
          [
            [
              [-80.834154, 25.119772],
              [-80.833471, 25.121408],
              [-80.832298, 25.121699],
              [-80.831826, 25.120114],
              [-80.831118, 25.119349],
              [-80.830114, 25.117587],
              [-80.828657, 25.114961],
              [-80.829219, 25.11467],
              [-80.830858, 25.115236],
              [-80.831934, 25.116657],
              [-80.833488, 25.11768],
              [-80.834154, 25.119772]
            ]
          ],
          [
            [
              [-80.848245, 24.805826],
              [-80.792714, 24.843482],
              [-80.810211, 24.824176],
              [-80.786881, 24.822771],
              [-80.849276, 24.803514],
              [-80.848245, 24.805826]
            ]
          ],
          [
            [
              [-80.852636, 25.109865],
              [-80.852044, 25.110801],
              [-80.850375, 25.110719],
              [-80.8498, 25.109667],
              [-80.849757, 25.108473],
              [-80.851471, 25.107736],
              [-80.8524, 25.10851],
              [-80.852636, 25.109865]
            ]
          ],
          [
            [
              [-80.865385, 25.032385],
              [-80.864135, 25.03298],
              [-80.8626, 25.03396],
              [-80.862189, 25.033801],
              [-80.861578, 25.031676],
              [-80.860895, 25.031059],
              [-80.863547, 25.029655],
              [-80.865342, 25.029951],
              [-80.865802, 25.031146],
              [-80.865385, 25.032385]
            ]
          ],
          [
            [
              [-80.883118, 25.110668],
              [-80.881195, 25.113785],
              [-80.88089, 25.115562],
              [-80.880875, 25.117054],
              [-80.881142, 25.117611],
              [-80.881348, 25.118399],
              [-80.880821, 25.119213],
              [-80.879288, 25.118916],
              [-80.876534, 25.117168],
              [-80.875381, 25.115257],
              [-80.875795, 25.112098],
              [-80.876076, 25.110876],
              [-80.878067, 25.109367],
              [-80.880226, 25.108561],
              [-80.8825, 25.108339],
              [-80.88343, 25.109129],
              [-80.883118, 25.110668]
            ]
          ],
          [
            [
              [-80.887311, 25.059835],
              [-80.885781, 25.061062],
              [-80.884814, 25.061199],
              [-80.883582, 25.059878],
              [-80.88392, 25.059201],
              [-80.885359, 25.058095],
              [-80.886369, 25.058447],
              [-80.887148, 25.059383],
              [-80.887311, 25.059835]
            ]
          ],
          [
            [
              [-80.904955, 25.051648],
              [-80.903444, 25.05233],
              [-80.901776, 25.052214],
              [-80.901583, 25.050331],
              [-80.902273, 25.049313],
              [-80.904055, 25.04966],
              [-80.904901, 25.050657],
              [-80.904955, 25.051648]
            ]
          ],
          [
            [
              [-80.909391, 25.133438],
              [-80.904231, 25.137429],
              [-80.900209, 25.137411],
              [-80.900573, 25.134901],
              [-80.905406, 25.132562],
              [-80.908605, 25.132541],
              [-80.909391, 25.133438]
            ]
          ],
          [
            [
              [-80.914995, 25.108624],
              [-80.913332, 25.110077],
              [-80.91202, 25.110325],
              [-80.9115, 25.109653],
              [-80.910624, 25.107968],
              [-80.908792, 25.106135],
              [-80.907384, 25.104329],
              [-80.907814, 25.102897],
              [-80.909767, 25.101874],
              [-80.911067, 25.101951],
              [-80.912179, 25.103493],
              [-80.912832, 25.105056],
              [-80.913992, 25.107044],
              [-80.914995, 25.108624]
            ]
          ],
          [
            [
              [-80.923153, 24.766678],
              [-80.906531, 24.770652],
              [-80.922944, 24.765688],
              [-80.923153, 24.766678]
            ]
          ],
          [
            [
              [-80.931591, 24.768729],
              [-80.9312027101707, 24.769645468587],
              [-80.930997, 24.770131],
              [-80.929333, 24.770023],
              [-80.928264, 24.769268],
              [-80.9282280432483, 24.7692628405724],
              [-80.926006, 24.768944],
              [-80.9258165978028, 24.7679134292209],
              [-80.925768, 24.767649],
              [-80.926362, 24.765923],
              [-80.928353, 24.764257],
              [-80.931531, 24.763398],
              [-80.931235, 24.764412],
              [-80.9312461767716, 24.7646368614888],
              [-80.931353, 24.766786],
              [-80.9313576871635, 24.7668242653726],
              [-80.931591, 24.768729]
            ]
          ],
          [
            [
              [-80.931574, 25.080643],
              [-80.929533, 25.08089],
              [-80.925168, 25.080554],
              [-80.926009, 25.079249],
              [-80.927345, 25.078445],
              [-80.929877, 25.078468],
              [-80.931183, 25.079211],
              [-80.932211, 25.080004],
              [-80.931574, 25.080643]
            ]
          ],
          [
            [
              [-80.943413, 25.108626],
              [-80.939217, 25.109694],
              [-80.935317, 25.111092],
              [-80.932481, 25.109231],
              [-80.935245, 25.107811],
              [-80.938159, 25.107178],
              [-80.939187, 25.106341],
              [-80.941642, 25.10617],
              [-80.944036, 25.107662],
              [-80.943413, 25.108626]
            ]
          ],
          [
            [
              [-81.124761, 24.707129],
              [-80.931416, 24.774344],
              [-81.015933, 24.719881],
              [-81.067135, 24.714931],
              [-81.0773, 24.689974],
              [-81.108041, 24.688592],
              [-81.124094, 24.704873],
              [-81.124761, 24.707129]
            ]
          ],
          [
            [
              [-81.230997, 24.782133],
              [-81.227978, 24.781785],
              [-81.227076, 24.77828],
              [-81.226135, 24.775721],
              [-81.227745, 24.775318],
              [-81.230055, 24.776859],
              [-81.231461, 24.780889],
              [-81.230997, 24.782133]
            ]
          ],
          [
            [
              [-81.280808, 24.655625],
              [-81.242992, 24.672462],
              [-81.281778, 24.65375],
              [-81.280808, 24.655625]
            ]
          ],
          [
            [
              [-81.295626, 24.777344],
              [-81.294433, 24.779573],
              [-81.293233, 24.780834],
              [-81.290616, 24.778092],
              [-81.287758, 24.776352],
              [-81.286384, 24.774171],
              [-81.284979, 24.771682],
              [-81.285734, 24.768242],
              [-81.289243, 24.769035],
              [-81.293946, 24.77257],
              [-81.295242, 24.775444],
              [-81.295626, 24.777344]
            ]
          ],
          [
            [
              [-81.314255, 24.7521320185185],
              [-81.298959, 24.743645],
              [-81.314255, 24.750815],
              [-81.314255, 24.7521320185185]
            ]
          ],
          [
            [
              [-81.327073, 24.763855],
              [-81.317345, 24.75675],
              [-81.327592, 24.762307],
              [-81.327073, 24.763855]
            ]
          ],
          [
            [
              [-81.330645, 24.729531],
              [-81.328397, 24.750275],
              [-81.302253, 24.730308],
              [-81.301181, 24.713994],
              [-81.329348, 24.726638],
              [-81.330645, 24.729531]
            ]
          ],
          [
            [
              [-81.342183, 24.739158],
              [-81.330893, 24.741641],
              [-81.342064, 24.738187],
              [-81.342183, 24.739158]
            ]
          ],
          [
            [
              [-81.355986, 25.703526],
              [-81.336009, 25.704439],
              [-81.338242, 25.692895],
              [-81.357004, 25.696645],
              [-81.355986, 25.703526]
            ]
          ],
          [
            [
              [-81.444252, 24.635283],
              [-81.442945, 24.636241],
              [-81.441716, 24.636031],
              [-81.440764, 24.634611],
              [-81.440873, 24.632971],
              [-81.442059, 24.632513],
              [-81.444312, 24.632921],
              [-81.444252, 24.635283]
            ]
          ],
          [
            [
              [-81.4700316575126, 25.8035785650911],
              [-80.873096, 25.805377],
              [-80.872932, 25.979434],
              [-80.680038, 25.978749],
              [-80.680016, 25.956857],
              [-80.440928, 25.956858],
              [-80.486611, 25.892422],
              [-80.496591, 25.623913],
              [-80.512137, 25.608682],
              [-80.501493, 25.433101],
              [-80.476663, 25.439102],
              [-80.477287, 25.462487],
              [-80.3344338271027, 25.4632920949457],
              [-80.320442, 25.437153],
              [-80.327924, 25.396835],
              [-80.305424, 25.387744],
              [-80.31036, 25.3731],
              [-80.342275, 25.323259],
              [-80.37064, 25.323219],
              [-80.372449, 25.287102],
              [-80.398119, 25.276786],
              [-80.399783, 25.238417],
              [-80.420461, 25.21197],
              [-80.40727, 25.19369],
              [-80.352841, 25.207561],
              [-80.339769, 25.227022],
              [-80.332163, 25.263031],
              [-80.365913, 25.285383],
              [-80.30662, 25.300614],
              [-80.266973, 25.352063],
              [-80.253015, 25.340494],
              [-80.367339, 25.16874],
              [-80.350284, 25.170232],
              [-80.358183, 25.153228],
              [-80.400057, 25.106026],
              [-80.423907, 25.104403],
              [-80.472137, 25.061535],
              [-80.565779, 24.957096],
              [-80.657695, 24.897354],
              [-80.623184, 24.94671],
              [-80.597629, 24.950339],
              [-80.598839, 24.966149],
              [-80.558405, 24.971294],
              [-80.543826, 25.013973],
              [-80.515889, 25.014728],
              [-80.461051, 25.07911],
              [-80.465739, 25.091704],
              [-80.433296, 25.107847],
              [-80.461342, 25.132487],
              [-80.442684, 25.191647],
              [-80.465501, 25.211755],
              [-80.500779, 25.211566],
              [-80.497983, 25.199932],
              [-80.519344, 25.222613],
              [-80.539091, 25.204384],
              [-80.562797, 25.212301],
              [-80.565515, 25.192939],
              [-80.577567, 25.201217],
              [-80.563291, 25.207383],
              [-80.579561, 25.212094],
              [-80.609179, 25.183689],
              [-80.605038, 25.203516],
              [-80.652231, 25.192793],
              [-80.663964, 25.176699],
              [-80.63411, 25.176462],
              [-80.673709, 25.138297],
              [-80.653263, 25.164549],
              [-80.672326, 25.174709],
              [-80.698067, 25.163394],
              [-80.70416, 25.140808],
              [-80.732304, 25.167616],
              [-80.747417, 25.157975],
              [-80.722741, 25.145407],
              [-80.768882, 25.162269],
              [-80.778056, 25.13821],
              [-80.78315, 25.165874],
              [-80.800526, 25.142985],
              [-80.793544, 25.176419],
              [-80.808543, 25.184426],
              [-80.826359, 25.160645],
              [-80.838886, 25.175926],
              [-80.87546, 25.174321],
              [-80.900066, 25.162034],
              [-80.900577, 25.139669],
              [-80.945543, 25.128436],
              [-81.087927, 25.116171],
              [-81.140985, 25.157189],
              [-81.149017, 25.19771],
              [-81.172044, 25.222276],
              [-81.151916, 25.324766],
              [-81.117265, 25.354953],
              [-81.123048, 25.379116],
              [-81.150508, 25.387255],
              [-81.16797, 25.469489],
              [-81.209707, 25.506491],
              [-81.209321, 25.548611],
              [-81.233577, 25.568906],
              [-81.241708, 25.606524],
              [-81.271489, 25.61434],
              [-81.290328, 25.687506],
              [-81.381881, 25.74919],
              [-81.389012, 25.781297],
              [-81.470229, 25.803327],
              [-81.4700316575126, 25.8035785650911]
            ]
          ],
          [
            [
              [-81.482815, 24.618093],
              [-81.467557, 24.611586],
              [-81.482815, 24.617157],
              [-81.482815, 24.618093]
            ]
          ],
          [
            [
              [-81.812306, 24.567331],
              [-81.810945, 24.569536],
              [-81.809588, 24.569509],
              [-81.809222, 24.568361],
              [-81.8093997770549, 24.5680958505201],
              [-81.810805, 24.566],
              [-81.81204, 24.566092],
              [-81.812306, 24.567331]
            ]
          ],
          [
            [
              [-81.812048, 24.548805],
              [-81.799495, 24.594168],
              [-81.794012, 24.575749],
              [-81.752834, 24.580234],
              [-81.721995, 24.606654],
              [-81.765336, 24.632626],
              [-81.754281, 24.654043],
              [-81.584599, 24.736696],
              [-81.571151, 24.756354],
              [-81.515804, 24.756165],
              [-81.498101, 24.792574],
              [-81.44351, 24.813364],
              [-81.451517, 24.76687],
              [-81.405467, 24.792709],
              [-81.371822, 24.779089],
              [-81.359415, 24.72858],
              [-81.319603, 24.702672],
              [-81.296895, 24.655382],
              [-81.394795, 24.621135],
              [-81.412537, 24.646732],
              [-81.505944, 24.65451],
              [-81.519025, 24.618812],
              [-81.604333, 24.586164],
              [-81.685243, 24.558676],
              [-81.812536, 24.545469],
              [-81.812048, 24.548805]
            ]
          ],
          [
            [
              [-81.815293, 24.56284],
              [-81.812797, 24.563589],
              [-81.812076, 24.562805],
              [-81.812259, 24.560775],
              [-81.813356, 24.560332],
              [-81.814591, 24.560424],
              [-81.815622, 24.562065],
              [-81.815293, 24.56284]
            ]
          ],
          [
            [
              [-81.89309, 24.562733],
              [-81.890429, 24.562567],
              [-81.885878, 24.562968],
              [-81.883857, 24.561216],
              [-81.883743, 24.56033],
              [-81.885875, 24.559287],
              [-81.888228, 24.557772],
              [-81.889455, 24.559016],
              [-81.891917, 24.559909],
              [-81.893114, 24.562144],
              [-81.89309, 24.562733]
            ]
          ],
          [
            [
              [-81.923515, 24.602646],
              [-81.923531, 24.605001],
              [-81.92308, 24.606625],
              [-81.921471, 24.606747],
              [-81.920479, 24.605673],
              [-81.919472, 24.60548],
              [-81.918884, 24.604279],
              [-81.920189, 24.602749],
              [-81.921082, 24.60129],
              [-81.922508, 24.600519],
              [-81.923309, 24.600487],
              [-81.924232, 24.601097],
              [-81.923515, 24.602646]
            ]
          ],
          [
            [
              [-81.925132, 24.54482],
              [-81.924476, 24.546311],
              [-81.922562, 24.547902],
              [-81.921328, 24.54848],
              [-81.919859, 24.548265],
              [-81.917976, 24.547494],
              [-81.916977, 24.546757],
              [-81.916766, 24.545353],
              [-81.917549, 24.543877],
              [-81.919631, 24.542325],
              [-81.921654, 24.541797],
              [-81.922857, 24.541142],
              [-81.924892, 24.539964],
              [-81.925379, 24.541891],
              [-81.925132, 24.54482]
            ]
          ],
          [
            [
              [-81.928337, 24.529245],
              [-81.917725, 24.530521],
              [-81.928329, 24.526587],
              [-81.928337, 24.529245]
            ]
          ],
          [
            [
              [-81.964362, 24.525122],
              [-81.9636305696814, 24.52503264751],
              [-81.963085, 24.524966],
              [-81.962379, 24.522129],
              [-81.962652217086, 24.5218050991647],
              [-81.963069, 24.521311],
              [-81.964274, 24.521304],
              [-81.965055, 24.524211],
              [-81.964362, 24.525122]
            ]
          ],
          [
            [
              [-81.978873, 24.524629],
              [-81.96818, 24.524852],
              [-81.978544, 24.523246],
              [-81.978873, 24.524629]
            ]
          ],
          [
            [
              [-82.009772, 24.534914],
              [-81.998308, 24.530863],
              [-82.009315, 24.532618],
              [-82.009772, 24.534914]
            ]
          ],
          [
            [
              [-82.145407, 24.5899],
              [-82.124827, 24.597064],
              [-82.099551, 24.57458],
              [-82.130253, 24.548207],
              [-82.110364, 24.568616],
              [-82.145602, 24.586473],
              [-82.145407, 24.5899]
            ]
          ],
          [
            [
              [-82.148868, 24.551646],
              [-82.147442, 24.552402],
              [-82.145184, 24.552511],
              [-82.144114, 24.551321],
              [-82.144503, 24.549864],
              [-82.146016, 24.548943],
              [-82.148868, 24.550673],
              [-82.148868, 24.551646]
            ]
          ],
          [
            [
              [-82.165664, 24.556589],
              [-82.156711, 24.56613],
              [-82.16522, 24.552802],
              [-82.165664, 24.556589]
            ]
          ],
          [
            [
              [-82.8752, 24.629252],
              [-82.863299, 24.628879],
              [-82.873656, 24.626469],
              [-82.8752, 24.629252]
            ]
          ],
          [
            [
              [-82.92429, 24.630827],
              [-82.921802, 24.633418],
              [-82.919339, 24.635162],
              [-82.917623, 24.636016],
              [-82.91672, 24.636246],
              [-82.917406, 24.634784],
              [-82.918617, 24.633421],
              [-82.920749, 24.631451],
              [-82.922519, 24.629726],
              [-82.923621, 24.628905],
              [-82.926114, 24.628051],
              [-82.92429, 24.630827]
            ]
          ]
        ]
      }
    },
    {
      "type": "Feature",
      "id": "12_07106",
      "properties": {
        "state_puma_id": "12_07106",
        "state_name": "Florida",
        "state_fips": "12",
        "puma_name": "Lee County (North)--Cape Coral City (North) PUMA"
      },
      "geometry": {
        "type": "Polygon",
        "coordinates": [
          [
            [-82.0912244295713, 26.667286636838],
            [-82.0598739239255, 26.7704052700131],
            [-81.931333, 26.770051],
            [-81.940215, 26.740619],
            [-81.902192, 26.711348],
            [-81.919944, 26.696832],
            [-81.910984, 26.681597],
            [-81.995004, 26.643054],
            [-81.982464, 26.549159],
            [-82.015298, 26.528841],
            [-82.0647302945756, 26.5406821334759],
            [-82.059036, 26.60607],
            [-82.091355, 26.666771],
            [-82.0912244295713, 26.667286636838]
          ]
        ]
      }
    },
    {
      "type": "Feature",
      "id": "12_09703",
      "properties": {
        "state_puma_id": "12_09703",
        "state_name": "Florida",
        "state_fips": "12",
        "puma_name": "Osceola County (West)--Kissimmee PUMA"
      },
      "geometry": {
        "type": "Polygon",
        "coordinates": [
          [
            [-81.487591, 28.347088],
            [-81.229407, 28.345491],
            [-81.284704, 28.293808],
            [-81.33446, 28.304209],
            [-81.349457, 28.291046],
            [-81.32974, 28.251886],
            [-81.339469, 28.232306],
            [-81.379669, 28.237766],
            [-81.396872, 28.209417],
            [-81.440224, 28.209538],
            [-81.436245, 28.246025],
            [-81.46246, 28.245386],
            [-81.477504, 28.212666],
            [-81.487258, 28.252416],
            [-81.470232, 28.318547],
            [-81.48181, 28.340443],
            [-81.487591, 28.347088]
          ]
        ]
      }
    },
    {
      "type": "Feature",
      "id": "12_09102",
      "properties": {
        "state_puma_id": "12_09102",
        "state_name": "Florida",
        "state_fips": "12",
        "puma_name": "Okaloosa County (South) PUMA"
      },
      "geometry": {
        "type": "MultiPolygon",
        "coordinates": [
          [
            [
              [-86.638179, 30.470071],
              [-86.638166, 30.471668],
              [-86.634, 30.471614],
              [-86.634015, 30.46989],
              [-86.634066, 30.467907],
              [-86.638219, 30.467927],
              [-86.638179, 30.470071]
            ]
          ],
          [
            [
              [-86.651164, 30.468638],
              [-86.651053, 30.471858],
              [-86.646856, 30.471767],
              [-86.64695, 30.468168],
              [-86.650965, 30.46819],
              [-86.65117, 30.468177],
              [-86.651164, 30.468638]
            ]
          ],
          [
            [
              [-86.799162, 30.393261],
              [-86.799191, 30.416394],
              [-86.681955, 30.40563],
              [-86.672235, 30.435799],
              [-86.655542, 30.435312],
              [-86.655374, 30.468185],
              [-86.596887, 30.463244],
              [-86.587561, 30.476542],
              [-86.576967, 30.450257],
              [-86.531114, 30.474903],
              [-86.528884, 30.452014],
              [-86.512762, 30.451511],
              [-86.450538, 30.490397],
              [-86.424477, 30.449218],
              [-86.394783, 30.450066],
              [-86.3973611301775, 30.3786613877174],
              [-86.64366, 30.397043],
              [-86.7994809735241, 30.3872241102845],
              [-86.799162, 30.393261]
            ]
          ]
        ]
      }
    },
    {
      "type": "Feature",
      "id": "12_05707",
      "properties": {
        "state_puma_id": "12_05707",
        "state_name": "Florida",
        "state_fips": "12",
        "puma_name": "Hillsborough County (Central) PUMA"
      },
      "geometry": {
        "type": "Polygon",
        "coordinates": [
          [
            [-82.414097, 27.983549],
            [-82.327295, 28.00221],
            [-82.326604, 27.972858],
            [-82.25294, 27.987885],
            [-82.252745, 27.92335],
            [-82.269278, 27.922545],
            [-82.269255, 27.893616],
            [-82.293983, 27.893605],
            [-82.296584, 27.87887],
            [-82.307661, 27.884378],
            [-82.299053, 27.893609],
            [-82.346538, 27.894153],
            [-82.360924, 27.907847],
            [-82.401799, 27.901032],
            [-82.401877, 27.923024],
            [-82.385056, 27.92276],
            [-82.367236, 27.966445],
            [-82.404315, 27.965162],
            [-82.384506, 27.981527],
            [-82.416713, 27.98147],
            [-82.414097, 27.983549]
          ]
        ]
      }
    },
    {
      "type": "Feature",
      "id": "12_08612",
      "properties": {
        "state_puma_id": "12_08612",
        "state_name": "Florida",
        "state_fips": "12",
        "puma_name": "Miami-Dade County (Northeast)--Miami Beach City, Surfside & Bay Harbor Islands Towns PUMA"
      },
      "geometry": {
        "type": "Polygon",
        "coordinates": [
          [
            [-80.188964, 25.792338],
            [-80.163865, 25.797191],
            [-80.163468, 25.855673],
            [-80.131765, 25.898326],
            [-80.119491, 25.827696],
            [-80.1405883296597, 25.754228123493],
            [-80.166154, 25.788887],
            [-80.189078, 25.789538],
            [-80.188964, 25.792338]
          ]
        ]
      }
    },
    {
      "type": "Feature",
      "id": "12_01115",
      "properties": {
        "state_puma_id": "12_01115",
        "state_name": "Florida",
        "state_fips": "12",
        "puma_name": "Broward County (Northwest) Coral Springs City PUMA"
      },
      "geometry": {
        "type": "Polygon",
        "coordinates": [
          [
            [-80.881285, 26.333806],
            [-80.296986, 26.334356],
            [-80.297788, 26.287354],
            [-80.202049, 26.28622],
            [-80.201862, 26.274249],
            [-80.234213, 26.272144],
            [-80.233745, 26.230131],
            [-80.298164, 26.22944],
            [-80.298065, 26.18981],
            [-80.3667, 26.128278],
            [-80.449711, 26.141841],
            [-80.439389, 25.956852],
            [-80.680016, 25.956857],
            [-80.680038, 25.978749],
            [-80.872932, 25.979434],
            [-80.881232, 26.331461],
            [-80.881285, 26.333806]
          ]
        ]
      }
    },
    {
      "type": "Feature",
      "id": "12_00101",
      "properties": {
        "state_puma_id": "12_00101",
        "state_name": "Florida",
        "state_fips": "12",
        "puma_name": "Alachua County (Central)--Gainesville City (Central) PUMA"
      },
      "geometry": {
        "type": "Polygon",
        "coordinates": [
          [
            [-82.466092, 29.716325],
            [-82.388888, 29.703259],
            [-82.384258, 29.739311],
            [-82.343091, 29.703215],
            [-82.255698, 29.707465],
            [-82.255733, 29.688234],
            [-82.22485, 29.687883],
            [-82.238504, 29.675635],
            [-82.237161, 29.636337],
            [-82.25765, 29.624995],
            [-82.2483, 29.611172],
            [-82.284077, 29.595836],
            [-82.322173, 29.629797],
            [-82.340873, 29.614724],
            [-82.339186, 29.594704],
            [-82.359243, 29.593156],
            [-82.457832, 29.701129],
            [-82.466092, 29.716325]
          ]
        ]
      }
    },
    {
      "type": "Feature",
      "id": "12_08609",
      "properties": {
        "state_puma_id": "12_08609",
        "state_name": "Florida",
        "state_fips": "12",
        "puma_name": "Miami-Dade County (Northeast)--Hialeah City (South) PUMA"
      },
      "geometry": {
        "type": "Polygon",
        "coordinates": [
          [
            [-80.339, 25.867122],
            [-80.267197, 25.88184],
            [-80.258426, 25.805959],
            [-80.339546, 25.866223],
            [-80.339, 25.867122]
          ]
        ]
      }
    },
    {
      "type": "Feature",
      "id": "12_06903",
      "properties": {
        "state_puma_id": "12_06903",
        "state_name": "Florida",
        "state_fips": "12",
        "puma_name": "Lake County (South) PUMA"
      },
      "geometry": {
        "type": "Polygon",
        "coordinates": [
          [
            [-81.95616, 28.41358],
            [-81.954496, 28.655692],
            [-81.8641, 28.684416],
            [-81.657299, 28.553122],
            [-81.657087, 28.347647],
            [-81.790727, 28.346413],
            [-81.790887, 28.361837],
            [-81.857624, 28.361868],
            [-81.857512, 28.345965],
            [-81.957641, 28.34518],
            [-81.95616, 28.41358]
          ]
        ]
      }
    },
    {
      "type": "Feature",
      "id": "12_09101",
      "properties": {
        "state_puma_id": "12_09101",
        "state_name": "Florida",
        "state_fips": "12",
        "puma_name": "Okaloosa County (North) PUMA"
      },
      "geometry": {
        "type": "Polygon",
        "coordinates": [
          [
            [-86.799184, 30.416633],
            [-86.785692460564, 30.9969741853795],
            [-86.3886460004315, 30.9941810207682],
            [-86.394454, 30.454877],
            [-86.424477, 30.449218],
            [-86.450538, 30.490397],
            [-86.512762, 30.451511],
            [-86.528884, 30.452014],
            [-86.531114, 30.474903],
            [-86.576967, 30.450257],
            [-86.587561, 30.476542],
            [-86.596887, 30.463244],
            [-86.655374, 30.468185],
            [-86.655542, 30.435312],
            [-86.672235, 30.435799],
            [-86.681955, 30.40563],
            [-86.799191, 30.416394],
            [-86.799184, 30.416633]
          ],
          [
            [-86.634066, 30.467907],
            [-86.634015, 30.46989],
            [-86.634, 30.471614],
            [-86.638166, 30.471668],
            [-86.638179, 30.470071],
            [-86.638219, 30.467927],
            [-86.634066, 30.467907]
          ],
          [
            [-86.65117, 30.468177],
            [-86.650965, 30.46819],
            [-86.64695, 30.468168],
            [-86.646856, 30.471767],
            [-86.651053, 30.471858],
            [-86.651164, 30.468638],
            [-86.65117, 30.468177]
          ]
        ]
      }
    },
    {
      "type": "Feature",
      "id": "12_09910",
      "properties": {
        "state_puma_id": "12_09910",
        "state_name": "Florida",
        "state_fips": "12",
        "puma_name": "Palm Beach County (Central)--Wellington Village & Agricultural Reserve PUMA"
      },
      "geometry": {
        "type": "Polygon",
        "coordinates": [
          [
            [-80.364374, 26.680899],
            [-80.16635, 26.679187],
            [-80.171419, 26.416357],
            [-80.220028, 26.416225],
            [-80.233765, 26.416578],
            [-80.220765, 26.468311],
            [-80.233342, 26.542522],
            [-80.279512, 26.602222],
            [-80.347157, 26.647675],
            [-80.364263, 26.680423],
            [-80.364374, 26.680899]
          ]
        ]
      }
    },
    {
      "type": "Feature",
      "id": "12_10903",
      "properties": {
        "state_puma_id": "12_10903",
        "state_name": "Florida",
        "state_fips": "12",
        "puma_name": "St. Johns County (Northeast) PUMA"
      },
      "geometry": {
        "type": "Polygon",
        "coordinates": [
          [
            [-81.503294, 30.104358],
            [-81.433783, 30.105536],
            [-81.436929, 30.252335],
            [-81.3798769128199, 30.2529135364396],
            [-81.308978, 29.96944],
            [-81.275113, 29.898838],
            [-81.25792, 29.768812],
            [-81.302575, 29.832513],
            [-81.34663, 29.822327],
            [-81.361037, 29.847442],
            [-81.344118, 29.863734],
            [-81.354353, 29.887286],
            [-81.395138, 29.861354],
            [-81.414224, 29.922732],
            [-81.496626, 30.044003],
            [-81.504264, 30.104348],
            [-81.503294, 30.104358]
          ]
        ]
      }
    },
    {
      "type": "Feature",
      "id": "12_02103",
      "properties": {
        "state_puma_id": "12_02103",
        "state_name": "Florida",
        "state_fips": "12",
        "puma_name": "Collier County (East) PUMA"
      },
      "geometry": {
        "type": "Polygon",
        "coordinates": [
          [
            [-81.755514, 25.957306],
            [-81.732736, 25.975193],
            [-81.709839, 25.963359],
            [-81.702499, 25.984344],
            [-81.699124, 26.063067],
            [-81.73664, 26.09457],
            [-81.687041, 26.109657],
            [-81.690494, 26.317334],
            [-81.6579, 26.317563],
            [-81.659506, 26.421077],
            [-81.56218, 26.422625],
            [-81.563763, 26.513331],
            [-81.271768, 26.517069],
            [-81.268236, 26.253069],
            [-80.87971, 26.259308],
            [-80.873096, 25.805377],
            [-81.4700316575126, 25.8035785650911],
            [-81.499616, 25.834805],
            [-81.530006, 25.838613],
            [-81.534234, 25.856609],
            [-81.564393, 25.856209],
            [-81.63858, 25.905431],
            [-81.672088, 25.881845],
            [-81.6848, 25.847205],
            [-81.7534266132711, 25.9518631632538],
            [-81.755514, 25.957306]
          ]
        ]
      }
    },
    {
      "type": "Feature",
      "id": "12_08103",
      "properties": {
        "state_puma_id": "12_08103",
        "state_name": "Florida",
        "state_fips": "12",
        "puma_name": "Manatee County (South) PUMA"
      },
      "geometry": {
        "type": "Polygon",
        "coordinates": [
          [
            [-82.6917896186621, 27.4374912135327],
            [-82.636885, 27.462344],
            [-82.636248, 27.448109],
            [-82.459199, 27.440989],
            [-82.471806, 27.490942],
            [-82.398339, 27.475746],
            [-82.206506, 27.473233],
            [-82.175246, 27.459662],
            [-82.055487, 27.473096],
            [-82.056497, 27.207769],
            [-82.253596, 27.208916],
            [-82.252264, 27.386243],
            [-82.6428345450266, 27.3897369770961],
            [-82.691821, 27.437218],
            [-82.6917896186621, 27.4374912135327]
          ]
        ]
      }
    },
    {
      "type": "Feature",
      "id": "12_09505",
      "properties": {
        "state_puma_id": "12_09505",
        "state_name": "Florida",
        "state_fips": "12",
        "puma_name": "Orange County (Central)--Orlando City (East Downtown) & Azalea Park PUMA"
      },
      "geometry": {
        "type": "Polygon",
        "coordinates": [
          [
            [-81.397328, 28.549934],
            [-81.389645, 28.582015],
            [-81.333734, 28.56791],
            [-81.333414, 28.553516],
            [-81.286208, 28.56837],
            [-81.285334, 28.498982],
            [-81.341526, 28.51474],
            [-81.397036, 28.510066],
            [-81.397295, 28.543858],
            [-81.397328, 28.549934]
          ]
        ]
      }
    },
    {
      "type": "Feature",
      "id": "12_09901",
      "properties": {
        "state_puma_id": "12_09901",
        "state_name": "Florida",
        "state_fips": "12",
        "puma_name": "Palm Beach County (Northeast) PUMA"
      },
      "geometry": {
        "type": "Polygon",
        "coordinates": [
          [
            [-80.374839, 26.958386],
            [-80.142007, 26.95664],
            [-80.141758, 26.97094],
            [-80.079948827411, 26.9705170314788],
            [-80.0462255385049, 26.8590798703054],
            [-80.060734, 26.837051],
            [-80.095162, 26.843878],
            [-80.095367, 26.882856],
            [-80.144349, 26.881792],
            [-80.144239, 26.89656],
            [-80.225348, 26.897702],
            [-80.234893, 26.865353],
            [-80.351947, 26.94315],
            [-80.374839, 26.958386]
          ]
        ]
      }
    },
    {
      "type": "Feature",
      "id": "12_05711",
      "properties": {
        "state_puma_id": "12_05711",
        "state_name": "Florida",
        "state_fips": "12",
        "puma_name": "Hillsborough County (Central)--Progress Village, Gibsonton, Riverview PUMA"
      },
      "geometry": {
        "type": "MultiPolygon",
        "coordinates": [
          [
            [
              [-82.420554, 27.846539],
              [-82.405601, 27.847959],
              [-82.421396, 27.844604],
              [-82.420554, 27.846539]
            ]
          ],
          [
            [
              [-82.435562, 27.904632],
              [-82.430212, 27.932329],
              [-82.401877, 27.923024],
              [-82.401799, 27.901032],
              [-82.299053, 27.893609],
              [-82.307661, 27.884378],
              [-82.2693, 27.853591],
              [-82.31436, 27.843621],
              [-82.273365, 27.769569],
              [-82.335062, 27.770024],
              [-82.3349, 27.791971],
              [-82.4120658636722, 27.7938138644065],
              [-82.410493, 27.810729],
              [-82.385854, 27.819651],
              [-82.402615, 27.882602],
              [-82.4360798307376, 27.9043348967756],
              [-82.435562, 27.904632]
            ]
          ]
        ]
      }
    },
    {
      "type": "Feature",
      "id": "12_05702",
      "properties": {
        "state_puma_id": "12_05702",
        "state_name": "Florida",
        "state_fips": "12",
        "puma_name": "Hillsborough County (Southwest)--Tampa City (South Central) PUMA"
      },
      "geometry": {
        "type": "Polygon",
        "coordinates": [
          [
            [-82.574196, 27.975755],
            [-82.526103, 27.996153],
            [-82.527625, 28.037313],
            [-82.48416, 28.033069],
            [-82.475285, 27.966782],
            [-82.367236, 27.966445],
            [-82.385056, 27.92276],
            [-82.430212, 27.932329],
            [-82.4360798307376, 27.9043348967756],
            [-82.464737, 27.95637],
            [-82.5445856073925, 27.9431018506676],
            [-82.5750406389544, 27.9757852259044],
            [-82.574196, 27.975755]
          ]
        ]
      }
    },
    {
      "type": "Feature",
      "id": "12_09903",
      "properties": {
        "state_puma_id": "12_09903",
        "state_name": "Florida",
        "state_fips": "12",
        "puma_name": "Palm Beach County (East)--West Palm Beach City (Southeast) & Palm Beach Town PUMA"
      },
      "geometry": {
        "type": "Polygon",
        "coordinates": [
          [
            [-80.160987, 26.686836],
            [-80.136663, 26.715453],
            [-80.133876, 26.759983],
            [-80.0358111881491, 26.7731121423453],
            [-80.0360943482375, 26.6152597336986],
            [-80.042884, 26.644366],
            [-80.069132, 26.646183],
            [-80.07093, 26.676061],
            [-80.16635, 26.679187],
            [-80.160987, 26.686836]
          ]
        ]
      }
    },
    {
      "type": "Feature",
      "id": "12_01117",
      "properties": {
        "state_puma_id": "12_01117",
        "state_name": "Florida",
        "state_fips": "12",
        "puma_name": "Broward County (West) Weston, Sunrise (S), Davie (W) Cities & Southwest Ranches Town PUMA"
      },
      "geometry": {
        "type": "Polygon",
        "coordinates": [
          [
            [-80.449711, 26.141841],
            [-80.330207, 26.11922],
            [-80.312787, 26.035176],
            [-80.441717, 26.035157],
            [-80.449752, 26.140746],
            [-80.449711, 26.141841]
          ]
        ]
      }
    },
    {
      "type": "Feature",
      "id": "12_11101",
      "properties": {
        "state_puma_id": "12_11101",
        "state_name": "Florida",
        "state_fips": "12",
        "puma_name": "St. Lucie County (North) PUMA"
      },
      "geometry": {
        "type": "Polygon",
        "coordinates": [
          [
            [-80.679821, 27.55847],
            [-80.3215593152909, 27.5573637757683],
            [-80.29658, 27.470981],
            [-80.1994351436366, 27.263023139554],
            [-80.283936, 27.263727],
            [-80.325375, 27.334248],
            [-80.32593, 27.41071],
            [-80.358476, 27.42555],
            [-80.35007, 27.48397],
            [-80.419719, 27.484536],
            [-80.419941, 27.470081],
            [-80.443284, 27.470232],
            [-80.38656, 27.37954],
            [-80.48134, 27.29494],
            [-80.481413, 27.20637],
            [-80.677862, 27.205988],
            [-80.679715, 27.557646],
            [-80.679821, 27.55847]
          ]
        ]
      }
    },
    {
      "type": "Feature",
      "id": "12_01109",
      "properties": {
        "state_puma_id": "12_01109",
        "state_name": "Florida",
        "state_fips": "12",
        "puma_name": "Broward County (Southeast)--Hollywood (North) & Dania Beach Cities PUMA"
      },
      "geometry": {
        "type": "Polygon",
        "coordinates": [
          [
            [-80.248811, 26.029959],
            [-80.223543, 26.046302],
            [-80.224075, 26.065606],
            [-80.207756, 26.062946],
            [-80.20204, 26.088114],
            [-80.161514, 26.099099],
            [-80.134276, 26.080276],
            [-80.135639, 26.092844],
            [-80.106834437294, 26.0933073869695],
            [-80.1149838944385, 26.0133513059949],
            [-80.248794, 26.02822],
            [-80.248811, 26.029959]
          ]
        ]
      }
    },
    {
      "type": "Feature",
      "id": "12_01116",
      "properties": {
        "state_puma_id": "12_01116",
        "state_name": "Florida",
        "state_fips": "12",
        "puma_name": "Broward County (East Central)--Wilton Manors, Fort Lauderdale (North), Oakland Park PUMA"
      },
      "geometry": {
        "type": "Polygon",
        "coordinates": [
          [
            [-80.203951, 26.200009],
            [-80.188284, 26.21854],
            [-80.0929402346064, 26.2048700959126],
            [-80.109723, 26.128224],
            [-80.138645, 26.136924],
            [-80.118344, 26.157891],
            [-80.145952, 26.151243],
            [-80.161902, 26.165989],
            [-80.186918, 26.150797],
            [-80.187325, 26.180379],
            [-80.203583, 26.180322],
            [-80.203851, 26.19527],
            [-80.203951, 26.200009]
          ]
        ]
      }
    },
    {
      "type": "Feature",
      "id": "12_10101",
      "properties": {
        "state_puma_id": "12_10101",
        "state_name": "Florida",
        "state_fips": "12",
        "puma_name": "Pasco County (East Central) PUMA"
      },
      "geometry": {
        "type": "Polygon",
        "coordinates": [
          [
            [-82.520358, 28.314374],
            [-82.459181, 28.433687],
            [-82.253439, 28.434824],
            [-82.251907, 28.478794],
            [-82.054694, 28.478397],
            [-82.055531, 28.258928],
            [-82.106205, 28.259226],
            [-82.105857, 28.197322],
            [-82.129155, 28.206606],
            [-82.148444, 28.195361],
            [-82.167937, 28.223211],
            [-82.213079, 28.208028],
            [-82.213262, 28.229935],
            [-82.258333, 28.218736],
            [-82.312584, 28.24051],
            [-82.412834, 28.240144],
            [-82.45781, 28.2267],
            [-82.462162, 28.208886],
            [-82.520255, 28.311647],
            [-82.520358, 28.314374]
          ]
        ]
      }
    },
    {
      "type": "Feature",
      "id": "12_11502",
      "properties": {
        "state_puma_id": "12_11502",
        "state_name": "Florida",
        "state_fips": "12",
        "puma_name": "Sarasota County (Central & Gulf Coast) PUMA"
      },
      "geometry": {
        "type": "Polygon",
        "coordinates": [
          [
            [-82.5411893341494, 27.2561499657103],
            [-82.513758, 27.268996],
            [-82.510009, 27.308311],
            [-82.448197, 27.308696],
            [-82.446849, 27.344171],
            [-82.383747, 27.338656],
            [-82.386101, 27.249576],
            [-82.449156, 27.269284],
            [-82.434532, 27.172843],
            [-82.397562, 27.122806],
            [-82.400917, 27.099636],
            [-82.433593, 27.093827],
            [-82.413015, 27.057603],
            [-82.419695, 27.044388],
            [-82.4457498095544, 27.0607139870448],
            [-82.539719, 27.254326],
            [-82.5411893341494, 27.2561499657103]
          ]
        ]
      }
    },
    {
      "type": "Feature",
      "id": "12_01101",
      "properties": {
        "state_puma_id": "12_01101",
        "state_name": "Florida",
        "state_fips": "12",
        "puma_name": "Broward County (NNW)--Coral Springs (North), Parkland, & Coconut Creek (North) Cities PUMA"
      },
      "geometry": {
        "type": "Polygon",
        "coordinates": [
          [
            [-80.29778, 26.28786],
            [-80.296881, 26.355431],
            [-80.152669, 26.317959],
            [-80.169996, 26.317782],
            [-80.168784, 26.27423],
            [-80.297788, 26.287354],
            [-80.29778, 26.28786]
          ]
        ]
      }
    },
    {
      "type": "Feature",
      "id": "12_10301",
      "properties": {
        "state_puma_id": "12_10301",
        "state_name": "Florida",
        "state_fips": "12",
        "puma_name": "Pinellas County (North) PUMA"
      },
      "geometry": {
        "type": "MultiPolygon",
        "coordinates": [
          [
            [
              [-82.800882, 28.17091],
              [-82.651165, 28.173266],
              [-82.64858, 28.060025],
              [-82.686098, 28.058879],
              [-82.689337, 28.047372],
              [-82.780302, 28.049444],
              [-82.778313, 28.121585],
              [-82.80025, 28.169469],
              [-82.800882, 28.17091]
            ]
          ],
          [
            [
              [-82.8430428503104, 28.1211934661377],
              [-82.832237, 28.129057],
              [-82.832405, 28.106716],
              [-82.843374, 28.119538],
              [-82.8430428503104, 28.1211934661377]
            ]
          ],
          [
            [
              [-82.8480484540197, 28.1717169638104],
              [-82.844579, 28.17171],
              [-82.8430268926063, 28.1717337038355],
              [-82.840401, 28.166864],
              [-82.842651, 28.163849],
              [-82.846601, 28.165307],
              [-82.8480484540197, 28.1717169638104]
            ]
          ]
        ]
      }
    },
    {
      "type": "Feature",
      "id": "12_01103",
      "properties": {
        "state_puma_id": "12_01103",
        "state_name": "Florida",
        "state_fips": "12",
        "puma_name": "Broward County (NE)--Deerfield Beach, Pompano Beach (North) & Lighthouse Point Cities PUMA"
      },
      "geometry": {
        "type": "Polygon",
        "coordinates": [
          [
            [-80.16962, 26.317788],
            [-80.0748372451019, 26.3210316022663],
            [-80.0813638457439, 26.2581412769836],
            [-80.09951, 26.261142],
            [-80.097501, 26.27554],
            [-80.168784, 26.27423],
            [-80.169996, 26.317782],
            [-80.16962, 26.317788]
          ]
        ]
      }
    },
    {
      "type": "Feature",
      "id": "12_09909",
      "properties": {
        "state_puma_id": "12_09909",
        "state_name": "Florida",
        "state_fips": "12",
        "puma_name": "Palm Beach County (West of Boca Raton City) PUMA"
      },
      "geometry": {
        "type": "Polygon",
        "coordinates": [
          [
            [-80.297395, 26.356345],
            [-80.251669, 26.364988],
            [-80.233765, 26.416578],
            [-80.171419, 26.416357],
            [-80.170695, 26.367896],
            [-80.145738, 26.368824],
            [-80.153734, 26.343888],
            [-80.120125, 26.327791],
            [-80.204083, 26.327822],
            [-80.297504, 26.355755],
            [-80.297395, 26.356345]
          ]
        ]
      }
    },
    {
      "type": "Feature",
      "id": "12_02101",
      "properties": {
        "state_puma_id": "12_02101",
        "state_name": "Florida",
        "state_fips": "12",
        "puma_name": "Collier County (Northwest) PUMA"
      },
      "geometry": {
        "type": "Polygon",
        "coordinates": [
          [
            [-81.8457752770578, 26.3303814585148],
            [-81.819119, 26.330424],
            [-81.819019, 26.316245],
            [-81.690494, 26.317334],
            [-81.687223, 26.19958],
            [-81.71943, 26.199239],
            [-81.718785, 26.168807],
            [-81.767038, 26.16793],
            [-81.768407, 26.211671],
            [-81.779507, 26.200597],
            [-81.792283, 26.211333],
            [-81.79983, 26.181955],
            [-81.800421, 26.211242],
            [-81.8172971481919, 26.2108929042396],
            [-81.844555, 26.327712],
            [-81.8457752770578, 26.3303814585148]
          ]
        ]
      }
    },
    {
      "type": "Feature",
      "id": "12_11501",
      "properties": {
        "state_puma_id": "12_11501",
        "state_name": "Florida",
        "state_fips": "12",
        "puma_name": "Sarasota County (North) PUMA"
      },
      "geometry": {
        "type": "Polygon",
        "coordinates": [
          [
            [-82.6428345450266, 27.3897369770961],
            [-82.449001, 27.388608],
            [-82.448197, 27.308696],
            [-82.510009, 27.308311],
            [-82.513758, 27.268996],
            [-82.531809, 27.254248],
            [-82.568892, 27.275577],
            [-82.56006, 27.2951],
            [-82.642821, 27.38972],
            [-82.6428345450266, 27.3897369770961]
          ]
        ]
      }
    },
    {
      "type": "Feature",
      "id": "12_08101",
      "properties": {
        "state_puma_id": "12_08101",
        "state_name": "Florida",
        "state_fips": "12",
        "puma_name": "Manatee County (North) PUMA"
      },
      "geometry": {
        "type": "MultiPolygon",
        "coordinates": [
          [
            [
              [-82.5766945787129, 27.6350782198384],
              [-82.5726353851295, 27.6368727092786],
              [-82.569329, 27.633161],
              [-82.569178, 27.630531],
              [-82.573608, 27.631266],
              [-82.576697, 27.635056],
              [-82.5766945787129, 27.6350782198384]
            ]
          ],
          [
            [
              [-82.646014, 27.53354],
              [-82.611717, 27.585283],
              [-82.57745, 27.599556],
              [-82.5540885876195, 27.6458028420481],
              [-82.054349, 27.646382],
              [-82.055487, 27.473096],
              [-82.175246, 27.459662],
              [-82.508788, 27.498567],
              [-82.549396, 27.476986],
              [-82.577537, 27.495491],
              [-82.636682, 27.496157],
              [-82.646672, 27.531832],
              [-82.646014, 27.53354]
            ]
          ]
        ]
      }
    },
    {
      "type": "Feature",
      "id": "12_03106",
      "properties": {
        "state_puma_id": "12_03106",
        "state_name": "Florida",
        "state_fips": "12",
        "puma_name": "Duval County (Southeast)--Jacksonville City (Southeast) PUMA"
      },
      "geometry": {
        "type": "Polygon",
        "coordinates": [
          [
            [-81.667604, 30.314212],
            [-81.642116, 30.318339],
            [-81.594557, 30.290502],
            [-81.421153, 30.288172],
            [-81.420011, 30.275996],
            [-81.436929, 30.252335],
            [-81.433783, 30.105536],
            [-81.504264, 30.104348],
            [-81.544, 30.145591],
            [-81.580724, 30.23507],
            [-81.651321, 30.308702],
            [-81.668017, 30.301339],
            [-81.667604, 30.314212]
          ]
        ]
      }
    },
    {
      "type": "Feature",
      "id": "12_11102",
      "properties": {
        "state_puma_id": "12_11102",
        "state_name": "Florida",
        "state_fips": "12",
        "puma_name": "St. Lucie County (Southeast) PUMA"
      },
      "geometry": {
        "type": "Polygon",
        "coordinates": [
          [
            [-80.44302, 27.470231],
            [-80.419941, 27.470081],
            [-80.419719, 27.484536],
            [-80.35007, 27.48397],
            [-80.358476, 27.42555],
            [-80.32593, 27.41071],
            [-80.325375, 27.334248],
            [-80.283936, 27.263727],
            [-80.28551, 27.206025],
            [-80.331821, 27.205724],
            [-80.37358, 27.30122],
            [-80.376722, 27.359614],
            [-80.443284, 27.470232],
            [-80.44302, 27.470231]
          ]
        ]
      }
    },
    {
      "type": "Feature",
      "id": "12_08618",
      "properties": {
        "state_puma_id": "12_08618",
        "state_name": "Florida",
        "state_fips": "12",
        "puma_name": "Miami-Dade County (North Central)--Tamiami Trail Region (South), Tamiami PUMA"
      },
      "geometry": {
        "type": "Polygon",
        "coordinates": [
          [
            [-80.49842, 25.76103],
            [-80.368408, 25.7613],
            [-80.367711, 25.746714],
            [-80.367778, 25.732308],
            [-80.399617, 25.729636],
            [-80.399076, 25.714935],
            [-80.497039, 25.726973],
            [-80.49842, 25.76103]
          ]
        ]
      }
    },
    {
      "type": "Feature",
      "id": "12_07104",
      "properties": {
        "state_puma_id": "12_07104",
        "state_name": "Florida",
        "state_fips": "12",
        "puma_name": "Lee County (Central)--Greater Fort Myers City PUMA"
      },
      "geometry": {
        "type": "Polygon",
        "coordinates": [
          [
            [-81.913672, 26.624988],
            [-81.888317, 26.652138],
            [-81.910538, 26.681785],
            [-81.871179, 26.684667],
            [-81.832364, 26.714596],
            [-81.799731, 26.714997],
            [-81.816597, 26.677139],
            [-81.799446, 26.663181],
            [-81.762052, 26.693556],
            [-81.717931, 26.648775],
            [-81.76778, 26.618617],
            [-81.750155, 26.556248],
            [-81.794826, 26.547209],
            [-81.792159, 26.571199],
            [-81.827716, 26.570607],
            [-81.849319, 26.528532],
            [-81.855236, 26.564597],
            [-81.908209, 26.583052],
            [-81.913447, 26.624264],
            [-81.913672, 26.624988]
          ]
        ]
      }
    },
    {
      "type": "Feature",
      "id": "12_09701",
      "properties": {
        "state_puma_id": "12_09701",
        "state_name": "Florida",
        "state_fips": "12",
        "puma_name": "Osceola County (West) PUMA"
      },
      "geometry": {
        "type": "Polygon",
        "coordinates": [
          [
            [-81.657268, 28.347098],
            [-81.487591, 28.347088],
            [-81.470232, 28.318547],
            [-81.486804, 28.228514],
            [-81.466552, 28.212593],
            [-81.46246, 28.245386],
            [-81.436245, 28.246025],
            [-81.440224, 28.209538],
            [-81.396872, 28.209417],
            [-81.391458, 28.182611],
            [-81.351536, 28.140316],
            [-81.34377, 28.084741],
            [-81.455758, 28.08489],
            [-81.456214, 28.143163],
            [-81.524227, 28.142805],
            [-81.524083, 28.201012],
            [-81.557459, 28.259362],
            [-81.657189, 28.259217],
            [-81.657153, 28.343084],
            [-81.657268, 28.347098]
          ]
        ]
      }
    },
    {
      "type": "Feature",
      "id": "12_10306",
      "properties": {
        "state_puma_id": "12_10306",
        "state_name": "Florida",
        "state_fips": "12",
        "puma_name": "Pinellas County (Central)--Greater Pinellas Park City PUMA"
      },
      "geometry": {
        "type": "Polygon",
        "coordinates": [
          [
            [-82.764723, 27.818803],
            [-82.73737, 27.861425],
            [-82.74573, 27.88685],
            [-82.644976, 27.893527],
            [-82.646833, 27.821195],
            [-82.664522, 27.821107],
            [-82.662942, 27.808778],
            [-82.764126, 27.815871],
            [-82.764723, 27.818803]
          ]
        ]
      }
    },
    {
      "type": "Feature",
      "id": "12_09509",
      "properties": {
        "state_puma_id": "12_09509",
        "state_name": "Florida",
        "state_fips": "12",
        "puma_name": "Orange County (Southeast) PUMA"
      },
      "geometry": {
        "type": "Polygon",
        "coordinates": [
          [
            [-81.42571, 28.376508],
            [-81.416305, 28.428793],
            [-81.34878, 28.45084],
            [-80.897279, 28.452938],
            [-80.888388, 28.385468],
            [-80.862908, 28.347487],
            [-81.419781, 28.347923],
            [-81.42569, 28.376157],
            [-81.42571, 28.376508]
          ]
        ]
      }
    },
    {
      "type": "Feature",
      "id": "12_01107",
      "properties": {
        "state_puma_id": "12_01107",
        "state_name": "Florida",
        "state_fips": "12",
        "puma_name": "Broward County (Central)--Lauderhill & Lauderdale Lakes Cities PUMA"
      },
      "geometry": {
        "type": "Polygon",
        "coordinates": [
          [
            [-80.268099, 26.193684],
            [-80.236006, 26.193742],
            [-80.219866, 26.172877],
            [-80.187325, 26.180379],
            [-80.178022, 26.121677],
            [-80.226813, 26.137509],
            [-80.231328, 26.164685],
            [-80.267922, 26.186466],
            [-80.268099, 26.193684]
          ]
        ]
      }
    },
    {
      "type": "Feature",
      "id": "12_05706",
      "properties": {
        "state_puma_id": "12_05706",
        "state_name": "Florida",
        "state_fips": "12",
        "puma_name": "Hillsborough County (Northeast) PUMA"
      },
      "geometry": {
        "type": "Polygon",
        "coordinates": [
          [
            [-82.326888, 28.002259],
            [-82.3024, 28.006342],
            [-82.302705, 28.050721],
            [-82.319987, 28.051223],
            [-82.254413, 28.09871],
            [-82.23666, 28.125727],
            [-82.251255, 28.141428],
            [-82.221104, 28.15012],
            [-82.249606, 28.152623],
            [-82.290637, 28.129169],
            [-82.27233, 28.15657],
            [-82.253742, 28.156552],
            [-82.254309, 28.171467],
            [-82.056261, 28.171592],
            [-82.055258, 27.927085],
            [-82.219594, 27.937663],
            [-82.219526, 27.926658],
            [-82.252745, 27.92335],
            [-82.25294, 27.987885],
            [-82.326604, 27.972858],
            [-82.327295, 28.00221],
            [-82.326888, 28.002259]
          ]
        ]
      }
    },
    {
      "type": "Feature",
      "id": "12_08606",
      "properties": {
        "state_puma_id": "12_08606",
        "state_name": "Florida",
        "state_fips": "12",
        "puma_name": "Miami-Dade County (Northeast)--Opa-Locka City, West Little River & Brownsville PUMA"
      },
      "geometry": {
        "type": "Polygon",
        "coordinates": [
          [
            [-80.292645, 25.913364],
            [-80.218443, 25.916475],
            [-80.236294, 25.89818],
            [-80.19729, 25.858524],
            [-80.206188, 25.839746],
            [-80.225252, 25.839124],
            [-80.224021, 25.812211],
            [-80.258506, 25.809632],
            [-80.260293, 25.870663],
            [-80.29117, 25.881201],
            [-80.292514, 25.909864],
            [-80.292645, 25.913364]
          ]
        ]
      }
    },
    {
      "type": "Feature",
      "id": "12_10104",
      "properties": {
        "state_puma_id": "12_10104",
        "state_name": "Florida",
        "state_fips": "12",
        "puma_name": "Pasco County (South) PUMA"
      },
      "geometry": {
        "type": "Polygon",
        "coordinates": [
          [
            [-82.718659, 28.174139],
            [-82.718657, 28.194155],
            [-82.688131, 28.193297],
            [-82.682879, 28.206058],
            [-82.620902, 28.189988],
            [-82.481349, 28.235547],
            [-82.462162, 28.208886],
            [-82.45781, 28.2267],
            [-82.412834, 28.240144],
            [-82.312584, 28.24051],
            [-82.258333, 28.218736],
            [-82.213262, 28.229935],
            [-82.213079, 28.208028],
            [-82.15507, 28.219225],
            [-82.148444, 28.195361],
            [-82.129155, 28.206606],
            [-82.105857, 28.197322],
            [-82.105853, 28.17165],
            [-82.720215, 28.17319],
            [-82.718659, 28.174139]
          ]
        ]
      }
    },
    {
      "type": "Feature",
      "id": "12_10308",
      "properties": {
        "state_puma_id": "12_10308",
        "state_name": "Florida",
        "state_fips": "12",
        "puma_name": "Pinellas County (South Central)--St. Petersburg City (West) PUMA"
      },
      "geometry": {
        "type": "MultiPolygon",
        "coordinates": [
          [
            [
              [-82.69547, 27.665486],
              [-82.693907, 27.668738],
              [-82.687888, 27.668012],
              [-82.685555, 27.664742],
              [-82.687219, 27.662637],
              [-82.691201, 27.662837],
              [-82.695062, 27.661584],
              [-82.69547, 27.665486]
            ]
          ],
          [
            [
              [-82.771492, 27.796695],
              [-82.753867, 27.810898],
              [-82.6795, 27.808504],
              [-82.6791943415071, 27.6949263370568],
              [-82.711462, 27.705363],
              [-82.724315, 27.673319],
              [-82.70796, 27.630129],
              [-82.698203, 27.637786],
              [-82.705017, 27.62531],
              [-82.736983, 27.612636],
              [-82.738022, 27.706807],
              [-82.771576, 27.796649],
              [-82.771492, 27.796695]
            ]
          ]
        ]
      }
    },
    {
      "type": "Feature",
      "id": "12_03105",
      "properties": {
        "state_puma_id": "12_03105",
        "state_name": "Florida",
        "state_fips": "12",
        "puma_name": "Duval County (East)--Jacksonville City (Beaches) PUMA"
      },
      "geometry": {
        "type": "Polygon",
        "coordinates": [
          [
            [-81.525957, 30.307407],
            [-81.523789, 30.354878],
            [-81.490911, 30.392139],
            [-81.450309, 30.38094],
            [-81.423555, 30.403001],
            [-81.394733, 30.396503],
            [-81.3798769128199, 30.2529135364396],
            [-81.430095, 30.252243],
            [-81.421153, 30.288172],
            [-81.525694, 30.286915],
            [-81.525989, 30.306247],
            [-81.525957, 30.307407]
          ]
        ]
      }
    },
    {
      "type": "Feature",
      "id": "12_08603",
      "properties": {
        "state_puma_id": "12_08603",
        "state_name": "Florida",
        "state_fips": "12",
        "puma_name": "Miami-Dade County (Northeast)--Greater North Miami Beach City (West) PUMA"
      },
      "geometry": {
        "type": "Polygon",
        "coordinates": [
          [
            [-80.221208, 25.941882],
            [-80.20519, 25.942555],
            [-80.206219, 25.972647],
            [-80.165724, 25.973783],
            [-80.185097, 25.94736],
            [-80.151487, 25.93573],
            [-80.157727, 25.915035],
            [-80.19485, 25.899031],
            [-80.222683, 25.941822],
            [-80.221208, 25.941882]
          ]
        ]
      }
    },
    {
      "type": "Feature",
      "id": "12_10304",
      "properties": {
        "state_puma_id": "12_10304",
        "state_name": "Florida",
        "state_fips": "12",
        "puma_name": "Pinellas County (Central)--Greater Largo City PUMA"
      },
      "geometry": {
        "type": "Polygon",
        "coordinates": [
          [
            [-82.843487, 27.885429],
            [-82.828518, 27.922122],
            [-82.800532, 27.92408],
            [-82.799911, 27.942621],
            [-82.6307916504675, 27.9078278592389],
            [-82.645383, 27.893452],
            [-82.845452, 27.88337],
            [-82.843487, 27.885429]
          ]
        ]
      }
    },
    {
      "type": "Feature",
      "id": "12_08608",
      "properties": {
        "state_puma_id": "12_08608",
        "state_name": "Florida",
        "state_fips": "12",
        "puma_name": "Miami-Dade County (North Central)--Sweetwater City & Fontainebleau PUMA"
      },
      "geometry": {
        "type": "Polygon",
        "coordinates": [
          [
            [-80.498395, 25.76123],
            [-80.48327, 25.775543],
            [-80.486611, 25.892422],
            [-80.440263, 25.942659],
            [-80.344616, 25.869754],
            [-80.388074, 25.869839],
            [-80.385997, 25.776193],
            [-80.312234, 25.77074],
            [-80.49842, 25.76103],
            [-80.498395, 25.76123]
          ]
        ]
      }
    },
    {
      "type": "Feature",
      "id": "12_05708",
      "properties": {
        "state_puma_id": "12_05708",
        "state_name": "Florida",
        "state_fips": "12",
        "puma_name": "Hillsborough County (Southwest) PUMA"
      },
      "geometry": {
        "type": "Polygon",
        "coordinates": [
          [
            [-82.5540885876195, 27.6458028420481],
            [-82.514265, 27.705588],
            [-82.476714, 27.723687],
            [-82.481419, 27.743366],
            [-82.442638, 27.757543],
            [-82.419239, 27.792394],
            [-82.3349, 27.791971],
            [-82.335062, 27.770024],
            [-82.261502, 27.762784],
            [-82.301827, 27.702608],
            [-82.301222, 27.662921],
            [-82.316453, 27.647323],
            [-82.549548, 27.645557],
            [-82.5540885876195, 27.6458028420481]
          ]
        ]
      }
    },
    {
      "type": "Feature",
      "id": "12_03302",
      "properties": {
        "state_puma_id": "12_03302",
        "state_name": "Florida",
        "state_fips": "12",
        "puma_name": "Escambia County (Southeast) PUMA"
      },
      "geometry": {
        "type": "Polygon",
        "coordinates": [
          [
            [-87.313594, 30.521552],
            [-87.272862, 30.518807],
            [-87.265985, 30.502272],
            [-87.168115, 30.50295],
            [-87.169398, 30.483042],
            [-87.13357, 30.467229],
            [-87.161175, 30.405612],
            [-87.220181, 30.375985],
            [-87.23972, 30.399074],
            [-87.278186, 30.387726],
            [-87.27604, 30.434206],
            [-87.262369, 30.442045],
            [-87.298569, 30.456628],
            [-87.313546, 30.520073],
            [-87.313594, 30.521552]
          ]
        ]
      }
    },
    {
      "type": "Feature",
      "id": "12_09905",
      "properties": {
        "state_puma_id": "12_09905",
        "state_name": "Florida",
        "state_fips": "12",
        "puma_name": "Palm Beach County (East Central)--Lake Worth City, Lantana Town & Atlantis City PUMA"
      },
      "geometry": {
        "type": "Polygon",
        "coordinates": [
          [
            [-80.173562, 26.617424],
            [-80.114157, 26.603683],
            [-80.113328, 26.625757],
            [-80.068484, 26.627911],
            [-80.069132, 26.646183],
            [-80.042884, 26.644366],
            [-80.036014, 26.613218],
            [-80.053604, 26.57196],
            [-80.172767, 26.572347],
            [-80.173459, 26.602652],
            [-80.173562, 26.617424]
          ]
        ]
      }
    },
    {
      "type": "Feature",
      "id": "12_01108",
      "properties": {
        "state_puma_id": "12_01108",
        "state_name": "Florida",
        "state_fips": "12",
        "puma_name": "Broward County (East Central)--Fort Lauderdale City (Central) PUMA"
      },
      "geometry": {
        "type": "Polygon",
        "coordinates": [
          [
            [-80.201932, 26.088478],
            [-80.20199, 26.120885],
            [-80.178024, 26.121487],
            [-80.186918, 26.150797],
            [-80.161902, 26.165989],
            [-80.145952, 26.151243],
            [-80.117514, 26.157383],
            [-80.138645, 26.136924],
            [-80.102560855977, 26.1380518754314],
            [-80.104864, 26.095262],
            [-80.135639, 26.092844],
            [-80.134276, 26.080276],
            [-80.161514, 26.099099],
            [-80.20204, 26.088114],
            [-80.201932, 26.088478]
          ]
        ]
      }
    },
    {
      "type": "Feature",
      "id": "12_08614",
      "properties": {
        "state_puma_id": "12_08614",
        "state_name": "Florida",
        "state_fips": "12",
        "puma_name": "Miami-Dade County (East)--Miami City (South) & Key Biscayne Village PUMA"
      },
      "geometry": {
        "type": "Polygon",
        "coordinates": [
          [
            [-80.261873, 25.708966],
            [-80.238557, 25.757777],
            [-80.173469, 25.769776],
            [-80.1405883296597, 25.754228123493],
            [-80.15937, 25.73301],
            [-80.147602, 25.723467],
            [-80.157998, 25.665361],
            [-80.177309, 25.686598],
            [-80.154256, 25.723214],
            [-80.178896, 25.746047],
            [-80.208515, 25.745602],
            [-80.261109, 25.708005],
            [-80.261873, 25.708966]
          ]
        ]
      }
    },
    {
      "type": "Feature",
      "id": "12_07105",
      "properties": {
        "state_puma_id": "12_07105",
        "state_name": "Florida",
        "state_fips": "12",
        "puma_name": "Lee County (Southeast)--Bonita Springs City & Estero (East) PUMA"
      },
      "geometry": {
        "type": "Polygon",
        "coordinates": [
          [
            [-81.885571, 26.397727],
            [-81.872438, 26.423281],
            [-81.8439, 26.392824],
            [-81.8107, 26.397969],
            [-81.811106, 26.441961],
            [-81.854712, 26.516413],
            [-81.827716, 26.570607],
            [-81.792159, 26.571199],
            [-81.794826, 26.547209],
            [-81.76392, 26.5477],
            [-81.713749, 26.581703],
            [-81.563827, 26.518469],
            [-81.56218, 26.422625],
            [-81.659506, 26.421077],
            [-81.6579, 26.317563],
            [-81.819019, 26.316245],
            [-81.819119, 26.330424],
            [-81.8457752770578, 26.3303814585148],
            [-81.884271, 26.393959],
            [-81.885571, 26.397727]
          ]
        ]
      }
    },
    {
      "type": "Feature",
      "id": "12_08102",
      "properties": {
        "state_puma_id": "12_08102",
        "state_name": "Florida",
        "state_fips": "12",
        "puma_name": "Manatee County (West Central) PUMA"
      },
      "geometry": {
        "type": "Polygon",
        "coordinates": [
          [
            [-82.745748, 27.538834],
            [-82.708044, 27.523106],
            [-82.706821, 27.498415],
            [-82.6452595218771, 27.5237726815067],
            [-82.636682, 27.496157],
            [-82.577537, 27.495491],
            [-82.546623, 27.476976],
            [-82.504461, 27.498227],
            [-82.471806, 27.490942],
            [-82.459269, 27.464885],
            [-82.459199, 27.440989],
            [-82.636248, 27.448109],
            [-82.636885, 27.462344],
            [-82.6910811574421, 27.4436592486103],
            [-82.7444747192513, 27.5352216311823],
            [-82.745748, 27.538834]
          ]
        ]
      }
    },
    {
      "type": "Feature",
      "id": "12_03107",
      "properties": {
        "state_puma_id": "12_03107",
        "state_name": "Florida",
        "state_fips": "12",
        "puma_name": "Duval County (South Central)--Jacksonville City (Southeast River) PUMA"
      },
      "geometry": {
        "type": "Polygon",
        "coordinates": [
          [
            [-81.692116, 30.14474],
            [-81.690516, 30.17194],
            [-81.649133, 30.228162],
            [-81.684118, 30.283239],
            [-81.651321, 30.308702],
            [-81.580724, 30.23507],
            [-81.544, 30.145591],
            [-81.504264, 30.104348],
            [-81.612312, 30.132941],
            [-81.680215, 30.12124],
            [-81.691815, 30.142339],
            [-81.692116, 30.14474]
          ]
        ]
      }
    },
    {
      "type": "Feature",
      "id": "12_08619",
      "properties": {
        "state_puma_id": "12_08619",
        "state_name": "Florida",
        "state_fips": "12",
        "puma_name": "Miami-Dade County (Central)--Kendale Lakes (Southwest) & Kendall West (South) PUMA"
      },
      "geometry": {
        "type": "Polygon",
        "coordinates": [
          [
            [-80.499, 25.683583],
            [-80.494146, 25.73158],
            [-80.447697, 25.728013],
            [-80.455153, 25.713179],
            [-80.399076, 25.714935],
            [-80.398474, 25.700454],
            [-80.415821, 25.656355],
            [-80.424863, 25.685028],
            [-80.499034, 25.682278],
            [-80.499, 25.683583]
          ]
        ]
      }
    },
    {
      "type": "Feature",
      "id": "12_08601",
      "properties": {
        "state_puma_id": "12_08601",
        "state_name": "Florida",
        "state_fips": "12",
        "puma_name": "Miami-Dade County (North Central)--Greater Miami Lakes Town PUMA"
      },
      "geometry": {
        "type": "Polygon",
        "coordinates": [
          [
            [-80.440928, 25.956858],
            [-80.294544, 25.956948],
            [-80.292017, 25.898841],
            [-80.356417, 25.898747],
            [-80.363333, 25.886744],
            [-80.440263, 25.942659],
            [-80.440928, 25.956858]
          ]
        ]
      }
    },
    {
      "type": "Feature",
      "id": "12_05703",
      "properties": {
        "state_puma_id": "12_05703",
        "state_name": "Florida",
        "state_fips": "12",
        "puma_name": "Hillsborough County (Northwest) PUMA"
      },
      "geometry": {
        "type": "Polygon",
        "coordinates": [
          [
            [-82.651165, 28.173266],
            [-82.516514, 28.17272],
            [-82.516685, 28.155051],
            [-82.53797, 28.155843],
            [-82.548604, 28.132875],
            [-82.533447, 28.127918],
            [-82.533547, 28.106264],
            [-82.546411, 28.106219],
            [-82.549776, 28.040441],
            [-82.525818, 28.036322],
            [-82.526103, 27.996153],
            [-82.574196, 27.975755],
            [-82.6485277932049, 28.0181267990881],
            [-82.650602, 28.144928],
            [-82.651165, 28.173266]
          ]
        ]
      }
    },
    {
      "type": "Feature",
      "id": "12_09906",
      "properties": {
        "state_puma_id": "12_09906",
        "state_name": "Florida",
        "state_fips": "12",
        "puma_name": "Palm Beach County (East Central)--Greater Boynton Beach City (North) PUMA"
      },
      "geometry": {
        "type": "Polygon",
        "coordinates": [
          [
            [-80.172767, 26.572347],
            [-80.053604, 26.57196],
            [-80.0368859468396, 26.593641],
            [-80.0556288519168, 26.4758217451204],
            [-80.079199, 26.500331],
            [-80.172267, 26.49775],
            [-80.172692, 26.565246],
            [-80.172767, 26.572347]
          ]
        ]
      }
    },
    {
      "type": "Feature",
      "id": "12_00905",
      "properties": {
        "state_puma_id": "12_00905",
        "state_name": "Florida",
        "state_fips": "12",
        "puma_name": "Brevard County (West)--Rockledge & Cocoa Cities PUMA"
      },
      "geometry": {
        "type": "Polygon",
        "coordinates": [
          [
            [-80.90118, 28.433158],
            [-80.897226, 28.45285],
            [-80.878971, 28.452316],
            [-80.829242, 28.411417],
            [-80.820478, 28.43181],
            [-80.766496, 28.432241],
            [-80.753078, 28.400199],
            [-80.734679, 28.40255],
            [-80.663476, 28.232189],
            [-80.718375, 28.230296],
            [-80.705751, 28.17181],
            [-80.769061, 28.166008],
            [-80.858117, 28.21971],
            [-80.862815, 28.347221],
            [-80.900116, 28.43149],
            [-80.90118, 28.433158]
          ]
        ]
      }
    },
    {
      "type": "Feature",
      "id": "12_09510",
      "properties": {
        "state_puma_id": "12_09510",
        "state_name": "Florida",
        "state_fips": "12",
        "puma_name": "Orange County (Northeast) PUMA"
      },
      "geometry": {
        "type": "Polygon",
        "coordinates": [
          [
            [-81.28934, 28.518418],
            [-81.285866, 28.539151],
            [-81.227903, 28.550534],
            [-81.23228, 28.56974],
            [-81.154194, 28.565348],
            [-81.170151, 28.587006],
            [-81.157812, 28.612225],
            [-80.972599, 28.611485],
            [-80.952222, 28.604244],
            [-80.930043, 28.563217],
            [-80.939311, 28.535018],
            [-80.885741, 28.510312],
            [-80.870796, 28.471355],
            [-80.894522, 28.467039],
            [-80.897279, 28.452938],
            [-81.230584, 28.4515],
            [-81.248056, 28.510085],
            [-81.2898, 28.515826],
            [-81.28934, 28.518418]
          ]
        ]
      }
    },
    {
      "type": "Feature",
      "id": "12_09508",
      "properties": {
        "state_puma_id": "12_09508",
        "state_name": "Florida",
        "state_fips": "12",
        "puma_name": "Orange County (North Central)--Orlando City (Univ. of Central Florida) & Union Park PUMA"
      },
      "geometry": {
        "type": "Polygon",
        "coordinates": [
          [
            [-81.310857, 28.573471],
            [-81.308826, 28.610744],
            [-81.157812, 28.612225],
            [-81.170151, 28.587006],
            [-81.154194, 28.565348],
            [-81.23228, 28.56974],
            [-81.227903, 28.550534],
            [-81.244211, 28.539363],
            [-81.285866, 28.539151],
            [-81.286208, 28.56837],
            [-81.310773, 28.561586],
            [-81.310857, 28.573471]
          ]
        ]
      }
    },
    {
      "type": "Feature",
      "id": "12_11702",
      "properties": {
        "state_puma_id": "12_11702",
        "state_name": "Florida",
        "state_fips": "12",
        "puma_name": "Seminole County (North Central) PUMA"
      },
      "geometry": {
        "type": "Polygon",
        "coordinates": [
          [
            [-81.388871, 28.690577],
            [-81.332273, 28.822507],
            [-81.319796, 28.834532],
            [-81.254787, 28.833233],
            [-81.258535, 28.758039],
            [-81.309935, 28.730489],
            [-81.334152, 28.68343],
            [-81.388809, 28.68366],
            [-81.388871, 28.690577]
          ]
        ]
      }
    },
    {
      "type": "Feature",
      "id": "12_10502",
      "properties": {
        "state_puma_id": "12_10502",
        "state_name": "Florida",
        "state_fips": "12",
        "puma_name": "Polk County (Northeast) PUMA"
      },
      "geometry": {
        "type": "Polygon",
        "coordinates": [
          [
            [-81.9081, 28.080842],
            [-81.898676, 28.140046],
            [-81.78704, 28.160013],
            [-81.613553, 28.25946],
            [-81.557459, 28.259362],
            [-81.524083, 28.201012],
            [-81.524227, 28.142805],
            [-81.501483, 28.14275],
            [-81.606804, 28.106752],
            [-81.610862, 28.084529],
            [-81.649596, 28.080694],
            [-81.643869, 28.070083],
            [-81.670919, 28.053642],
            [-81.644969, 28.034268],
            [-81.691228, 28.003523],
            [-81.738118, 27.994849],
            [-81.779382, 28.004931],
            [-81.781354, 28.033189],
            [-81.814563, 28.033105],
            [-81.813343, 28.05771],
            [-81.895608, 28.047907],
            [-81.89569, 28.07345],
            [-81.908088, 28.073697],
            [-81.9081, 28.080842]
          ]
        ]
      }
    },
    {
      "type": "Feature",
      "id": "12_11701",
      "properties": {
        "state_puma_id": "12_11701",
        "state_name": "Florida",
        "state_fips": "12",
        "puma_name": "Seminole County (West) PUMA"
      },
      "geometry": {
        "type": "Polygon",
        "coordinates": [
          [
            [-81.459689, 28.644357],
            [-81.459524, 28.713264],
            [-81.42277, 28.736915],
            [-81.41575, 28.826372],
            [-81.36694, 28.879227],
            [-81.352123, 28.862316],
            [-81.359339, 28.84894],
            [-81.319796, 28.834532],
            [-81.388388, 28.69472],
            [-81.388687, 28.662044],
            [-81.365896, 28.663425],
            [-81.365234, 28.640404],
            [-81.459728, 28.640196],
            [-81.459689, 28.644357]
          ]
        ]
      }
    },
    {
      "type": "Feature",
      "id": "12_08303",
      "properties": {
        "state_puma_id": "12_08303",
        "state_name": "Florida",
        "state_fips": "12",
        "puma_name": "Marion County (South Central) PUMA"
      },
      "geometry": {
        "type": "Polygon",
        "coordinates": [
          [
            [-82.349612, 28.988672],
            [-82.218474, 29.117367],
            [-82.218464, 29.106534],
            [-82.127736, 29.084504],
            [-82.078788, 29.08433],
            [-82.091236, 29.106278],
            [-82.078372, 29.107403],
            [-82.076354, 29.14975],
            [-82.053662, 29.13951],
            [-82.053671, 29.168154],
            [-82.0332, 29.174613],
            [-82.024723, 29.142826],
            [-81.996887, 29.121034],
            [-82.006913, 29.109134],
            [-81.990107, 29.082985],
            [-81.930958, 29.050084],
            [-81.892876, 29.080103],
            [-81.866565, 29.069993],
            [-81.836227, 28.991364],
            [-81.842314, 28.959891],
            [-82.311697, 28.960391],
            [-82.345809, 28.987104],
            [-82.349612, 28.988672]
          ]
        ]
      }
    },
    {
      "type": "Feature",
      "id": "12_10305",
      "properties": {
        "state_puma_id": "12_10305",
        "state_name": "Florida",
        "state_fips": "12",
        "puma_name": "Pinellas County (West Central)--Greater Seminole City PUMA"
      },
      "geometry": {
        "type": "Polygon",
        "coordinates": [
          [
            [-82.852168, 27.885972],
            [-82.8478987424186, 27.9097931200888],
            [-82.833534, 27.909694],
            [-82.840561, 27.880502],
            [-82.728933, 27.893677],
            [-82.74573, 27.88685],
            [-82.73737, 27.861425],
            [-82.771576, 27.796649],
            [-82.753446, 27.774957],
            [-82.7555134821121, 27.738518986155],
            [-82.828561, 27.822254],
            [-82.8512752862242, 27.8759685044889],
            [-82.852168, 27.885972]
          ]
        ]
      }
    },
    {
      "type": "Feature",
      "id": "12_01111",
      "properties": {
        "state_puma_id": "12_01111",
        "state_name": "Florida",
        "state_fips": "12",
        "puma_name": "Broward County (Southwest)--Pembroke Pines (West) City PUMA"
      },
      "geometry": {
        "type": "Polygon",
        "coordinates": [
          [
            [-80.441717, 26.035157],
            [-80.280443, 26.029937],
            [-80.279161, 25.993777],
            [-80.392295, 25.993187],
            [-80.392774, 26.007729],
            [-80.440863, 26.007729],
            [-80.441552, 26.029533],
            [-80.441717, 26.035157]
          ]
        ]
      }
    },
    {
      "type": "Feature",
      "id": "12_05704",
      "properties": {
        "state_puma_id": "12_05704",
        "state_name": "Florida",
        "state_fips": "12",
        "puma_name": "Hillsborough County (North Central) PUMA"
      },
      "geometry": {
        "type": "Polygon",
        "coordinates": [
          [
            [-82.549827, 28.051346],
            [-82.546411, 28.106219],
            [-82.533547, 28.106264],
            [-82.546534, 28.142175],
            [-82.516685, 28.155051],
            [-82.516514, 28.17272],
            [-82.394629, 28.171257],
            [-82.43075, 28.107653],
            [-82.430833, 28.080427],
            [-82.454852, 28.082192],
            [-82.454906, 28.054655],
            [-82.47964, 28.053317],
            [-82.48416, 28.033069],
            [-82.549833, 28.044019],
            [-82.549827, 28.051346]
          ]
        ]
      }
    },
    {
      "type": "Feature",
      "id": "12_00901",
      "properties": {
        "state_puma_id": "12_00901",
        "state_name": "Florida",
        "state_fips": "12",
        "puma_name": "Brevard County (Northwest)--Titusville PUMA"
      },
      "geometry": {
        "type": "Polygon",
        "coordinates": [
          [
            [-80.98725, 28.612997],
            [-80.964466, 28.612992],
            [-80.967895, 28.790197],
            [-80.842922, 28.791148],
            [-80.806976, 28.633674],
            [-80.759011, 28.527552],
            [-80.734679, 28.40255],
            [-80.753078, 28.400199],
            [-80.766496, 28.432241],
            [-80.820478, 28.43181],
            [-80.820445, 28.411569],
            [-80.834144, 28.412108],
            [-80.874668, 28.450747],
            [-80.897226, 28.45285],
            [-80.894522, 28.467039],
            [-80.870796, 28.471355],
            [-80.881318, 28.503975],
            [-80.939311, 28.535018],
            [-80.930043, 28.563217],
            [-80.943344, 28.593668],
            [-80.9863, 28.611823],
            [-80.98725, 28.612997]
          ]
        ]
      }
    },
    {
      "type": "Feature",
      "id": "12_08500",
      "properties": {
        "state_puma_id": "12_08500",
        "state_name": "Florida",
        "state_fips": "12",
        "puma_name": "Martin County PUMA"
      },
      "geometry": {
        "type": "Polygon",
        "coordinates": [
          [
            [-80.685636, 27.114689],
            [-80.677862, 27.205988],
            [-80.28551, 27.206025],
            [-80.284771, 27.263723],
            [-80.199841, 27.263458],
            [-80.079948827411, 26.9705170314788],
            [-80.141758, 26.97094],
            [-80.142007, 26.95664],
            [-80.885639, 26.958919],
            [-80.685636, 27.114689]
          ]
        ]
      }
    },
    {
      "type": "Feature",
      "id": "12_12702",
      "properties": {
        "state_puma_id": "12_12702",
        "state_name": "Florida",
        "state_fips": "12",
        "puma_name": "Volusia County (Northeast)--Daytona Beach, Ormond Beach & Holly Hill Cities PUMA"
      },
      "geometry": {
        "type": "Polygon",
        "coordinates": [
          [
            [-81.329817, 29.26228],
            [-81.150081, 29.265957],
            [-81.155881, 29.410954],
            [-81.1019097824214, 29.4270547299613],
            [-80.9824864936099, 29.1803564955684],
            [-80.998596, 29.187729],
            [-81.075573, 29.155531],
            [-81.082651, 29.168],
            [-81.083042, 29.152381],
            [-81.090947, 29.164454],
            [-81.217302, 29.099888],
            [-81.254668, 29.115928],
            [-81.263322, 29.16571],
            [-81.299106, 29.192426],
            [-81.328926, 29.259624],
            [-81.329817, 29.26228]
          ]
        ]
      }
    },
    {
      "type": "Feature",
      "id": "12_09504",
      "properties": {
        "state_puma_id": "12_09504",
        "state_name": "Florida",
        "state_fips": "12",
        "puma_name": "Orange County (South Central)--Orlando City (South Central), Conway & Pine Castle PUMA"
      },
      "geometry": {
        "type": "Polygon",
        "coordinates": [
          [
            [-81.449115, 28.478723],
            [-81.390309, 28.514652],
            [-81.330877, 28.513311],
            [-81.310116, 28.498886],
            [-81.285334, 28.498982],
            [-81.2898, 28.515826],
            [-81.248056, 28.510085],
            [-81.230584, 28.4515],
            [-81.34878, 28.45084],
            [-81.408773, 28.433452],
            [-81.444185, 28.472067],
            [-81.449115, 28.478723]
          ]
        ]
      }
    },
    {
      "type": "Feature",
      "id": "12_08613",
      "properties": {
        "state_puma_id": "12_08613",
        "state_name": "Florida",
        "state_fips": "12",
        "puma_name": "Miami-Dade County (Northeast Central)--Miami City (Downtown) PUMA"
      },
      "geometry": {
        "type": "Polygon",
        "coordinates": [
          [
            [-80.258506, 25.809632],
            [-80.205841, 25.802673],
            [-80.202912, 25.778697],
            [-80.166154, 25.788887],
            [-80.13908, 25.766187],
            [-80.230675, 25.765403],
            [-80.258504, 25.809003],
            [-80.258506, 25.809632]
          ]
        ]
      }
    },
    {
      "type": "Feature",
      "id": "12_02102",
      "properties": {
        "state_puma_id": "12_02102",
        "state_name": "Florida",
        "state_fips": "12",
        "puma_name": "Collier County (Southwest) PUMA"
      },
      "geometry": {
        "type": "Polygon",
        "coordinates": [
          [
            [-81.8172971481919, 26.2108929042396],
            [-81.800421, 26.211242],
            [-81.79983, 26.181955],
            [-81.792283, 26.211333],
            [-81.779507, 26.200597],
            [-81.768407, 26.211671],
            [-81.767038, 26.16793],
            [-81.718785, 26.168807],
            [-81.71943, 26.199239],
            [-81.687223, 26.19958],
            [-81.687041, 26.109657],
            [-81.73664, 26.09457],
            [-81.699124, 26.063067],
            [-81.709839, 25.963359],
            [-81.745056, 25.978888],
            [-81.801748, 26.091405],
            [-81.8168565718276, 26.2075222955677],
            [-81.8172971481919, 26.2108929042396]
          ]
        ]
      }
    },
    {
      "type": "Feature",
      "id": "12_03104",
      "properties": {
        "state_puma_id": "12_03104",
        "state_name": "Florida",
        "state_fips": "12",
        "puma_name": "Duval County (North Central)--Jacksonville City (Arlington) PUMA"
      },
      "geometry": {
        "type": "Polygon",
        "coordinates": [
          [
            [-81.629816, 30.314139],
            [-81.613216, 30.343939],
            [-81.626417, 30.386939],
            [-81.601224, 30.412473],
            [-81.556956, 30.385013],
            [-81.483962, 30.386079],
            [-81.510388, 30.378084],
            [-81.523789, 30.354878],
            [-81.525694, 30.286915],
            [-81.594557, 30.290502],
            [-81.629852, 30.31096],
            [-81.629816, 30.314139]
          ]
        ]
      }
    },
    {
      "type": "Feature",
      "id": "12_01113",
      "properties": {
        "state_puma_id": "12_01113",
        "state_name": "Florida",
        "state_fips": "12",
        "puma_name": "Broward County (Southeast)--Hollywood (South) & Pembroke Pines (East) Cities PUMA"
      },
      "geometry": {
        "type": "Polygon",
        "coordinates": [
          [
            [-80.280459, 26.030093],
            [-80.1149838944385, 26.0133513059949],
            [-80.11927, 25.986366],
            [-80.121693, 25.997413],
            [-80.279161, 25.993777],
            [-80.280443, 26.029937],
            [-80.280459, 26.030093]
          ]
        ]
      }
    },
    {
      "type": "Feature",
      "id": "12_11503",
      "properties": {
        "state_puma_id": "12_11503",
        "state_name": "Florida",
        "state_fips": "12",
        "puma_name": "Sarasota County (East) PUMA"
      },
      "geometry": {
        "type": "Polygon",
        "coordinates": [
          [
            [-82.452703, 27.236244],
            [-82.449156, 27.269284],
            [-82.386101, 27.249576],
            [-82.382417, 27.295822],
            [-82.383747, 27.338656],
            [-82.446655, 27.344161],
            [-82.449001, 27.388608],
            [-82.252264, 27.386243],
            [-82.253596, 27.208916],
            [-82.056497, 27.207769],
            [-82.057506, 27.032119],
            [-82.255169, 27.03302],
            [-82.255521, 26.945264],
            [-82.3749868195969, 26.9456214736575],
            [-82.4457498095544, 27.0607139870448],
            [-82.419695, 27.044388],
            [-82.413015, 27.057603],
            [-82.433593, 27.093827],
            [-82.400917, 27.099636],
            [-82.397562, 27.122806],
            [-82.432187, 27.167496],
            [-82.452798, 27.231647],
            [-82.452703, 27.236244]
          ]
        ]
      }
    },
    {
      "type": "Feature",
      "id": "12_07103",
      "properties": {
        "state_puma_id": "12_07103",
        "state_name": "Florida",
        "state_fips": "12",
        "puma_name": "Lee County (Northeast)--Lehigh Acres & North Fort Myers PUMA"
      },
      "geometry": {
        "type": "Polygon",
        "coordinates": [
          [
            [-81.940291, 26.755265],
            [-81.924638, 26.757891],
            [-81.931333, 26.770051],
            [-81.565748, 26.769601],
            [-81.563827, 26.518469],
            [-81.713749, 26.581703],
            [-81.750155, 26.556248],
            [-81.76778, 26.618617],
            [-81.717462, 26.641551],
            [-81.737065, 26.681292],
            [-81.776238, 26.691896],
            [-81.799446, 26.663181],
            [-81.816597, 26.677139],
            [-81.799731, 26.714997],
            [-81.820084, 26.715155],
            [-81.871179, 26.684667],
            [-81.910984, 26.681597],
            [-81.919944, 26.696832],
            [-81.907676, 26.696859],
            [-81.90669, 26.725301],
            [-81.940576, 26.748012],
            [-81.940291, 26.755265]
          ]
        ]
      }
    },
    {
      "type": "Feature",
      "id": "12_09507",
      "properties": {
        "state_puma_id": "12_09507",
        "state_name": "Florida",
        "state_fips": "12",
        "puma_name": "Orange County (North Central)--Orlando (North), Winter Park & Maitland Cities PUMA"
      },
      "geometry": {
        "type": "Polygon",
        "coordinates": [
          [
            [-81.45656, 28.640193],
            [-81.32848, 28.639628],
            [-81.327888, 28.610501],
            [-81.308826, 28.610744],
            [-81.310693, 28.557223],
            [-81.333414, 28.553516],
            [-81.333734, 28.56791],
            [-81.364453, 28.565574],
            [-81.370084, 28.582322],
            [-81.451497, 28.578029],
            [-81.45178, 28.611311],
            [-81.432564, 28.612786],
            [-81.452404, 28.633714],
            [-81.45656, 28.640193]
          ]
        ]
      }
    },
    {
      "type": "Feature",
      "id": "12_00903",
      "properties": {
        "state_puma_id": "12_00903",
        "state_name": "Florida",
        "state_fips": "12",
        "puma_name": "Brevard County (Southwest)--Melbourne & West Melbourne Cities PUMA"
      },
      "geometry": {
        "type": "Polygon",
        "coordinates": [
          [
            [-80.870135, 28.057077],
            [-80.860193, 28.239199],
            [-80.848239, 28.209423],
            [-80.769061, 28.166008],
            [-80.705751, 28.17181],
            [-80.718375, 28.230296],
            [-80.663476, 28.232189],
            [-80.581876, 28.063695],
            [-80.621287, 28.063969],
            [-80.638188, 28.035192],
            [-80.671297, 28.049082],
            [-80.728334, 28.042408],
            [-80.728845, 28.013444],
            [-80.745298, 28.013423],
            [-80.745475, 27.99891],
            [-80.720883, 27.998966],
            [-80.720779, 27.910573],
            [-80.623182, 27.910146],
            [-80.623029, 27.842376],
            [-80.60711, 27.82235],
            [-80.868881, 27.822522],
            [-80.86953, 28.048486],
            [-80.870135, 28.057077]
          ]
        ]
      }
    },
    {
      "type": "Feature",
      "id": "12_08617",
      "properties": {
        "state_puma_id": "12_08617",
        "state_name": "Florida",
        "state_fips": "12",
        "puma_name": "Miami-Dade County (East Central)--South Miami City, Westchester & Coral Terrace PUMA"
      },
      "geometry": {
        "type": "Polygon",
        "coordinates": [
          [
            [-80.368408, 25.7613],
            [-80.303901, 25.763099],
            [-80.28652, 25.73404],
            [-80.284856, 25.689672],
            [-80.33367, 25.691782],
            [-80.33582, 25.733092],
            [-80.367778, 25.732308],
            [-80.368069, 25.754352],
            [-80.368408, 25.7613]
          ]
        ]
      }
    },
    {
      "type": "Feature",
      "id": "12_08611",
      "properties": {
        "state_puma_id": "12_08611",
        "state_name": "Florida",
        "state_fips": "12",
        "puma_name": "Miami-Dade County (Northeast Central)--Miami City (North) PUMA"
      },
      "geometry": {
        "type": "Polygon",
        "coordinates": [
          [
            [-80.232163, 25.812038],
            [-80.225252, 25.839124],
            [-80.16138, 25.855786],
            [-80.159397, 25.812967],
            [-80.202912, 25.778697],
            [-80.205841, 25.802673],
            [-80.232132, 25.811197],
            [-80.232163, 25.812038]
          ]
        ]
      }
    },
    {
      "type": "Feature",
      "id": "12_10102",
      "properties": {
        "state_puma_id": "12_10102",
        "state_name": "Florida",
        "state_fips": "12",
        "puma_name": "Pasco County (West Central) PUMA"
      },
      "geometry": {
        "type": "Polygon",
        "coordinates": [
          [
            [-82.707328, 28.269582],
            [-82.66617, 28.331014],
            [-82.693163, 28.364198],
            [-82.639965, 28.433842],
            [-82.459181, 28.433687],
            [-82.518312, 28.340017],
            [-82.518574, 28.305824],
            [-82.481349, 28.235547],
            [-82.489555, 28.226909],
            [-82.623223, 28.189957],
            [-82.691712, 28.204842],
            [-82.682542, 28.236144],
            [-82.699135, 28.236235],
            [-82.707312, 28.265987],
            [-82.707328, 28.269582]
          ]
        ]
      }
    },
    {
      "type": "Feature",
      "id": "12_08605",
      "properties": {
        "state_puma_id": "12_08605",
        "state_name": "Florida",
        "state_fips": "12",
        "puma_name": "Miami-Dade County--North Miami City & Miami Shores & Biscayne Park Villages PUMA"
      },
      "geometry": {
        "type": "Polygon",
        "coordinates": [
          [
            [-80.236456, 25.903046],
            [-80.218443, 25.916475],
            [-80.232499, 25.926755],
            [-80.210545, 25.929945],
            [-80.19485, 25.899031],
            [-80.157727, 25.915035],
            [-80.163728, 25.889408],
            [-80.142578, 25.887329],
            [-80.163468, 25.855673],
            [-80.187316, 25.851455],
            [-80.208282, 25.857227],
            [-80.209131, 25.883816],
            [-80.236294, 25.89818],
            [-80.236456, 25.903046]
          ]
        ]
      }
    },
    {
      "type": "Feature",
      "id": "12_03103",
      "properties": {
        "state_puma_id": "12_03103",
        "state_name": "Florida",
        "state_fips": "12",
        "puma_name": "Duval County (Southwest Central)--Jacksonville City (Southwest) PUMA"
      },
      "geometry": {
        "type": "Polygon",
        "coordinates": [
          [
            [-81.854371, 30.308598],
            [-81.664093, 30.32068],
            [-81.684118, 30.283239],
            [-81.649133, 30.228162],
            [-81.679626, 30.190495],
            [-81.767801, 30.191519],
            [-81.794425, 30.245481],
            [-81.852788, 30.304935],
            [-81.854371, 30.308598]
          ]
        ]
      }
    },
    {
      "type": "Feature",
      "id": "12_09503",
      "properties": {
        "state_puma_id": "12_09503",
        "state_name": "Florida",
        "state_fips": "12",
        "puma_name": "Orange County (Southwest)--Disney-International Drive Region PUMA"
      },
      "geometry": {
        "type": "Polygon",
        "coordinates": [
          [
            [-81.657578, 28.488962],
            [-81.657398, 28.514239],
            [-81.623661, 28.518049],
            [-81.587055, 28.505787],
            [-81.585559, 28.492268],
            [-81.56085, 28.516618],
            [-81.508547, 28.493605],
            [-81.483767, 28.502818],
            [-81.408773, 28.433452],
            [-81.425051, 28.407387],
            [-81.419781, 28.347923],
            [-81.657268, 28.347098],
            [-81.65749, 28.474163],
            [-81.657578, 28.488962]
          ]
        ]
      }
    },
    {
      "type": "Feature",
      "id": "12_08622",
      "properties": {
        "state_puma_id": "12_08622",
        "state_name": "Florida",
        "state_fips": "12",
        "puma_name": "Miami-Dade County (Southwest)--South Miami Heights PUMA"
      },
      "geometry": {
        "type": "Polygon",
        "coordinates": [
          [
            [-80.511065, 25.608702],
            [-80.479018, 25.60881],
            [-80.478466, 25.594289],
            [-80.348074, 25.594406],
            [-80.372762, 25.575996],
            [-80.365607, 25.537294],
            [-80.388291, 25.529253],
            [-80.385886, 25.504034],
            [-80.365241, 25.499171],
            [-80.403404, 25.472345],
            [-80.41233, 25.499582],
            [-80.436951, 25.499448],
            [-80.433447, 25.514202],
            [-80.510291, 25.513501],
            [-80.510894, 25.58688],
            [-80.511065, 25.608702]
          ]
        ]
      }
    },
    {
      "type": "Feature",
      "id": "12_06100",
      "properties": {
        "state_puma_id": "12_06100",
        "state_name": "Florida",
        "state_fips": "12",
        "puma_name": "Indian River County PUMA"
      },
      "geometry": {
        "type": "Polygon",
        "coordinates": [
          [
            [-80.881566, 27.822511],
            [-80.509075, 27.822058],
            [-80.491079, 27.854601],
            [-80.4471635247752, 27.8598979972078],
            [-80.380509, 27.732029],
            [-80.3215593152909, 27.5573637757683],
            [-80.777166, 27.558733],
            [-80.778047, 27.643195],
            [-80.87315, 27.642288],
            [-80.881495, 27.821987],
            [-80.881566, 27.822511]
          ]
        ]
      }
    },
    {
      "type": "Feature",
      "id": "12_04798",
      "properties": {
        "state_puma_id": "12_04798",
        "state_name": "Florida",
        "state_fips": "12",
        "puma_name": "Hamilton, Lafayette, Madison, Suwannee, & Taylor Counties PUMA"
      },
      "geometry": {
        "type": "MultiPolygon",
        "coordinates": [
          [
            [
              [-83.830048, 29.973025],
              [-83.827844, 29.972811],
              [-83.827012, 29.971061],
              [-83.829032, 29.969825],
              [-83.830815, 29.971061],
              [-83.830048, 29.973025]
            ]
          ],
          [
            [
              [-83.991984, 30.093408],
              [-83.951753, 30.185148],
              [-83.925453, 30.19286],
              [-83.915827, 30.245152],
              [-83.837652, 30.280764],
              [-83.820521, 30.313144],
              [-83.788876, 30.324318],
              [-83.807559, 30.348728],
              [-83.804607, 30.376903],
              [-83.78977, 30.390219],
              [-83.783186, 30.378863],
              [-83.758403, 30.384901],
              [-83.721711, 30.43484],
              [-83.72997, 30.518751],
              [-83.70436, 30.523021],
              [-83.704293, 30.538094],
              [-83.671073, 30.53802],
              [-83.670488, 30.552901],
              [-83.637412, 30.552671],
              [-83.637343, 30.567471],
              [-83.604186, 30.581916],
              [-83.6117200011691, 30.6512579664548],
              [-82.6895389472297, 30.5977337059943],
              [-82.723943, 30.564888],
              [-82.714528, 30.531842],
              [-82.728622, 30.525707],
              [-82.696663, 30.489418],
              [-82.701802, 30.477713],
              [-82.663281, 30.452054],
              [-82.672895, 30.448571],
              [-82.645478, 30.407096],
              [-82.689617, 30.333341],
              [-82.71643, 30.321242],
              [-82.724638, 30.333796],
              [-82.745411, 30.317369],
              [-82.794594, 30.337024],
              [-82.793975, 29.986202],
              [-82.758583, 29.975707],
              [-82.831473, 29.912808],
              [-82.863266, 29.91105],
              [-82.893371, 29.826839],
              [-83.318859, 29.822623],
              [-83.319462, 29.778328],
              [-83.345676, 29.74349],
              [-83.366398, 29.665701],
              [-83.455356, 29.676444],
              [-83.483691, 29.688209],
              [-83.492953, 29.712686],
              [-83.547927, 29.728081],
              [-83.566018, 29.761434],
              [-83.585648, 29.761392],
              [-83.586836, 29.818941],
              [-83.680791, 29.921574],
              [-83.925364, 30.034568],
              [-83.992284, 30.089108],
              [-83.991984, 30.093408]
            ]
          ]
        ]
      }
    },
    {
      "type": "Feature",
      "id": "12_12703",
      "properties": {
        "state_puma_id": "12_12703",
        "state_name": "Florida",
        "state_fips": "12",
        "puma_name": "Volusia County--Port Orange, Edgewater, New Smyrna Beach (East) & Oak Hill Cities PUMA"
      },
      "geometry": {
        "type": "Polygon",
        "coordinates": [
          [
            [-81.075573, 29.155531],
            [-80.998596, 29.187729],
            [-80.9824864936099, 29.1803564955684],
            [-80.7329248249869, 28.7912445868159],
            [-80.899304, 28.790968],
            [-80.958968, 28.967936],
            [-81.032421, 29.11215],
            [-81.075443, 29.155325],
            [-81.075573, 29.155531]
          ]
        ]
      }
    },
    {
      "type": "Feature",
      "id": "12_05709",
      "properties": {
        "state_puma_id": "12_05709",
        "state_name": "Florida",
        "state_fips": "12",
        "puma_name": "Hillsborough County (Southeast) PUMA"
      },
      "geometry": {
        "type": "Polygon",
        "coordinates": [
          [
            [-82.317637, 27.647598],
            [-82.261502, 27.762784],
            [-82.31436, 27.843621],
            [-82.2693, 27.853591],
            [-82.300126, 27.880643],
            [-82.293983, 27.893605],
            [-82.269255, 27.893616],
            [-82.268617, 27.923205],
            [-82.227905, 27.9232],
            [-82.219594, 27.937663],
            [-82.092431, 27.937787],
            [-82.055258, 27.927085],
            [-82.054349, 27.646382],
            [-82.318254, 27.646553],
            [-82.317637, 27.647598]
          ]
        ]
      }
    },
    {
      "type": "Feature",
      "id": "12_08615",
      "properties": {
        "state_puma_id": "12_08615",
        "state_name": "Florida",
        "state_fips": "12",
        "puma_name": "Miami-Dade County (East Central)--Miami City (West) PUMA"
      },
      "geometry": {
        "type": "Polygon",
        "coordinates": [
          [
            [-80.318199, 25.763307],
            [-80.244241, 25.795341],
            [-80.239102, 25.772338],
            [-80.21424, 25.757774],
            [-80.254332, 25.742986],
            [-80.25514, 25.764687],
            [-80.318411, 25.763024],
            [-80.318199, 25.763307]
          ]
        ]
      }
    },
    {
      "type": "Feature",
      "id": "12_08624",
      "properties": {
        "state_puma_id": "12_08624",
        "state_name": "Florida",
        "state_fips": "12",
        "puma_name": "Miami-Dade County (South)--Homestead City (North) & Florida City (North) PUMA"
      },
      "geometry": {
        "type": "Polygon",
        "coordinates": [
          [
            [-80.510291, 25.513501],
            [-80.433447, 25.514202],
            [-80.436951, 25.499448],
            [-80.41233, 25.499582],
            [-80.411951, 25.473754],
            [-80.411919, 25.462862],
            [-80.477287, 25.462487],
            [-80.476663, 25.439102],
            [-80.501493, 25.433101],
            [-80.510238, 25.506134],
            [-80.510291, 25.513501]
          ]
        ]
      }
    },
    {
      "type": "Feature",
      "id": "12_00102",
      "properties": {
        "state_puma_id": "12_00102",
        "state_name": "Florida",
        "state_fips": "12",
        "puma_name": "Alachua County (Outer) PUMA"
      },
      "geometry": {
        "type": "Polygon",
        "coordinates": [
          [
            [-82.658554, 29.830144],
            [-82.641377, 29.827423],
            [-82.619739, 29.859111],
            [-82.586485, 29.866702],
            [-82.578266, 29.915845],
            [-82.510972, 29.945207],
            [-82.412983, 29.922238],
            [-82.397647, 29.886156],
            [-82.336211, 29.878798],
            [-82.281837, 29.844448],
            [-82.241061, 29.852185],
            [-82.133126, 29.835949],
            [-82.117552, 29.790595],
            [-82.078887, 29.775103],
            [-82.088079, 29.760779],
            [-82.057931, 29.747822],
            [-82.049052, 29.713368],
            [-82.055643, 29.441847],
            [-82.080943, 29.440386],
            [-82.095629, 29.420499],
            [-82.101143, 29.438313],
            [-82.135466, 29.434667],
            [-82.148519, 29.417178],
            [-82.200079, 29.422761],
            [-82.217722, 29.457095],
            [-82.188116, 29.456911],
            [-82.211449, 29.484067],
            [-82.556766, 29.480055],
            [-82.55703, 29.537362],
            [-82.656331, 29.53562],
            [-82.658128, 29.828068],
            [-82.658554, 29.830144]
          ],
          [
            [-82.457832, 29.701129],
            [-82.359243, 29.593156],
            [-82.339186, 29.594704],
            [-82.340873, 29.614724],
            [-82.322173, 29.629797],
            [-82.284077, 29.595836],
            [-82.2483, 29.611172],
            [-82.25765, 29.624995],
            [-82.237161, 29.636337],
            [-82.238504, 29.675635],
            [-82.22485, 29.687883],
            [-82.255733, 29.688234],
            [-82.255698, 29.707465],
            [-82.343091, 29.703215],
            [-82.384258, 29.739311],
            [-82.388888, 29.703259],
            [-82.466092, 29.716325],
            [-82.457832, 29.701129]
          ]
        ]
      }
    },
    {
      "type": "Feature",
      "id": "12_10307",
      "properties": {
        "state_puma_id": "12_10307",
        "state_name": "Florida",
        "state_fips": "12",
        "puma_name": "Pinellas County (Southeast)--St. Petersburg City (East) PUMA"
      },
      "geometry": {
        "type": "Polygon",
        "coordinates": [
          [
            [-82.679655, 27.715338],
            [-82.6795, 27.808504],
            [-82.646833, 27.821195],
            [-82.644976, 27.893527],
            [-82.6307916504675, 27.9078278592389],
            [-82.638257, 27.892904],
            [-82.596394, 27.864081],
            [-82.587625, 27.81901],
            [-82.62242, 27.789194],
            [-82.63362, 27.710607],
            [-82.677321, 27.706207],
            [-82.6791943415071, 27.6949263370568],
            [-82.679634, 27.713855],
            [-82.679655, 27.715338]
          ]
        ]
      }
    },
    {
      "type": "Feature",
      "id": "12_05705",
      "properties": {
        "state_puma_id": "12_05705",
        "state_name": "Florida",
        "state_fips": "12",
        "puma_name": "Hillsborough County (North Central)--Tampa City (North) PUMA"
      },
      "geometry": {
        "type": "Polygon",
        "coordinates": [
          [
            [-82.454899, 28.055146],
            [-82.454852, 28.082192],
            [-82.430833, 28.080427],
            [-82.43075, 28.107653],
            [-82.394629, 28.171257],
            [-82.254309, 28.171467],
            [-82.253742, 28.156552],
            [-82.27233, 28.15657],
            [-82.290637, 28.129169],
            [-82.249606, 28.152623],
            [-82.221104, 28.15012],
            [-82.251255, 28.141428],
            [-82.23666, 28.125727],
            [-82.254413, 28.09871],
            [-82.319987, 28.051223],
            [-82.302705, 28.050721],
            [-82.3024, 28.006342],
            [-82.393464, 27.996234],
            [-82.397581, 28.054432],
            [-82.454906, 28.054655],
            [-82.454899, 28.055146]
          ]
        ]
      }
    },
    {
      "type": "Feature",
      "id": "12_09911",
      "properties": {
        "state_puma_id": "12_09911",
        "state_name": "Florida",
        "state_fips": "12",
        "puma_name": "Palm Beach County (West)--Glades & Western Communities PUMA"
      },
      "geometry": {
        "type": "Polygon",
        "coordinates": [
          [
            [-80.886014, 26.652887],
            [-80.885639, 26.958919],
            [-80.374839, 26.958386],
            [-80.264368, 26.884668],
            [-80.278269, 26.853995],
            [-80.269227, 26.812023],
            [-80.197384, 26.811539],
            [-80.200241, 26.72382],
            [-80.16721, 26.722359],
            [-80.150687, 26.752375],
            [-80.134266, 26.751734],
            [-80.136663, 26.715453],
            [-80.16635, 26.679187],
            [-80.364031, 26.685048],
            [-80.334267, 26.63479],
            [-80.279512, 26.602222],
            [-80.222344, 26.512698],
            [-80.235963, 26.384989],
            [-80.251669, 26.364988],
            [-80.297051, 26.356679],
            [-80.296986, 26.334356],
            [-80.881833, 26.3338],
            [-80.886013, 26.652696],
            [-80.886014, 26.652887]
          ]
        ]
      }
    },
    {
      "type": "Feature",
      "id": "12_01110",
      "properties": {
        "state_puma_id": "12_01110",
        "state_name": "Florida",
        "state_fips": "12",
        "puma_name": "Broward County (Central)--Davie Town & Cooper City PUMA"
      },
      "geometry": {
        "type": "Polygon",
        "coordinates": [
          [
            [-80.330188, 26.102206],
            [-80.330207, 26.11922],
            [-80.20204, 26.088114],
            [-80.207756, 26.062946],
            [-80.224075, 26.065606],
            [-80.223543, 26.046302],
            [-80.248663, 26.031197],
            [-80.3126, 26.029543],
            [-80.313848, 26.087656],
            [-80.330293, 26.087657],
            [-80.330188, 26.102206]
          ]
        ]
      }
    },
    {
      "type": "Feature",
      "id": "12_09904",
      "properties": {
        "state_puma_id": "12_09904",
        "state_name": "Florida",
        "state_fips": "12",
        "puma_name": "Palm Beach County (East)--Greenacres City (North) & Palm Springs Village (North) PUMA"
      },
      "geometry": {
        "type": "Polygon",
        "coordinates": [
          [
            [-80.174173, 26.661906],
            [-80.16635, 26.679187],
            [-80.07093, 26.676061],
            [-80.068392, 26.629695],
            [-80.113328, 26.625757],
            [-80.114157, 26.603683],
            [-80.147147, 26.602616],
            [-80.146717, 26.618916],
            [-80.173562, 26.617424],
            [-80.174081, 26.654463],
            [-80.174173, 26.661906]
          ]
        ]
      }
    },
    {
      "type": "Feature",
      "id": "12_09902",
      "properties": {
        "state_puma_id": "12_09902",
        "state_name": "Florida",
        "state_fips": "12",
        "puma_name": "Palm Beach County (Northeast)--Palm Beach Gardens & Riviera Beach Cities PUMA"
      },
      "geometry": {
        "type": "Polygon",
        "coordinates": [
          [
            [-80.278269, 26.853995],
            [-80.264368, 26.884668],
            [-80.234893, 26.865353],
            [-80.225348, 26.897702],
            [-80.095367, 26.882856],
            [-80.095162, 26.843878],
            [-80.060734, 26.837051],
            [-80.0462255385049, 26.8590798703054],
            [-80.031372, 26.783726],
            [-80.049145, 26.763291],
            [-80.133333, 26.76021],
            [-80.16721, 26.722359],
            [-80.200241, 26.72382],
            [-80.197384, 26.811539],
            [-80.269227, 26.812023],
            [-80.278313, 26.843087],
            [-80.278269, 26.853995]
          ]
        ]
      }
    },
    {
      "type": "Feature",
      "id": "12_09506",
      "properties": {
        "state_puma_id": "12_09506",
        "state_name": "Florida",
        "state_fips": "12",
        "puma_name": "Orange County (Central)--Orlando City (West Downtown) & Pine Hills (Southeast) PUMA"
      },
      "geometry": {
        "type": "Polygon",
        "coordinates": [
          [
            [-81.486077, 28.513501],
            [-81.471098, 28.522945],
            [-81.476064, 28.577651],
            [-81.391748, 28.583935],
            [-81.387655, 28.552979],
            [-81.397036, 28.510066],
            [-81.449115, 28.478723],
            [-81.486083, 28.512023],
            [-81.486077, 28.513501]
          ]
        ]
      }
    },
    {
      "type": "Feature",
      "id": "12_03500",
      "properties": {
        "state_puma_id": "12_03500",
        "state_name": "Florida",
        "state_fips": "12",
        "puma_name": "Flagler County PUMA"
      },
      "geometry": {
        "type": "Polygon",
        "coordinates": [
          [
            [-81.52366, 29.622432],
            [-81.324059, 29.62561],
            [-81.324345, 29.653478],
            [-81.307658, 29.64218],
            [-81.261018, 29.669076],
            [-81.24726, 29.659093],
            [-81.2128778426699, 29.6706669347027],
            [-81.1019097824214, 29.4270547299613],
            [-81.155881, 29.410954],
            [-81.150081, 29.265957],
            [-81.41729, 29.261156],
            [-81.420745, 29.399645],
            [-81.478793, 29.399052],
            [-81.487194, 29.447151],
            [-81.520467, 29.496513],
            [-81.522689, 29.579473],
            [-81.52366, 29.622432]
          ]
        ]
      }
    },
    {
      "type": "Feature",
      "id": "12_09908",
      "properties": {
        "state_puma_id": "12_09908",
        "state_name": "Florida",
        "state_fips": "12",
        "puma_name": "Palm Beach County (Southeast)--Boca Raton City & Highland Beach Town PUMA"
      },
      "geometry": {
        "type": "Polygon",
        "coordinates": [
          [
            [-80.171604, 26.424066],
            [-80.065546, 26.42055],
            [-80.0617213407646, 26.4321345861015],
            [-80.0748372451019, 26.3210316022663],
            [-80.153734, 26.343888],
            [-80.145738, 26.368824],
            [-80.170695, 26.367896],
            [-80.171419, 26.416357],
            [-80.171604, 26.424066]
          ]
        ]
      }
    },
    {
      "type": "Feature",
      "id": "12_08623",
      "properties": {
        "state_puma_id": "12_08623",
        "state_name": "Florida",
        "state_fips": "12",
        "puma_name": "Miami-Dade County (Southeast)--Cutler Bay Town & Palmetto Bay Village PUMA"
      },
      "geometry": {
        "type": "Polygon",
        "coordinates": [
          [
            [-80.412067, 25.480292],
            [-80.385637, 25.475932],
            [-80.365241, 25.499171],
            [-80.385886, 25.504034],
            [-80.388291, 25.529253],
            [-80.365607, 25.537294],
            [-80.372762, 25.575996],
            [-80.348074, 25.594406],
            [-80.374961, 25.597883],
            [-80.385396, 25.643505],
            [-80.348102, 25.628742],
            [-80.334111, 25.643851],
            [-80.282378, 25.64315],
            [-80.286321, 25.620062],
            [-80.306682, 25.612786],
            [-80.302674, 25.569497],
            [-80.339773, 25.500249],
            [-80.3344338271027, 25.4632920949457],
            [-80.411919, 25.462862],
            [-80.411982, 25.477806],
            [-80.412067, 25.480292]
          ]
        ]
      }
    },
    {
      "type": "Feature",
      "id": "12_10504",
      "properties": {
        "state_puma_id": "12_10504",
        "state_name": "Florida",
        "state_fips": "12",
        "puma_name": "Polk County (South) PUMA"
      },
      "geometry": {
        "type": "Polygon",
        "coordinates": [
          [
            [-82.055262, 27.927253],
            [-82.030218, 27.923582],
            [-82.049189, 27.907064],
            [-82.012159, 27.890403],
            [-81.982461, 27.913996],
            [-81.973632, 27.893406],
            [-81.858722, 27.896681],
            [-81.857246, 27.912766],
            [-81.838602, 27.91108],
            [-81.800888, 27.945647],
            [-81.7945, 27.909248],
            [-81.668643, 27.923717],
            [-81.66486, 28.029446],
            [-81.644969, 28.034268],
            [-81.66968, 28.048096],
            [-81.659583, 28.070563],
            [-81.610862, 28.084529],
            [-81.606804, 28.106752],
            [-81.555216, 28.114756],
            [-81.529458, 28.140156],
            [-81.456214, 28.143163],
            [-81.455758, 28.08489],
            [-81.346418, 28.084696],
            [-81.346336, 28.069669],
            [-81.365009, 28.068222],
            [-81.378718, 28.011743],
            [-81.440136, 28.058255],
            [-81.458814, 28.040069],
            [-81.415603, 27.998172],
            [-81.386988, 28.003619],
            [-81.33665, 27.94958],
            [-81.345773, 27.935774],
            [-81.308696, 27.92188],
            [-81.302147, 27.862383],
            [-81.215292, 27.829731],
            [-81.131044, 27.659307],
            [-81.142164, 27.643238],
            [-82.054349, 27.646382],
            [-82.055258, 27.927085],
            [-82.055262, 27.927253]
          ]
        ]
      }
    },
    {
      "type": "Feature",
      "id": "12_08620",
      "properties": {
        "state_puma_id": "12_08620",
        "state_name": "Florida",
        "state_fips": "12",
        "puma_name": "Miami-Dade County (East Central)--Kendall (North), Sunset & Westwood Lakes PUMA"
      },
      "geometry": {
        "type": "Polygon",
        "coordinates": [
          [
            [-80.402135, 25.691671],
            [-80.399617, 25.729636],
            [-80.336578, 25.733124],
            [-80.33367, 25.691782],
            [-80.304837, 25.691754],
            [-80.323627, 25.666401],
            [-80.375592, 25.664577],
            [-80.400247, 25.671325],
            [-80.402131, 25.689798],
            [-80.402135, 25.691671]
          ]
        ]
      }
    },
    {
      "type": "Feature",
      "id": "12_06902",
      "properties": {
        "state_puma_id": "12_06902",
        "state_name": "Florida",
        "state_fips": "12",
        "puma_name": "Lake County (Northwest) PUMA"
      },
      "geometry": {
        "type": "Polygon",
        "coordinates": [
          [
            [-81.954365, 28.677034],
            [-81.95419, 28.960053],
            [-81.761654, 28.960932],
            [-81.760607, 28.926203],
            [-81.741221, 28.913756],
            [-81.741359, 28.803185],
            [-81.687397, 28.787869],
            [-81.651121, 28.79305],
            [-81.655274, 28.805324],
            [-81.62464, 28.785932],
            [-81.646513, 28.785872],
            [-81.658597, 28.766423],
            [-81.657299, 28.553122],
            [-81.8641, 28.684416],
            [-81.954496, 28.655692],
            [-81.954365, 28.677034]
          ]
        ]
      }
    },
    {
      "type": "Feature",
      "id": "12_11703",
      "properties": {
        "state_puma_id": "12_11703",
        "state_name": "Florida",
        "state_fips": "12",
        "puma_name": "Seminole County (South Central) PUMA"
      },
      "geometry": {
        "type": "Polygon",
        "coordinates": [
          [
            [-81.388809, 28.68366],
            [-81.334152, 28.68343],
            [-81.309935, 28.730489],
            [-81.30128, 28.716617],
            [-81.253407, 28.712403],
            [-81.274823, 28.669786],
            [-81.266085, 28.620121],
            [-81.277834, 28.611209],
            [-81.327888, 28.610501],
            [-81.32848, 28.639628],
            [-81.365234, 28.640404],
            [-81.365896, 28.663425],
            [-81.388687, 28.662044],
            [-81.388774, 28.675458],
            [-81.388809, 28.68366]
          ]
        ]
      }
    },
    {
      "type": "Feature",
      "id": "12_09502",
      "properties": {
        "state_puma_id": "12_09502",
        "state_name": "Florida",
        "state_fips": "12",
        "puma_name": "Orange County (West Central)--Winter Garden, Ocoee Cities & Oakland Town PUMA"
      },
      "geometry": {
        "type": "Polygon",
        "coordinates": [
          [
            [-81.658466, 28.676798],
            [-81.606239, 28.671329],
            [-81.592958, 28.647516],
            [-81.556685, 28.632601],
            [-81.571965, 28.606835],
            [-81.498358, 28.612483],
            [-81.496814, 28.577523],
            [-81.476064, 28.577651],
            [-81.4711, 28.524317],
            [-81.483463, 28.493701],
            [-81.557391, 28.516433],
            [-81.585559, 28.492268],
            [-81.620218, 28.517981],
            [-81.657398, 28.514239],
            [-81.658206, 28.658942],
            [-81.658466, 28.676798]
          ]
        ]
      }
    },
    {
      "type": "Feature",
      "id": "12_08616",
      "properties": {
        "state_puma_id": "12_08616",
        "state_name": "Florida",
        "state_fips": "12",
        "puma_name": "Miami-Dade County (East)--Coral Gables City, Pinecrest Village & Kendall (South) PUMA"
      },
      "geometry": {
        "type": "Polygon",
        "coordinates": [
          [
            [-80.388571, 25.67108],
            [-80.323627, 25.666401],
            [-80.30836, 25.688869],
            [-80.284856, 25.689672],
            [-80.287272, 25.748425],
            [-80.303543, 25.748018],
            [-80.303901, 25.763099],
            [-80.25514, 25.764687],
            [-80.261873, 25.708966],
            [-80.245111, 25.698416],
            [-80.2828771671466, 25.6253945244755],
            [-80.28364, 25.65264],
            [-80.348102, 25.628742],
            [-80.385396, 25.643505],
            [-80.388679, 25.668415],
            [-80.388571, 25.67108]
          ]
        ]
      }
    },
    {
      "type": "Feature",
      "id": "12_08604",
      "properties": {
        "state_puma_id": "12_08604",
        "state_name": "Florida",
        "state_fips": "12",
        "puma_name": "Miami-Dade County (NE)--Aventura, Sunny Isles Beach, North Miami Beach (East) Cities PUMA"
      },
      "geometry": {
        "type": "Polygon",
        "coordinates": [
          [
            [-80.184967, 25.947485],
            [-80.165724, 25.973783],
            [-80.1178961449456, 25.9752479199449],
            [-80.1210928489968, 25.8871889218517],
            [-80.131765, 25.898326],
            [-80.163728, 25.889408],
            [-80.151487, 25.93573],
            [-80.185097, 25.94736],
            [-80.184967, 25.947485]
          ]
        ]
      }
    }
  ]
}
