{
  "type": "FeatureCollection",
  "features": [
    {
      "type": "Feature",
      "id": "06_03772",
      "properties": {
        "state_puma_id": "06_03772",
        "state_name": "California",
        "state_fips": "06",
        "puma_name": "Los Angeles County (North/Unincorporated)--Castaic PUMA"
      },
      "geometry": {
        "type": "Polygon",
        "coordinates": [
          [
            [-118.894634, 34.817972],
            [-118.854271, 34.803014],
            [-118.854009, 34.817684],
            [-118.326281, 34.819726],
            [-118.329637, 34.662693],
            [-118.23606, 34.645605],
            [-118.233364, 34.616448],
            [-118.21863, 34.614214],
            [-118.226829, 34.594635],
            [-118.265282, 34.609474],
            [-118.261464, 34.583744],
            [-118.287703, 34.583752],
            [-118.287605, 34.558176],
            [-118.254677, 34.558304],
            [-118.255505, 34.539293],
            [-118.237883, 34.538948],
            [-118.183796, 34.558266],
            [-118.143046, 34.509355],
            [-118.118625, 34.502186],
            [-118.082525, 34.537946],
            [-118.030366, 34.505927],
            [-118.004654, 34.512484],
            [-117.977953, 34.557945],
            [-117.880619, 34.557942],
            [-117.880238, 34.613601],
            [-117.916319, 34.616707],
            [-117.916313, 34.660606],
            [-118.058872, 34.660616],
            [-118.077145, 34.71899],
            [-118.139434, 34.718665],
            [-118.140075, 34.820851],
            [-117.667292, 34.822526],
            [-117.655235, 34.397222],
            [-117.675934, 34.404369],
            [-117.676088, 34.426055],
            [-117.891278, 34.421193],
            [-117.970297, 34.439002],
            [-117.970687, 34.381823],
            [-117.986931, 34.367171],
            [-118.080251, 34.382588],
            [-118.090166, 34.402497],
            [-118.143019, 34.374835],
            [-118.248721, 34.373542],
            [-118.263482, 34.399437],
            [-118.38532, 34.359304],
            [-118.405605, 34.380727],
            [-118.404197, 34.428386],
            [-118.333833, 34.438648],
            [-118.330739, 34.485471],
            [-118.440338, 34.481271],
            [-118.440095, 34.495931],
            [-118.466119, 34.495889],
            [-118.495983, 34.481574],
            [-118.493807, 34.49613],
            [-118.511324, 34.496271],
            [-118.53138, 34.48169],
            [-118.537856, 34.503936],
            [-118.551796, 34.503902],
            [-118.581334, 34.447459],
            [-118.613168, 34.449686],
            [-118.586351, 34.429258],
            [-118.553429, 34.358386],
            [-118.508341, 34.33389],
            [-118.546296, 34.317332],
            [-118.540943, 34.298794],
            [-118.588101, 34.302925],
            [-118.596208, 34.274521],
            [-118.633461, 34.269522],
            [-118.893056, 34.814717],
            [-118.894634, 34.817972]
          ]
        ]
      }
    },
    {
      "type": "Feature",
      "id": "06_07901",
      "properties": {
        "state_puma_id": "06_07901",
        "state_name": "California",
        "state_fips": "06",
        "puma_name": "San Luis Obispo County (West)--Coastal Region PUMA"
      },
      "geometry": {
        "type": "Polygon",
        "coordinates": [
          [
            [-121.346362833935, 35.7951826441526],
            [-121.180475, 35.791999],
            [-121.181465, 35.774081],
            [-121.089683, 35.690299],
            [-120.978647, 35.632594],
            [-120.906773, 35.563289],
            [-120.865156, 35.543314],
            [-120.850531, 35.514002],
            [-120.714086, 35.45485],
            [-120.739825, 35.411562],
            [-120.695173, 35.379387],
            [-120.773824, 35.360146],
            [-120.777788, 35.332261],
            [-120.713036, 35.294516],
            [-120.704762, 35.32012],
            [-120.680765, 35.307989],
            [-120.660813, 35.334311],
            [-120.625787, 35.321165],
            [-120.631629, 35.335479],
            [-120.629501, 35.291992],
            [-120.596442, 35.274556],
            [-120.675729, 35.235738],
            [-120.640648, 35.235853],
            [-120.617468, 35.218021],
            [-120.612186, 35.189024],
            [-120.629586, 35.165451],
            [-120.600215, 35.141567],
            [-120.571177, 35.134852],
            [-120.561195, 35.147834],
            [-120.54098, 35.135085],
            [-120.557232, 35.122187],
            [-120.526876, 35.118195],
            [-120.554275, 35.106975],
            [-120.504329, 35.058976],
            [-120.476057, 35.060453],
            [-120.433991, 34.99639],
            [-120.38111, 34.99592],
            [-120.403508, 34.969754],
            [-120.496222, 34.993155],
            [-120.634144, 34.959562],
            [-120.649338482465, 34.9747100117234],
            [-120.629583, 35.078362],
            [-120.646147, 35.143943],
            [-120.714185, 35.175998],
            [-120.770192, 35.163731],
            [-120.856047, 35.206487],
            [-120.89679, 35.247877],
            [-120.862062, 35.346995],
            [-120.884757, 35.430196],
            [-120.907937, 35.449069],
            [-121.003359, 35.46071],
            [-121.100791, 35.548859],
            [-121.165758, 35.635283],
            [-121.28653, 35.665524],
            [-121.332449, 35.783106],
            [-121.346362833935, 35.7951826441526]
          ]
        ]
      }
    },
    {
      "type": "Feature",
      "id": "06_05700",
      "properties": {
        "state_puma_id": "06_05700",
        "state_name": "California",
        "state_fips": "06",
        "puma_name": "Nevada & Sierra Counties PUMA"
      },
      "geometry": {
        "type": "Polygon",
        "coordinates": [
          [
            [-121.279749, 39.109845],
            [-121.266132, 39.272717],
            [-121.219853, 39.283076],
            [-121.195619, 39.329582],
            [-121.157533, 39.332467],
            [-121.128007, 39.379752],
            [-121.022085, 39.391558],
            [-121.0344, 39.514436],
            [-121.057479, 39.539991],
            [-121.024383, 39.559049],
            [-121.009477, 39.639459],
            [-120.949435, 39.672548],
            [-120.934366, 39.738792],
            [-120.913879, 39.757222],
            [-120.870988, 39.776821],
            [-120.840428, 39.747004],
            [-120.81577, 39.746945],
            [-120.792484, 39.709794],
            [-120.749929, 39.719635],
            [-120.679907, 39.67659],
            [-120.654124, 39.706234],
            [-120.015734, 39.708721],
            [-120.001319, 39.72242],
            [-120.006315645404, 39.3164959768657],
            [-120.671433, 39.310371],
            [-120.851713, 39.212033],
            [-120.869551, 39.180241],
            [-120.930562, 39.156527],
            [-120.989387, 39.111229],
            [-120.99215, 39.075406],
            [-121.037326, 39.016734],
            [-121.068611, 39.00516],
            [-121.137397, 39.037858],
            [-121.205915, 39.011851],
            [-121.279533, 39.034618],
            [-121.279746, 39.108957],
            [-121.279749, 39.109845]
          ]
        ]
      }
    },
    {
      "type": "Feature",
      "id": "06_01901",
      "properties": {
        "state_puma_id": "06_01901",
        "state_name": "California",
        "state_fips": "06",
        "puma_name": "Fresno County (West)--Selma, Kerman & Coalinga Cities PUMA"
      },
      "geometry": {
        "type": "Polygon",
        "coordinates": [
          [
            [-120.909422, 36.747696],
            [-120.65595, 36.952832],
            [-120.590566, 36.952641],
            [-120.585407, 36.991248],
            [-120.598564, 36.99863],
            [-120.541696, 37.044505],
            [-120.544566, 37.026085],
            [-120.502812, 37.00041],
            [-120.450825, 36.913471],
            [-120.466752, 36.892193],
            [-120.456246, 36.862863],
            [-120.369612, 36.810355],
            [-120.369052, 36.784805],
            [-120.345124, 36.785049],
            [-120.34885, 36.798255],
            [-120.291823, 36.763449],
            [-120.234005, 36.768298],
            [-120.207076, 36.790905],
            [-120.18883, 36.776408],
            [-120.172724, 36.802871],
            [-120.079458, 36.825345],
            [-120.028143, 36.814485],
            [-119.984651, 36.840841],
            [-119.943507, 36.83403],
            [-119.93461, 36.81499],
            [-119.934381, 36.677107],
            [-119.844406, 36.663084],
            [-119.844509, 36.692117],
            [-119.772684, 36.699631],
            [-119.772766, 36.663357],
            [-119.610392, 36.677639],
            [-119.610631, 36.605278],
            [-119.574854, 36.605132],
            [-119.573194, 36.488835],
            [-119.66692, 36.418728],
            [-119.671493, 36.431074],
            [-119.74705, 36.416435],
            [-119.753114, 36.401894],
            [-119.959227, 36.400975],
            [-119.958916, 36.181414],
            [-120.315068, 35.907186],
            [-120.360402, 35.964418],
            [-120.433053, 35.968933],
            [-120.480447, 36.011296],
            [-120.529796, 36.024281],
            [-120.526994, 36.035709],
            [-120.592011, 36.071326],
            [-120.600607, 36.101587],
            [-120.646108, 36.104745],
            [-120.672105, 36.163844],
            [-120.649937, 36.168007],
            [-120.627055, 36.203039],
            [-120.679741, 36.246665],
            [-120.682723, 36.294441],
            [-120.658806, 36.316235],
            [-120.596562, 36.328488],
            [-120.597155, 36.488235],
            [-120.918731, 36.740381],
            [-120.909422, 36.747696]
          ]
        ]
      }
    },
    {
      "type": "Feature",
      "id": "06_03745",
      "properties": {
        "state_puma_id": "06_03745",
        "state_name": "California",
        "state_fips": "06",
        "puma_name": "Los Angeles County (Central)--LA City (Southeast/East Vernon) PUMA"
      },
      "geometry": {
        "type": "Polygon",
        "coordinates": [
          [
            [-118.282754, 34.015665],
            [-118.274476, 34.027466],
            [-118.239653, 34.018002],
            [-118.237918, 33.989393],
            [-118.28039, 33.989154],
            [-118.282733, 34.011143],
            [-118.282754, 34.015665]
          ]
        ]
      }
    },
    {
      "type": "Feature",
      "id": "06_11107",
      "properties": {
        "state_puma_id": "06_11107",
        "state_name": "California",
        "state_fips": "06",
        "puma_name": "Ventura County (North)--Santa Paula, Fillmore & Ojai Cities PUMA"
      },
      "geometry": {
        "type": "Polygon",
        "coordinates": [
          [
            [-119.477837, 34.379417],
            [-119.447372, 34.401709],
            [-119.453423, 34.42861],
            [-119.440414, 34.441842],
            [-119.443691, 34.901171],
            [-119.383705, 34.900817],
            [-119.381854, 34.87399],
            [-119.276435, 34.872481],
            [-119.277245, 34.857284],
            [-119.242581, 34.857598],
            [-119.242534, 34.814323],
            [-118.977926, 34.811714],
            [-118.978022, 34.789809],
            [-118.880405, 34.788655],
            [-118.670593, 34.360692],
            [-118.711898, 34.354149],
            [-118.762735, 34.372655],
            [-118.763935, 34.352727],
            [-118.736692, 34.338537],
            [-118.768956, 34.339396],
            [-118.766756, 34.31689],
            [-118.813527, 34.286958],
            [-118.859129, 34.284301],
            [-118.865938, 34.307862],
            [-118.879351, 34.307813],
            [-118.882088, 34.284853],
            [-118.965192, 34.260646],
            [-119.060828, 34.263712],
            [-119.133313, 34.222065],
            [-119.173326, 34.231705],
            [-119.16134, 34.264003],
            [-119.129255, 34.288107],
            [-119.144253, 34.316689],
            [-119.196318, 34.287938],
            [-119.198765, 34.327775],
            [-119.217253, 34.34074],
            [-119.234795, 34.334407],
            [-119.258295, 34.282959],
            [-119.269821, 34.302025],
            [-119.288535, 34.289839],
            [-119.270281, 34.309721],
            [-119.294318, 34.315725],
            [-119.307616595515, 34.2746959211024],
            [-119.478273, 34.377258],
            [-119.477837, 34.379417]
          ]
        ]
      }
    },
    {
      "type": "Feature",
      "id": "06_02905",
      "properties": {
        "state_puma_id": "06_02905",
        "state_name": "California",
        "state_fips": "06",
        "puma_name": "Kern County (East)--Ridgecrest, Arvin, Tehachapi & California City Cities PUMA"
      },
      "geometry": {
        "type": "Polygon",
        "coordinates": [
          [
            [-119.090123, 35.586822],
            [-119.053437, 35.790774],
            [-117.634291, 35.797658],
            [-117.634315, 35.70983],
            [-117.652136, 35.709858],
            [-117.652184, 35.680771],
            [-117.616518, 35.680687],
            [-117.616518, 35.651611],
            [-117.634346, 35.651571],
            [-117.632151, 34.822271],
            [-118.854009, 34.817684],
            [-118.854271, 34.803014],
            [-118.876722, 34.803203],
            [-118.884197, 34.813358],
            [-118.86326, 34.83938],
            [-118.922487, 34.899509],
            [-119.00365, 35.170134],
            [-119.003148, 35.208553],
            [-118.878125, 35.208877],
            [-118.878597, 35.3254],
            [-118.843087, 35.325558],
            [-118.843919, 35.374391],
            [-118.816003, 35.395814],
            [-118.772559, 35.400332],
            [-118.713921, 35.44203],
            [-118.779537, 35.442811],
            [-118.780856, 35.456729],
            [-118.798731, 35.45689],
            [-118.781905, 35.482934],
            [-118.871997, 35.496851],
            [-118.872243, 35.451471],
            [-118.891465, 35.437689],
            [-118.933484, 35.447737],
            [-118.936364, 35.426714],
            [-119.030719, 35.395471],
            [-119.084369, 35.441323],
            [-119.074657, 35.473914],
            [-119.089727, 35.583789],
            [-119.090123, 35.586822]
          ]
        ]
      }
    },
    {
      "type": "Feature",
      "id": "06_03300",
      "properties": {
        "state_puma_id": "06_03300",
        "state_name": "California",
        "state_fips": "06",
        "puma_name": "Lake & Mendocino Counties PUMA"
      },
      "geometry": {
        "type": "Polygon",
        "coordinates": [
          [
            [-124.02325190922, 40.0012763404289],
            [-123.544458, 40.001923],
            [-123.544563, 39.977015],
            [-122.934013, 39.978131],
            [-122.926821, 39.945071],
            [-122.909787, 39.936385],
            [-122.950964, 39.906108],
            [-122.959947, 39.845022],
            [-122.937654, 39.798156],
            [-122.938413, 39.748112],
            [-122.912516, 39.748165],
            [-122.912876, 39.708723],
            [-122.892676, 39.708898],
            [-122.885352, 39.580108],
            [-122.735639, 39.580668],
            [-122.739062, 39.383266],
            [-122.78509, 39.382975],
            [-122.741719, 39.358899],
            [-122.775252, 39.312563],
            [-122.665362, 39.217548],
            [-122.515331, 39.209215],
            [-122.475383, 39.170148],
            [-122.474541, 39.144699],
            [-122.496835, 39.140501],
            [-122.500909, 39.121075],
            [-122.486037, 39.085466],
            [-122.492175, 39.053951],
            [-122.411507, 39.019087],
            [-122.409214, 38.963001],
            [-122.340172, 38.924246],
            [-122.403941, 38.925289],
            [-122.421904, 38.90377],
            [-122.373488, 38.817],
            [-122.379388, 38.802101],
            [-122.397989, 38.804001],
            [-122.412289, 38.785801],
            [-122.402889, 38.772902],
            [-122.46389, 38.705203],
            [-122.627396, 38.667506],
            [-122.646569, 38.706177],
            [-122.695451, 38.71309],
            [-122.747756, 38.803344],
            [-122.817651, 38.849839],
            [-123.080997, 38.852438],
            [-123.08123, 38.838406],
            [-123.136636, 38.839448],
            [-123.136253, 38.809136],
            [-123.368394, 38.80664],
            [-123.368236, 38.777066],
            [-123.497042, 38.778604],
            [-123.520961, 38.758575],
            [-123.593252, 38.799033],
            [-123.659846, 38.872529],
            [-123.727976, 38.919429],
            [-123.741921, 38.956228],
            [-123.711149, 38.977316],
            [-123.69124, 39.050795],
            [-123.719366, 39.134516],
            [-123.771418, 39.194224],
            [-123.789006, 39.269707],
            [-123.803848, 39.278771],
            [-123.796612, 39.301348],
            [-123.813725, 39.308337],
            [-123.80089, 39.318267],
            [-123.827716, 39.348433],
            [-123.808733, 39.427406],
            [-123.819884, 39.439489],
            [-123.766475, 39.552803],
            [-123.78863, 39.599975],
            [-123.794235, 39.689995],
            [-123.829545, 39.723071],
            [-123.851714, 39.832041],
            [-123.907664, 39.863028],
            [-123.930047, 39.909697],
            [-124.021277820006, 39.9996076931301],
            [-124.02325190922, 40.0012763404289]
          ]
        ]
      }
    },
    {
      "type": "Feature",
      "id": "06_07326",
      "properties": {
        "state_puma_id": "06_07326",
        "state_name": "California",
        "state_fips": "06",
        "puma_name": "San Diego County (West)--San Diego (Northwest/San Dieguito) & Encinitas Cities PUMA"
      },
      "geometry": {
        "type": "Polygon",
        "coordinates": [
          [
            [-117.312731970231, 33.0874272994045],
            [-117.269265, 33.088817],
            [-117.262216, 33.067585],
            [-117.223352, 33.061254],
            [-117.234329, 33.073467],
            [-117.22095, 33.077626],
            [-117.221885, 33.099933],
            [-117.189185, 33.100841],
            [-117.165231, 33.089103],
            [-117.172356, 33.063637],
            [-117.114786, 33.072207],
            [-117.088389, 33.053551],
            [-117.069961, 33.059494],
            [-117.083677, 32.983814],
            [-117.108788, 32.944374],
            [-117.128927, 32.940029],
            [-117.13094, 32.982491],
            [-117.165889, 32.969817],
            [-117.272052792201, 32.9801391738307],
            [-117.312706593459, 33.0873767285373],
            [-117.312731970231, 33.0874272994045]
          ]
        ]
      }
    },
    {
      "type": "Feature",
      "id": "06_02300",
      "properties": {
        "state_puma_id": "06_02300",
        "state_name": "California",
        "state_fips": "06",
        "puma_name": "Humboldt County PUMA"
      },
      "geometry": {
        "type": "Polygon",
        "coordinates": [
          [
            [-124.408601, 40.443201],
            [-124.329404, 40.61643],
            [-124.137066, 40.925732],
            [-124.111756, 41.026883],
            [-124.129132, 41.05111],
            [-124.153622, 41.05355],
            [-124.165414, 41.129822],
            [-124.1438, 41.144686],
            [-124.106986, 41.229678],
            [-124.065520896835, 41.4647394649382],
            [-123.770551, 41.464193],
            [-123.770239, 41.380776],
            [-123.489411, 41.37767],
            [-123.474085, 41.366193],
            [-123.48251, 41.35365],
            [-123.459592, 41.310239],
            [-123.463089, 41.28555],
            [-123.443814, 41.273234],
            [-123.455307, 41.236537],
            [-123.408291, 41.179944],
            [-123.433027, 41.160578],
            [-123.439806, 41.092541],
            [-123.464222, 41.094408],
            [-123.464006, 41.076348],
            [-123.423272, 41.058157],
            [-123.40604, 41.012897],
            [-123.481457, 40.914957],
            [-123.560163, 40.950257],
            [-123.587861, 40.927755],
            [-123.623891, 40.928674],
            [-123.597588, 40.885231],
            [-123.610051, 40.879182],
            [-123.563059, 40.840417],
            [-123.554292, 40.795541],
            [-123.566253, 40.78881],
            [-123.549865, 40.775808],
            [-123.543102, 40.734014],
            [-123.544458, 40.001923],
            [-124.02325190922, 40.0012763404289],
            [-124.072509, 40.022657],
            [-124.080709, 40.06611],
            [-124.110549, 40.103765],
            [-124.187874, 40.130542],
            [-124.360604, 40.257206],
            [-124.347853, 40.314634],
            [-124.373599, 40.392923],
            [-124.409591, 40.438076],
            [-124.408601, 40.443201]
          ]
        ]
      }
    },
    {
      "type": "Feature",
      "id": "06_01305",
      "properties": {
        "state_puma_id": "06_01305",
        "state_name": "California",
        "state_fips": "06",
        "puma_name": "Contra Costa County (South)--San Ramon City & Danville Town PUMA"
      },
      "geometry": {
        "type": "Polygon",
        "coordinates": [
          [
            [-122.074745, 37.830091],
            [-122.038924, 37.80868],
            [-122.017612, 37.84014],
            [-122.000763, 37.829746],
            [-121.95192, 37.831928],
            [-121.949831, 37.844115],
            [-121.895966, 37.83823],
            [-121.910887, 37.857475],
            [-121.87463, 37.868653],
            [-121.87416, 37.906039],
            [-121.842559, 37.88563],
            [-121.796049, 37.894608],
            [-121.747147, 37.869488],
            [-121.698409, 37.874689],
            [-121.694344, 37.887161],
            [-121.64683, 37.840087],
            [-121.697322, 37.782438],
            [-121.96004, 37.718531],
            [-122.011771, 37.747428],
            [-121.997411, 37.76336],
            [-122.062781, 37.799853],
            [-122.071297, 37.828629],
            [-122.074745, 37.830091]
          ]
        ]
      }
    },
    {
      "type": "Feature",
      "id": "06_07328",
      "properties": {
        "state_puma_id": "06_07328",
        "state_name": "California",
        "state_fips": "06",
        "puma_name": "San Diego County (South Central)--Lemon Grove City, La Presa & Spring Valley PUMA"
      },
      "geometry": {
        "type": "Polygon",
        "coordinates": [
          [
            [-117.054187, 32.736679],
            [-116.93884, 32.771598],
            [-116.902978, 32.757399],
            [-116.883063, 32.767045],
            [-116.888189, 32.78849],
            [-116.85239, 32.781409],
            [-116.84307, 32.763587],
            [-116.759997, 32.794869],
            [-116.711393, 32.78979],
            [-116.714209, 32.7779],
            [-116.668281, 32.749134],
            [-116.682428, 32.728082],
            [-116.669752, 32.678857],
            [-116.696169, 32.605848],
            [-116.747213, 32.587165],
            [-116.757338250372, 32.5656150325962],
            [-116.853117381005, 32.5577888356845],
            [-116.861296, 32.571706],
            [-116.923861, 32.582124],
            [-116.938336, 32.597789],
            [-116.925664, 32.610106],
            [-116.937622, 32.658688],
            [-116.875901, 32.716832],
            [-116.940591, 32.733375],
            [-116.959368, 32.704812],
            [-117.007761, 32.690927],
            [-117.012722, 32.714772],
            [-117.049294, 32.712092],
            [-117.05642, 32.734389],
            [-117.054187, 32.736679]
          ]
        ]
      }
    },
    {
      "type": "Feature",
      "id": "06_00119",
      "properties": {
        "state_puma_id": "06_00119",
        "state_name": "California",
        "state_fips": "06",
        "puma_name": "Alameda County (Central)--Pleasanton & Dublin (West) Cities PUMA"
      },
      "geometry": {
        "type": "Polygon",
        "coordinates": [
          [
            [-122.020968, 37.697594],
            [-121.971263, 37.729556],
            [-121.96004, 37.718531],
            [-121.881567, 37.737328],
            [-121.872208, 37.701578],
            [-121.805481, 37.67616],
            [-121.803108, 37.628644],
            [-121.695747, 37.550177],
            [-121.681221, 37.526614],
            [-121.699519, 37.528418],
            [-121.702435, 37.515055],
            [-121.670399, 37.48274],
            [-121.870115, 37.480729],
            [-121.878148, 37.530239],
            [-121.932979, 37.574203],
            [-121.925688, 37.598904],
            [-121.895837, 37.597189],
            [-121.983491, 37.689006],
            [-122.022511, 37.696014],
            [-122.020968, 37.697594]
          ]
        ]
      }
    },
    {
      "type": "Feature",
      "id": "06_11301",
      "properties": {
        "state_puma_id": "06_11301",
        "state_name": "California",
        "state_fips": "06",
        "puma_name": "Yolo County (North)--Woodland & Winters Cities, UC Davis & Rural PUMA"
      },
      "geometry": {
        "type": "Polygon",
        "coordinates": [
          [
            [-122.421488, 38.90233],
            [-122.403941, 38.925289],
            [-121.804805, 38.914521],
            [-121.791077, 38.903323],
            [-121.814814, 38.876582],
            [-121.784265, 38.856685],
            [-121.748624, 38.871318],
            [-121.728529, 38.857269],
            [-121.723346, 38.803759],
            [-121.690671, 38.795627],
            [-121.69269, 38.768312],
            [-121.670094, 38.759326],
            [-121.674502, 38.743692],
            [-121.658545, 38.754938],
            [-121.663162, 38.76921],
            [-121.633423, 38.768482],
            [-121.628984, 38.784383],
            [-121.599838, 38.774876],
            [-121.593406, 38.753985],
            [-121.631918, 38.680644],
            [-121.594069, 38.644106],
            [-121.566868, 38.645104],
            [-121.558268, 38.608204],
            [-121.536735, 38.590615],
            [-121.694449, 38.553073],
            [-121.69886, 38.565026],
            [-121.74299, 38.560683],
            [-121.752236, 38.590115],
            [-121.767282, 38.590228],
            [-121.767932, 38.560902],
            [-121.786144, 38.561111],
            [-121.78935, 38.546714],
            [-121.747771, 38.546207],
            [-121.748911, 38.530954],
            [-121.940285, 38.533384],
            [-122.013377, 38.488721],
            [-122.057415, 38.517441],
            [-122.103281, 38.513348],
            [-122.139388, 38.609169],
            [-122.151468, 38.625249],
            [-122.168349, 38.619297],
            [-122.166477, 38.652672],
            [-122.224206, 38.699984],
            [-122.287998, 38.839931],
            [-122.371552, 38.844651],
            [-122.422048, 38.90089],
            [-122.421488, 38.90233]
          ]
        ]
      }
    },
    {
      "type": "Feature",
      "id": "06_04103",
      "properties": {
        "state_puma_id": "06_04103",
        "state_name": "California",
        "state_fips": "06",
        "puma_name": "Marin County (North & West)--Novato & San Rafael (North) Cities PUMA"
      },
      "geometry": {
        "type": "Polygon",
        "coordinates": [
          [
            [-123.024066, 37.994878],
            [-122.949074, 38.15406],
            [-122.995631, 38.238626],
            [-122.972776, 38.229645],
            [-122.968142, 38.253655],
            [-123.002911201262, 38.2957083549502],
            [-122.966124, 38.31697],
            [-122.921588, 38.308554],
            [-122.911319, 38.321209],
            [-122.7399, 38.207018],
            [-122.63387, 38.178451],
            [-122.570732, 38.187142],
            [-122.557138, 38.159578],
            [-122.515952, 38.136454],
            [-122.486046, 38.101191],
            [-122.497828, 38.019402],
            [-122.455922749229, 37.9970334165289],
            [-122.545127, 37.9881],
            [-122.597, 38.02918],
            [-122.616562, 38.019646],
            [-122.598094, 37.995089],
            [-122.611896, 37.997418],
            [-122.600819, 37.981358],
            [-122.617173, 37.975806],
            [-122.565963, 37.956076],
            [-122.558195, 37.930345],
            [-122.577022, 37.910021],
            [-122.551207, 37.867332],
            [-122.52634, 37.850036],
            [-122.505067, 37.862095],
            [-122.472684, 37.832397],
            [-122.529885, 37.817563],
            [-122.641963, 37.897507],
            [-122.725181, 37.902691],
            [-122.821383, 37.996735],
            [-122.882114, 38.025273],
            [-122.956811, 38.02872],
            [-122.983138, 38.005757],
            [-122.963544, 37.989914],
            [-123.022673101208, 37.9947429784522],
            [-123.024066, 37.994878]
          ]
        ]
      }
    },
    {
      "type": "Feature",
      "id": "06_05925",
      "properties": {
        "state_puma_id": "06_05925",
        "state_name": "California",
        "state_fips": "06",
        "puma_name": "Orange County (West Central)--Newport Beach, Aliso Viejo & Laguna Woods Cities PUMA"
      },
      "geometry": {
        "type": "Polygon",
        "coordinates": [
          [
            [-117.929365, 33.621289],
            [-117.894822, 33.642392],
            [-117.88794, 33.67191],
            [-117.84984, 33.63366],
            [-117.7775, 33.59998],
            [-117.774352, 33.618393],
            [-117.720888, 33.628334],
            [-117.69466, 33.606812],
            [-117.709916, 33.555554],
            [-117.74241, 33.533505],
            [-117.74714, 33.511775],
            [-117.723018, 33.483257],
            [-117.78428, 33.541843],
            [-117.926621713152, 33.6068838605444],
            [-117.929716, 33.620122],
            [-117.929365, 33.621289]
          ]
        ]
      }
    },
    {
      "type": "Feature",
      "id": "06_08520",
      "properties": {
        "state_puma_id": "06_08520",
        "state_name": "California",
        "state_fips": "06",
        "puma_name": "Santa Clara County (Central)--San Jose City (Southeast/Evergreen) PUMA"
      },
      "geometry": {
        "type": "Polygon",
        "coordinates": [
          [
            [-121.837354, 37.27989],
            [-121.808441, 37.323855],
            [-121.732563, 37.339345],
            [-121.710642, 37.301535],
            [-121.733432, 37.248829],
            [-121.718467, 37.236899],
            [-121.751149, 37.226434],
            [-121.83524, 37.277823],
            [-121.837354, 37.27989]
          ]
        ]
      }
    },
    {
      "type": "Feature",
      "id": "06_09704",
      "properties": {
        "state_puma_id": "06_09704",
        "state_name": "California",
        "state_fips": "06",
        "puma_name": "Sonoma County (North)--Windsor Town, Healdsburg & Cloverdale Cities PUMA"
      },
      "geometry": {
        "type": "Polygon",
        "coordinates": [
          [
            [-123.533535, 38.768408],
            [-123.520961, 38.758575],
            [-123.497042, 38.778604],
            [-123.368236, 38.777066],
            [-123.368394, 38.80664],
            [-123.136253, 38.809136],
            [-123.136636, 38.839448],
            [-123.08123, 38.838406],
            [-123.080997, 38.852438],
            [-122.817651, 38.849839],
            [-122.747756, 38.803344],
            [-122.695451, 38.71309],
            [-122.646569, 38.706177],
            [-122.625464, 38.674402],
            [-122.628293, 38.623038],
            [-122.646421, 38.598593],
            [-122.634982, 38.58301],
            [-122.67725, 38.58222],
            [-122.683769, 38.564162],
            [-122.720609, 38.548842],
            [-122.7185, 38.508996],
            [-122.741958, 38.4954],
            [-122.731206, 38.474639],
            [-122.756431, 38.496173],
            [-122.846016, 38.483031],
            [-122.815271, 38.399303],
            [-122.74128, 38.352148],
            [-122.734751, 38.310751],
            [-122.687676, 38.284421],
            [-122.705652, 38.283662],
            [-122.703334, 38.254419],
            [-122.669398, 38.235432],
            [-122.665274, 38.212537],
            [-122.706009, 38.198293],
            [-122.7399, 38.207018],
            [-122.908105, 38.320752],
            [-122.921588, 38.308554],
            [-122.966124, 38.31697],
            [-123.002787, 38.29571],
            [-123.044674, 38.313175],
            [-123.058239, 38.298355],
            [-123.07977, 38.324076],
            [-123.068265, 38.359865],
            [-123.128825, 38.450418],
            [-123.331899, 38.565542],
            [-123.441774, 38.699744],
            [-123.531108, 38.764179],
            [-123.533535, 38.768408]
          ]
        ]
      }
    },
    {
      "type": "Feature",
      "id": "06_01500",
      "properties": {
        "state_puma_id": "06_01500",
        "state_name": "California",
        "state_fips": "06",
        "puma_name": "Del Norte, Lassen, Modoc, Plumas & Siskiyou Counties PUMA"
      },
      "geometry": {
        "type": "MultiPolygon",
        "coordinates": [
          [
            [
              [-124.217495, 41.95081],
              [-124.217038, 41.951292],
              [-124.216809, 41.95183],
              [-124.216181, 41.952212],
              [-124.215248, 41.952099],
              [-124.21422, 41.951872],
              [-124.213326, 41.951376],
              [-124.213201074902, 41.9512314145587],
              [-124.213021, 41.951023],
              [-124.213333335478, 41.9505787420022],
              [-124.213459, 41.9504],
              [-124.214354, 41.949918],
              [-124.215001, 41.949734],
              [-124.2162, 41.94989],
              [-124.217057, 41.95023],
              [-124.217495, 41.95081]
            ]
          ],
          [
            [
              [-124.255149542579, 41.7845290559611],
              [-124.208439, 41.888192],
              [-124.211605, 41.99846],
              [-122.378511, 42.009485],
              [-119.999234, 41.994944],
              [-120.001319, 39.72242],
              [-120.015734, 39.708721],
              [-120.654124, 39.706234],
              [-120.679907, 39.67659],
              [-120.749929, 39.719635],
              [-120.792484, 39.709794],
              [-120.81577, 39.746945],
              [-120.840428, 39.747004],
              [-120.870988, 39.776821],
              [-120.934366, 39.738792],
              [-120.949435, 39.672548],
              [-121.076695, 39.597264],
              [-121.097538, 39.620903],
              [-121.136715, 39.628169],
              [-121.136412, 39.65681],
              [-121.208687, 39.700358],
              [-121.229706, 39.740213],
              [-121.285852, 39.767624],
              [-121.332293, 39.825696],
              [-121.350821, 39.825704],
              [-121.361206, 39.855473],
              [-121.411936, 39.871421],
              [-121.411, 39.900425],
              [-121.429957, 39.900313],
              [-121.430012, 39.914833],
              [-121.411001, 39.915091],
              [-121.41948, 40.015766],
              [-121.366818, 40.086054],
              [-121.376489, 40.108626],
              [-121.404855, 40.115545],
              [-121.404509, 40.151648],
              [-121.446208, 40.155874],
              [-121.444111, 40.190745],
              [-121.367735, 40.212728],
              [-121.349367, 40.273418],
              [-121.3768, 40.297989],
              [-121.342264, 40.309751],
              [-121.380383, 40.340288],
              [-121.47242, 40.35162],
              [-121.484278, 40.396559],
              [-121.473806, 40.424641],
              [-121.49788, 40.432003],
              [-121.497635, 40.445591],
              [-121.327826, 40.445367],
              [-121.319976, 40.905886],
              [-121.332338, 40.905394],
              [-121.331786, 41.183886],
              [-122.498376, 41.182675],
              [-122.522636, 41.213525],
              [-122.508247, 41.245288],
              [-122.51397, 41.280152],
              [-122.50192, 41.309113],
              [-122.478771, 41.320085],
              [-122.572326, 41.368025],
              [-122.590808, 41.32591],
              [-122.642128, 41.326608],
              [-122.652876, 41.289735],
              [-122.711957, 41.27479],
              [-122.726819, 41.246386],
              [-122.777012, 41.230841],
              [-122.802109, 41.203048],
              [-122.885921, 41.205142],
              [-122.929171, 41.178691],
              [-122.961347, 41.181525],
              [-122.95174, 41.151045],
              [-122.97097, 41.09016],
              [-122.923328, 41.071952],
              [-122.901522, 41.014646],
              [-122.934978, 40.992433],
              [-122.980131, 41.014314],
              [-123.037118, 41.004176],
              [-123.055385, 41.046721],
              [-123.109333, 41.075459],
              [-123.23948, 41.075763],
              [-123.295065, 41.14065],
              [-123.353237, 41.163054],
              [-123.381192, 41.15129],
              [-123.455307, 41.236537],
              [-123.443814, 41.273234],
              [-123.461649, 41.282281],
              [-123.459592, 41.310239],
              [-123.478641, 41.329648],
              [-123.474085, 41.366193],
              [-123.499646, 41.38228],
              [-123.770239, 41.380776],
              [-123.770551, 41.464193],
              [-124.065520896835, 41.4647394649382],
              [-124.147412, 41.717955],
              [-124.164716, 41.740126],
              [-124.194953, 41.736778],
              [-124.255994, 41.783014],
              [-124.255149542579, 41.7845290559611]
            ]
          ]
        ]
      }
    },
    {
      "type": "Feature",
      "id": "06_06103",
      "properties": {
        "state_puma_id": "06_06103",
        "state_name": "California",
        "state_fips": "06",
        "puma_name": "Placer County (East/High Country Region)--Auburn & Colfax Cities PUMA"
      },
      "geometry": {
        "type": "Polygon",
        "coordinates": [
          [
            [-121.40647, 39.000237],
            [-121.305992, 39.052943],
            [-121.221787, 39.011962],
            [-121.137397, 39.037858],
            [-121.104247, 39.01185],
            [-121.041608, 39.013791],
            [-120.99215, 39.075406],
            [-120.989387, 39.111229],
            [-120.930562, 39.156527],
            [-120.869551, 39.180241],
            [-120.851713, 39.212033],
            [-120.727893, 39.288081],
            [-120.645795, 39.315155],
            [-120.006315645404, 39.3164959768657],
            [-120.002461, 39.067489],
            [-120.143663, 39.067285],
            [-120.165028, 39.038485],
            [-120.24041, 39.023668],
            [-120.435299, 39.028163],
            [-120.492735, 38.943351],
            [-120.564258, 38.913644],
            [-120.611348, 38.942644],
            [-120.65416, 38.948226],
            [-120.683455, 38.967282],
            [-120.684428, 38.989029],
            [-120.704866, 38.981345],
            [-120.747656, 39.010397],
            [-120.812295, 39.000133],
            [-120.83506, 38.971509],
            [-120.850514, 38.975899],
            [-120.859863, 38.951653],
            [-120.937269, 38.963684],
            [-120.93857, 38.935565],
            [-121.040511, 38.915538],
            [-121.053373, 38.897297],
            [-121.044175, 38.890826],
            [-121.061696, 38.882651],
            [-121.058408, 38.847129],
            [-121.101428, 38.815282],
            [-121.134507, 38.712032],
            [-121.146616, 38.711395],
            [-121.225859, 38.716802],
            [-121.226413, 38.748103],
            [-121.199196, 38.766767],
            [-121.156809, 38.767521],
            [-121.127079, 38.811225],
            [-121.12335, 38.852111],
            [-121.168544, 38.834084],
            [-121.182554, 38.846867],
            [-121.220471, 38.839414],
            [-121.211646, 38.859148],
            [-121.237953, 38.886515],
            [-121.28298, 38.890241],
            [-121.279477, 38.904642],
            [-121.326389, 38.917683],
            [-121.406578, 38.999908],
            [-121.40647, 39.000237]
          ]
        ]
      }
    },
    {
      "type": "Feature",
      "id": "06_02500",
      "properties": {
        "state_puma_id": "06_02500",
        "state_name": "California",
        "state_fips": "06",
        "puma_name": "Imperial County--El Centro City PUMA"
      },
      "geometry": {
        "type": "Polygon",
        "coordinates": [
          [
            [-116.106166, 32.640202],
            [-116.103252, 33.07467],
            [-116.08109, 33.074833],
            [-116.085165, 33.425932],
            [-114.627125, 33.433554],
            [-114.64954, 33.413633],
            [-114.725535, 33.404056],
            [-114.698035, 33.352442],
            [-114.731223, 33.302434],
            [-114.672088, 33.258499],
            [-114.689541, 33.246428],
            [-114.673626, 33.223121],
            [-114.67536, 33.185489],
            [-114.707819, 33.091102],
            [-114.68902, 33.084036],
            [-114.662317, 33.032671],
            [-114.64598, 33.048903],
            [-114.618788, 33.027202],
            [-114.5149, 33.026524],
            [-114.492938, 32.971781],
            [-114.469039, 32.972295],
            [-114.48092, 32.935252],
            [-114.462929, 32.907944],
            [-114.468971, 32.845155],
            [-114.530755, 32.793485],
            [-114.526856, 32.757094],
            [-114.615585, 32.728446],
            [-114.701918, 32.745548],
            [-114.719633, 32.718763],
            [-116.106173784949, 32.6186419785708],
            [-116.106166, 32.640202]
          ]
        ]
      }
    },
    {
      "type": "Feature",
      "id": "06_03768",
      "properties": {
        "state_puma_id": "06_03768",
        "state_name": "California",
        "state_fips": "06",
        "puma_name": "Los Angeles County (Southwest)--Palos Verdes Peninsula PUMA"
      },
      "geometry": {
        "type": "MultiPolygon",
        "coordinates": [
          [
            [
              [-118.428162, 33.774345],
              [-118.38538, 33.818921],
              [-118.32867, 33.789563],
              [-118.327941, 33.806862],
              [-118.311704, 33.807645],
              [-118.301, 33.757721],
              [-118.332893576362, 33.7221321552055],
              [-118.410465, 33.74104],
              [-118.426837, 33.772401],
              [-118.428162, 33.774345]
            ]
          ],
          [
            [
              [-118.604415, 33.478552],
              [-118.538624, 33.477015],
              [-118.497435, 33.441964],
              [-118.477646, 33.448392],
              [-118.370323, 33.409285],
              [-118.368126, 33.389533],
              [-118.310213, 33.335795],
              [-118.305084, 33.310323],
              [-118.325244, 33.299075],
              [-118.374768, 33.320065],
              [-118.465368, 33.326056],
              [-118.487453, 33.350883],
              [-118.475331, 33.383238],
              [-118.48875, 33.419826],
              [-118.575394, 33.440179],
              [-118.607243, 33.478449],
              [-118.604415, 33.478552]
            ]
          ],
          [
            [
              [-118.6105, 33.032941],
              [-118.573897, 33.03055],
              [-118.499503, 32.933654],
              [-118.354185, 32.820919],
              [-118.391834, 32.826266],
              [-118.431809, 32.801462],
              [-118.506206, 32.852985],
              [-118.593435, 33.012386],
              [-118.610262, 33.015803],
              [-118.6105, 33.032941]
            ]
          ]
        ]
      }
    },
    {
      "type": "Feature",
      "id": "06_08303",
      "properties": {
        "state_puma_id": "06_08303",
        "state_name": "California",
        "state_fips": "06",
        "puma_name": "Santa Barbara County--South Coast Region PUMA"
      },
      "geometry": {
        "type": "MultiPolygon",
        "coordinates": [
          [
            [
              [-119.047038, 33.483819],
              [-119.028501, 33.487425],
              [-119.031095, 33.468576],
              [-119.048091, 33.482062],
              [-119.047038, 33.483819]
            ]
          ],
          [
            [
              [-119.913044, 34.431853],
              [-119.874474, 34.440825],
              [-119.887641, 34.47493],
              [-119.87121, 34.507205],
              [-119.830851, 34.500877],
              [-119.787948, 34.519537],
              [-119.597985, 34.475281],
              [-119.514454, 34.494332],
              [-119.442354, 34.49095],
              [-119.445991, 34.404067],
              [-119.47863, 34.373275],
              [-119.563986, 34.41532],
              [-119.671866, 34.416096],
              [-119.729369, 34.395897],
              [-119.793567, 34.418289],
              [-119.878293, 34.407289],
              [-119.912882131649, 34.429232751956],
              [-119.913044, 34.431853]
            ]
          ],
          [
            [
              [-119.929889, 34.059734],
              [-119.912857, 34.077508],
              [-119.818742, 34.052997],
              [-119.759428, 34.058835],
              [-119.686507, 34.019805],
              [-119.637742, 34.013178],
              [-119.584301, 34.053643],
              [-119.529603, 34.041155],
              [-119.52177, 34.032247],
              [-119.560464, 33.99553],
              [-119.662825, 33.985889],
              [-119.721206, 33.959583],
              [-119.818249, 33.959858],
              [-119.873358, 33.980375],
              [-119.887, 34.008584],
              [-119.876329, 34.032087],
              [-119.926544, 34.057399],
              [-119.929889, 34.059734]
            ]
          ],
          [
            [
              [-120.249536, 34.002477],
              [-120.167306, 34.008219],
              [-120.140362, 34.025974],
              [-120.090182, 34.019806],
              [-120.055107, 34.037729],
              [-120.043259, 34.035806],
              [-120.041311, 33.994507],
              [-119.97902, 33.981207],
              [-119.968636, 33.942878],
              [-120.115885, 33.894361],
              [-120.180417, 33.925103],
              [-120.222106, 33.987559],
              [-120.248484, 33.999329],
              [-120.249536, 34.002477]
            ]
          ],
          [
            [
              [-120.450064, 34.034194],
              [-120.390906, 34.051994],
              [-120.368278, 34.076465],
              [-120.358608, 34.050235],
              [-120.331161, 34.049097],
              [-120.307219, 34.022375],
              [-120.454134, 34.028081],
              [-120.450064, 34.034194]
            ]
          ]
        ]
      }
    },
    {
      "type": "Feature",
      "id": "06_10100",
      "properties": {
        "state_puma_id": "06_10100",
        "state_name": "California",
        "state_fips": "06",
        "puma_name": "Sutter & Yuba Counties--Yuba City & Marysville Cities PUMA"
      },
      "geometry": {
        "type": "Polygon",
        "coordinates": [
          [
            [-121.948283, 39.241767],
            [-121.908269, 39.303878],
            [-121.62376, 39.295621],
            [-121.611177, 39.31928],
            [-121.56314, 39.305006],
            [-121.407527, 39.339754],
            [-121.372901, 39.36459],
            [-121.363493, 39.403297],
            [-121.334071, 39.425802],
            [-121.345139, 39.452567],
            [-121.314787, 39.475899],
            [-121.305122, 39.519585],
            [-121.159296, 39.519595],
            [-121.141213, 39.562278],
            [-121.10697, 39.567191],
            [-121.107465, 39.585275],
            [-121.079543, 39.585263],
            [-121.009477, 39.639459],
            [-121.024383, 39.559049],
            [-121.058203, 39.537043],
            [-121.0344, 39.514436],
            [-121.022085, 39.391558],
            [-121.128007, 39.379752],
            [-121.157533, 39.332467],
            [-121.195619, 39.329582],
            [-121.219853, 39.283076],
            [-121.266132, 39.272717],
            [-121.259182, 39.256421],
            [-121.27953, 39.230537],
            [-121.279533, 39.034618],
            [-121.305992, 39.052943],
            [-121.365643, 39.031743],
            [-121.414787, 38.998418],
            [-121.414399, 38.926214],
            [-121.469356, 38.925992],
            [-121.469753, 38.751603],
            [-121.48444, 38.751354],
            [-121.484396, 38.734598],
            [-121.602894, 38.735838],
            [-121.592622, 38.76286],
            [-121.625284, 38.785338],
            [-121.633423, 38.768482],
            [-121.663162, 38.76921],
            [-121.673454, 38.743035],
            [-121.670094, 38.759326],
            [-121.69269, 38.768312],
            [-121.690671, 38.795627],
            [-121.723346, 38.803759],
            [-121.728529, 38.857269],
            [-121.748624, 38.871318],
            [-121.784265, 38.856685],
            [-121.814814, 38.876582],
            [-121.791109, 38.904538],
            [-121.837334, 38.926073],
            [-121.840374, 38.95452],
            [-121.81951, 38.988279],
            [-121.795606, 38.996678],
            [-121.826806, 39.011788],
            [-121.838545, 39.06413],
            [-121.889101, 39.072373],
            [-121.911095, 39.123147],
            [-121.937953, 39.133001],
            [-121.917214, 39.147278],
            [-121.945514, 39.179843],
            [-121.928332, 39.198729],
            [-121.948177, 39.240387],
            [-121.948283, 39.241767]
          ]
        ]
      }
    },
    {
      "type": "Feature",
      "id": "06_01907",
      "properties": {
        "state_puma_id": "06_01907",
        "state_name": "California",
        "state_fips": "06",
        "puma_name": "Fresno County (East)--Sanger, Reedley & Parlier Cities PUMA"
      },
      "geometry": {
        "type": "Polygon",
        "coordinates": [
          [
            [-119.745652, 36.938998],
            [-119.733767, 36.946441],
            [-119.7405, 36.970212],
            [-119.698075, 37.008748],
            [-119.658611, 37.01333],
            [-119.659377, 37.038938],
            [-119.639349, 37.043287],
            [-119.632172, 37.020983],
            [-119.606077, 37.070375],
            [-119.561432, 37.065485],
            [-119.537592, 37.105067],
            [-119.568566, 37.116689],
            [-119.560839, 37.142901],
            [-119.524544, 37.128324],
            [-119.506733, 37.150554],
            [-119.474807, 37.109963],
            [-119.462634, 37.144211],
            [-119.434875, 37.146954],
            [-119.432125, 37.162571],
            [-119.386521, 37.14953],
            [-119.361762, 37.167998],
            [-119.329505, 37.209758],
            [-119.335266, 37.311761],
            [-119.316297, 37.323934],
            [-119.325774, 37.335417],
            [-119.312186, 37.352725],
            [-119.022363, 37.585737],
            [-118.97696, 37.556837],
            [-118.952661, 37.565836],
            [-118.917158, 37.550336],
            [-118.860758, 37.501535],
            [-118.856049, 37.478395],
            [-118.795839, 37.488372],
            [-118.763287, 37.456537],
            [-118.760175, 37.433632],
            [-118.790031, 37.394032],
            [-118.768148, 37.361178],
            [-118.786736, 37.34338],
            [-118.740026, 37.315237],
            [-118.716016, 37.328208],
            [-118.665332, 37.261917],
            [-118.686424, 37.227575],
            [-118.654593, 37.141826],
            [-118.592661, 37.138147],
            [-118.437137, 37.059818],
            [-118.419533, 36.987435],
            [-118.360831, 36.887734],
            [-118.362169, 36.844002],
            [-118.393724, 36.829668],
            [-118.360586, 36.744773],
            [-118.982441, 36.741646],
            [-118.984779, 36.657147],
            [-119.304625, 36.660606],
            [-119.305102, 36.573725],
            [-119.466322, 36.575238],
            [-119.575147, 36.48884],
            [-119.574854, 36.605132],
            [-119.610631, 36.605278],
            [-119.620657, 36.866386],
            [-119.729793, 36.866803],
            [-119.730259, 36.934337],
            [-119.747201, 36.938428],
            [-119.745652, 36.938998]
          ]
        ]
      }
    },
    {
      "type": "Feature",
      "id": "06_07307",
      "properties": {
        "state_puma_id": "06_07307",
        "state_name": "California",
        "state_fips": "06",
        "puma_name": "San Diego County (Central)--Lakeside, Winter Gardens & Ramona PUMA"
      },
      "geometry": {
        "type": "Polygon",
        "coordinates": [
          [
            [-116.996838, 32.885659],
            [-116.984292, 32.899271],
            [-116.989546, 32.933901],
            [-116.956154, 32.940026],
            [-116.979321, 32.989556],
            [-116.953305, 33.018726],
            [-116.973896, 33.031615],
            [-116.977721, 33.073694],
            [-116.941693, 33.091395],
            [-116.897703, 33.087876],
            [-116.823871, 33.125195],
            [-116.78763, 33.123036],
            [-116.777514, 33.101781],
            [-116.741769, 33.110662],
            [-116.712459, 33.082917],
            [-116.740775, 32.977675],
            [-116.77113, 32.978151],
            [-116.773032, 32.949652],
            [-116.789282, 32.949247],
            [-116.789906, 32.88839],
            [-116.815499, 32.831223],
            [-116.806765, 32.818969],
            [-116.828853, 32.792893],
            [-116.814429, 32.780186],
            [-116.847876, 32.763873],
            [-116.85239, 32.781409],
            [-116.892381, 32.785219],
            [-116.891558, 32.821351],
            [-116.917328, 32.811852],
            [-116.961633, 32.825141],
            [-116.947753, 32.866008],
            [-116.968094, 32.892339],
            [-116.994279, 32.885797],
            [-116.996838, 32.885659]
          ]
        ]
      }
    },
    {
      "type": "Feature",
      "id": "06_08302",
      "properties": {
        "state_puma_id": "06_08302",
        "state_name": "California",
        "state_fips": "06",
        "puma_name": "Santa Barbara County (North)--Lompoc, Guadalupe, Solvang & Buellton Cities PUMA"
      },
      "geometry": {
        "type": "Polygon",
        "coordinates": [
          [
            [-120.670835, 34.904115],
            [-120.649338482465, 34.9747100117234],
            [-120.634144, 34.959562],
            [-120.496222, 34.993155],
            [-120.44025, 34.988323],
            [-120.431346, 34.981414],
            [-120.453289, 34.97515],
            [-120.453616, 34.953359],
            [-120.489615, 34.955352],
            [-120.497448, 34.881416],
            [-120.452446, 34.854358],
            [-120.378366, 34.843996],
            [-120.417486, 34.891132],
            [-120.417581, 34.945724],
            [-120.355343, 34.941265],
            [-120.301827, 34.905571],
            [-120.294548, 34.946594],
            [-120.333416, 34.994756],
            [-120.323823, 35.017314],
            [-120.278619, 35.01156],
            [-120.249988, 35.030059],
            [-120.209907, 35.020582],
            [-120.180504, 35.038035],
            [-120.1743, 35.070574],
            [-120.142918, 35.082216],
            [-120.143368, 35.095564],
            [-120.082084, 35.114678],
            [-119.980122, 35.057573],
            [-119.928419, 35.059794],
            [-119.901968, 35.035793],
            [-119.854517, 35.032149],
            [-119.789292, 34.98867],
            [-119.673563, 34.973575],
            [-119.61502, 34.950351],
            [-119.535972, 34.89772],
            [-119.443691, 34.901171],
            [-119.442354, 34.49095],
            [-119.514454, 34.494332],
            [-119.597985, 34.475281],
            [-119.787948, 34.519537],
            [-119.830851, 34.500877],
            [-119.87121, 34.507205],
            [-119.887641, 34.47493],
            [-119.874474, 34.440825],
            [-119.912882131649, 34.429232751956],
            [-120.008077, 34.460447],
            [-120.141165, 34.473405],
            [-120.471376, 34.447846],
            [-120.511421, 34.522953],
            [-120.581293, 34.556959],
            [-120.622575, 34.554017],
            [-120.64924, 34.576707],
            [-120.60045, 34.70464],
            [-120.637415, 34.755895],
            [-120.610266, 34.85818],
            [-120.647328, 34.901133],
            [-120.672269, 34.90254],
            [-120.670835, 34.904115]
          ]
        ]
      }
    },
    {
      "type": "Feature",
      "id": "06_05301",
      "properties": {
        "state_puma_id": "06_05301",
        "state_name": "California",
        "state_fips": "06",
        "puma_name": "Monterey County (North Central)--Seaside, Monterey, Marina & Pacific Grove Cities PUMA"
      },
      "geometry": {
        "type": "Polygon",
        "coordinates": [
          [
            [-121.976591, 36.580058],
            [-121.93643, 36.636746],
            [-121.887168, 36.600937],
            [-121.83726, 36.634901],
            [-121.788278, 36.803994],
            [-121.810551858284, 36.8506482495196],
            [-121.793216, 36.880017],
            [-121.725594, 36.914345],
            [-121.699956, 36.919683],
            [-121.705529, 36.909503],
            [-121.680621, 36.903285],
            [-121.655227, 36.912863],
            [-121.628173, 36.826875],
            [-121.665597, 36.797565],
            [-121.657194, 36.734738],
            [-121.740275, 36.745023],
            [-121.718011, 36.714099],
            [-121.756736, 36.666857],
            [-121.709006, 36.641814],
            [-121.720815, 36.631276],
            [-121.709012, 36.625029],
            [-121.672947, 36.630385],
            [-121.628603, 36.602389],
            [-121.581138, 36.61095],
            [-121.560294, 36.598556],
            [-121.580668, 36.589127],
            [-121.577207, 36.576099],
            [-121.545354, 36.58094],
            [-121.549725, 36.551591],
            [-121.521238, 36.52148],
            [-121.56372, 36.496799],
            [-121.533703, 36.469824],
            [-121.529577, 36.436741],
            [-121.516263, 36.436896],
            [-121.605278, 36.416864],
            [-121.580721, 36.401566],
            [-121.596354, 36.386167],
            [-121.565786, 36.288963],
            [-121.546506, 36.269304],
            [-121.549561, 36.233382],
            [-121.630503, 36.281737],
            [-121.714814, 36.297045],
            [-121.707068, 36.340855],
            [-121.72554, 36.358092],
            [-121.77585, 36.368347],
            [-121.811151, 36.415844],
            [-121.852848, 36.432876],
            [-121.895525, 36.482096],
            [-121.938393, 36.481388],
            [-121.954209, 36.522231],
            [-121.924738, 36.525599],
            [-121.932508, 36.559935],
            [-121.976763, 36.579435],
            [-121.976591, 36.580058]
          ]
        ]
      }
    },
    {
      "type": "Feature",
      "id": "06_01100",
      "properties": {
        "state_puma_id": "06_01100",
        "state_name": "California",
        "state_fips": "06",
        "puma_name": "Colusa, Glenn, Tehama & Trinity Counties PUMA"
      },
      "geometry": {
        "type": "Polygon",
        "coordinates": [
          [
            [-123.622387, 40.931703],
            [-123.587861, 40.927755],
            [-123.560163, 40.950257],
            [-123.481457, 40.914957],
            [-123.447956, 40.943758],
            [-123.453258, 40.964153],
            [-123.40604, 41.012897],
            [-123.407218, 41.030619],
            [-123.423272, 41.058157],
            [-123.457942, 41.068215],
            [-123.464222, 41.094408],
            [-123.439806, 41.092541],
            [-123.433027, 41.160578],
            [-123.408291, 41.179944],
            [-123.381192, 41.15129],
            [-123.353237, 41.163054],
            [-123.295065, 41.14065],
            [-123.23948, 41.075763],
            [-123.109333, 41.075459],
            [-123.055385, 41.046721],
            [-123.037118, 41.004176],
            [-122.980131, 41.014314],
            [-122.917529, 40.99399],
            [-122.897363, 41.02918],
            [-122.923328, 41.071952],
            [-122.97097, 41.09016],
            [-122.95174, 41.151045],
            [-122.961347, 41.181525],
            [-122.929171, 41.178691],
            [-122.885921, 41.205142],
            [-122.802109, 41.203048],
            [-122.777012, 41.230841],
            [-122.726819, 41.246386],
            [-122.711957, 41.27479],
            [-122.652876, 41.289735],
            [-122.642128, 41.326608],
            [-122.590808, 41.32591],
            [-122.585241, 41.359008],
            [-122.561049, 41.36596],
            [-122.478771, 41.320085],
            [-122.51333, 41.28368],
            [-122.508247, 41.245288],
            [-122.522636, 41.213525],
            [-122.495018, 41.192438],
            [-122.497735, 41.178572],
            [-122.446023, 41.159241],
            [-122.448572, 41.11824],
            [-122.457144, 41.096611],
            [-122.539775, 41.072605],
            [-122.523166, 41.059208],
            [-122.527753, 41.014395],
            [-122.598528, 40.975847],
            [-122.612751, 40.921245],
            [-122.600013, 40.900343],
            [-122.666058, 40.825875],
            [-122.658204, 40.787646],
            [-122.717407, 40.747182],
            [-122.706712, 40.725674],
            [-122.722358, 40.695473],
            [-122.752266, 40.689642],
            [-122.727281, 40.651008],
            [-122.736338, 40.636666],
            [-122.71003, 40.631525],
            [-122.693075, 40.575338],
            [-122.76762, 40.555029],
            [-122.793252, 40.514518],
            [-122.845954, 40.505181],
            [-122.901261, 40.445575],
            [-122.998682, 40.418142],
            [-122.996579, 40.396381],
            [-123.018296, 40.372407],
            [-123.065552, 40.344813],
            [-123.065426, 40.286971],
            [-122.976548, 40.315162],
            [-122.918213, 40.306846],
            [-122.875704, 40.347841],
            [-122.749393, 40.365522],
            [-122.731895, 40.347091],
            [-122.651341, 40.328288],
            [-122.524566, 40.394477],
            [-122.440922, 40.373192],
            [-122.310412, 40.371064],
            [-122.227155, 40.38931],
            [-122.199173, 40.377943],
            [-122.193557, 40.392311],
            [-122.173092, 40.379052],
            [-122.184147, 40.391959],
            [-122.098583, 40.414758],
            [-122.00994, 40.426767],
            [-121.941146, 40.415363],
            [-121.856853, 40.441865],
            [-121.734895, 40.435689],
            [-121.685877, 40.45313],
            [-121.593086, 40.431126],
            [-121.565132, 40.445797],
            [-121.497635, 40.445591],
            [-121.49788, 40.432003],
            [-121.473806, 40.424641],
            [-121.484278, 40.396559],
            [-121.47242, 40.35162],
            [-121.380383, 40.340288],
            [-121.342264, 40.309751],
            [-121.3768, 40.297989],
            [-121.349367, 40.273418],
            [-121.367735, 40.212728],
            [-121.444111, 40.190745],
            [-121.442869, 40.129647],
            [-121.510559, 40.100515],
            [-121.586407, 40.100522],
            [-121.595647, 40.057714],
            [-121.636174, 40.02581],
            [-121.646032, 39.982527],
            [-121.703241, 39.98423],
            [-121.776224, 39.888858],
            [-122.044865, 39.883771],
            [-122.069431, 39.84053],
            [-122.056665, 39.827303],
            [-122.064851, 39.811532],
            [-122.023828, 39.797674],
            [-122.02456, 39.767942],
            [-121.982176, 39.733902],
            [-121.96315, 39.740713],
            [-121.962524, 39.717741],
            [-121.946937, 39.730653],
            [-121.944915, 39.690919],
            [-121.997348, 39.668483],
            [-121.966623, 39.652444],
            [-121.990829, 39.636539],
            [-121.979404, 39.617159],
            [-122.003243, 39.574815],
            [-121.994021, 39.533926],
            [-121.856532, 39.536904],
            [-121.877341, 39.509549],
            [-121.869351, 39.466196],
            [-121.88387, 39.373926],
            [-121.907636, 39.303119],
            [-121.946821, 39.249842],
            [-121.928332, 39.198729],
            [-121.945698, 39.181242],
            [-121.917214, 39.147278],
            [-121.937953, 39.133001],
            [-121.911095, 39.123147],
            [-121.894127, 39.078003],
            [-121.838545, 39.06413],
            [-121.826806, 39.011788],
            [-121.795894, 38.994582],
            [-121.834566, 38.968152],
            [-121.835488, 38.924481],
            [-122.337967, 38.923945],
            [-122.373023, 38.939817],
            [-122.416766, 38.978249],
            [-122.411507, 39.019087],
            [-122.492175, 39.053951],
            [-122.486037, 39.085466],
            [-122.500909, 39.121075],
            [-122.496835, 39.140501],
            [-122.474541, 39.144699],
            [-122.475383, 39.170148],
            [-122.515331, 39.209215],
            [-122.665362, 39.217548],
            [-122.775252, 39.312563],
            [-122.741719, 39.358899],
            [-122.78509, 39.382975],
            [-122.739062, 39.383266],
            [-122.735639, 39.580668],
            [-122.885352, 39.580108],
            [-122.892676, 39.708898],
            [-122.912876, 39.708723],
            [-122.912516, 39.748165],
            [-122.938413, 39.748112],
            [-122.937654, 39.798156],
            [-122.959947, 39.845022],
            [-122.950964, 39.906108],
            [-122.909787, 39.936385],
            [-122.926821, 39.945071],
            [-122.934013, 39.978131],
            [-123.544563, 39.977015],
            [-123.543102, 40.734014],
            [-123.549865, 40.775808],
            [-123.566253, 40.78881],
            [-123.554292, 40.795541],
            [-123.563059, 40.840417],
            [-123.610051, 40.879182],
            [-123.597588, 40.885231],
            [-123.623891, 40.928674],
            [-123.622387, 40.931703]
          ]
        ]
      }
    },
    {
      "type": "Feature",
      "id": "06_10702",
      "properties": {
        "state_puma_id": "06_10702",
        "state_name": "California",
        "state_fips": "06",
        "puma_name": "Tulare County (West Central)--Tulare & Porterville Cities PUMA"
      },
      "geometry": {
        "type": "Polygon",
        "coordinates": [
          [
            [-119.536587, 36.071099],
            [-119.529358, 36.26985],
            [-119.474607, 36.269025],
            [-119.474367, 36.297889],
            [-119.384755, 36.298172],
            [-119.363926, 36.26656],
            [-119.206937, 36.254217],
            [-119.198829, 36.210764],
            [-119.232878, 36.16735],
            [-119.009597, 36.167317],
            [-119.000194, 36.145526],
            [-118.956973, 36.144077],
            [-118.953742, 36.109934],
            [-118.837432, 36.100613],
            [-118.898907, 36.080089],
            [-118.879475, 36.079885],
            [-118.858069, 36.032237],
            [-118.910723, 36.025587],
            [-118.91251, 35.986534],
            [-118.982247, 36.007722],
            [-118.982708, 35.991701],
            [-119.092529, 35.976243],
            [-119.107424, 35.977722],
            [-119.107461, 36.022287],
            [-119.161487, 36.022448],
            [-119.143074, 36.098488],
            [-119.172085, 36.107491],
            [-119.416986, 36.093124],
            [-119.503626, 36.050807],
            [-119.536161, 36.050782],
            [-119.53653, 36.07054],
            [-119.536587, 36.071099]
          ]
        ]
      }
    },
    {
      "type": "Feature",
      "id": "06_07104",
      "properties": {
        "state_puma_id": "06_07104",
        "state_name": "California",
        "state_fips": "06",
        "puma_name": "San Bernardino County (Southwest)--Phelan, Lake Arrowhead & Big Bear City PUMA"
      },
      "geometry": {
        "type": "Polygon",
        "coordinates": [
          [
            [-117.677155, 34.167377],
            [-117.646374, 34.28917],
            [-117.660052, 34.498629],
            [-117.610489, 34.506311],
            [-117.486263, 34.506978],
            [-117.486137, 34.474075],
            [-117.391336, 34.46305],
            [-117.459075, 34.368527],
            [-117.398487, 34.310805],
            [-117.258976, 34.311204],
            [-117.241694, 34.340538],
            [-117.241796, 34.405852],
            [-117.207228, 34.414227],
            [-117.207616, 34.442545],
            [-117.181429, 34.442629],
            [-117.181492, 34.47158],
            [-117.095171, 34.471738],
            [-117.067739, 34.453928],
            [-116.981176, 34.443705],
            [-116.858086, 34.443528],
            [-116.854811, 34.359084],
            [-116.788605, 34.355793],
            [-116.77116, 34.322846],
            [-116.735683, 34.322775],
            [-116.718187, 34.293796],
            [-116.664868, 34.279257],
            [-116.664268, 34.235592],
            [-116.647195, 34.235552],
            [-116.647579, 34.178125],
            [-116.682937, 34.177133],
            [-116.682393, 34.148655],
            [-116.717906, 34.134116],
            [-116.719663, 34.033824],
            [-116.929558, 34.034113],
            [-116.929369, 34.049671],
            [-116.999528, 34.062768],
            [-116.999549, 34.07733],
            [-117.03491, 34.077493],
            [-117.034747, 34.091975],
            [-117.103611, 34.091116],
            [-117.10363, 34.105669],
            [-117.139139, 34.117014],
            [-117.139262, 34.134894],
            [-117.173626, 34.149903],
            [-117.227246, 34.14672],
            [-117.226172, 34.16471],
            [-117.244075, 34.158109],
            [-117.330426, 34.20819],
            [-117.327005, 34.178722],
            [-117.34619, 34.183921],
            [-117.364345, 34.162522],
            [-117.345814, 34.136044],
            [-117.38357, 34.135922],
            [-117.449832, 34.200754],
            [-117.444242, 34.180472],
            [-117.479992, 34.168558],
            [-117.488158, 34.179399],
            [-117.496821, 34.164963],
            [-117.677457, 34.165836],
            [-117.677155, 34.167377]
          ]
        ]
      }
    },
    {
      "type": "Feature",
      "id": "06_06507",
      "properties": {
        "state_puma_id": "06_06507",
        "state_name": "California",
        "state_fips": "06",
        "puma_name": "Riverside County (North Central)--San Jacinto, Beaumont, Banning & Calimesa Cities PUMA"
      },
      "geometry": {
        "type": "Polygon",
        "coordinates": [
          [
            [-117.212372, 34.004215],
            [-116.929537, 34.004914],
            [-116.929558, 34.034113],
            [-116.719663, 34.033824],
            [-116.719675, 33.947576],
            [-116.737413, 33.94724],
            [-116.737249, 33.932892],
            [-116.719689, 33.932633],
            [-116.719799, 33.917895],
            [-116.737272, 33.918041],
            [-116.71993, 33.886167],
            [-116.824264, 33.886207],
            [-116.824431, 33.857092],
            [-116.85973, 33.842027],
            [-116.859854, 33.802118],
            [-116.841945, 33.802001],
            [-116.841151, 33.739253],
            [-116.901911, 33.762349],
            [-116.963023, 33.75485],
            [-116.963203, 33.780287],
            [-117.024122, 33.780038],
            [-117.032777, 33.743897],
            [-117.087261, 33.738847],
            [-117.087117, 33.797417],
            [-117.12234, 33.803475],
            [-117.123724, 33.837728],
            [-117.135596, 33.840501],
            [-117.044067, 33.869754],
            [-117.123149, 33.930656],
            [-117.099898, 33.937124],
            [-117.117105, 33.960779],
            [-117.205882, 33.997262],
            [-117.212372, 34.004215]
          ]
        ]
      }
    },
    {
      "type": "Feature",
      "id": "06_04701",
      "properties": {
        "state_puma_id": "06_04701",
        "state_name": "California",
        "state_fips": "06",
        "puma_name": "Merced County (West & South)--Los Banos & Livingston Cities PUMA"
      },
      "geometry": {
        "type": "Polygon",
        "coordinates": [
          [
            [-121.248461, 37.033488],
            [-121.208378, 37.060932],
            [-121.245484, 37.089148],
            [-121.217339, 37.123042],
            [-121.226804, 37.134774],
            [-120.964685, 37.345385],
            [-120.990055, 37.395567],
            [-120.681588, 37.518625],
            [-120.608567, 37.454621],
            [-120.673776, 37.426964],
            [-120.669144, 37.302357],
            [-120.523024, 37.302754],
            [-120.523789, 37.273215],
            [-120.437768, 37.274782],
            [-120.375208, 37.225575],
            [-120.379252, 37.251065],
            [-120.288717, 37.250323],
            [-120.288489, 37.287506],
            [-120.251913, 37.287204],
            [-120.251637, 37.327493],
            [-120.220535, 37.341947],
            [-120.177636, 37.261526],
            [-120.090078, 37.22147],
            [-120.052055, 37.183108],
            [-120.290384, 37.152428],
            [-120.341204, 37.124596],
            [-120.476692, 37.09639],
            [-120.598564, 36.99863],
            [-120.585407, 36.991248],
            [-120.590566, 36.952641],
            [-120.65595, 36.952832],
            [-120.918731, 36.740381],
            [-121.141523, 36.836656],
            [-121.188796, 36.913238],
            [-121.221378, 36.910301],
            [-121.234683, 36.926894],
            [-121.211794, 36.957113],
            [-121.245887, 36.983036],
            [-121.233337, 37.011746],
            [-121.247499, 37.0311],
            [-121.248461, 37.033488]
          ]
        ]
      }
    },
    {
      "type": "Feature",
      "id": "06_09901",
      "properties": {
        "state_puma_id": "06_09901",
        "state_name": "California",
        "state_fips": "06",
        "puma_name": "Stanislaus County (Southwest)--Ceres, Patterson & Newman Cities PUMA"
      },
      "geometry": {
        "type": "Polygon",
        "coordinates": [
          [
            [-121.486775, 37.475652],
            [-121.220357, 37.671044],
            [-121.22315, 37.683728],
            [-121.199817, 37.696219],
            [-121.181124, 37.688092],
            [-121.17845, 37.705529],
            [-121.163679, 37.700377],
            [-121.136522, 37.724683],
            [-121.110248, 37.730128],
            [-121.054023, 37.682917],
            [-121.068108, 37.681721],
            [-121.067314, 37.638226],
            [-121.053625, 37.638406],
            [-121.05308, 37.606422],
            [-121.034959, 37.611495],
            [-121.030271, 37.595048],
            [-120.993591, 37.594873],
            [-120.975378, 37.624137],
            [-120.899247, 37.622977],
            [-120.884753, 37.609259],
            [-120.901788, 37.594748],
            [-120.901821, 37.54881],
            [-120.993672, 37.55132],
            [-120.994507, 37.480706],
            [-121.014821, 37.426906],
            [-120.999896, 37.427544],
            [-121.003336, 37.412632],
            [-120.983756, 37.39964],
            [-120.993833, 37.384399],
            [-120.973119, 37.376148],
            [-120.9814, 37.364869],
            [-120.964685, 37.345385],
            [-121.226804, 37.134774],
            [-121.281107, 37.183603],
            [-121.298552, 37.165963],
            [-121.328409, 37.16595],
            [-121.360942, 37.184321],
            [-121.383551, 37.151487],
            [-121.404636, 37.155989],
            [-121.416869, 37.211262],
            [-121.448493, 37.23702],
            [-121.459068, 37.282319],
            [-121.405753, 37.31099],
            [-121.42365, 37.358837],
            [-121.409075, 37.380672],
            [-121.456651, 37.395535],
            [-121.472606, 37.423345],
            [-121.462917, 37.451489],
            [-121.486252, 37.474333],
            [-121.486775, 37.475652]
          ]
        ]
      }
    },
    {
      "type": "Feature",
      "id": "06_09904",
      "properties": {
        "state_puma_id": "06_09904",
        "state_name": "California",
        "state_fips": "06",
        "puma_name": "Stanislaus County (Central)--Modesto City (East) PUMA"
      },
      "geometry": {
        "type": "Polygon",
        "coordinates": [
          [
            [-121.00931, 37.646155],
            [-120.993793, 37.652847],
            [-120.994891, 37.711017],
            [-120.958357, 37.710956],
            [-120.957952, 37.688964],
            [-120.921547, 37.689037],
            [-120.898272, 37.667284],
            [-120.921185, 37.657087],
            [-120.920926, 37.638211],
            [-120.957164, 37.638177],
            [-120.938734, 37.61716],
            [-120.993104, 37.626524],
            [-121.009741, 37.645892],
            [-121.00931, 37.646155]
          ]
        ]
      }
    },
    {
      "type": "Feature",
      "id": "06_09503",
      "properties": {
        "state_puma_id": "06_09503",
        "state_name": "California",
        "state_fips": "06",
        "puma_name": "Solano County (Northeast)--Vacaville & Dixon Cities PUMA"
      },
      "geometry": {
        "type": "Polygon",
        "coordinates": [
          [
            [-122.126628, 38.435451],
            [-122.103281, 38.513348],
            [-122.057415, 38.517441],
            [-122.013377, 38.488721],
            [-121.940285, 38.533384],
            [-121.86012, 38.538512],
            [-121.785811, 38.523074],
            [-121.712034, 38.537962],
            [-121.694677, 38.527054],
            [-121.693697, 38.313732],
            [-121.593273, 38.313089],
            [-121.612102, 38.200068],
            [-121.685586, 38.159705],
            [-121.710888, 38.086489],
            [-121.801643, 38.059503],
            [-121.842444, 38.076735],
            [-121.87607, 38.07238],
            [-121.895729, 38.096903],
            [-121.889425, 38.124018],
            [-121.912923, 38.120555],
            [-121.909727, 38.145542],
            [-121.934358, 38.167881],
            [-121.918633, 38.178625],
            [-121.930299, 38.189803],
            [-121.920785, 38.228396],
            [-121.903575, 38.228367],
            [-121.915377, 38.264643],
            [-121.892185, 38.282198],
            [-121.915006, 38.273403],
            [-121.915511, 38.308247],
            [-121.947219, 38.301475],
            [-122.023883, 38.325081],
            [-122.033271, 38.309742],
            [-122.061879, 38.313312],
            [-122.07338, 38.360911],
            [-122.126389, 38.428918],
            [-122.126628, 38.435451]
          ]
        ]
      }
    },
    {
      "type": "Feature",
      "id": "06_03752",
      "properties": {
        "state_puma_id": "06_03752",
        "state_name": "California",
        "state_fips": "06",
        "puma_name": "Los Angeles County (South)--South Gate & Lynwood Cities PUMA"
      },
      "geometry": {
        "type": "Polygon",
        "coordinates": [
          [
            [-118.231485, 33.960938],
            [-118.156253, 33.951038],
            [-118.170424, 33.923608],
            [-118.159019, 33.909917],
            [-118.178685, 33.91871],
            [-118.189517, 33.903555],
            [-118.228805, 33.922685],
            [-118.230677, 33.957687],
            [-118.231485, 33.960938]
          ]
        ]
      }
    },
    {
      "type": "Feature",
      "id": "06_09903",
      "properties": {
        "state_puma_id": "06_09903",
        "state_name": "California",
        "state_fips": "06",
        "puma_name": "Stanislaus County (Northeast)--Turlock, Riverbank, Oakdale & Waterford Cities PUMA"
      },
      "geometry": {
        "type": "Polygon",
        "coordinates": [
          [
            [-121.110208, 37.742043],
            [-121.094385, 37.733662],
            [-121.056212, 37.750374],
            [-121.037872, 37.73916],
            [-120.99276, 37.760755],
            [-120.920599, 37.738329],
            [-120.926449, 38.077421],
            [-120.655205, 37.83326],
            [-120.38767, 37.633364],
            [-120.983756, 37.39964],
            [-121.003336, 37.412632],
            [-121.000759, 37.428856],
            [-121.014821, 37.426906],
            [-120.994507, 37.480706],
            [-120.993672, 37.55132],
            [-120.89737, 37.5512],
            [-120.901788, 37.594748],
            [-120.884753, 37.609259],
            [-120.899247, 37.622977],
            [-120.935808, 37.614067],
            [-120.957296, 37.63239],
            [-120.920926, 37.638211],
            [-120.921185, 37.657087],
            [-120.898272, 37.667284],
            [-120.921547, 37.689037],
            [-120.957952, 37.688964],
            [-120.958357, 37.710956],
            [-121.07441, 37.699985],
            [-121.111349, 37.740028],
            [-121.110208, 37.742043]
          ]
        ]
      }
    },
    {
      "type": "Feature",
      "id": "06_07707",
      "properties": {
        "state_puma_id": "06_07707",
        "state_name": "California",
        "state_fips": "06",
        "puma_name": "San Joaquin County (West)--Tracy City PUMA"
      },
      "geometry": {
        "type": "Polygon",
        "coordinates": [
          [
            [-121.557145, 37.746608],
            [-121.557038, 37.815988],
            [-121.49666, 37.781826],
            [-121.466255, 37.802531],
            [-121.421673, 37.802537],
            [-121.416435, 37.721516],
            [-121.398081, 37.704407],
            [-121.300428, 37.779704],
            [-121.298191, 37.727557],
            [-121.278131, 37.709556],
            [-121.260138, 37.720139],
            [-121.275277, 37.688228],
            [-121.240031, 37.664923],
            [-121.471925, 37.481783],
            [-121.501475, 37.525003],
            [-121.556655, 37.542732],
            [-121.556959, 37.743195],
            [-121.557145, 37.746608]
          ]
        ]
      }
    },
    {
      "type": "Feature",
      "id": "06_00300",
      "properties": {
        "state_puma_id": "06_00300",
        "state_name": "California",
        "state_fips": "06",
        "puma_name": "Alpine, Amador, Calaveras, Inyo, Mariposa, Mono & Tuolumne Counties PUMA"
      },
      "geometry": {
        "type": "Polygon",
        "coordinates": [
          [
            [-121.027406, 38.50354],
            [-121.005307, 38.519592],
            [-120.885067, 38.525071],
            [-120.87671, 38.542975],
            [-120.864051, 38.53526],
            [-120.812953, 38.562209],
            [-120.722476, 38.547165],
            [-120.676564, 38.51766],
            [-120.606157, 38.502349],
            [-120.274522, 38.559452],
            [-120.233849, 38.588316],
            [-120.214632, 38.628869],
            [-120.137003, 38.641217],
            [-120.112009, 38.705016],
            [-120.072392, 38.702767],
            [-119.947927, 38.781642],
            [-119.906312, 38.855505],
            [-119.87775, 38.868311],
            [-119.884042, 38.910176],
            [-119.904315, 38.933324],
            [-117.875927, 37.497267],
            [-117.000895, 36.847694],
            [-115.648020311818, 35.8096294219517],
            [-115.735745, 35.809097],
            [-115.735891, 35.79362],
            [-118.008094, 35.788935],
            [-118.007418, 35.85818],
            [-117.981043, 35.866912],
            [-117.983287, 35.926563],
            [-118.016791, 35.954551],
            [-118.003577, 35.983718],
            [-118.033611, 36.008944],
            [-118.051513, 36.083242],
            [-118.067313, 36.093442],
            [-118.073514, 36.140341],
            [-118.059315, 36.17014],
            [-118.105616, 36.213439],
            [-118.127601, 36.280348],
            [-118.100317, 36.346137],
            [-118.163019, 36.389636],
            [-118.140319, 36.403536],
            [-118.141219, 36.420936],
            [-118.21442, 36.434336],
            [-118.21592, 36.456736],
            [-118.24992, 36.482435],
            [-118.23502, 36.493735],
            [-118.239021, 36.523635],
            [-118.291223, 36.559335],
            [-118.289024, 36.590734],
            [-118.274624, 36.597334],
            [-118.320826, 36.627034],
            [-118.338227, 36.655434],
            [-118.331227, 36.669434],
            [-118.366128, 36.690435],
            [-118.336029, 36.716334],
            [-118.36933, 36.750334],
            [-118.374225, 36.800517],
            [-118.393724, 36.829668],
            [-118.362169, 36.844002],
            [-118.360831, 36.887734],
            [-118.419533, 36.987435],
            [-118.437137, 37.059818],
            [-118.592661, 37.138147],
            [-118.639905, 37.137245],
            [-118.666001, 37.153576],
            [-118.686424, 37.227575],
            [-118.665332, 37.261917],
            [-118.716016, 37.328208],
            [-118.740026, 37.315237],
            [-118.786736, 37.34338],
            [-118.767677, 37.367663],
            [-118.790031, 37.394032],
            [-118.758922, 37.44452],
            [-118.79475, 37.487496],
            [-118.850474, 37.475796],
            [-118.917158, 37.550336],
            [-118.952661, 37.565836],
            [-118.97696, 37.556837],
            [-119.020463, 37.583437],
            [-119.065166, 37.684556],
            [-119.124312, 37.733944],
            [-119.198491, 37.736657],
            [-119.22219, 37.715051],
            [-119.288381, 37.74503],
            [-119.308995, 37.777986],
            [-119.583585, 37.560335],
            [-119.58422, 37.494696],
            [-119.615029, 37.494681],
            [-119.615495, 37.461522],
            [-119.651172, 37.461351],
            [-119.651191, 37.417832],
            [-119.761809, 37.417114],
            [-120.052055, 37.183108],
            [-120.090078, 37.22147],
            [-120.177636, 37.261526],
            [-120.187709, 37.301072],
            [-120.283398, 37.424363],
            [-120.279579, 37.457947],
            [-120.387613, 37.633704],
            [-120.655205, 37.83326],
            [-120.93885, 38.088321],
            [-121.027084, 38.300252],
            [-121.02771, 38.500068],
            [-121.027406, 38.50354]
          ]
        ]
      }
    },
    {
      "type": "Feature",
      "id": "06_03900",
      "properties": {
        "state_puma_id": "06_03900",
        "state_name": "California",
        "state_fips": "06",
        "puma_name": "Madera County--Madera City PUMA"
      },
      "geometry": {
        "type": "Polygon",
        "coordinates": [
          [
            [-120.545536, 37.027582],
            [-120.476692, 37.09639],
            [-120.341204, 37.124596],
            [-120.290384, 37.152428],
            [-120.056921, 37.180835],
            [-119.761809, 37.417114],
            [-119.651191, 37.417832],
            [-119.651172, 37.461351],
            [-119.615495, 37.461522],
            [-119.615029, 37.494681],
            [-119.58422, 37.494696],
            [-119.583585, 37.560335],
            [-119.308995, 37.777986],
            [-119.257878, 37.724631],
            [-119.216333, 37.714123],
            [-119.198491, 37.736657],
            [-119.124312, 37.733944],
            [-119.065166, 37.684556],
            [-119.022363, 37.585737],
            [-119.312186, 37.352725],
            [-119.325774, 37.335417],
            [-119.316297, 37.323934],
            [-119.335266, 37.311761],
            [-119.329505, 37.209758],
            [-119.361762, 37.167998],
            [-119.386521, 37.14953],
            [-119.432125, 37.162571],
            [-119.434875, 37.146954],
            [-119.462634, 37.144211],
            [-119.474807, 37.109963],
            [-119.506733, 37.150554],
            [-119.524544, 37.128324],
            [-119.560839, 37.142901],
            [-119.568566, 37.116689],
            [-119.537592, 37.105067],
            [-119.561432, 37.065485],
            [-119.604908, 37.071016],
            [-119.620657, 37.027058],
            [-119.635371, 37.021545],
            [-119.629033, 37.034619],
            [-119.651604, 37.042961],
            [-119.658611, 37.01333],
            [-119.698075, 37.008748],
            [-119.7405, 36.970212],
            [-119.733767, 36.946441],
            [-119.772737, 36.918599],
            [-119.785546, 36.879808],
            [-119.818746, 36.848068],
            [-119.884889, 36.858549],
            [-119.943507, 36.83403],
            [-119.984651, 36.840841],
            [-120.028143, 36.814485],
            [-120.079458, 36.825345],
            [-120.172724, 36.802871],
            [-120.18883, 36.776408],
            [-120.207076, 36.790905],
            [-120.233263, 36.781057],
            [-120.229922, 36.769055],
            [-120.291823, 36.763449],
            [-120.346623, 36.797655],
            [-120.345124, 36.785049],
            [-120.371551, 36.785836],
            [-120.369612, 36.810355],
            [-120.454082, 36.860206],
            [-120.466752, 36.892193],
            [-120.450825, 36.913471],
            [-120.502812, 37.00041],
            [-120.544566, 37.026085],
            [-120.545536, 37.027582]
          ]
        ]
      }
    },
    {
      "type": "Feature",
      "id": "06_08106",
      "properties": {
        "state_puma_id": "06_08106",
        "state_name": "California",
        "state_fips": "06",
        "puma_name": "San Mateo County (Southeast)--Menlo Park, East Palo Alto Cities & Atherton Town PUMA"
      },
      "geometry": {
        "type": "Polygon",
        "coordinates": [
          [
            [-122.334314, 37.447569],
            [-122.26177, 37.477719],
            [-122.255149, 37.461731],
            [-122.269091, 37.452246],
            [-122.231608, 37.448758],
            [-122.213408, 37.485225],
            [-122.136166, 37.506826],
            [-122.115388465084, 37.4664027296649],
            [-122.190506, 37.430956],
            [-122.202467, 37.360272],
            [-122.175075, 37.325741],
            [-122.192513, 37.318795],
            [-122.252442, 37.371862],
            [-122.266091, 37.357161],
            [-122.266145, 37.383742],
            [-122.291861, 37.392278],
            [-122.331896, 37.446758],
            [-122.334314, 37.447569]
          ]
        ]
      }
    },
    {
      "type": "Feature",
      "id": "06_06502",
      "properties": {
        "state_puma_id": "06_06502",
        "state_name": "California",
        "state_fips": "06",
        "puma_name": "Riverside County (Central)--Cathedral City, Palm Springs & Rancho Mirage Cities PUMA"
      },
      "geometry": {
        "type": "Polygon",
        "coordinates": [
          [
            [-116.939526, 33.600965],
            [-116.89401, 33.632459],
            [-116.858422, 33.621784],
            [-116.841161, 33.758192],
            [-116.85973, 33.842027],
            [-116.824431, 33.857092],
            [-116.824264, 33.886207],
            [-116.71993, 33.886167],
            [-116.737272, 33.918041],
            [-116.719799, 33.917895],
            [-116.719689, 33.932633],
            [-116.737249, 33.932892],
            [-116.737413, 33.94724],
            [-116.719675, 33.947576],
            [-116.719663, 34.033824],
            [-116.585929, 34.028046],
            [-116.575145, 34.009133],
            [-116.610299, 33.901905],
            [-116.551828, 33.900125],
            [-116.476052, 33.857238],
            [-116.423737, 33.859378],
            [-116.388176, 33.805296],
            [-116.391198, 33.741245],
            [-116.373777, 33.738278],
            [-116.39121, 33.728743],
            [-116.409306, 33.67188],
            [-116.394825, 33.650735],
            [-116.42745, 33.585386],
            [-116.511687, 33.567881],
            [-116.517843, 33.597742],
            [-116.570279, 33.597538],
            [-116.569579, 33.561243],
            [-116.591443, 33.569562],
            [-116.735979, 33.543337],
            [-116.735986, 33.562627],
            [-116.753302, 33.562526],
            [-116.753342, 33.540733],
            [-116.787997, 33.540916],
            [-116.798049, 33.501399],
            [-116.850631, 33.476734],
            [-116.861353, 33.442457],
            [-116.914495, 33.463931],
            [-116.899244, 33.528881],
            [-116.939463, 33.596196],
            [-116.939526, 33.600965]
          ]
        ]
      }
    },
    {
      "type": "Feature",
      "id": "06_05303",
      "properties": {
        "state_puma_id": "06_05303",
        "state_name": "California",
        "state_fips": "06",
        "puma_name": "Monterey (South & East) & San Benito Counties PUMA"
      },
      "geometry": {
        "type": "Polygon",
        "coordinates": [
          [
            [-121.938393, 36.481388],
            [-121.895525, 36.482096],
            [-121.852848, 36.432876],
            [-121.811151, 36.415844],
            [-121.77585, 36.368347],
            [-121.72554, 36.358092],
            [-121.707068, 36.340855],
            [-121.714814, 36.297045],
            [-121.630503, 36.281737],
            [-121.550918, 36.230841],
            [-121.546506, 36.269304],
            [-121.565786, 36.288963],
            [-121.596354, 36.386167],
            [-121.580721, 36.401566],
            [-121.605278, 36.416864],
            [-121.516263, 36.436896],
            [-121.529577, 36.436741],
            [-121.533703, 36.469824],
            [-121.56372, 36.496799],
            [-121.521238, 36.52148],
            [-121.549725, 36.551591],
            [-121.545354, 36.58094],
            [-121.579305, 36.579393],
            [-121.545985, 36.595856],
            [-121.557238, 36.60547],
            [-121.53094, 36.62682],
            [-121.508649, 36.620102],
            [-121.45179, 36.653915],
            [-121.406993, 36.656035],
            [-121.415535, 36.673058],
            [-121.469023, 36.685434],
            [-121.483958, 36.714575],
            [-121.45134, 36.724793],
            [-121.481296, 36.765172],
            [-121.504011, 36.757205],
            [-121.622089, 36.846203],
            [-121.644001, 36.893996],
            [-121.629489, 36.911681],
            [-121.560272, 36.897111],
            [-121.488949, 36.983148],
            [-121.450607, 36.988944],
            [-121.418253, 36.96064],
            [-121.214536, 36.961248],
            [-121.234683, 36.926894],
            [-121.221378, 36.910301],
            [-121.188796, 36.913238],
            [-121.141523, 36.836656],
            [-120.933428, 36.751704],
            [-120.597155, 36.488235],
            [-120.596562, 36.328488],
            [-120.658806, 36.316235],
            [-120.682723, 36.294441],
            [-120.679741, 36.246665],
            [-120.627055, 36.203039],
            [-120.649937, 36.168007],
            [-120.672105, 36.163844],
            [-120.667551, 36.138057],
            [-120.641895, 36.101272],
            [-120.598068, 36.099711],
            [-120.592011, 36.071326],
            [-120.526994, 36.035709],
            [-120.529796, 36.024281],
            [-120.480447, 36.011296],
            [-120.433053, 35.968933],
            [-120.360402, 35.964418],
            [-120.322916, 35.907818],
            [-120.262692, 35.89609],
            [-120.240246, 35.865928],
            [-120.259182, 35.845287],
            [-120.219906, 35.818915],
            [-120.213979, 35.789276],
            [-121.346362833935, 35.7951826441526],
            [-121.459364, 35.882952],
            [-121.500832, 35.998099],
            [-121.574602, 36.025156],
            [-121.675205, 36.16294],
            [-121.826282, 36.242076],
            [-121.851967, 36.277831],
            [-121.899642, 36.302674],
            [-121.901628, 36.387046],
            [-121.937205, 36.472488],
            [-121.938393, 36.481388]
          ]
        ]
      }
    },
    {
      "type": "Feature",
      "id": "06_07709",
      "properties": {
        "state_puma_id": "06_07709",
        "state_name": "California",
        "state_fips": "06",
        "puma_name": "San Joaquin County (South)--Lathrop & Manteca Cities PUMA"
      },
      "geometry": {
        "type": "Polygon",
        "coordinates": [
          [
            [-121.421673, 37.802537],
            [-121.376624, 37.822189],
            [-121.319468, 37.811217],
            [-121.310018, 37.826317],
            [-121.322893, 37.864829],
            [-121.255478, 37.855592],
            [-121.253546, 37.873674],
            [-121.218561, 37.859874],
            [-121.214909, 37.820609],
            [-121.180768, 37.819297],
            [-121.175912, 37.699421],
            [-121.22315, 37.683728],
            [-121.231555, 37.662588],
            [-121.251208, 37.664944],
            [-121.265343, 37.677479],
            [-121.256693, 37.687102],
            [-121.275277, 37.688228],
            [-121.260138, 37.720139],
            [-121.278131, 37.709556],
            [-121.298191, 37.727557],
            [-121.300428, 37.779704],
            [-121.398081, 37.704407],
            [-121.416435, 37.721516],
            [-121.422173, 37.800451],
            [-121.421673, 37.802537]
          ]
        ]
      }
    },
    {
      "type": "Feature",
      "id": "06_03722",
      "properties": {
        "state_puma_id": "06_03722",
        "state_name": "California",
        "state_fips": "06",
        "puma_name": "Los Angeles County (Northwest)--LA City (North Central/Van Nuys & North Sherman Oaks) PUMA"
      },
      "geometry": {
        "type": "Polygon",
        "coordinates": [
          [
            [-118.490201, 34.193898],
            [-118.483679, 34.221328],
            [-118.426702, 34.207345],
            [-118.405221, 34.156598],
            [-118.469468, 34.160006],
            [-118.474024, 34.186645],
            [-118.490194, 34.186635],
            [-118.490201, 34.193898]
          ]
        ]
      }
    },
    {
      "type": "Feature",
      "id": "06_08506",
      "properties": {
        "state_puma_id": "06_08506",
        "state_name": "California",
        "state_fips": "06",
        "puma_name": "Santa Clara County (East)--Gilroy, Morgan Hill & San Jose (South) Cities PUMA"
      },
      "geometry": {
        "type": "Polygon",
        "coordinates": [
          [
            [-121.855762, 37.484537],
            [-121.472648, 37.48217],
            [-121.486775, 37.475652],
            [-121.462917, 37.451489],
            [-121.472606, 37.423345],
            [-121.456651, 37.395535],
            [-121.409075, 37.380672],
            [-121.42365, 37.358837],
            [-121.405753, 37.31099],
            [-121.459068, 37.282319],
            [-121.448493, 37.23702],
            [-121.416869, 37.211262],
            [-121.404636, 37.155989],
            [-121.383551, 37.151487],
            [-121.360942, 37.184321],
            [-121.328409, 37.16595],
            [-121.298552, 37.165963],
            [-121.281107, 37.183603],
            [-121.262093, 37.159323],
            [-121.23711, 37.157204],
            [-121.217339, 37.123042],
            [-121.245484, 37.089148],
            [-121.208959, 37.058683],
            [-121.248461, 37.033488],
            [-121.233337, 37.011746],
            [-121.245887, 36.983036],
            [-121.215406, 36.961248],
            [-121.418253, 36.96064],
            [-121.450607, 36.988944],
            [-121.488949, 36.983148],
            [-121.575402, 36.893033],
            [-121.590354, 36.926151],
            [-121.624755, 36.940451],
            [-121.645791, 36.93233],
            [-121.664787, 36.963714],
            [-121.698129, 36.972605],
            [-121.695358, 36.98515],
            [-121.738697, 36.989991],
            [-121.718762, 37.007557],
            [-121.75492, 37.04845],
            [-121.84629, 37.09702],
            [-121.798627, 37.171048],
            [-121.760328, 37.18279],
            [-121.779534, 37.195722],
            [-121.775662, 37.212243],
            [-121.718467, 37.236899],
            [-121.733432, 37.248829],
            [-121.709987, 37.291139],
            [-121.7448, 37.359399],
            [-121.783049, 37.387076],
            [-121.808338, 37.434374],
            [-121.84062, 37.44439],
            [-121.85529, 37.48307],
            [-121.855762, 37.484537]
          ]
        ]
      }
    },
    {
      "type": "Feature",
      "id": "06_05921",
      "properties": {
        "state_puma_id": "06_05921",
        "state_name": "California",
        "state_fips": "06",
        "puma_name": "Orange County (Northeast)--Lake Forest, Irvine (North) Cities & Silverado PUMA"
      },
      "geometry": {
        "type": "Polygon",
        "coordinates": [
          [
            [-117.800904, 33.818136],
            [-117.795233, 33.835614],
            [-117.746584, 33.837118],
            [-117.740409, 33.880232],
            [-117.67507, 33.868805],
            [-117.580136, 33.767988],
            [-117.536448, 33.757665],
            [-117.53394, 33.7062],
            [-117.542668, 33.715777],
            [-117.561503, 33.68434],
            [-117.63593, 33.703539],
            [-117.624204, 33.672756],
            [-117.69466, 33.606812],
            [-117.715148, 33.622224],
            [-117.68582, 33.64696],
            [-117.702876, 33.655286],
            [-117.677852, 33.685236],
            [-117.69277, 33.695529],
            [-117.719077, 33.685303],
            [-117.750959, 33.707506],
            [-117.740614, 33.71923],
            [-117.786926, 33.730409],
            [-117.75861, 33.78513],
            [-117.77348, 33.81473],
            [-117.800886, 33.814475],
            [-117.800904, 33.818136]
          ]
        ]
      }
    },
    {
      "type": "Feature",
      "id": "06_07708",
      "properties": {
        "state_puma_id": "06_07708",
        "state_name": "California",
        "state_fips": "06",
        "puma_name": "San Joaquin County (East)--Lodi, Ripon & Escalon Cities PUMA"
      },
      "geometry": {
        "type": "Polygon",
        "coordinates": [
          [
            [-121.584719, 38.043545],
            [-121.580022, 38.094414],
            [-121.564035, 38.101422],
            [-121.584074, 38.120228],
            [-121.53631, 38.151581],
            [-121.528896, 38.195332],
            [-121.476221, 38.25778],
            [-121.42975, 38.254946],
            [-121.398193, 38.227427],
            [-121.344024, 38.22826],
            [-121.26838, 38.252271],
            [-121.173079, 38.255208],
            [-121.066653, 38.299146],
            [-121.027084, 38.300252],
            [-120.926449, 38.077421],
            [-120.917171, 37.752444],
            [-120.922246, 37.737475],
            [-120.99276, 37.760755],
            [-121.037872, 37.73916],
            [-121.056212, 37.750374],
            [-121.094385, 37.733662],
            [-121.110208, 37.742043],
            [-121.121356, 37.721919],
            [-121.17845, 37.705529],
            [-121.180768, 37.819297],
            [-121.215813, 37.821825],
            [-121.235483, 37.94533],
            [-121.249877, 37.981955],
            [-121.279793, 37.994515],
            [-121.215213, 38.032331],
            [-121.210218, 38.057801],
            [-121.277076, 38.057552],
            [-121.274929, 38.086548],
            [-121.310375, 38.086519],
            [-121.310519, 38.05758],
            [-121.417815, 38.058382],
            [-121.419736, 38.043993],
            [-121.370553, 38.013832],
            [-121.37289, 37.971222],
            [-121.336758, 37.951622],
            [-121.346079, 37.9427],
            [-121.318654, 37.920353],
            [-121.332743, 37.875242],
            [-121.317793, 37.859692],
            [-121.317718, 37.812492],
            [-121.376624, 37.822189],
            [-121.434387, 37.797642],
            [-121.466255, 37.802531],
            [-121.484565, 37.78229],
            [-121.513377, 37.78898],
            [-121.557038, 37.815988],
            [-121.541117, 37.857745],
            [-121.57865, 37.858041],
            [-121.556419, 37.923302],
            [-121.57991, 38.007783],
            [-121.557554, 38.017037],
            [-121.585078, 38.040267],
            [-121.584719, 38.043545]
          ]
        ]
      }
    },
    {
      "type": "Feature",
      "id": "06_00112",
      "properties": {
        "state_puma_id": "06_00112",
        "state_name": "California",
        "state_fips": "06",
        "puma_name": "Alameda County (Northwest)--Oakland City (Oakland Hills) PUMA"
      },
      "geometry": {
        "type": "Polygon",
        "coordinates": [
          [
            [-122.267828, 37.827044],
            [-122.234191, 37.852544],
            [-122.24691, 37.885355],
            [-122.22362, 37.878566],
            [-122.185116, 37.837353],
            [-122.179157, 37.804981],
            [-122.143317, 37.793017],
            [-122.115091, 37.735279],
            [-122.138977, 37.730932],
            [-122.158068, 37.773348],
            [-122.268563, 37.824462],
            [-122.267828, 37.827044]
          ],
          [
            [-122.24939, 37.822846],
            [-122.210178, 37.818613],
            [-122.22701, 37.832664],
            [-122.249295, 37.823722],
            [-122.24939, 37.822846]
          ]
        ]
      }
    },
    {
      "type": "Feature",
      "id": "06_07513",
      "properties": {
        "state_puma_id": "06_07513",
        "state_name": "California",
        "state_fips": "06",
        "puma_name": "San Francisco County (Southwest)--Ingleside & South Central PUMA"
      },
      "geometry": {
        "type": "Polygon",
        "coordinates": [
          [
            [-122.508121548602, 37.7354395332202],
            [-122.459174, 37.747286],
            [-122.426158, 37.733971],
            [-122.454356, 37.708232],
            [-122.502426880724, 37.7081329861058],
            [-122.507057485355, 37.7278360847422],
            [-122.508121548602, 37.7354395332202]
          ]
        ]
      }
    },
    {
      "type": "Feature",
      "id": "06_01311",
      "properties": {
        "state_puma_id": "06_01311",
        "state_name": "California",
        "state_fips": "06",
        "puma_name": "Contra Costa County (West)--Concord (West), Martinez & Pleasant Hill Cities PUMA"
      },
      "geometry": {
        "type": "Polygon",
        "coordinates": [
          [
            [-122.278563, 37.920006],
            [-122.254611, 37.920579],
            [-122.271061, 37.939807],
            [-122.266506, 37.959093],
            [-122.230873, 37.97504],
            [-122.204969, 37.964742],
            [-122.249966, 37.992076],
            [-122.23771, 38.005371],
            [-122.253672, 38.014187],
            [-122.205623, 38.00871],
            [-122.177621, 38.015077],
            [-122.19244, 38.04112],
            [-122.141533, 38.031862],
            [-122.095733, 38.048355],
            [-122.057078, 38.000077],
            [-122.022687, 38.009927],
            [-122.030172, 37.962521],
            [-122.05429, 37.953663],
            [-122.060084, 37.931695],
            [-122.096973, 37.921547],
            [-122.087837, 37.95416],
            [-122.123199, 37.967304],
            [-122.13755, 37.937964],
            [-122.171168, 37.918278],
            [-122.195641, 37.922173],
            [-122.210494, 37.899516],
            [-122.24472, 37.904717],
            [-122.249145, 37.891128],
            [-122.279365, 37.919609],
            [-122.278563, 37.920006]
          ]
        ]
      }
    },
    {
      "type": "Feature",
      "id": "06_06523",
      "properties": {
        "state_puma_id": "06_06523",
        "state_name": "California",
        "state_fips": "06",
        "puma_name": "Riverside County (Southwest)--Temecula City PUMA"
      },
      "geometry": {
        "type": "Polygon",
        "coordinates": [
          [
            [-117.283766, 33.462411],
            [-117.22146, 33.505605],
            [-117.199604, 33.540245],
            [-117.184775, 33.526951],
            [-117.110941, 33.55431],
            [-117.118452, 33.583522],
            [-117.083716, 33.583644],
            [-117.080357, 33.638085],
            [-117.0616, 33.628375],
            [-117.009858, 33.641251],
            [-117.016911, 33.677782],
            [-116.971239, 33.685762],
            [-116.97113, 33.672278],
            [-116.94497, 33.664044],
            [-116.939023, 33.591512],
            [-116.899244, 33.528881],
            [-116.914495, 33.463931],
            [-116.836747, 33.426865],
            [-117.241271, 33.431993],
            [-117.242167, 33.449015],
            [-117.282867, 33.462228],
            [-117.283766, 33.462411]
          ]
        ]
      }
    },
    {
      "type": "Feature",
      "id": "06_01309",
      "properties": {
        "state_puma_id": "06_01309",
        "state_name": "California",
        "state_fips": "06",
        "puma_name": "Contra Costa County (East)--Brentwood & Oakley Cities PUMA"
      },
      "geometry": {
        "type": "Polygon",
        "coordinates": [
          [
            [-121.778891, 37.918563],
            [-121.732829, 37.925347],
            [-121.75168, 38.024308],
            [-121.684399, 38.058521],
            [-121.679265, 38.089319],
            [-121.604923, 38.099878],
            [-121.580022, 38.094414],
            [-121.572923, 38.074239],
            [-121.584388, 38.036025],
            [-121.572169, 38.041412],
            [-121.557554, 38.017037],
            [-121.577879, 38.01082],
            [-121.568845, 38.002234],
            [-121.582463, 37.983922],
            [-121.556419, 37.923302],
            [-121.579503, 37.861072],
            [-121.534247, 37.849891],
            [-121.553899, 37.818005],
            [-121.697322, 37.782438],
            [-121.65588, 37.819339],
            [-121.647121, 37.850385],
            [-121.694344, 37.887161],
            [-121.698409, 37.874689],
            [-121.74599, 37.869482],
            [-121.77605, 37.881135],
            [-121.763461, 37.906926],
            [-121.778706, 37.917962],
            [-121.778891, 37.918563]
          ]
        ]
      }
    },
    {
      "type": "Feature",
      "id": "06_02903",
      "properties": {
        "state_puma_id": "06_02903",
        "state_name": "California",
        "state_fips": "06",
        "puma_name": "Kern County (Central)--Bakersfield City (Northeast) PUMA"
      },
      "geometry": {
        "type": "Polygon",
        "coordinates": [
          [
            [-119.044604, 35.379006],
            [-119.016652, 35.404918],
            [-119.002882, 35.398283],
            [-118.936364, 35.426714],
            [-118.933484, 35.447737],
            [-118.891465, 35.437689],
            [-118.872243, 35.451471],
            [-118.871997, 35.496851],
            [-118.781905, 35.482934],
            [-118.798731, 35.45689],
            [-118.780856, 35.456729],
            [-118.779537, 35.442811],
            [-118.713921, 35.44203],
            [-118.74685, 35.412053],
            [-118.812508, 35.397797],
            [-118.843919, 35.374391],
            [-118.843087, 35.325558],
            [-118.914302, 35.325259],
            [-118.914185, 35.352142],
            [-119.039682, 35.352556],
            [-119.044567, 35.376265],
            [-119.044604, 35.379006]
          ]
        ]
      }
    },
    {
      "type": "Feature",
      "id": "06_08515",
      "properties": {
        "state_puma_id": "06_08515",
        "state_name": "California",
        "state_fips": "06",
        "puma_name": "Santa Clara County (Northwest)--Palo Alto City & Los Altos Hills Town PUMA"
      },
      "geometry": {
        "type": "Polygon",
        "coordinates": [
          [
            [-122.202591, 37.36272],
            [-122.190506, 37.430956],
            [-122.162695, 37.453844],
            [-122.125824, 37.451302],
            [-122.10146, 37.42821],
            [-122.129654, 37.395115],
            [-122.117674, 37.36554],
            [-122.068515, 37.33419],
            [-122.096192, 37.300928],
            [-122.067846, 37.275142],
            [-122.083772, 37.258643],
            [-122.050952, 37.25207],
            [-122.0288, 37.217522],
            [-122.044121, 37.200495],
            [-122.10423, 37.23427],
            [-122.16233, 37.304413],
            [-122.193062, 37.318277],
            [-122.175075, 37.325741],
            [-122.202467, 37.360272],
            [-122.202591, 37.36272]
          ]
        ]
      }
    },
    {
      "type": "Feature",
      "id": "06_01700",
      "properties": {
        "state_puma_id": "06_01700",
        "state_name": "California",
        "state_fips": "06",
        "puma_name": "El Dorado County--El Dorado Hills, South Lake Tahoe City & Placerville City PUMA"
      },
      "geometry": {
        "type": "Polygon",
        "coordinates": [
          [
            [-121.141595, 38.711939],
            [-121.101428, 38.815282],
            [-121.058408, 38.847129],
            [-121.061696, 38.882651],
            [-121.044175, 38.890826],
            [-121.053373, 38.897297],
            [-121.040511, 38.915538],
            [-120.93857, 38.935565],
            [-120.937269, 38.963684],
            [-120.859863, 38.951653],
            [-120.850514, 38.975899],
            [-120.83506, 38.971509],
            [-120.812295, 39.000133],
            [-120.747656, 39.010397],
            [-120.704866, 38.981345],
            [-120.684428, 38.989029],
            [-120.683455, 38.967282],
            [-120.65416, 38.948226],
            [-120.611348, 38.942644],
            [-120.564258, 38.913644],
            [-120.492735, 38.943351],
            [-120.435299, 39.028163],
            [-120.24041, 39.023668],
            [-120.165028, 39.038485],
            [-120.143663, 39.067285],
            [-120.002461, 39.067489],
            [-120.001014, 38.999574],
            [-119.887643, 38.918295],
            [-119.87775, 38.868311],
            [-119.906312, 38.855505],
            [-119.947927, 38.781642],
            [-120.072392, 38.702767],
            [-120.112009, 38.705016],
            [-120.140494, 38.638168],
            [-120.214632, 38.628869],
            [-120.233849, 38.588316],
            [-120.301721, 38.549109],
            [-120.606157, 38.502349],
            [-120.676564, 38.51766],
            [-120.722476, 38.547165],
            [-120.812953, 38.562209],
            [-120.864051, 38.53526],
            [-120.87671, 38.542975],
            [-120.885067, 38.525071],
            [-120.902366, 38.531227],
            [-120.926381, 38.514964],
            [-120.941318, 38.528602],
            [-121.027507, 38.508292],
            [-121.11866, 38.71707],
            [-121.139199, 38.710644],
            [-121.141595, 38.711939]
          ]
        ]
      }
    },
    {
      "type": "Feature",
      "id": "06_07310",
      "properties": {
        "state_puma_id": "06_07310",
        "state_name": "California",
        "state_fips": "06",
        "puma_name": "San Diego County (West)--San Diego City (Southwest/Central Coastal) PUMA"
      },
      "geometry": {
        "type": "MultiPolygon",
        "coordinates": [
          [
            [
              [-117.227894, 32.69336],
              [-117.217468, 32.711351],
              [-117.192052, 32.714981],
              [-117.133264, 32.675952],
              [-117.114611, 32.594135],
              [-117.132442521753, 32.5856249225421],
              [-117.160719, 32.66568],
              [-117.193103, 32.686586],
              [-117.22758, 32.686606],
              [-117.227894, 32.69336]
            ]
          ],
          [
            [
              [-117.272052792201, 32.9801391738307],
              [-117.256178, 32.978449],
              [-117.261181, 32.938828],
              [-117.271552928067, 32.9783147909081],
              [-117.272052792201, 32.9801391738307]
            ]
          ],
          [
            [
              [-117.28217, 32.839547],
              [-117.25617, 32.859447],
              [-117.260350565771, 32.9287981753367],
              [-117.250331, 32.922144],
              [-117.232519, 32.825942],
              [-117.204107, 32.759503],
              [-117.189285, 32.75929],
              [-117.173697, 32.729501],
              [-117.227206, 32.724284],
              [-117.243128, 32.66454],
              [-117.256091, 32.793666],
              [-117.281761574473, 32.8383512946267],
              [-117.28217, 32.839547]
            ]
          ]
        ]
      }
    },
    {
      "type": "Feature",
      "id": "06_08104",
      "properties": {
        "state_puma_id": "06_08104",
        "state_name": "California",
        "state_fips": "06",
        "puma_name": "San Mateo County (South & West)--San Mateo (South) & Half Moon Bay Cities PUMA"
      },
      "geometry": {
        "type": "Polygon",
        "coordinates": [
          [
            [-122.52036, 37.575343],
            [-122.517417749817, 37.5867975870658],
            [-122.480068, 37.562139],
            [-122.450871, 37.570543],
            [-122.462851, 37.584507],
            [-122.443921, 37.593616],
            [-122.445635, 37.622144],
            [-122.359214, 37.530168],
            [-122.288445441126, 37.5754331901364],
            [-122.251934, 37.567886],
            [-122.243962966831, 37.5537296247832],
            [-122.261373, 37.533401],
            [-122.339108, 37.507082],
            [-122.300205, 37.49122],
            [-122.292403, 37.468454],
            [-122.334314, 37.447569],
            [-122.291861, 37.392278],
            [-122.266145, 37.383742],
            [-122.266091, 37.357161],
            [-122.252442, 37.371862],
            [-122.15257, 37.28822],
            [-122.152774, 37.215444],
            [-122.242573, 37.215134],
            [-122.24266, 37.190035],
            [-122.317682, 37.186945],
            [-122.289382, 37.113472],
            [-122.337071, 37.117382],
            [-122.367085, 37.172817],
            [-122.405073, 37.195791],
            [-122.419113, 37.24147],
            [-122.40085, 37.359225],
            [-122.459577, 37.492731],
            [-122.493789, 37.492341],
            [-122.516689, 37.52134],
            [-122.519874465874, 37.5736620368543],
            [-122.52036, 37.575343]
          ]
        ]
      }
    },
    {
      "type": "Feature",
      "id": "06_07902",
      "properties": {
        "state_puma_id": "06_07902",
        "state_name": "California",
        "state_fips": "06",
        "puma_name": "San Luis Obispo County (East)--Inland Region PUMA"
      },
      "geometry": {
        "type": "Polygon",
        "coordinates": [
          [
            [-121.185056, 35.794161],
            [-120.194369, 35.789363],
            [-120.193988, 35.614389],
            [-120.08618, 35.614397],
            [-120.086766, 35.526432],
            [-119.997449, 35.468708],
            [-119.99315, 35.43947],
            [-119.880045, 35.439133],
            [-119.880356, 35.351124],
            [-119.80921, 35.35094],
            [-119.809407, 35.263693],
            [-119.666585, 35.262635],
            [-119.667304, 35.174982],
            [-119.553819, 35.180123],
            [-119.561752, 35.087831],
            [-119.49038, 35.091646],
            [-119.490539, 35.076679],
            [-119.472552, 35.076669],
            [-119.472489, 34.901175],
            [-119.535972, 34.89772],
            [-119.61502, 34.950351],
            [-119.673563, 34.973575],
            [-119.789292, 34.98867],
            [-119.854517, 35.032149],
            [-119.901968, 35.035793],
            [-119.928419, 35.059794],
            [-119.980122, 35.057573],
            [-120.082084, 35.114678],
            [-120.143368, 35.095564],
            [-120.142918, 35.082216],
            [-120.1743, 35.070574],
            [-120.180504, 35.038035],
            [-120.209907, 35.020582],
            [-120.249988, 35.030059],
            [-120.278619, 35.01156],
            [-120.323823, 35.017314],
            [-120.333416, 34.994756],
            [-120.292347, 34.933239],
            [-120.312132, 34.903951],
            [-120.403508, 34.969754],
            [-120.382343, 34.997113],
            [-120.433991, 34.99639],
            [-120.476057, 35.060453],
            [-120.504329, 35.058976],
            [-120.542508, 35.093045],
            [-120.554275, 35.106975],
            [-120.526876, 35.118195],
            [-120.557232, 35.122187],
            [-120.54098, 35.135085],
            [-120.561195, 35.147834],
            [-120.571177, 35.134852],
            [-120.600215, 35.141567],
            [-120.629586, 35.165451],
            [-120.612186, 35.189024],
            [-120.617468, 35.218021],
            [-120.675743, 35.243337],
            [-120.596442, 35.274556],
            [-120.629501, 35.291992],
            [-120.625344, 35.32982],
            [-120.660813, 35.334311],
            [-120.680765, 35.307989],
            [-120.704762, 35.32012],
            [-120.713036, 35.294516],
            [-120.777788, 35.332261],
            [-120.773824, 35.360146],
            [-120.695173, 35.379387],
            [-120.739825, 35.411562],
            [-120.714086, 35.45485],
            [-120.850531, 35.514002],
            [-120.865156, 35.543314],
            [-120.906773, 35.563289],
            [-120.978647, 35.632594],
            [-121.089683, 35.690299],
            [-121.181465, 35.774081],
            [-121.18385, 35.792992],
            [-121.185056, 35.794161]
          ]
        ]
      }
    },
    {
      "type": "Feature",
      "id": "06_06712",
      "properties": {
        "state_puma_id": "06_06712",
        "state_name": "California",
        "state_fips": "06",
        "puma_name": "Sacramento County (Northeast)--Folsom City, Orangevale & Fair Oaks (East) PUMA"
      },
      "geometry": {
        "type": "Polygon",
        "coordinates": [
          [
            [-121.244443, 38.716664],
            [-121.133782, 38.705386],
            [-121.11866, 38.71707],
            [-121.0793, 38.632857],
            [-121.150477, 38.614613],
            [-121.156458, 38.642152],
            [-121.243619, 38.633264],
            [-121.244327, 38.700517],
            [-121.244443, 38.716664]
          ]
        ]
      }
    },
    {
      "type": "Feature",
      "id": "06_06509",
      "properties": {
        "state_puma_id": "06_06509",
        "state_name": "California",
        "state_fips": "06",
        "puma_name": "Riverside County (West Central)--Perris City, Temescal Valley & Mead Valley PUMA"
      },
      "geometry": {
        "type": "Polygon",
        "coordinates": [
          [
            [-117.565332, 33.764836],
            [-117.549022, 33.762961],
            [-117.53187, 33.798625],
            [-117.504056, 33.800257],
            [-117.509064, 33.824227],
            [-117.426778, 33.817426],
            [-117.384597, 33.83372],
            [-117.291984, 33.837178],
            [-117.291933, 33.865923],
            [-117.262424, 33.870142],
            [-117.247251, 33.855572],
            [-117.20478, 33.859492],
            [-117.17392, 33.826722],
            [-117.123724, 33.837728],
            [-117.124625, 33.806189],
            [-117.097024, 33.808731],
            [-117.082994, 33.786894],
            [-117.087261, 33.738847],
            [-117.136501, 33.743211],
            [-117.136442, 33.77209],
            [-117.198115, 33.775054],
            [-117.258165, 33.73253],
            [-117.268861, 33.698359],
            [-117.284606, 33.698355],
            [-117.291562, 33.727835],
            [-117.281067, 33.743001],
            [-117.25393, 33.742961],
            [-117.254009, 33.76481],
            [-117.292885, 33.762372],
            [-117.295979, 33.779065],
            [-117.345197, 33.791912],
            [-117.331041, 33.731292],
            [-117.340118, 33.71157],
            [-117.432639, 33.741184],
            [-117.459817, 33.691714],
            [-117.533999, 33.710355],
            [-117.536448, 33.757665],
            [-117.569175, 33.76461],
            [-117.565332, 33.764836]
          ]
        ]
      }
    },
    {
      "type": "Feature",
      "id": "06_03709",
      "properties": {
        "state_puma_id": "06_03709",
        "state_name": "California",
        "state_fips": "06",
        "puma_name": "Los Angeles County (Central)--San Gabriel Valley Region (North) PUMA"
      },
      "geometry": {
        "type": "Polygon",
        "coordinates": [
          [
            [-118.506944, 34.338711],
            [-118.493485, 34.377541],
            [-118.403109, 34.38045],
            [-118.39193, 34.360641],
            [-118.367533, 34.358893],
            [-118.315738, 34.389829],
            [-118.263482, 34.399437],
            [-118.248721, 34.373542],
            [-118.143019, 34.374835],
            [-118.090166, 34.402497],
            [-118.080251, 34.382588],
            [-117.986931, 34.367171],
            [-117.970687, 34.381823],
            [-117.973155, 34.438762],
            [-117.891278, 34.421193],
            [-117.676088, 34.426055],
            [-117.675934, 34.404369],
            [-117.655235, 34.397222],
            [-117.646374, 34.28917],
            [-117.677706, 34.165173],
            [-117.759079, 34.165315],
            [-117.776111, 34.146992],
            [-117.79433, 34.179662],
            [-117.924796, 34.16531],
            [-117.925109, 34.193955],
            [-117.959951, 34.194202],
            [-117.942334, 34.166891],
            [-117.977525, 34.165107],
            [-117.985425, 34.151549],
            [-118.021009, 34.151108],
            [-118.017593, 34.179453],
            [-118.038412, 34.157259],
            [-118.067958, 34.156821],
            [-118.095008, 34.175142],
            [-118.188881, 34.177876],
            [-118.248753, 34.222241],
            [-118.238789, 34.281589],
            [-118.286694, 34.278337],
            [-118.299395, 34.293259],
            [-118.367281, 34.280589],
            [-118.367088, 34.301859],
            [-118.40749, 34.287184],
            [-118.405202, 34.329811],
            [-118.505113, 34.338061],
            [-118.506944, 34.338711]
          ]
        ]
      }
    },
    {
      "type": "Feature",
      "id": "06_03721",
      "properties": {
        "state_puma_id": "06_03721",
        "state_name": "California",
        "state_fips": "06",
        "puma_name": "Los Angeles County (North)--LA City (Northeast/North Hollywood & Valley Village) PUMA"
      },
      "geometry": {
        "type": "Polygon",
        "coordinates": [
          [
            [-118.426733, 34.201191],
            [-118.396517, 34.20847],
            [-118.361151, 34.194651],
            [-118.34974, 34.153432],
            [-118.37245, 34.152797],
            [-118.410927, 34.159828],
            [-118.425946, 34.199138],
            [-118.426733, 34.201191]
          ]
        ]
      }
    },
    {
      "type": "Feature",
      "id": "06_09502",
      "properties": {
        "state_puma_id": "06_09502",
        "state_name": "California",
        "state_fips": "06",
        "puma_name": "Solano County (Central)--Fairfield & Suisun City Cities PUMA"
      },
      "geometry": {
        "type": "Polygon",
        "coordinates": [
          [
            [-122.216482, 38.266015],
            [-122.188381, 38.271614],
            [-122.205982, 38.315713],
            [-122.033271, 38.309742],
            [-122.023883, 38.325081],
            [-121.947219, 38.301475],
            [-121.915511, 38.308247],
            [-121.915006, 38.273403],
            [-121.892185, 38.282198],
            [-121.915377, 38.264643],
            [-121.903575, 38.228367],
            [-121.920785, 38.228396],
            [-121.930299, 38.189803],
            [-121.918633, 38.178625],
            [-121.934358, 38.167881],
            [-121.909727, 38.145542],
            [-121.912923, 38.120555],
            [-121.889425, 38.124018],
            [-121.884593, 38.078067],
            [-121.861597, 38.069887],
            [-121.874743, 38.050676],
            [-121.906801, 38.045002],
            [-121.97744, 38.06684],
            [-122.050386, 38.060198],
            [-122.054231, 38.103456],
            [-122.095428, 38.137695],
            [-122.089476, 38.152689],
            [-122.101067, 38.125664],
            [-122.115592, 38.146676],
            [-122.140172, 38.117683],
            [-122.163575, 38.118567],
            [-122.173825, 38.149511],
            [-122.21508, 38.179717],
            [-122.193374, 38.221215],
            [-122.212481, 38.248715],
            [-122.193281, 38.256415],
            [-122.216882, 38.262315],
            [-122.216482, 38.266015]
          ]
        ]
      }
    },
    {
      "type": "Feature",
      "id": "06_00116",
      "properties": {
        "state_puma_id": "06_00116",
        "state_name": "California",
        "state_fips": "06",
        "puma_name": "Alameda County (Central)--Hayward City (East) PUMA"
      },
      "geometry": {
        "type": "Polygon",
        "coordinates": [
          [
            [-122.101682, 37.669365],
            [-122.036055, 37.701993],
            [-121.963545, 37.671754],
            [-121.895837, 37.597189],
            [-121.934868, 37.591002],
            [-121.947011, 37.597896],
            [-121.943857, 37.626413],
            [-121.967026, 37.643206],
            [-122.030028, 37.628855],
            [-122.020037, 37.606243],
            [-122.068794, 37.605698],
            [-122.063341, 37.63434],
            [-122.092557, 37.647197],
            [-122.099186, 37.667197],
            [-122.101682, 37.669365]
          ]
        ]
      }
    },
    {
      "type": "Feature",
      "id": "06_09706",
      "properties": {
        "state_puma_id": "06_09706",
        "state_name": "California",
        "state_fips": "06",
        "puma_name": "Sonoma County (East)--Santa Rosa City (East) PUMA"
      },
      "geometry": {
        "type": "Polygon",
        "coordinates": [
          [
            [-122.741958, 38.4954],
            [-122.7185, 38.508996],
            [-122.720609, 38.548842],
            [-122.683769, 38.564162],
            [-122.67725, 38.58222],
            [-122.634982, 38.58301],
            [-122.620846, 38.560317],
            [-122.582148, 38.549399],
            [-122.543893, 38.519966],
            [-122.529592, 38.469609],
            [-122.479955, 38.448726],
            [-122.497475, 38.424306],
            [-122.44789, 38.379312],
            [-122.457741, 38.367466],
            [-122.411993, 38.334012],
            [-122.394917, 38.304479],
            [-122.404592, 38.281423],
            [-122.366787, 38.247015],
            [-122.349564, 38.193972],
            [-122.369048, 38.181777],
            [-122.367561, 38.158792],
            [-122.404003, 38.160409],
            [-122.400006, 38.138588],
            [-122.434619292978, 38.1223244924626],
            [-122.449694, 38.176354],
            [-122.518899, 38.207605],
            [-122.53116, 38.23141],
            [-122.500218, 38.247664],
            [-122.563219, 38.285347],
            [-122.553619, 38.29384],
            [-122.580959, 38.349591],
            [-122.623705, 38.368993],
            [-122.64464, 38.347749],
            [-122.685597, 38.381971],
            [-122.714396, 38.371843],
            [-122.715443, 38.431063],
            [-122.742139, 38.492166],
            [-122.741958, 38.4954]
          ]
        ]
      }
    },
    {
      "type": "Feature",
      "id": "06_01312",
      "properties": {
        "state_puma_id": "06_01312",
        "state_name": "California",
        "state_fips": "06",
        "puma_name": "Contra Costa County (West)--Walnut Creek (West), Lafayette & Orinda Cities PUMA"
      },
      "geometry": {
        "type": "Polygon",
        "coordinates": [
          [
            [-122.250286, 37.889828],
            [-122.24472, 37.904717],
            [-122.219152, 37.897731],
            [-122.195641, 37.922173],
            [-122.166383, 37.919708],
            [-122.119733, 37.967131],
            [-122.087837, 37.95416],
            [-122.096973, 37.921547],
            [-122.060084, 37.931695],
            [-122.070653, 37.896559],
            [-122.015694, 37.835657],
            [-122.038924, 37.80868],
            [-122.074745, 37.830091],
            [-122.061681, 37.79922],
            [-122.140317, 37.804701],
            [-122.185577, 37.820726],
            [-122.22362, 37.878566],
            [-122.249262, 37.886972],
            [-122.250286, 37.889828]
          ]
        ]
      }
    },
    {
      "type": "Feature",
      "id": "06_06717",
      "properties": {
        "state_puma_id": "06_06717",
        "state_name": "California",
        "state_fips": "06",
        "puma_name": "Sacramento County--Galt, Isleton Cities, Delta Region & Rural PUMA"
      },
      "geometry": {
        "type": "Polygon",
        "coordinates": [
          [
            [-121.862542, 38.06795],
            [-121.842444, 38.076735],
            [-121.801643, 38.059503],
            [-121.710888, 38.086489],
            [-121.685586, 38.159705],
            [-121.612102, 38.200068],
            [-121.60518, 38.296084],
            [-121.583954, 38.331652],
            [-121.521641, 38.360104],
            [-121.513481, 38.399942],
            [-121.532696, 38.430788],
            [-121.503847, 38.439614],
            [-121.503439, 38.467114],
            [-121.477044, 38.3754],
            [-121.417383, 38.379496],
            [-121.417707, 38.394194],
            [-121.352863, 38.382529],
            [-121.334701, 38.399526],
            [-121.353335, 38.452677],
            [-121.3347, 38.452662],
            [-121.33487, 38.481672],
            [-121.408944, 38.496045],
            [-121.409124, 38.525063],
            [-121.370294, 38.525245],
            [-121.370952, 38.538759],
            [-121.334934, 38.529004],
            [-121.336273, 38.56208],
            [-121.318011, 38.563991],
            [-121.321033, 38.541598],
            [-121.292451, 38.535831],
            [-121.250659, 38.559482],
            [-121.269368, 38.605682],
            [-121.196746, 38.64004],
            [-121.156458, 38.642152],
            [-121.150477, 38.614613],
            [-121.0793, 38.632857],
            [-121.027472, 38.508218],
            [-121.027084, 38.300252],
            [-121.066653, 38.299146],
            [-121.173079, 38.255208],
            [-121.26838, 38.252271],
            [-121.344024, 38.22826],
            [-121.398193, 38.227427],
            [-121.42975, 38.254946],
            [-121.470958, 38.259902],
            [-121.528896, 38.195332],
            [-121.53631, 38.151581],
            [-121.584074, 38.120228],
            [-121.567184, 38.097321],
            [-121.673065, 38.093518],
            [-121.699765, 38.04522],
            [-121.777485, 38.018917],
            [-121.816954, 38.021519],
            [-121.862462, 38.06603],
            [-121.862542, 38.06795]
          ]
        ]
      }
    },
    {
      "type": "Feature",
      "id": "06_08900",
      "properties": {
        "state_puma_id": "06_08900",
        "state_name": "California",
        "state_fips": "06",
        "puma_name": "Shasta County--Redding City PUMA"
      },
      "geometry": {
        "type": "Polygon",
        "coordinates": [
          [
            [-123.068838, 40.308255],
            [-123.065552, 40.344813],
            [-123.018296, 40.372407],
            [-122.996579, 40.396381],
            [-122.998682, 40.418142],
            [-122.901261, 40.445575],
            [-122.845954, 40.505181],
            [-122.793252, 40.514518],
            [-122.76762, 40.555029],
            [-122.693075, 40.575338],
            [-122.71003, 40.631525],
            [-122.736338, 40.636666],
            [-122.727281, 40.651008],
            [-122.752266, 40.689642],
            [-122.722358, 40.695473],
            [-122.706712, 40.725674],
            [-122.717407, 40.747182],
            [-122.658204, 40.787646],
            [-122.666058, 40.825875],
            [-122.600013, 40.900343],
            [-122.612751, 40.921245],
            [-122.598528, 40.975847],
            [-122.527753, 41.014395],
            [-122.523166, 41.059208],
            [-122.539775, 41.072605],
            [-122.457144, 41.096611],
            [-122.446023, 41.159241],
            [-122.498376, 41.182675],
            [-121.331786, 41.183886],
            [-121.332338, 40.905394],
            [-121.319976, 40.905886],
            [-121.327826, 40.445367],
            [-121.565132, 40.445797],
            [-121.593086, 40.431126],
            [-121.685877, 40.45313],
            [-121.734895, 40.435689],
            [-121.850984, 40.442601],
            [-121.900652, 40.421014],
            [-122.00994, 40.426767],
            [-122.182918, 40.392501],
            [-122.173092, 40.379052],
            [-122.193557, 40.392311],
            [-122.199173, 40.377943],
            [-122.227155, 40.38931],
            [-122.310412, 40.371064],
            [-122.445021, 40.373398],
            [-122.524566, 40.394477],
            [-122.651341, 40.328288],
            [-122.731895, 40.347091],
            [-122.749393, 40.365522],
            [-122.875704, 40.347841],
            [-122.918213, 40.306846],
            [-122.976548, 40.315162],
            [-123.056668, 40.285375],
            [-123.068032, 40.306173],
            [-123.068838, 40.308255]
          ]
        ]
      }
    },
    {
      "type": "Feature",
      "id": "06_10703",
      "properties": {
        "state_puma_id": "06_10703",
        "state_name": "California",
        "state_fips": "06",
        "puma_name": "Tulare County (Outside Visalia, Tulare & Porterville Cities) PUMA"
      },
      "geometry": {
        "type": "Polygon",
        "coordinates": [
          [
            [-119.566468, 36.494339],
            [-119.466322, 36.575238],
            [-119.305102, 36.573725],
            [-119.304625, 36.660606],
            [-118.984779, 36.657147],
            [-118.982441, 36.741646],
            [-118.351329, 36.741034],
            [-118.334728, 36.705534],
            [-118.366128, 36.690435],
            [-118.331227, 36.669434],
            [-118.338227, 36.655434],
            [-118.320826, 36.627034],
            [-118.274624, 36.597334],
            [-118.292123, 36.562735],
            [-118.239021, 36.523635],
            [-118.23502, 36.493735],
            [-118.24992, 36.482435],
            [-118.21592, 36.456736],
            [-118.209819, 36.430336],
            [-118.157019, 36.432636],
            [-118.137919, 36.418036],
            [-118.163019, 36.389636],
            [-118.100317, 36.346137],
            [-118.127601, 36.280348],
            [-118.105616, 36.213439],
            [-118.059315, 36.17014],
            [-118.073514, 36.140341],
            [-118.067313, 36.093442],
            [-118.051513, 36.083242],
            [-118.033611, 36.008944],
            [-118.003577, 35.983718],
            [-118.016791, 35.954551],
            [-117.983287, 35.926563],
            [-117.981043, 35.866912],
            [-118.007418, 35.85818],
            [-118.008094, 35.788935],
            [-119.53812, 35.789898],
            [-119.536161, 36.050782],
            [-119.487528, 36.055651],
            [-119.416986, 36.093124],
            [-119.172085, 36.107491],
            [-119.143074, 36.098488],
            [-119.161487, 36.022448],
            [-119.107461, 36.022287],
            [-119.107424, 35.977722],
            [-118.982708, 35.991701],
            [-118.982247, 36.007722],
            [-118.956548, 36.009065],
            [-118.917114, 35.984896],
            [-118.910723, 36.025587],
            [-118.858069, 36.032237],
            [-118.879475, 36.079885],
            [-118.898907, 36.080089],
            [-118.871059, 36.098974],
            [-118.836995, 36.093722],
            [-118.897481, 36.115321],
            [-118.953742, 36.109934],
            [-118.956973, 36.144077],
            [-119.000194, 36.145526],
            [-119.009597, 36.167317],
            [-119.232878, 36.16735],
            [-119.198829, 36.210764],
            [-119.206937, 36.254217],
            [-119.278489, 36.256765],
            [-119.278655, 36.285598],
            [-119.242959, 36.283709],
            [-119.215648, 36.370533],
            [-119.242797, 36.385316],
            [-119.243074, 36.370937],
            [-119.288297, 36.370952],
            [-119.286301, 36.486688],
            [-119.330777, 36.487122],
            [-119.331474, 36.458004],
            [-119.40357, 36.43513],
            [-119.473581, 36.390362],
            [-119.474892, 36.400953],
            [-119.528792, 36.401465],
            [-119.527194, 36.488886],
            [-119.573194, 36.488835],
            [-119.566468, 36.494339]
          ]
        ]
      }
    },
    {
      "type": "Feature",
      "id": "06_08701",
      "properties": {
        "state_puma_id": "06_08701",
        "state_name": "California",
        "state_fips": "06",
        "puma_name": "Santa Cruz County (North)--Watsonville & Scotts Valley Cities PUMA"
      },
      "geometry": {
        "type": "Polygon",
        "coordinates": [
          [
            [-122.317682, 37.186945],
            [-122.24266, 37.190035],
            [-122.242573, 37.215134],
            [-122.152774, 37.215444],
            [-122.152278, 37.286055],
            [-121.99109, 37.14427],
            [-121.82402, 37.08757],
            [-121.725771, 37.02065],
            [-121.736186, 37.015342],
            [-121.718762, 37.007557],
            [-121.738697, 36.989991],
            [-121.695358, 36.98515],
            [-121.698129, 36.972605],
            [-121.664787, 36.963714],
            [-121.645791, 36.93233],
            [-121.624755, 36.940451],
            [-121.581154, 36.919252],
            [-121.581354, 36.899152],
            [-121.629489, 36.911681],
            [-121.644001, 36.893996],
            [-121.655227, 36.912863],
            [-121.680621, 36.903285],
            [-121.705529, 36.909503],
            [-121.699956, 36.919683],
            [-121.745612, 36.909174],
            [-121.7725, 36.883767],
            [-121.791946, 36.921285],
            [-121.874113, 36.970701],
            [-121.969553, 36.987595],
            [-121.973002, 37.013261],
            [-121.989464, 36.987548],
            [-122.024471, 36.985866],
            [-122.049674, 37.010849],
            [-122.07309, 37.003248],
            [-122.077641097143, 36.9532210083643],
            [-122.126711, 36.964351],
            [-122.223799, 37.025672],
            [-122.292973615833, 37.1073182889556],
            [-122.316981, 37.182238],
            [-122.317682, 37.186945]
          ]
        ]
      }
    },
    {
      "type": "Feature",
      "id": "06_05912",
      "properties": {
        "state_puma_id": "06_05912",
        "state_name": "California",
        "state_fips": "06",
        "puma_name": "Orange County (Northwest)--Westminster, Stanton & Garden Grove (West) Cities PUMA"
      },
      "geometry": {
        "type": "Polygon",
        "coordinates": [
          [
            [-118.042952, 33.767047],
            [-118.04151, 33.792119],
            [-118.011064, 33.795625],
            [-118.010785, 33.817251],
            [-117.975837, 33.817582],
            [-117.992501, 33.772005],
            [-117.946225, 33.7523],
            [-117.94597, 33.7306],
            [-117.988974, 33.72296],
            [-118.042995, 33.75944],
            [-118.042952, 33.767047]
          ]
        ]
      }
    },
    {
      "type": "Feature",
      "id": "06_05500",
      "properties": {
        "state_puma_id": "06_05500",
        "state_name": "California",
        "state_fips": "06",
        "puma_name": "Napa County--Napa, American Canyon & St. Helena Cities PUMA"
      },
      "geometry": {
        "type": "Polygon",
        "coordinates": [
          [
            [-122.646421, 38.598593],
            [-122.628293, 38.623038],
            [-122.627396, 38.667506],
            [-122.46389, 38.705203],
            [-122.402889, 38.772902],
            [-122.412289, 38.785801],
            [-122.397989, 38.804001],
            [-122.379388, 38.802101],
            [-122.373488, 38.817],
            [-122.403886, 38.8556],
            [-122.395056, 38.864245],
            [-122.349968, 38.835756],
            [-122.287998, 38.839931],
            [-122.224206, 38.699984],
            [-122.168301, 38.655296],
            [-122.168349, 38.619297],
            [-122.151468, 38.625249],
            [-122.128987, 38.586993],
            [-122.103281, 38.513348],
            [-122.126389, 38.428918],
            [-122.061379, 38.329611],
            [-122.064779, 38.315912],
            [-122.205982, 38.315713],
            [-122.188381, 38.271614],
            [-122.216482, 38.266015],
            [-122.193281, 38.256415],
            [-122.212481, 38.248715],
            [-122.193374, 38.221215],
            [-122.21508, 38.179717],
            [-122.19538, 38.155017],
            [-122.406786, 38.155632],
            [-122.367561, 38.158792],
            [-122.369048, 38.181777],
            [-122.349564, 38.193972],
            [-122.366787, 38.247015],
            [-122.404592, 38.281423],
            [-122.396336, 38.309179],
            [-122.497191, 38.423811],
            [-122.482991, 38.45271],
            [-122.529592, 38.469609],
            [-122.543893, 38.519966],
            [-122.620846, 38.560317],
            [-122.645063, 38.597769],
            [-122.646421, 38.598593]
          ]
        ]
      }
    },
    {
      "type": "Feature",
      "id": "06_07314",
      "properties": {
        "state_puma_id": "06_07314",
        "state_name": "California",
        "state_fips": "06",
        "puma_name": "San Diego County (Central)--San Diego (East Central/Navajo) & La Mesa Cities PUMA"
      },
      "geometry": {
        "type": "Polygon",
        "coordinates": [
          [
            [-117.120926, 32.841647],
            [-117.051642, 32.853195],
            [-117.053269, 32.887266],
            [-117.070343, 32.887545],
            [-117.057369, 32.902077],
            [-117.109773, 32.894277],
            [-117.055541, 32.929001],
            [-116.980807, 32.942085],
            [-116.984292, 32.899271],
            [-117.038414, 32.834103],
            [-116.972109, 32.766202],
            [-117.050837, 32.742041],
            [-117.040257, 32.771375],
            [-117.112508, 32.778519],
            [-117.121163, 32.838908],
            [-117.120926, 32.841647]
          ]
        ]
      }
    },
    {
      "type": "Feature",
      "id": "06_03774",
      "properties": {
        "state_puma_id": "06_03774",
        "state_name": "California",
        "state_fips": "06",
        "puma_name": "Los Angeles County--Calabasas, Agoura Hills, Malibu & Westlake Village Cities PUMA"
      },
      "geometry": {
        "type": "Polygon",
        "coordinates": [
          [
            [-118.944502, 34.046563],
            [-118.940965, 34.07483],
            [-118.788889, 34.168214],
            [-118.668153, 34.17675],
            [-118.628992, 34.147273],
            [-118.556679, 34.126516],
            [-118.480521, 34.129853],
            [-118.455455, 34.060066],
            [-118.466731, 34.067708],
            [-118.459221, 34.050785],
            [-118.494476, 34.050433],
            [-118.516691930665, 34.0257651615713],
            [-118.566043, 34.04162],
            [-118.742354, 34.03294],
            [-118.806552, 34.000448],
            [-118.854908, 34.034919],
            [-118.944593638436, 34.0458150893772],
            [-118.944502, 34.046563]
          ]
        ]
      }
    },
    {
      "type": "Feature",
      "id": "06_06716",
      "properties": {
        "state_puma_id": "06_06716",
        "state_name": "California",
        "state_fips": "06",
        "puma_name": "Sacramento County (Central)--Elk Grove City (East) PUMA"
      },
      "geometry": {
        "type": "Polygon",
        "coordinates": [
          [
            [-121.418969, 38.474339],
            [-121.33487, 38.481672],
            [-121.3347, 38.452662],
            [-121.353335, 38.452677],
            [-121.334701, 38.399526],
            [-121.362104, 38.376308],
            [-121.417172, 38.470385],
            [-121.418969, 38.474339]
          ]
        ]
      }
    },
    {
      "type": "Feature",
      "id": "06_01310",
      "properties": {
        "state_puma_id": "06_01310",
        "state_name": "California",
        "state_fips": "06",
        "puma_name": "Contra Costa County (Far Northwest)--Richmond (North), Hercules & El Cerrito Cities PUMA"
      },
      "geometry": {
        "type": "Polygon",
        "coordinates": [
          [
            [-122.381622803787, 37.9717758175562],
            [-122.361905, 37.989991],
            [-122.367909, 38.01253],
            [-122.332552, 38.001502],
            [-122.300823, 38.010893],
            [-122.262861, 38.0446],
            [-122.269666188168, 38.0603362895779],
            [-122.200677, 38.057894],
            [-122.167577, 38.036721],
            [-122.194985, 38.036348],
            [-122.177621, 38.015077],
            [-122.253672, 38.014187],
            [-122.23771, 38.005371],
            [-122.249966, 37.992076],
            [-122.204969, 37.964742],
            [-122.230873, 37.97504],
            [-122.270308, 37.956152],
            [-122.254611, 37.920579],
            [-122.279365, 37.919609],
            [-122.267643, 37.904246],
            [-122.288169, 37.897835],
            [-122.32069, 37.919237],
            [-122.314793, 37.964818],
            [-122.343162, 37.972053],
            [-122.338327, 37.981558],
            [-122.381422, 37.971432],
            [-122.381622803787, 37.9717758175562]
          ]
        ]
      }
    },
    {
      "type": "Feature",
      "id": "06_11109",
      "properties": {
        "state_puma_id": "06_11109",
        "state_name": "California",
        "state_fips": "06",
        "puma_name": "Ventura County (South Central)--Camarillo City & Moorpark City (Southwest) PUMA"
      },
      "geometry": {
        "type": "MultiPolygon",
        "coordinates": [
          [
            [
              [-119.189252196891, 34.1392372126139],
              [-119.144108, 34.16544],
              [-119.159771, 34.19701],
              [-119.109727, 34.196673],
              [-119.119938, 34.221917],
              [-119.086576, 34.25247],
              [-118.963413, 34.260861],
              [-118.882088, 34.284853],
              [-118.879351, 34.307813],
              [-118.865938, 34.307862],
              [-118.84011, 34.249935],
              [-118.92973, 34.225806],
              [-119.001656, 34.169099],
              [-118.989841, 34.156311],
              [-118.883958, 34.162153],
              [-118.877978, 34.140982],
              [-118.849577, 34.142713],
              [-118.940965, 34.07483],
              [-118.944593638436, 34.0458150893772],
              [-119.085994, 34.099266],
              [-119.129252, 34.10084],
              [-119.18864, 34.139005],
              [-119.189252196891, 34.1392372126139]
            ]
          ],
          [
            [
              [-119.577271, 33.278582],
              [-119.528778, 33.285417],
              [-119.465429, 33.25925],
              [-119.438882, 33.220095],
              [-119.546212, 33.232561],
              [-119.578843, 33.278193],
              [-119.577271, 33.278582]
            ]
          ]
        ]
      }
    },
    {
      "type": "Feature",
      "id": "06_07101",
      "properties": {
        "state_puma_id": "06_07101",
        "state_name": "California",
        "state_fips": "06",
        "puma_name": "San Bernardino County (Northeast)--Twentynine Palms & Barstow Cities PUMA"
      },
      "geometry": {
        "type": "Polygon",
        "coordinates": [
          [
            [-117.667292, 34.822526],
            [-117.632151, 34.822271],
            [-117.634346, 35.651571],
            [-117.616518, 35.651611],
            [-117.616518, 35.680687],
            [-117.652184, 35.680771],
            [-117.652136, 35.709858],
            [-117.634315, 35.70983],
            [-117.634283, 35.79726],
            [-115.735891, 35.79362],
            [-115.735745, 35.809097],
            [-115.648020311818, 35.8096294219517],
            [-114.633487, 35.001857],
            [-114.634382, 34.87289],
            [-114.586842, 34.835672],
            [-114.552682, 34.766871],
            [-114.470477, 34.711368],
            [-114.458182, 34.657885],
            [-114.424202, 34.610453],
            [-114.436466, 34.5954],
            [-114.380838, 34.529724],
            [-114.386699, 34.457911],
            [-114.335372, 34.450038],
            [-114.226107, 34.365916],
            [-114.176909, 34.349306],
            [-114.138282, 34.30323],
            [-114.131211, 34.26273],
            [-114.164628, 34.258999],
            [-114.229715, 34.186928],
            [-114.411681, 34.110031],
            [-114.435429, 34.079727],
            [-115.316065, 34.077843],
            [-115.316212, 34.03411],
            [-116.719663, 34.033824],
            [-116.717906, 34.134116],
            [-116.682393, 34.148655],
            [-116.682937, 34.177133],
            [-116.647579, 34.178125],
            [-116.647195, 34.235552],
            [-116.664268, 34.235592],
            [-116.664868, 34.279257],
            [-116.682413, 34.279351],
            [-116.682494, 34.293432],
            [-116.718187, 34.293796],
            [-116.735683, 34.322775],
            [-116.77116, 34.322846],
            [-116.788605, 34.355793],
            [-116.854811, 34.359084],
            [-116.858086, 34.443528],
            [-117.051012, 34.450311],
            [-117.125309, 34.473758],
            [-117.155226, 34.500601],
            [-117.171801, 34.645196],
            [-117.20718, 34.645368],
            [-117.206816, 34.659148],
            [-117.31599, 34.569176],
            [-117.352993, 34.608439],
            [-117.361474, 34.659808],
            [-117.342825, 34.724932],
            [-117.352893, 34.731422],
            [-117.613896, 34.719454],
            [-117.614226, 34.733726],
            [-117.667244, 34.734334],
            [-117.667311, 34.790641],
            [-117.667292, 34.822526]
          ]
        ]
      }
    },
    {
      "type": "Feature",
      "id": "06_03733",
      "properties": {
        "state_puma_id": "06_03733",
        "state_name": "California",
        "state_fips": "06",
        "puma_name": "Los Angeles County (Central)--LA City (Central/Koreatown) PUMA"
      },
      "geometry": {
        "type": "Polygon",
        "coordinates": [
          [
            [-118.309148, 34.076247],
            [-118.283044, 34.076126],
            [-118.282294, 34.062865],
            [-118.284128, 34.047283],
            [-118.309033, 34.047192],
            [-118.309133, 34.073044],
            [-118.309148, 34.076247]
          ]
        ]
      }
    },
    {
      "type": "Feature",
      "id": "06_09702",
      "properties": {
        "state_puma_id": "06_09702",
        "state_name": "California",
        "state_fips": "06",
        "puma_name": "Sonoma County (South)--Petaluma, Rohnert Park & Cotati Cities PUMA"
      },
      "geometry": {
        "type": "Polygon",
        "coordinates": [
          [
            [-122.741337, 38.363255],
            [-122.685597, 38.381971],
            [-122.64464, 38.347749],
            [-122.623705, 38.368993],
            [-122.580959, 38.349591],
            [-122.553619, 38.29384],
            [-122.563219, 38.285347],
            [-122.500218, 38.247664],
            [-122.53116, 38.23141],
            [-122.515685, 38.202945],
            [-122.449694, 38.176354],
            [-122.446944, 38.151707],
            [-122.430121, 38.142895],
            [-122.443499, 38.116985],
            [-122.44478, 38.138345],
            [-122.498801216835, 38.111297326741],
            [-122.570732, 38.187142],
            [-122.63387, 38.178451],
            [-122.701038, 38.195984],
            [-122.666975, 38.210826],
            [-122.663739, 38.227355],
            [-122.703334, 38.254419],
            [-122.705652, 38.283662],
            [-122.687676, 38.284421],
            [-122.735458, 38.311763],
            [-122.741347, 38.361328],
            [-122.741337, 38.363255]
          ]
        ]
      }
    },
    {
      "type": "Feature",
      "id": "06_07118",
      "properties": {
        "state_puma_id": "06_07118",
        "state_name": "California",
        "state_fips": "06",
        "puma_name": "San Bernardino County (Southwest)--Ontario City PUMA"
      },
      "geometry": {
        "type": "Polygon",
        "coordinates": [
          [
            [-117.682947, 34.054895],
            [-117.680888, 34.087374],
            [-117.524027, 34.07718],
            [-117.524313, 34.033469],
            [-117.558312, 34.033451],
            [-117.558377, 33.98842],
            [-117.600066, 33.975316],
            [-117.650627, 33.983058],
            [-117.654569, 34.0301],
            [-117.681843, 34.03363],
            [-117.682933, 34.053143],
            [-117.682947, 34.054895]
          ]
        ]
      }
    },
    {
      "type": "Feature",
      "id": "06_00700",
      "properties": {
        "state_puma_id": "06_00700",
        "state_name": "California",
        "state_fips": "06",
        "puma_name": "Butte County--Chico City PUMA"
      },
      "geometry": {
        "type": "Polygon",
        "coordinates": [
          [
            [-122.068744, 39.842222],
            [-122.044865, 39.883771],
            [-121.776224, 39.888858],
            [-121.703241, 39.98423],
            [-121.646032, 39.982527],
            [-121.636174, 40.02581],
            [-121.595647, 40.057714],
            [-121.586407, 40.100522],
            [-121.510559, 40.100515],
            [-121.480954, 40.122366],
            [-121.452898, 40.122125],
            [-121.436886, 40.151905],
            [-121.404509, 40.151648],
            [-121.404855, 40.115545],
            [-121.376489, 40.108626],
            [-121.367142, 40.071888],
            [-121.400353, 40.052095],
            [-121.400338, 40.030523],
            [-121.41948, 40.015766],
            [-121.411001, 39.915091],
            [-121.430012, 39.914833],
            [-121.429957, 39.900313],
            [-121.411, 39.900425],
            [-121.411936, 39.871421],
            [-121.361206, 39.855473],
            [-121.350821, 39.825704],
            [-121.332293, 39.825696],
            [-121.285852, 39.767624],
            [-121.210878, 39.725651],
            [-121.208687, 39.700358],
            [-121.136412, 39.65681],
            [-121.136715, 39.628169],
            [-121.097538, 39.620903],
            [-121.079543, 39.585263],
            [-121.107465, 39.585275],
            [-121.10697, 39.567191],
            [-121.149898, 39.555289],
            [-121.159296, 39.519595],
            [-121.305122, 39.519585],
            [-121.314787, 39.475899],
            [-121.345139, 39.452567],
            [-121.334071, 39.425802],
            [-121.363493, 39.403297],
            [-121.372901, 39.36459],
            [-121.407527, 39.339754],
            [-121.56314, 39.305006],
            [-121.611177, 39.31928],
            [-121.62376, 39.295621],
            [-121.908269, 39.303878],
            [-121.870947, 39.448324],
            [-121.877341, 39.509549],
            [-121.856532, 39.536904],
            [-121.994021, 39.533926],
            [-122.003243, 39.574815],
            [-121.979404, 39.617159],
            [-121.990829, 39.636539],
            [-121.966623, 39.652444],
            [-121.997348, 39.668483],
            [-121.944915, 39.690919],
            [-121.946937, 39.730653],
            [-121.962524, 39.717741],
            [-121.96315, 39.740713],
            [-121.982176, 39.733902],
            [-122.02456, 39.767942],
            [-122.023828, 39.797674],
            [-122.064851, 39.811532],
            [-122.056665, 39.827303],
            [-122.069431, 39.84053],
            [-122.068744, 39.842222]
          ]
        ]
      }
    },
    {
      "type": "Feature",
      "id": "06_03766",
      "properties": {
        "state_puma_id": "06_03766",
        "state_name": "California",
        "state_fips": "06",
        "puma_name": "Los Angeles County (South)--Long Beach City (Southwest & Port) PUMA"
      },
      "geometry": {
        "type": "Polygon",
        "coordinates": [
          [
            [-118.248966, 33.755902],
            [-118.220749, 33.782623],
            [-118.222442, 33.811879],
            [-118.184579, 33.811635],
            [-118.185726, 33.73296],
            [-118.24334956992, 33.7425158771385],
            [-118.248607, 33.755047],
            [-118.248966, 33.755902]
          ]
        ]
      }
    },
    {
      "type": "Feature",
      "id": "06_03703",
      "properties": {
        "state_puma_id": "06_03703",
        "state_name": "California",
        "state_fips": "06",
        "puma_name": "Los Angeles County (North Central)--Lancaster City PUMA"
      },
      "geometry": {
        "type": "Polygon",
        "coordinates": [
          [
            [-118.329637, 34.662693],
            [-118.326281, 34.819726],
            [-118.140075, 34.820851],
            [-118.139434, 34.718665],
            [-118.077145, 34.71899],
            [-118.058872, 34.660616],
            [-118.112256, 34.660466],
            [-118.112327, 34.645937],
            [-118.284104, 34.645376],
            [-118.32708, 34.661262],
            [-118.329637, 34.662693]
          ]
        ]
      }
    },
    {
      "type": "Feature",
      "id": "06_04104",
      "properties": {
        "state_puma_id": "06_04104",
        "state_name": "California",
        "state_fips": "06",
        "puma_name": "Marin County (Southeast)--San Rafael (South), Mill Valley & Sausalito Cities PUMA"
      },
      "geometry": {
        "type": "MultiPolygon",
        "coordinates": [
          [
            [
              [-122.446316, 37.861046],
              [-122.424651, 37.870736],
              [-122.41847, 37.852721],
              [-122.442453, 37.858222],
              [-122.446316, 37.861046]
            ]
          ],
          [
            [
              [-122.618231, 38.011235],
              [-122.597, 38.02918],
              [-122.545127, 37.9881],
              [-122.475109, 38.002268],
              [-122.448413, 37.988313],
              [-122.495553, 37.970523],
              [-122.479512, 37.942526],
              [-122.50506, 37.942788],
              [-122.438268, 37.880974],
              [-122.457999, 37.861769],
              [-122.501019, 37.893662],
              [-122.481348, 37.84419],
              [-122.551207, 37.867332],
              [-122.577022, 37.910021],
              [-122.558195, 37.930345],
              [-122.565963, 37.956076],
              [-122.617173, 37.975806],
              [-122.600819, 37.981358],
              [-122.611896, 37.997418],
              [-122.598094, 37.995089],
              [-122.617233, 38.008163],
              [-122.618231, 38.011235]
            ]
          ]
        ]
      }
    },
    {
      "type": "Feature",
      "id": "06_05302",
      "properties": {
        "state_puma_id": "06_05302",
        "state_name": "California",
        "state_fips": "06",
        "puma_name": "Monterey County (Northeast)--Salinas City PUMA"
      },
      "geometry": {
        "type": "Polygon",
        "coordinates": [
          [
            [-121.751235, 36.674316],
            [-121.718011, 36.714099],
            [-121.740275, 36.745023],
            [-121.657194, 36.734738],
            [-121.667638, 36.789561],
            [-121.631274, 36.819464],
            [-121.630106, 36.857028],
            [-121.504011, 36.757205],
            [-121.481296, 36.765172],
            [-121.45134, 36.724793],
            [-121.483958, 36.714575],
            [-121.469023, 36.685434],
            [-121.415535, 36.673058],
            [-121.406993, 36.656035],
            [-121.45179, 36.653915],
            [-121.508649, 36.620102],
            [-121.53094, 36.62682],
            [-121.557238, 36.60547],
            [-121.545985, 36.595856],
            [-121.579305, 36.579393],
            [-121.560294, 36.598556],
            [-121.581138, 36.61095],
            [-121.628603, 36.602389],
            [-121.672947, 36.630385],
            [-121.709012, 36.625029],
            [-121.720815, 36.631276],
            [-121.709006, 36.641814],
            [-121.756736, 36.666857],
            [-121.751235, 36.674316]
          ]
        ]
      }
    },
    {
      "type": "Feature",
      "id": "06_06501",
      "properties": {
        "state_puma_id": "06_06501",
        "state_name": "California",
        "state_fips": "06",
        "puma_name": "Riverside County (East)--Indio, Coachella, Blythe & La Quinta (East) Cities PUMA"
      },
      "geometry": {
        "type": "Polygon",
        "coordinates": [
          [
            [-116.45829, 33.998747],
            [-116.457775, 34.032881],
            [-115.316212, 34.03411],
            [-115.316065, 34.077843],
            [-114.435429, 34.079727],
            [-114.434949, 34.037784],
            [-114.443821, 34.016176],
            [-114.465867, 34.010987],
            [-114.46012, 33.993888],
            [-114.535478, 33.934651],
            [-114.50792, 33.903807],
            [-114.525872, 33.901008],
            [-114.503887, 33.865754],
            [-114.530607, 33.85544],
            [-114.495719, 33.698454],
            [-114.531523, 33.675108],
            [-114.514057, 33.660179],
            [-114.533194, 33.65166],
            [-114.522071, 33.611277],
            [-114.540617, 33.591412],
            [-114.524599, 33.552231],
            [-114.591554, 33.499443],
            [-114.627125, 33.433554],
            [-116.112623, 33.425932],
            [-116.112628, 33.490018],
            [-116.138796, 33.525291],
            [-116.215566, 33.525855],
            [-116.215732, 33.563617],
            [-116.25031, 33.563297],
            [-116.250317, 33.583682],
            [-116.28494, 33.584027],
            [-116.28502, 33.598136],
            [-116.267954, 33.59812],
            [-116.279817, 33.654908],
            [-116.265012, 33.743778],
            [-116.286382, 33.754314],
            [-116.283313, 33.79543],
            [-116.326801, 33.819022],
            [-116.306636, 33.836099],
            [-116.301807, 33.875564],
            [-116.266566, 33.88928],
            [-116.458531, 33.975299],
            [-116.45829, 33.998747]
          ]
        ]
      }
    },
    {
      "type": "Feature",
      "id": "06_06515",
      "properties": {
        "state_puma_id": "06_06515",
        "state_name": "California",
        "state_fips": "06",
        "puma_name": "Riverside County (Central)--Palm Desert, La Quinta (West) & Desert Hot Springs Cities PUMA"
      },
      "geometry": {
        "type": "Polygon",
        "coordinates": [
          [
            [-116.861353, 33.442457],
            [-116.850631, 33.476734],
            [-116.798049, 33.501399],
            [-116.787997, 33.540916],
            [-116.753342, 33.540733],
            [-116.753302, 33.562526],
            [-116.735986, 33.562627],
            [-116.735979, 33.543337],
            [-116.591443, 33.569562],
            [-116.569579, 33.561243],
            [-116.570279, 33.597538],
            [-116.517843, 33.597742],
            [-116.517938, 33.571029],
            [-116.50425, 33.568595],
            [-116.42745, 33.585386],
            [-116.403967, 33.62517],
            [-116.408109, 33.646418],
            [-116.394825, 33.650735],
            [-116.409306, 33.67188],
            [-116.39121, 33.728743],
            [-116.373777, 33.738278],
            [-116.391198, 33.741245],
            [-116.388176, 33.805296],
            [-116.405757, 33.815729],
            [-116.405691, 33.845375],
            [-116.423521, 33.845297],
            [-116.423737, 33.859378],
            [-116.476052, 33.857238],
            [-116.55601, 33.901449],
            [-116.610299, 33.901905],
            [-116.575145, 34.009133],
            [-116.591476, 34.032618],
            [-116.457775, 34.032881],
            [-116.458531, 33.975299],
            [-116.266566, 33.88928],
            [-116.301807, 33.875564],
            [-116.306636, 33.836099],
            [-116.326801, 33.819022],
            [-116.283313, 33.79543],
            [-116.286382, 33.754314],
            [-116.265012, 33.743778],
            [-116.279817, 33.654908],
            [-116.267954, 33.59812],
            [-116.28502, 33.598136],
            [-116.28494, 33.584027],
            [-116.250317, 33.583682],
            [-116.25031, 33.563297],
            [-116.215732, 33.563617],
            [-116.215566, 33.525855],
            [-116.138796, 33.525291],
            [-116.112628, 33.490018],
            [-116.112623, 33.425932],
            [-116.836747, 33.426865],
            [-116.863429, 33.442199],
            [-116.861353, 33.442457]
          ]
        ]
      }
    },
    {
      "type": "Feature",
      "id": "06_11102",
      "properties": {
        "state_puma_id": "06_11102",
        "state_name": "California",
        "state_fips": "06",
        "puma_name": "Ventura County (Southeast)--Thousand Oaks City PUMA"
      },
      "geometry": {
        "type": "Polygon",
        "coordinates": [
          [
            [-119.001656, 34.169099],
            [-118.92973, 34.225806],
            [-118.865977, 34.237329],
            [-118.865945, 34.249874],
            [-118.82442, 34.250779],
            [-118.830212, 34.228161],
            [-118.757067, 34.211892],
            [-118.675079, 34.235854],
            [-118.633281, 34.268322],
            [-118.632494, 34.240391],
            [-118.667714, 34.240345],
            [-118.668152, 34.168195],
            [-118.788889, 34.168214],
            [-118.856473, 34.126765],
            [-118.849577, 34.142713],
            [-118.877978, 34.140982],
            [-118.883958, 34.162153],
            [-118.989841, 34.156311],
            [-119.001, 34.168749],
            [-119.001656, 34.169099]
          ]
        ]
      }
    },
    {
      "type": "Feature",
      "id": "06_08507",
      "properties": {
        "state_puma_id": "06_08507",
        "state_name": "California",
        "state_fips": "06",
        "puma_name": "Santa Clara County (Southwest)--Cupertino, Saratoga Cities & Los Gatos Town PUMA"
      },
      "geometry": {
        "type": "Polygon",
        "coordinates": [
          [
            [-122.096192, 37.300928],
            [-122.06871, 37.33797],
            [-121.99554, 37.33787],
            [-121.99595, 37.309573],
            [-122.032471, 37.312242],
            [-122.032264, 37.293965],
            [-121.992147, 37.291635],
            [-121.993661, 37.270491],
            [-121.903523, 37.236363],
            [-121.912428, 37.213567],
            [-121.87296, 37.195114],
            [-121.85849, 37.167407],
            [-121.831363, 37.162445],
            [-121.820767, 37.143976],
            [-121.84629, 37.09702],
            [-122.026174, 37.166854],
            [-122.044121, 37.200495],
            [-122.0288, 37.217522],
            [-122.050952, 37.25207],
            [-122.083772, 37.258643],
            [-122.067846, 37.275142],
            [-122.095431, 37.301027],
            [-122.096192, 37.300928]
          ]
        ]
      }
    },
    {
      "type": "Feature",
      "id": "06_03734",
      "properties": {
        "state_puma_id": "06_03734",
        "state_name": "California",
        "state_fips": "06",
        "puma_name": "Los Angeles County--LA City (East Central/Silver Lake, Echo Park & Westlake) PUMA"
      },
      "geometry": {
        "type": "Polygon",
        "coordinates": [
          [
            [-118.29177, 34.10178],
            [-118.252363, 34.117349],
            [-118.224793, 34.071974],
            [-118.235839, 34.079291],
            [-118.284009, 34.037034],
            [-118.280371, 34.092462],
            [-118.291768, 34.101228],
            [-118.29177, 34.10178]
          ]
        ]
      }
    },
    {
      "type": "Feature",
      "id": "06_07108",
      "properties": {
        "state_puma_id": "06_07108",
        "state_name": "California",
        "state_fips": "06",
        "puma_name": "San Bernardino County (Southwest)--San Bernardino City (West) PUMA"
      },
      "geometry": {
        "type": "Polygon",
        "coordinates": [
          [
            [-117.364345, 34.162522],
            [-117.34619, 34.183921],
            [-117.327005, 34.178722],
            [-117.330426, 34.20819],
            [-117.264577, 34.165017],
            [-117.252395, 34.135862],
            [-117.269655, 34.126811],
            [-117.261027, 34.110195],
            [-117.278808, 34.110236],
            [-117.278697, 34.063047],
            [-117.307366, 34.065342],
            [-117.325432, 34.09527],
            [-117.359401, 34.085012],
            [-117.35294, 34.117472],
            [-117.336829, 34.121376],
            [-117.362531, 34.156665],
            [-117.364345, 34.162522]
          ]
        ]
      }
    },
    {
      "type": "Feature",
      "id": "06_06520",
      "properties": {
        "state_puma_id": "06_06520",
        "state_name": "California",
        "state_fips": "06",
        "puma_name": "Riverside County (Northwest)--Riverside City (East) PUMA"
      },
      "geometry": {
        "type": "Polygon",
        "coordinates": [
          [
            [-117.473457, 33.900109],
            [-117.386942, 33.947897],
            [-117.352089, 34.001387],
            [-117.362533, 34.01949],
            [-117.274502, 34.011046],
            [-117.324078, 34.008865],
            [-117.333575, 33.993258],
            [-117.309417, 33.98301],
            [-117.31293, 33.960757],
            [-117.287357, 33.916792],
            [-117.261145, 33.924521],
            [-117.261114, 33.910159],
            [-117.243593, 33.910156],
            [-117.243851, 33.857293],
            [-117.254961, 33.869896],
            [-117.313862, 33.865746],
            [-117.31388, 33.88031],
            [-117.331319, 33.880078],
            [-117.331541, 33.916458],
            [-117.383327, 33.901633],
            [-117.383582, 33.886798],
            [-117.471117, 33.897237],
            [-117.473457, 33.900109]
          ]
        ]
      }
    },
    {
      "type": "Feature",
      "id": "06_03713",
      "properties": {
        "state_puma_id": "06_03713",
        "state_name": "California",
        "state_fips": "06",
        "puma_name": "Los Angeles County (East Central)--Covina & Walnut Cities PUMA"
      },
      "geometry": {
        "type": "Polygon",
        "coordinates": [
          [
            [-117.941596, 34.090086],
            [-117.925363, 34.106965],
            [-117.837653, 34.099423],
            [-117.847491, 34.072305],
            [-117.797202, 34.063958],
            [-117.841704, 34.019436],
            [-117.887681, 34.002874],
            [-117.890166, 34.077182],
            [-117.941853, 34.08716],
            [-117.941596, 34.090086]
          ]
        ]
      }
    },
    {
      "type": "Feature",
      "id": "06_03715",
      "properties": {
        "state_puma_id": "06_03715",
        "state_name": "California",
        "state_fips": "06",
        "puma_name": "Los Angeles County (East Central)--West Covina City PUMA"
      },
      "geometry": {
        "type": "Polygon",
        "coordinates": [
          [
            [-117.963791, 34.052635],
            [-117.950766, 34.091963],
            [-117.890166, 34.077182],
            [-117.887681, 34.002874],
            [-117.923356, 34.012241],
            [-117.925624, 34.048075],
            [-117.961435, 34.050898],
            [-117.963791, 34.052635]
          ]
        ]
      }
    },
    {
      "type": "Feature",
      "id": "06_03711",
      "properties": {
        "state_puma_id": "06_03711",
        "state_name": "California",
        "state_fips": "06",
        "puma_name": "Los Angeles County (East Central)--Glendora, Claremont, San Dimas & La Verne Cities PUMA"
      },
      "geometry": {
        "type": "Polygon",
        "coordinates": [
          [
            [-117.890052, 34.14718],
            [-117.890048, 34.165121],
            [-117.8646, 34.179215],
            [-117.839764, 34.165044],
            [-117.844724, 34.179402],
            [-117.79433, 34.179662],
            [-117.780987, 34.146907],
            [-117.759079, 34.165315],
            [-117.677706, 34.165173],
            [-117.71117, 34.079536],
            [-117.727997, 34.079477],
            [-117.736809, 34.110838],
            [-117.750037, 34.1126],
            [-117.756134, 34.089966],
            [-117.786821, 34.088345],
            [-117.780548, 34.077576],
            [-117.810803, 34.06411],
            [-117.847491, 34.072305],
            [-117.837653, 34.099423],
            [-117.881415, 34.099402],
            [-117.872472, 34.146924],
            [-117.890052, 34.146746],
            [-117.890052, 34.14718]
          ]
        ]
      }
    },
    {
      "type": "Feature",
      "id": "06_07323",
      "properties": {
        "state_puma_id": "06_07323",
        "state_name": "California",
        "state_fips": "06",
        "puma_name": "San Diego County (Northwest)--Vista City PUMA"
      },
      "geometry": {
        "type": "Polygon",
        "coordinates": [
          [
            [-117.284971, 33.207241],
            [-117.259144, 33.220825],
            [-117.281537, 33.24596],
            [-117.230728, 33.267283],
            [-117.156184, 33.252933],
            [-117.125917, 33.19719],
            [-117.177834, 33.182842],
            [-117.231039, 33.130918],
            [-117.284937, 33.204086],
            [-117.284971, 33.207241]
          ]
        ]
      }
    },
    {
      "type": "Feature",
      "id": "06_06715",
      "properties": {
        "state_puma_id": "06_06715",
        "state_name": "California",
        "state_fips": "06",
        "puma_name": "Sacramento County (Central)--Elk Grove City (West) PUMA"
      },
      "geometry": {
        "type": "Polygon",
        "coordinates": [
          [
            [-121.494642, 38.458525],
            [-121.446674, 38.463235],
            [-121.441507, 38.443855],
            [-121.401816, 38.437777],
            [-121.379107, 38.394526],
            [-121.477044, 38.3754],
            [-121.493678, 38.455412],
            [-121.494642, 38.458525]
          ]
        ]
      }
    },
    {
      "type": "Feature",
      "id": "06_07102",
      "properties": {
        "state_puma_id": "06_07102",
        "state_name": "California",
        "state_fips": "06",
        "puma_name": "San Bernardino County (West Central)--Victorville & Adelanto Cities PUMA"
      },
      "geometry": {
        "type": "Polygon",
        "coordinates": [
          [
            [-117.667244, 34.734334],
            [-117.614226, 34.733726],
            [-117.613896, 34.719454],
            [-117.352893, 34.731422],
            [-117.342825, 34.724932],
            [-117.361474, 34.659808],
            [-117.352993, 34.608439],
            [-117.252098, 34.489467],
            [-117.254039, 34.47095],
            [-117.346019, 34.470462],
            [-117.380178, 34.42681],
            [-117.417757, 34.426705],
            [-117.391336, 34.46305],
            [-117.486137, 34.474075],
            [-117.486263, 34.506978],
            [-117.660052, 34.498629],
            [-117.667105, 34.690155],
            [-117.667244, 34.734334]
          ]
        ]
      }
    },
    {
      "type": "Feature",
      "id": "06_06703",
      "properties": {
        "state_puma_id": "06_06703",
        "state_name": "California",
        "state_fips": "06",
        "puma_name": "Sacramento County (North Central)--Arden-Arcade, Carmichael & Fair Oaks (West) PUMA"
      },
      "geometry": {
        "type": "Polygon",
        "coordinates": [
          [
            [-121.38306, 38.614161],
            [-121.382941, 38.637155],
            [-121.335942, 38.660717],
            [-121.244282, 38.664239],
            [-121.242919, 38.645405],
            [-121.243619, 38.633264],
            [-121.302707, 38.625564],
            [-121.331485, 38.596866],
            [-121.329518, 38.579282],
            [-121.364862, 38.569305],
            [-121.382996, 38.574025],
            [-121.383092, 38.610452],
            [-121.38306, 38.614161]
          ]
        ]
      }
    },
    {
      "type": "Feature",
      "id": "06_07316",
      "properties": {
        "state_puma_id": "06_07316",
        "state_name": "California",
        "state_fips": "06",
        "puma_name": "San Diego County (South Central)--San Diego City (Central/Centre City & Balboa Park) PUMA"
      },
      "geometry": {
        "type": "Polygon",
        "coordinates": [
          [
            [-117.239875, 32.695926],
            [-117.227206, 32.724284],
            [-117.173697, 32.729501],
            [-117.189621, 32.758889],
            [-117.131458, 32.770824],
            [-117.111485, 32.731853],
            [-117.123222, 32.690933],
            [-117.110843, 32.682374],
            [-117.137462, 32.678433],
            [-117.199567, 32.716251],
            [-117.223668, 32.705551],
            [-117.236239, 32.671353],
            [-117.239379, 32.690035],
            [-117.239875, 32.695926]
          ]
        ]
      }
    },
    {
      "type": "Feature",
      "id": "06_07514",
      "properties": {
        "state_puma_id": "06_07514",
        "state_name": "California",
        "state_fips": "06",
        "puma_name": "San Francisco County (Northwest)--Western Addition & Marina PUMA"
      },
      "geometry": {
        "type": "Polygon",
        "coordinates": [
          [
            [-122.448481951551, 37.8060237134345],
            [-122.426572291023, 37.8079851640911],
            [-122.419334, 37.77521],
            [-122.443533, 37.766691],
            [-122.44946, 37.802454],
            [-122.448481951551, 37.8060237134345]
          ]
        ]
      }
    },
    {
      "type": "Feature",
      "id": "06_07116",
      "properties": {
        "state_puma_id": "06_07116",
        "state_name": "California",
        "state_fips": "06",
        "puma_name": "San Bernardino County (Southwest)--Colton, Loma Linda & Grand Terrace Cities PUMA"
      },
      "geometry": {
        "type": "Polygon",
        "coordinates": [
          [
            [-117.409548, 34.040598],
            [-117.409508, 34.067841],
            [-117.370313, 34.068956],
            [-117.370338, 34.085039],
            [-117.325432, 34.09527],
            [-117.307366, 34.065342],
            [-117.226384, 34.063074],
            [-117.219778, 34.037514],
            [-117.167821, 34.004213],
            [-117.225372, 34.004314],
            [-117.225373, 34.018715],
            [-117.375416, 34.019399],
            [-117.375278, 34.033875],
            [-117.414178, 34.034306],
            [-117.409548, 34.040598]
          ]
        ]
      }
    },
    {
      "type": "Feature",
      "id": "06_06517",
      "properties": {
        "state_puma_id": "06_06517",
        "state_name": "California",
        "state_fips": "06",
        "puma_name": "Riverside County (Southwest)--Menifee City PUMA"
      },
      "geometry": {
        "type": "Polygon",
        "coordinates": [
          [
            [-117.269207, 33.703882],
            [-117.258165, 33.73253],
            [-117.191265, 33.776289],
            [-117.136442, 33.77209],
            [-117.136495, 33.722412],
            [-117.122937, 33.714234],
            [-117.076393, 33.717409],
            [-117.076144, 33.699905],
            [-117.145231, 33.701348],
            [-117.136842, 33.6415],
            [-117.223518, 33.641493],
            [-117.263812, 33.668435],
            [-117.235596, 33.685032],
            [-117.262506, 33.683724],
            [-117.268899, 33.698547],
            [-117.269207, 33.703882]
          ]
        ]
      }
    },
    {
      "type": "Feature",
      "id": "06_03771",
      "properties": {
        "state_puma_id": "06_03771",
        "state_name": "California",
        "state_fips": "06",
        "puma_name": "Los Angeles County (Northwest)--Santa Clarita City (South) PUMA"
      },
      "geometry": {
        "type": "Polygon",
        "coordinates": [
          [
            [-118.57616, 34.408367],
            [-118.539872, 34.404372],
            [-118.54091, 34.422584],
            [-118.45754, 34.412531],
            [-118.388273, 34.481243],
            [-118.330739, 34.485471],
            [-118.333833, 34.438648],
            [-118.404197, 34.428386],
            [-118.398051, 34.381786],
            [-118.493485, 34.377541],
            [-118.508341, 34.33389],
            [-118.551384, 34.356171],
            [-118.572682, 34.400445],
            [-118.57616, 34.408367]
          ]
        ]
      }
    },
    {
      "type": "Feature",
      "id": "06_02907",
      "properties": {
        "state_puma_id": "06_02907",
        "state_name": "California",
        "state_fips": "06",
        "puma_name": "Kern County (Central)--Bakersfield City (Northwest) & Rosedale PUMA"
      },
      "geometry": {
        "type": "Polygon",
        "coordinates": [
          [
            [-119.252429, 35.304343],
            [-119.251812, 35.441672],
            [-119.084369, 35.441323],
            [-119.030719, 35.395471],
            [-119.065228, 35.367473],
            [-119.167218, 35.344723],
            [-119.252434, 35.303311],
            [-119.252429, 35.304343]
          ]
        ]
      }
    },
    {
      "type": "Feature",
      "id": "06_09705",
      "properties": {
        "state_puma_id": "06_09705",
        "state_name": "California",
        "state_fips": "06",
        "puma_name": "Sonoma County (Central)--Santa Rosa City (West) PUMA"
      },
      "geometry": {
        "type": "Polygon",
        "coordinates": [
          [
            [-122.846016, 38.483031],
            [-122.756431, 38.496173],
            [-122.72688, 38.464346],
            [-122.712846, 38.363174],
            [-122.746101, 38.352363],
            [-122.815271, 38.399303],
            [-122.845684, 38.482174],
            [-122.846016, 38.483031]
          ]
        ]
      }
    },
    {
      "type": "Feature",
      "id": "06_08522",
      "properties": {
        "state_puma_id": "06_08522",
        "state_name": "California",
        "state_fips": "06",
        "puma_name": "Santa Clara County (Northwest)--Mountain View & Los Altos Cities PUMA"
      },
      "geometry": {
        "type": "Polygon",
        "coordinates": [
          [
            [-122.129654, 37.395115],
            [-122.101899, 37.419789],
            [-122.127856, 37.452737],
            [-122.115388465084, 37.4664027296649],
            [-122.059911423613, 37.4473360004136],
            [-122.03531, 37.42645],
            [-122.037361, 37.400906],
            [-122.056931, 37.385452],
            [-122.07321, 37.33345],
            [-122.117674, 37.36554],
            [-122.128415, 37.394864],
            [-122.129654, 37.395115]
          ]
        ]
      }
    },
    {
      "type": "Feature",
      "id": "06_05920",
      "properties": {
        "state_puma_id": "06_05920",
        "state_name": "California",
        "state_fips": "06",
        "puma_name": "Orange County (Central)--Orange & Villa Park Cities PUMA"
      },
      "geometry": {
        "type": "Polygon",
        "coordinates": [
          [
            [-117.885486, 33.788102],
            [-117.864719, 33.833953],
            [-117.834567, 33.848908],
            [-117.835605, 33.834972],
            [-117.795233, 33.835614],
            [-117.797795, 33.81044],
            [-117.77204, 33.81359],
            [-117.75847, 33.783186],
            [-117.770934, 33.757904],
            [-117.80139, 33.77356],
            [-117.867369, 33.771052],
            [-117.885949, 33.788146],
            [-117.885486, 33.788102]
          ]
        ]
      }
    },
    {
      "type": "Feature",
      "id": "06_07325",
      "properties": {
        "state_puma_id": "06_07325",
        "state_name": "California",
        "state_fips": "06",
        "puma_name": "San Diego County (Northwest)--San Marcos & Escondido (West) Cities PUMA"
      },
      "geometry": {
        "type": "Polygon",
        "coordinates": [
          [
            [-117.230166, 33.131134],
            [-117.177834, 33.182842],
            [-117.125917, 33.19719],
            [-117.086679, 33.119047],
            [-117.134842, 33.05946],
            [-117.172356, 33.063637],
            [-117.172693, 33.097603],
            [-117.221885, 33.099933],
            [-117.231039, 33.130918],
            [-117.230166, 33.131134]
          ]
        ]
      }
    },
    {
      "type": "Feature",
      "id": "06_08521",
      "properties": {
        "state_puma_id": "06_08521",
        "state_name": "California",
        "state_fips": "06",
        "puma_name": "Santa Clara County (North)--San Jose City (North Valley/East San Jose) PUMA"
      },
      "geometry": {
        "type": "Polygon",
        "coordinates": [
          [
            [-121.908901, 37.401725],
            [-121.877501, 37.405584],
            [-121.808441, 37.323855],
            [-121.816774, 37.302981],
            [-121.870724, 37.357913],
            [-121.90178, 37.364029],
            [-121.908851, 37.401491],
            [-121.908901, 37.401725]
          ]
        ]
      }
    },
    {
      "type": "Feature",
      "id": "06_00117",
      "properties": {
        "state_puma_id": "06_00117",
        "state_name": "California",
        "state_fips": "06",
        "puma_name": "Alameda County (South)--Newark, Union City (West) & Fremont (West) Cities PUMA"
      },
      "geometry": {
        "type": "Polygon",
        "coordinates": [
          [
            [-122.132079081171, 37.5620777599245],
            [-122.084326, 37.568039],
            [-122.091271, 37.599996],
            [-122.066413, 37.613137],
            [-122.017348, 37.539133],
            [-121.967456, 37.507453],
            [-121.95117, 37.512099],
            [-121.912652, 37.46065],
            [-122.049837, 37.466078],
            [-122.055541, 37.49523],
            [-122.10942, 37.500254],
            [-122.129722484117, 37.5610466361939],
            [-122.132079081171, 37.5620777599245]
          ]
        ]
      }
    },
    {
      "type": "Feature",
      "id": "06_07705",
      "properties": {
        "state_puma_id": "06_07705",
        "state_name": "California",
        "state_fips": "06",
        "puma_name": "San Joaquin County (Central)--Stockton City (North) PUMA"
      },
      "geometry": {
        "type": "Polygon",
        "coordinates": [
          [
            [-121.418808, 38.044184],
            [-121.417815, 38.058382],
            [-121.310519, 38.05758],
            [-121.310375, 38.086519],
            [-121.274929, 38.086548],
            [-121.277076, 38.057552],
            [-121.210218, 38.057801],
            [-121.210359, 38.03734],
            [-121.237141, 38.012866],
            [-121.359213, 37.967607],
            [-121.37289, 37.971222],
            [-121.370553, 38.013832],
            [-121.419736, 38.043993],
            [-121.418808, 38.044184]
          ]
        ]
      }
    },
    {
      "type": "Feature",
      "id": "06_07511",
      "properties": {
        "state_puma_id": "06_07511",
        "state_name": "California",
        "state_fips": "06",
        "puma_name": "San Francisco County (Southwest)--Central & Bernal Heights PUMA"
      },
      "geometry": {
        "type": "Polygon",
        "coordinates": [
          [
            [-122.453902, 37.771054],
            [-122.419334, 37.77521],
            [-122.41587, 37.748267],
            [-122.403784, 37.749433],
            [-122.413493, 37.732864],
            [-122.443744, 37.735739],
            [-122.453352, 37.768246],
            [-122.453902, 37.771054]
          ]
        ]
      }
    },
    {
      "type": "Feature",
      "id": "06_03776",
      "properties": {
        "state_puma_id": "06_03776",
        "state_name": "California",
        "state_fips": "06",
        "puma_name": "Los Angeles County (West Central)--LA City (Central/Westwood & West Los Angeles) PUMA"
      },
      "geometry": {
        "type": "Polygon",
        "coordinates": [
          [
            [-118.470888, 34.041334],
            [-118.459221, 34.050785],
            [-118.468893, 34.065871],
            [-118.455455, 34.060066],
            [-118.466494, 34.072855],
            [-118.422863, 34.079933],
            [-118.414344, 34.064324],
            [-118.439753, 34.039088],
            [-118.429918, 34.026861],
            [-118.443517, 34.016576],
            [-118.470385, 34.040904],
            [-118.470888, 34.041334]
          ]
        ]
      }
    },
    {
      "type": "Feature",
      "id": "06_06518",
      "properties": {
        "state_puma_id": "06_06518",
        "state_name": "California",
        "state_fips": "06",
        "puma_name": "Riverside County (Northwest)--Moreno Valley City (North) PUMA"
      },
      "geometry": {
        "type": "Polygon",
        "coordinates": [
          [
            [-117.333416, 33.993907],
            [-117.324078, 34.008865],
            [-117.276232, 34.007099],
            [-117.283336, 34.018989],
            [-117.225373, 34.018715],
            [-117.225372, 34.004314],
            [-117.150197, 33.980652],
            [-117.099898, 33.937124],
            [-117.178483, 33.939386],
            [-117.17416, 33.917441],
            [-117.270066, 33.927915],
            [-117.31293, 33.960757],
            [-117.309417, 33.98301],
            [-117.333575, 33.993258],
            [-117.333416, 33.993907]
          ]
        ]
      }
    },
    {
      "type": "Feature",
      "id": "06_00115",
      "properties": {
        "state_puma_id": "06_00115",
        "state_name": "California",
        "state_fips": "06",
        "puma_name": "Alameda County (Northwest)--Castro Valley & Ashland PUMA"
      },
      "geometry": {
        "type": "Polygon",
        "coordinates": [
          [
            [-122.179139, 37.805002],
            [-122.157392, 37.817952],
            [-122.140317, 37.804701],
            [-122.045473, 37.798126],
            [-121.997411, 37.76336],
            [-122.011771, 37.747428],
            [-121.971263, 37.729556],
            [-122.001277, 37.703728],
            [-122.059972, 37.69359],
            [-122.103352, 37.666519],
            [-122.130022, 37.685112],
            [-122.121384, 37.717184],
            [-122.104695, 37.714756],
            [-122.127244, 37.729827],
            [-122.116126, 37.750264],
            [-122.143317, 37.793017],
            [-122.179157, 37.804981],
            [-122.179139, 37.805002]
          ]
        ]
      }
    },
    {
      "type": "Feature",
      "id": "06_01904",
      "properties": {
        "state_puma_id": "06_01904",
        "state_name": "California",
        "state_fips": "06",
        "puma_name": "Fresno County (Central)--Fresno City (Southwest) PUMA"
      },
      "geometry": {
        "type": "Polygon",
        "coordinates": [
          [
            [-119.934517, 36.800491],
            [-119.78136, 36.808539],
            [-119.790525, 36.779623],
            [-119.772481, 36.750437],
            [-119.796693, 36.722119],
            [-119.765644, 36.706877],
            [-119.790779, 36.688707],
            [-119.844509, 36.692117],
            [-119.844406, 36.663084],
            [-119.934381, 36.677107],
            [-119.934104, 36.764235],
            [-119.934517, 36.800491]
          ]
        ]
      }
    },
    {
      "type": "Feature",
      "id": "06_04702",
      "properties": {
        "state_puma_id": "06_04702",
        "state_name": "California",
        "state_fips": "06",
        "puma_name": "Merced County (Northeast)--Merced & Atwater Cities PUMA"
      },
      "geometry": {
        "type": "Polygon",
        "coordinates": [
          [
            [-120.681588, 37.518625],
            [-120.38767, 37.633364],
            [-120.279579, 37.457947],
            [-120.283398, 37.424363],
            [-120.220535, 37.341947],
            [-120.251637, 37.327493],
            [-120.251913, 37.287204],
            [-120.288489, 37.287506],
            [-120.288717, 37.250323],
            [-120.379252, 37.251065],
            [-120.375208, 37.225575],
            [-120.437768, 37.274782],
            [-120.523789, 37.273215],
            [-120.523024, 37.302754],
            [-120.669144, 37.302357],
            [-120.673776, 37.426964],
            [-120.608567, 37.454621],
            [-120.677511, 37.51443],
            [-120.681588, 37.518625]
          ]
        ]
      }
    },
    {
      "type": "Feature",
      "id": "06_03725",
      "properties": {
        "state_puma_id": "06_03725",
        "state_name": "California",
        "state_fips": "06",
        "puma_name": "Los Angeles County--LA City (Northwest/Canoga Park, Winnetka & Woodland Hills) PUMA"
      },
      "geometry": {
        "type": "Polygon",
        "coordinates": [
          [
            [-118.668162, 34.184141],
            [-118.666529, 34.207238],
            [-118.562294, 34.220331],
            [-118.553478, 34.181094],
            [-118.570958, 34.187158],
            [-118.565316, 34.130383],
            [-118.628992, 34.147273],
            [-118.668153, 34.17675],
            [-118.668162, 34.184141]
          ]
        ]
      }
    },
    {
      "type": "Feature",
      "id": "06_03748",
      "properties": {
        "state_puma_id": "06_03748",
        "state_name": "California",
        "state_fips": "06",
        "puma_name": "Los Angeles County--LA (Southwest/Marina del Rey & Westchester) & Culver City Cities PUMA"
      },
      "geometry": {
        "type": "Polygon",
        "coordinates": [
          [
            [-118.472606, 33.990058],
            [-118.420624, 33.998655],
            [-118.369577, 34.03508],
            [-118.388007, 33.988911],
            [-118.351049, 34.004693],
            [-118.344324, 33.990743],
            [-118.370341, 33.981636],
            [-118.368375, 33.929021],
            [-118.428775, 33.93097],
            [-118.428429566785, 33.915864250649],
            [-118.475810912423, 33.9879934146726],
            [-118.472606, 33.990058]
          ]
        ]
      }
    },
    {
      "type": "Feature",
      "id": "06_06522",
      "properties": {
        "state_puma_id": "06_06522",
        "state_name": "California",
        "state_fips": "06",
        "puma_name": "Riverside County (West Central)--Corona (Northwest) & Norco Cities PUMA"
      },
      "geometry": {
        "type": "Polygon",
        "coordinates": [
          [
            [-117.672439, 33.870258],
            [-117.563285, 33.946404],
            [-117.529238, 33.957772],
            [-117.512825, 33.943406],
            [-117.501299, 33.894249],
            [-117.547458, 33.881901],
            [-117.536204, 33.844908],
            [-117.64482, 33.859546],
            [-117.650974, 33.878876],
            [-117.67225, 33.870055],
            [-117.672439, 33.870258]
          ]
        ]
      }
    },
    {
      "type": "Feature",
      "id": "06_03719",
      "properties": {
        "state_puma_id": "06_03719",
        "state_name": "California",
        "state_fips": "06",
        "puma_name": "Los Angeles County (Central)--Glendale City PUMA"
      },
      "geometry": {
        "type": "Polygon",
        "coordinates": [
          [
            [-118.304506, 34.164291],
            [-118.279981, 34.190696],
            [-118.292761, 34.221654],
            [-118.266871, 34.221846],
            [-118.25669, 34.26719],
            [-118.238519, 34.267091],
            [-118.248753, 34.222241],
            [-118.188922, 34.178564],
            [-118.181835, 34.149063],
            [-118.226231, 34.149789],
            [-118.254258, 34.118761],
            [-118.276007, 34.153165],
            [-118.307812, 34.16114],
            [-118.304506, 34.164291]
          ]
        ]
      }
    },
    {
      "type": "Feature",
      "id": "06_07510",
      "properties": {
        "state_puma_id": "06_07510",
        "state_name": "California",
        "state_fips": "06",
        "puma_name": "San Francisco County (Southeast)--South of Market & Mission PUMA"
      },
      "geometry": {
        "type": "Polygon",
        "coordinates": [
          [
            [-122.418704, 37.775645],
            [-122.3923178456, 37.7939431836937],
            [-122.382266933583, 37.7531536560241],
            [-122.41587, 37.748267],
            [-122.419334, 37.77521],
            [-122.418704, 37.775645]
          ]
        ]
      }
    },
    {
      "type": "Feature",
      "id": "06_07317",
      "properties": {
        "state_puma_id": "06_07317",
        "state_name": "California",
        "state_fips": "06",
        "puma_name": "San Diego County (South Central)--San Diego City (Central/Mid-City) PUMA"
      },
      "geometry": {
        "type": "Polygon",
        "coordinates": [
          [
            [-117.131458, 32.770824],
            [-117.087933, 32.780609],
            [-117.038992, 32.770355],
            [-117.063705, 32.730226],
            [-117.117821, 32.717199],
            [-117.130432, 32.769274],
            [-117.131458, 32.770824]
          ]
        ]
      }
    },
    {
      "type": "Feature",
      "id": "06_03759",
      "properties": {
        "state_puma_id": "06_03759",
        "state_name": "California",
        "state_fips": "06",
        "puma_name": "Los Angeles County (South Central)--Hawthorne City PUMA"
      },
      "geometry": {
        "type": "Polygon",
        "coordinates": [
          [
            [-118.378701, 33.901905],
            [-118.370035, 33.943104],
            [-118.343902, 33.941833],
            [-118.334741, 33.925425],
            [-118.308935, 33.930902],
            [-118.335174, 33.894663],
            [-118.378721, 33.894646],
            [-118.378701, 33.901905]
          ]
        ]
      }
    },
    {
      "type": "Feature",
      "id": "06_05924",
      "properties": {
        "state_puma_id": "06_05924",
        "state_name": "California",
        "state_fips": "06",
        "puma_name": "Orange County (Central)--Irvine City (South) PUMA"
      },
      "geometry": {
        "type": "Polygon",
        "coordinates": [
          [
            [-117.86163, 33.651407],
            [-117.83602, 33.673775],
            [-117.778042, 33.657588],
            [-117.73582, 33.697041],
            [-117.677852, 33.685236],
            [-117.702876, 33.655286],
            [-117.68582, 33.64696],
            [-117.69971, 33.63218],
            [-117.774352, 33.618393],
            [-117.7775, 33.59998],
            [-117.861548, 33.651174],
            [-117.86163, 33.651407]
          ]
        ]
      }
    },
    {
      "type": "Feature",
      "id": "06_01308",
      "properties": {
        "state_puma_id": "06_01308",
        "state_name": "California",
        "state_fips": "06",
        "puma_name": "Contra Costa County (Northeast)--Antioch City PUMA"
      },
      "geometry": {
        "type": "Polygon",
        "coordinates": [
          [
            [-121.926086, 37.958495],
            [-121.898882, 37.982917],
            [-121.882539, 37.958384],
            [-121.863808, 37.957601],
            [-121.847534, 38.029759],
            [-121.75168, 38.024308],
            [-121.732829, 37.925347],
            [-121.778112, 37.925269],
            [-121.763461, 37.906926],
            [-121.777333, 37.882018],
            [-121.796049, 37.894608],
            [-121.842559, 37.88563],
            [-121.914417, 37.924826],
            [-121.924779, 37.958065],
            [-121.926086, 37.958495]
          ]
        ]
      }
    },
    {
      "type": "Feature",
      "id": "06_00122",
      "properties": {
        "state_puma_id": "06_00122",
        "state_name": "California",
        "state_fips": "06",
        "puma_name": "Alameda County (West)--Hayward City (West) PUMA"
      },
      "geometry": {
        "type": "Polygon",
        "coordinates": [
          [
            [-122.162047022153, 37.6675609423077],
            [-122.129, 37.684386],
            [-122.063341, 37.63434],
            [-122.09676, 37.582982],
            [-122.084326, 37.568039],
            [-122.132079081171, 37.5620777599245],
            [-122.161327300818, 37.6663115507417],
            [-122.162047022153, 37.6675609423077]
          ]
        ]
      }
    },
    {
      "type": "Feature",
      "id": "06_03732",
      "properties": {
        "state_puma_id": "06_03732",
        "state_name": "California",
        "state_fips": "06",
        "puma_name": "Los Angeles County (Central)--LA City (East Central & Hollywood) PUMA"
      },
      "geometry": {
        "type": "Polygon",
        "coordinates": [
          [
            [-118.348439, 34.118866],
            [-118.332501, 34.111001],
            [-118.320486, 34.13149],
            [-118.309409, 34.113008],
            [-118.274237, 34.119931],
            [-118.263534, 34.107933],
            [-118.29177, 34.10178],
            [-118.284399, 34.076717],
            [-118.334724, 34.076197],
            [-118.34749, 34.115999],
            [-118.348439, 34.118866]
          ]
        ]
      }
    },
    {
      "type": "Feature",
      "id": "06_08512",
      "properties": {
        "state_puma_id": "06_08512",
        "state_name": "California",
        "state_fips": "06",
        "puma_name": "Santa Clara County (Central)--San Jose City (Southwest/Almaden Valley) PUMA"
      },
      "geometry": {
        "type": "Polygon",
        "coordinates": [
          [
            [-121.912442, 37.2169],
            [-121.889996, 37.246264],
            [-121.80249, 37.255625],
            [-121.746942, 37.222715],
            [-121.779561, 37.207244],
            [-121.760328, 37.18279],
            [-121.782041, 37.182656],
            [-121.823771, 37.13855],
            [-121.831363, 37.162445],
            [-121.85849, 37.167407],
            [-121.87296, 37.195114],
            [-121.912993, 37.216069],
            [-121.912442, 37.2169]
          ]
        ]
      }
    },
    {
      "type": "Feature",
      "id": "06_03764",
      "properties": {
        "state_puma_id": "06_03764",
        "state_name": "California",
        "state_fips": "06",
        "puma_name": "Los Angeles County (South)--Lakewood, Cerritos, Artesia & Hawaiian Gardens Cities PUMA"
      },
      "geometry": {
        "type": "Polygon",
        "coordinates": [
          [
            [-118.167704, 33.854258],
            [-118.146651, 33.868936],
            [-118.108429, 33.865587],
            [-118.108564, 33.886938],
            [-118.028888, 33.882629],
            [-118.066627, 33.822199],
            [-118.124983, 33.832437],
            [-118.124924, 33.847054],
            [-118.157917, 33.825136],
            [-118.167641, 33.852641],
            [-118.167704, 33.854258]
          ]
        ]
      }
    },
    {
      "type": "Feature",
      "id": "06_11108",
      "properties": {
        "state_puma_id": "06_11108",
        "state_name": "California",
        "state_fips": "06",
        "puma_name": "Ventura County (Southeast)--Simi Valley City PUMA"
      },
      "geometry": {
        "type": "Polygon",
        "coordinates": [
          [
            [-118.865108, 34.287129],
            [-118.813527, 34.286958],
            [-118.766756, 34.31689],
            [-118.768956, 34.339396],
            [-118.739436, 34.334618],
            [-118.767309, 34.357321],
            [-118.756315, 34.373467],
            [-118.711898, 34.354149],
            [-118.672146, 34.362819],
            [-118.636789, 34.291804],
            [-118.633281, 34.268322],
            [-118.675079, 34.235854],
            [-118.757067, 34.211892],
            [-118.830212, 34.228161],
            [-118.82442, 34.250779],
            [-118.84011, 34.249935],
            [-118.864753, 34.285302],
            [-118.865108, 34.287129]
          ]
        ]
      }
    },
    {
      "type": "Feature",
      "id": "06_00114",
      "properties": {
        "state_puma_id": "06_00114",
        "state_name": "California",
        "state_fips": "06",
        "puma_name": "Alameda County (West)--San Leandro, Alameda, Emeryville & Piedmont Cities PUMA"
      },
      "geometry": {
        "type": "MultiPolygon",
        "coordinates": [
          [
            [
              [-122.209726, 37.711087],
              [-122.146051, 37.742802],
              [-122.104695, 37.714756],
              [-122.121384, 37.717184],
              [-122.129, 37.684386],
              [-122.162047022153, 37.6675609423077],
              [-122.20918711247, 37.7100128175236],
              [-122.209726, 37.711087]
            ]
          ],
          [
            [
              [-122.249295, 37.823722],
              [-122.22701, 37.832664],
              [-122.210178, 37.818613],
              [-122.24939, 37.822846],
              [-122.249295, 37.823722]
            ]
          ],
          [
            [
              [-122.3153928764, 37.8384768193697],
              [-122.288739, 37.849991],
              [-122.277873, 37.826951],
              [-122.315913, 37.836812],
              [-122.3153928764, 37.8384768193697]
            ]
          ],
          [
            [
              [-122.333001177211, 37.799054386056],
              [-122.251332, 37.786881],
              [-122.224904, 37.764563],
              [-122.236181, 37.719851],
              [-122.260966, 37.739614],
              [-122.243947, 37.751779],
              [-122.328024583922, 37.7813728248168],
              [-122.331647703951, 37.7964820321382],
              [-122.333001177211, 37.799054386056]
            ]
          ]
        ]
      }
    },
    {
      "type": "Feature",
      "id": "06_08518",
      "properties": {
        "state_puma_id": "06_08518",
        "state_name": "California",
        "state_fips": "06",
        "puma_name": "Santa Clara County (Northwest)--San Jose (Berryessa) & Milpitas Cities PUMA"
      },
      "geometry": {
        "type": "Polygon",
        "coordinates": [
          [
            [-121.923001, 37.455296],
            [-121.855762, 37.484537],
            [-121.84062, 37.44439],
            [-121.819092, 37.437454],
            [-121.85445, 37.420961],
            [-121.846925, 37.399793],
            [-121.862864, 37.38467],
            [-121.877501, 37.405584],
            [-121.908901, 37.401725],
            [-121.922671, 37.453645],
            [-121.923001, 37.455296]
          ]
        ]
      }
    },
    {
      "type": "Feature",
      "id": "06_11302",
      "properties": {
        "state_puma_id": "06_11302",
        "state_name": "California",
        "state_fips": "06",
        "puma_name": "Yolo County (South)--Davis & West Sacramento Cities PUMA"
      },
      "geometry": {
        "type": "Polygon",
        "coordinates": [
          [
            [-121.789186, 38.548227],
            [-121.767932, 38.560902],
            [-121.767282, 38.590228],
            [-121.752236, 38.590115],
            [-121.74299, 38.560683],
            [-121.69886, 38.565026],
            [-121.694449, 38.553073],
            [-121.515766, 38.602704],
            [-121.512618, 38.541666],
            [-121.559036, 38.499592],
            [-121.542717, 38.476447],
            [-121.506085, 38.470948],
            [-121.501257, 38.445572],
            [-121.532696, 38.430788],
            [-121.513097, 38.396934],
            [-121.536913, 38.347785],
            [-121.583954, 38.331652],
            [-121.593273, 38.313089],
            [-121.693697, 38.313732],
            [-121.694677, 38.527054],
            [-121.78935, 38.546714],
            [-121.789186, 38.548227]
          ]
        ]
      }
    },
    {
      "type": "Feature",
      "id": "06_07507",
      "properties": {
        "state_puma_id": "06_07507",
        "state_name": "California",
        "state_fips": "06",
        "puma_name": "San Francisco County (South Central)--Bayview & Hunters Point PUMA"
      },
      "geometry": {
        "type": "Polygon",
        "coordinates": [
          [
            [-122.452665, 37.708806],
            [-122.382266933583, 37.7531536560241],
            [-122.359279, 37.728593],
            [-122.383235, 37.720735],
            [-122.37939, 37.708663],
            [-122.454356, 37.708232],
            [-122.452665, 37.708806]
          ]
        ]
      }
    },
    {
      "type": "Feature",
      "id": "06_07115",
      "properties": {
        "state_puma_id": "06_07115",
        "state_name": "California",
        "state_fips": "06",
        "puma_name": "San Bernardino County (Southwest)--Fontana City (West) PUMA"
      },
      "geometry": {
        "type": "Polygon",
        "coordinates": [
          [
            [-117.524223, 34.048109],
            [-117.514555, 34.120694],
            [-117.478673, 34.150449],
            [-117.488158, 34.179399],
            [-117.479992, 34.168558],
            [-117.446641, 34.179628],
            [-117.459988, 34.134786],
            [-117.453637, 34.067015],
            [-117.506678, 34.062809],
            [-117.506897, 34.04815],
            [-117.435509, 34.04835],
            [-117.433083, 34.034002],
            [-117.524313, 34.033469],
            [-117.524223, 34.048109]
          ]
        ]
      }
    },
    {
      "type": "Feature",
      "id": "06_07110",
      "properties": {
        "state_puma_id": "06_07110",
        "state_name": "California",
        "state_fips": "06",
        "puma_name": "San Bernardino County (Southwest)--Fontana City (East) PUMA"
      },
      "geometry": {
        "type": "Polygon",
        "coordinates": [
          [
            [-117.506872, 34.049837],
            [-117.506678, 34.062809],
            [-117.453637, 34.067015],
            [-117.457897, 34.136288],
            [-117.405378, 34.121345],
            [-117.400826, 34.077709],
            [-117.414178, 34.034306],
            [-117.433083, 34.034002],
            [-117.435509, 34.04835],
            [-117.506897, 34.04815],
            [-117.506872, 34.049837]
          ]
        ]
      }
    },
    {
      "type": "Feature",
      "id": "06_03730",
      "properties": {
        "state_puma_id": "06_03730",
        "state_name": "California",
        "state_fips": "06",
        "puma_name": "Los Angeles County (West Central)--LA City (Central/Hancock Park & Mid-Wilshire) PUMA"
      },
      "geometry": {
        "type": "Polygon",
        "coordinates": [
          [
            [-118.402401, 34.030421],
            [-118.39908, 34.057035],
            [-118.372244, 34.0622],
            [-118.390704, 34.072083],
            [-118.37525, 34.082011],
            [-118.309148, 34.076247],
            [-118.309033, 34.047192],
            [-118.38607, 34.04678],
            [-118.403202, 34.029546],
            [-118.402401, 34.030421]
          ]
        ]
      }
    },
    {
      "type": "Feature",
      "id": "06_08516",
      "properties": {
        "state_puma_id": "06_08516",
        "state_name": "California",
        "state_fips": "06",
        "puma_name": "Santa Clara County (Northwest)--Sunnyvale City PUMA"
      },
      "geometry": {
        "type": "Polygon",
        "coordinates": [
          [
            [-122.063638, 37.346968],
            [-122.046872, 37.403006],
            [-121.986838, 37.412059],
            [-121.99554, 37.33787],
            [-122.065192, 37.34315],
            [-122.063638, 37.346968]
          ]
        ]
      }
    },
    {
      "type": "Feature",
      "id": "06_06713",
      "properties": {
        "state_puma_id": "06_06713",
        "state_name": "California",
        "state_fips": "06",
        "puma_name": "Sacramento County (Central)--Rancho Cordova City PUMA"
      },
      "geometry": {
        "type": "Polygon",
        "coordinates": [
          [
            [-121.382848, 38.566761],
            [-121.329518, 38.579282],
            [-121.331485, 38.596866],
            [-121.294662, 38.630252],
            [-121.285128, 38.620701],
            [-121.262103, 38.63768],
            [-121.196746, 38.64004],
            [-121.269368, 38.605682],
            [-121.250659, 38.559482],
            [-121.292451, 38.535831],
            [-121.321033, 38.541598],
            [-121.318011, 38.563991],
            [-121.336273, 38.56208],
            [-121.334934, 38.529004],
            [-121.370952, 38.538759],
            [-121.382639, 38.564114],
            [-121.382848, 38.566761]
          ]
        ]
      }
    },
    {
      "type": "Feature",
      "id": "06_08702",
      "properties": {
        "state_puma_id": "06_08702",
        "state_name": "California",
        "state_fips": "06",
        "puma_name": "Santa Cruz County (South & Coastal)--Santa Cruz City PUMA"
      },
      "geometry": {
        "type": "Polygon",
        "coordinates": [
          [
            [-122.084299, 36.962692],
            [-122.07309, 37.003248],
            [-122.049674, 37.010849],
            [-122.024471, 36.985866],
            [-121.989464, 36.987548],
            [-121.973002, 37.013261],
            [-121.969553, 36.987595],
            [-121.874113, 36.970701],
            [-121.791946, 36.921285],
            [-121.774694, 36.895102],
            [-121.810551858284, 36.8506482495196],
            [-121.862266, 36.931552],
            [-121.906468, 36.96895],
            [-121.93947, 36.97805],
            [-121.972771, 36.954151],
            [-122.012739, 36.963216],
            [-122.065642, 36.948466],
            [-122.084045, 36.962171],
            [-122.084299, 36.962692]
          ]
        ]
      }
    },
    {
      "type": "Feature",
      "id": "06_00101",
      "properties": {
        "state_puma_id": "06_00101",
        "state_name": "California",
        "state_fips": "06",
        "puma_name": "Alameda County (North)--Berkeley & Albany Cities PUMA"
      },
      "geometry": {
        "type": "Polygon",
        "coordinates": [
          [
            [-122.326912, 37.889647548398],
            [-122.263881, 37.903675],
            [-122.234191, 37.852544],
            [-122.30116157341, 37.8473623994842],
            [-122.326912, 37.888712],
            [-122.326912, 37.889647548398]
          ]
        ]
      }
    },
    {
      "type": "Feature",
      "id": "06_08505",
      "properties": {
        "state_puma_id": "06_08505",
        "state_name": "California",
        "state_fips": "06",
        "puma_name": "Santa Clara County (North Central)--San Jose City (East Central) & Alum Rock PUMA"
      },
      "geometry": {
        "type": "Polygon",
        "coordinates": [
          [
            [-121.861778, 37.38579],
            [-121.846925, 37.399793],
            [-121.85445, 37.420961],
            [-121.808338, 37.434374],
            [-121.733161, 37.333741],
            [-121.808441, 37.323855],
            [-121.862864, 37.38467],
            [-121.861778, 37.38579]
          ]
        ]
      }
    },
    {
      "type": "Feature",
      "id": "06_03714",
      "properties": {
        "state_puma_id": "06_03714",
        "state_name": "California",
        "state_fips": "06",
        "puma_name": "Los Angeles County--Diamond Bar, La Habra Heights (East) Cities & Rowland Heights PUMA"
      },
      "geometry": {
        "type": "Polygon",
        "coordinates": [
          [
            [-117.966449, 33.972578],
            [-117.801631, 34.042876],
            [-117.767654, 34.019386],
            [-117.802539, 33.975551],
            [-117.783252, 33.946261],
            [-117.964777, 33.946054],
            [-117.958797, 33.965774],
            [-117.966449, 33.972578]
          ]
        ]
      }
    },
    {
      "type": "Feature",
      "id": "06_11103",
      "properties": {
        "state_puma_id": "06_11103",
        "state_name": "California",
        "state_fips": "06",
        "puma_name": "Ventura County (Southwest)--Oxnard & Port Hueneme Cities PUMA"
      },
      "geometry": {
        "type": "MultiPolygon",
        "coordinates": [
          [
            [
              [-119.248555549627, 34.1973108645299],
              [-119.194756, 34.197694],
              [-119.194548, 34.219269],
              [-119.22109, 34.22687],
              [-119.189719, 34.242315],
              [-119.111177, 34.209514],
              [-119.109727, 34.196673],
              [-119.159771, 34.19701],
              [-119.144108, 34.16544],
              [-119.189252196891, 34.1392372126139],
              [-119.216441, 34.146105],
              [-119.244451531784, 34.1895775511726],
              [-119.248555549627, 34.1973108645299]
            ]
          ],
          [
            [
              [-119.374486, 34.014151],
              [-119.357658, 34.015985],
              [-119.37407, 34.012817],
              [-119.374486, 34.014151]
            ]
          ],
          [
            [
              [-119.441999, 34.013551],
              [-119.379935, 34.010773],
              [-119.441478, 34.012732],
              [-119.441999, 34.013551]
            ]
          ]
        ]
      }
    },
    {
      "type": "Feature",
      "id": "06_03761",
      "properties": {
        "state_puma_id": "06_03761",
        "state_name": "California",
        "state_fips": "06",
        "puma_name": "Los Angeles County (South Central)--Torrance City PUMA"
      },
      "geometry": {
        "type": "Polygon",
        "coordinates": [
          [
            [-118.378219, 33.854993],
            [-118.313476, 33.887061],
            [-118.30879, 33.802217],
            [-118.327941, 33.806862],
            [-118.326446, 33.789545],
            [-118.374432, 33.815565],
            [-118.37837, 33.854952],
            [-118.378219, 33.854993]
          ]
        ]
      }
    },
    {
      "type": "Feature",
      "id": "06_08301",
      "properties": {
        "state_puma_id": "06_08301",
        "state_name": "California",
        "state_fips": "06",
        "puma_name": "Santa Barbara County (Northwest)--Santa Maria City & Orcutt PUMA"
      },
      "geometry": {
        "type": "Polygon",
        "coordinates": [
          [
            [-120.49159, 34.88753],
            [-120.489615, 34.955352],
            [-120.453616, 34.953359],
            [-120.453289, 34.97515],
            [-120.432905, 34.98513],
            [-120.355343, 34.941265],
            [-120.417581, 34.945724],
            [-120.417486, 34.891132],
            [-120.378366, 34.843996],
            [-120.452446, 34.854358],
            [-120.497448, 34.881416],
            [-120.49159, 34.88753]
          ]
        ]
      }
    },
    {
      "type": "Feature",
      "id": "06_03100",
      "properties": {
        "state_puma_id": "06_03100",
        "state_name": "California",
        "state_fips": "06",
        "puma_name": "Kings County--Hanford City PUMA"
      },
      "geometry": {
        "type": "Polygon",
        "coordinates": [
          [
            [-120.315068, 35.907186],
            [-119.958916, 36.181414],
            [-119.959227, 36.400975],
            [-119.753114, 36.401894],
            [-119.74705, 36.416435],
            [-119.671493, 36.431074],
            [-119.66692, 36.418728],
            [-119.573194, 36.488835],
            [-119.527194, 36.488886],
            [-119.528792, 36.401465],
            [-119.474892, 36.400953],
            [-119.474607, 36.269025],
            [-119.529358, 36.26985],
            [-119.53812, 35.789898],
            [-120.213979, 35.789276],
            [-120.219906, 35.818915],
            [-120.259182, 35.845287],
            [-120.243275, 35.877669],
            [-120.27576, 35.905881],
            [-120.312574, 35.907894],
            [-120.315068, 35.907186]
          ]
        ]
      }
    },
    {
      "type": "Feature",
      "id": "06_01906",
      "properties": {
        "state_puma_id": "06_01906",
        "state_name": "California",
        "state_fips": "06",
        "puma_name": "Fresno County (Central)--Clovis City PUMA"
      },
      "geometry": {
        "type": "Polygon",
        "coordinates": [
          [
            [-119.733319, 36.808538],
            [-119.729793, 36.866803],
            [-119.620657, 36.866386],
            [-119.610392, 36.677639],
            [-119.663824, 36.67807],
            [-119.645883, 36.750246],
            [-119.663944, 36.750291],
            [-119.66405, 36.789335],
            [-119.731664, 36.794214],
            [-119.731778, 36.808532],
            [-119.733319, 36.808538]
          ]
        ]
      }
    },
    {
      "type": "Feature",
      "id": "06_10701",
      "properties": {
        "state_puma_id": "06_10701",
        "state_name": "California",
        "state_fips": "06",
        "puma_name": "Tulare County (Northwest)--Visalia City PUMA"
      },
      "geometry": {
        "type": "Polygon",
        "coordinates": [
          [
            [-119.475454, 36.351179],
            [-119.475033, 36.390478],
            [-119.331474, 36.458004],
            [-119.330777, 36.487122],
            [-119.286301, 36.486688],
            [-119.288297, 36.370952],
            [-119.243074, 36.370937],
            [-119.242797, 36.385316],
            [-119.215648, 36.370533],
            [-119.224684, 36.312457],
            [-119.242606, 36.312587],
            [-119.242959, 36.283709],
            [-119.278655, 36.285598],
            [-119.278489, 36.256765],
            [-119.296308, 36.255842],
            [-119.296615, 36.270264],
            [-119.363926, 36.26656],
            [-119.384755, 36.298172],
            [-119.474367, 36.297889],
            [-119.475405, 36.349086],
            [-119.475454, 36.351179]
          ]
        ]
      }
    },
    {
      "type": "Feature",
      "id": "06_03724",
      "properties": {
        "state_puma_id": "06_03724",
        "state_name": "California",
        "state_fips": "06",
        "puma_name": "Los Angeles County (Northwest)--LA City (Northwest/Encino & Tarzana) PUMA"
      },
      "geometry": {
        "type": "Polygon",
        "coordinates": [
          [
            [-118.570943, 34.180229],
            [-118.553478, 34.181094],
            [-118.562294, 34.220331],
            [-118.483679, 34.221328],
            [-118.490194, 34.186635],
            [-118.474024, 34.186645],
            [-118.469468, 34.160006],
            [-118.483624, 34.16518],
            [-118.480521, 34.129853],
            [-118.556679, 34.126516],
            [-118.571484, 34.177723],
            [-118.570943, 34.180229]
          ]
        ]
      }
    },
    {
      "type": "Feature",
      "id": "06_01301",
      "properties": {
        "state_puma_id": "06_01301",
        "state_name": "California",
        "state_fips": "06",
        "puma_name": "Contra Costa County (Far Southwest)--Richmond (Southwest) & San Pablo Cities PUMA"
      },
      "geometry": {
        "type": "Polygon",
        "coordinates": [
          [
            [-122.42976, 37.965405],
            [-122.402906, 37.954852],
            [-122.401004, 37.968532],
            [-122.356387, 37.967181],
            [-122.338327, 37.981558],
            [-122.343162, 37.972053],
            [-122.314793, 37.964818],
            [-122.323166, 37.930887],
            [-122.301437, 37.89816],
            [-122.364764, 37.917928],
            [-122.363534, 37.905611],
            [-122.390546, 37.90911],
            [-122.430087, 37.963115],
            [-122.42976, 37.965405]
          ]
        ]
      }
    },
    {
      "type": "Feature",
      "id": "06_09902",
      "properties": {
        "state_puma_id": "06_09902",
        "state_name": "California",
        "state_fips": "06",
        "puma_name": "Stanislaus County (Central)--Modesto City (West) PUMA"
      },
      "geometry": {
        "type": "Polygon",
        "coordinates": [
          [
            [-121.07441, 37.699985],
            [-120.994891, 37.711017],
            [-120.993793, 37.652847],
            [-121.009741, 37.645892],
            [-120.975316, 37.621044],
            [-120.993591, 37.594873],
            [-121.05308, 37.606422],
            [-121.068108, 37.681721],
            [-121.054023, 37.682917],
            [-121.069058, 37.695519],
            [-121.07441, 37.699985]
          ]
        ]
      }
    },
    {
      "type": "Feature",
      "id": "06_02904",
      "properties": {
        "state_puma_id": "06_02904",
        "state_name": "California",
        "state_fips": "06",
        "puma_name": "Kern County (Central)--Bakersfield City (Southeast) PUMA"
      },
      "geometry": {
        "type": "Polygon",
        "coordinates": [
          [
            [-119.039754, 35.339474],
            [-119.039682, 35.352556],
            [-118.914185, 35.352142],
            [-118.914302, 35.325259],
            [-118.878597, 35.3254],
            [-118.878125, 35.208877],
            [-119.003148, 35.208553],
            [-119.003082, 35.252279],
            [-119.019247, 35.252199],
            [-119.039794, 35.332219],
            [-119.039754, 35.339474]
          ]
        ]
      }
    },
    {
      "type": "Feature",
      "id": "06_03758",
      "properties": {
        "state_puma_id": "06_03758",
        "state_name": "California",
        "state_fips": "06",
        "puma_name": "Los Angeles County (South Central)--Gardena, Lawndale Cities & West Athens PUMA"
      },
      "geometry": {
        "type": "Polygon",
        "coordinates": [
          [
            [-118.368814, 33.896921],
            [-118.335174, 33.894663],
            [-118.326501, 33.916446],
            [-118.308997, 33.916443],
            [-118.31772, 33.945463],
            [-118.309025, 33.93821],
            [-118.291596, 33.959495],
            [-118.281555, 33.862802],
            [-118.309149, 33.859952],
            [-118.313476, 33.887061],
            [-118.36129, 33.872858],
            [-118.36803, 33.896203],
            [-118.368814, 33.896921]
          ]
        ]
      }
    },
    {
      "type": "Feature",
      "id": "06_07112",
      "properties": {
        "state_puma_id": "06_07112",
        "state_name": "California",
        "state_fips": "06",
        "puma_name": "San Bernardino County (Southwest)--Upland & Montclair Cities PUMA"
      },
      "geometry": {
        "type": "Polygon",
        "coordinates": [
          [
            [-117.724429, 34.045517],
            [-117.677155, 34.167377],
            [-117.636609, 34.165178],
            [-117.620054, 34.1216],
            [-117.628572, 34.092558],
            [-117.680888, 34.087374],
            [-117.680765, 34.048356],
            [-117.724664, 34.044865],
            [-117.724429, 34.045517]
          ]
        ]
      }
    },
    {
      "type": "Feature",
      "id": "06_03747",
      "properties": {
        "state_puma_id": "06_03747",
        "state_name": "California",
        "state_fips": "06",
        "puma_name": "Los Angeles County (Central)--LA City (Central/West Adams & Baldwin Hills) PUMA"
      },
      "geometry": {
        "type": "Polygon",
        "coordinates": [
          [
            [-118.393382, 34.034435],
            [-118.38607, 34.04678],
            [-118.317698, 34.039912],
            [-118.317747, 33.970923],
            [-118.358544, 33.981667],
            [-118.34736, 34.004654],
            [-118.388007, 33.988911],
            [-118.369577, 34.03508],
            [-118.394637, 34.031317],
            [-118.393382, 34.034435]
          ]
        ]
      }
    },
    {
      "type": "Feature",
      "id": "06_03708",
      "properties": {
        "state_puma_id": "06_03708",
        "state_name": "California",
        "state_fips": "06",
        "puma_name": "Los Angeles County (North)--LA City (Northeast/Sunland, Sun Valley & Tujunga) PUMA"
      },
      "geometry": {
        "type": "Polygon",
        "coordinates": [
          [
            [-118.427189, 34.204322],
            [-118.415901, 34.238938],
            [-118.390898, 34.257207],
            [-118.335804, 34.265779],
            [-118.373013, 34.273902],
            [-118.369515, 34.283462],
            [-118.299395, 34.293259],
            [-118.286694, 34.278337],
            [-118.238789, 34.281589],
            [-118.266672, 34.250779],
            [-118.266871, 34.221846],
            [-118.337462, 34.221312],
            [-118.33993, 34.206503],
            [-118.370313, 34.196202],
            [-118.426733, 34.201191],
            [-118.427189, 34.204322]
          ]
        ]
      }
    },
    {
      "type": "Feature",
      "id": "06_05909",
      "properties": {
        "state_puma_id": "06_05909",
        "state_name": "California",
        "state_fips": "06",
        "puma_name": "Orange County (North Central)--Anaheim City (West) PUMA"
      },
      "geometry": {
        "type": "Polygon",
        "coordinates": [
          [
            [-118.0281, 33.81703],
            [-118.01965, 33.8319],
            [-117.993481, 33.832058],
            [-117.97878, 33.858084],
            [-117.894252, 33.796127],
            [-117.975638, 33.803066],
            [-117.975837, 33.817582],
            [-118.02806, 33.80983],
            [-118.0281, 33.81703]
          ]
        ]
      }
    },
    {
      "type": "Feature",
      "id": "06_03731",
      "properties": {
        "state_puma_id": "06_03731",
        "state_name": "California",
        "state_fips": "06",
        "puma_name": "Los Angeles County (Central)--West Hollywood & Beverly Hills Cities PUMA"
      },
      "geometry": {
        "type": "Polygon",
        "coordinates": [
          [
            [-118.427041, 34.090631],
            [-118.400888, 34.093994],
            [-118.373272, 34.131029],
            [-118.347461, 34.120021],
            [-118.343382, 34.094328],
            [-118.344043, 34.080268],
            [-118.39034, 34.076502],
            [-118.372244, 34.0622],
            [-118.406106, 34.052781],
            [-118.427031, 34.089684],
            [-118.427041, 34.090631]
          ]
        ]
      }
    },
    {
      "type": "Feature",
      "id": "06_03738",
      "properties": {
        "state_puma_id": "06_03738",
        "state_name": "California",
        "state_fips": "06",
        "puma_name": "Los Angeles County (Central)--El Monte & South El Monte Cities PUMA"
      },
      "geometry": {
        "type": "Polygon",
        "coordinates": [
          [
            [-118.082044, 34.021471],
            [-118.081949, 34.051719],
            [-118.054952, 34.089779],
            [-117.995093, 34.099719],
            [-118.010079, 34.050922],
            [-118.085787, 34.018785],
            [-118.082044, 34.021471]
          ]
        ]
      }
    },
    {
      "type": "Feature",
      "id": "06_05913",
      "properties": {
        "state_puma_id": "06_05913",
        "state_name": "California",
        "state_fips": "06",
        "puma_name": "Orange County (Northwest)--Garden Grove City (East) PUMA"
      },
      "geometry": {
        "type": "Polygon",
        "coordinates": [
          [
            [-117.99268, 33.773734],
            [-117.984458, 33.802984],
            [-117.941417, 33.803154],
            [-117.8976, 33.792506],
            [-117.889169, 33.77394],
            [-117.90088, 33.759881],
            [-117.937633, 33.759635],
            [-117.93751, 33.74504],
            [-117.992501, 33.772005],
            [-117.99268, 33.773734]
          ]
        ]
      }
    },
    {
      "type": "Feature",
      "id": "06_03720",
      "properties": {
        "state_puma_id": "06_03720",
        "state_name": "California",
        "state_fips": "06",
        "puma_name": "Los Angeles County (Central)--Burbank City PUMA"
      },
      "geometry": {
        "type": "Polygon",
        "coordinates": [
          [
            [-118.370312, 34.201197],
            [-118.33993, 34.206503],
            [-118.337462, 34.221312],
            [-118.292761, 34.221654],
            [-118.279981, 34.190696],
            [-118.307812, 34.16114],
            [-118.276007, 34.153165],
            [-118.252363, 34.117349],
            [-118.309409, 34.113008],
            [-118.320486, 34.13149],
            [-118.334723, 34.111537],
            [-118.370313, 34.196379],
            [-118.370312, 34.201197]
          ]
        ]
      }
    },
    {
      "type": "Feature",
      "id": "06_03736",
      "properties": {
        "state_puma_id": "06_03736",
        "state_name": "California",
        "state_fips": "06",
        "puma_name": "Los Angeles County (Central)--Alhambra & South Pasadena Cities PUMA"
      },
      "geometry": {
        "type": "Polygon",
        "coordinates": [
          [
            [-118.181989, 34.113499],
            [-118.148948, 34.125662],
            [-118.135296, 34.10645],
            [-118.11618, 34.107666],
            [-118.108189, 34.071654],
            [-118.165293, 34.062298],
            [-118.15529, 34.098672],
            [-118.177994, 34.098595],
            [-118.182035, 34.112987],
            [-118.181989, 34.113499]
          ]
        ]
      }
    },
    {
      "type": "Feature",
      "id": "06_03754",
      "properties": {
        "state_puma_id": "06_03754",
        "state_name": "California",
        "state_fips": "06",
        "puma_name": "Los Angeles County (Southeast)--La Mirada & Santa Fe Springs Cities PUMA"
      },
      "geometry": {
        "type": "Polygon",
        "coordinates": [
          [
            [-118.098315, 33.943847],
            [-118.088837, 33.966913],
            [-118.054922, 33.968176],
            [-117.97653, 33.928034],
            [-117.976593, 33.90281],
            [-118.028782, 33.873322],
            [-118.063969, 33.895436],
            [-118.042204, 33.895205],
            [-118.063956, 33.929901],
            [-118.098421, 33.943394],
            [-118.098315, 33.943847]
          ]
        ]
      }
    },
    {
      "type": "Feature",
      "id": "06_03753",
      "properties": {
        "state_puma_id": "06_03753",
        "state_name": "California",
        "state_fips": "06",
        "puma_name": "Los Angeles County (South)--Downey City PUMA"
      },
      "geometry": {
        "type": "Polygon",
        "coordinates": [
          [
            [-118.167796, 33.926095],
            [-118.158604, 33.951894],
            [-118.121284, 33.972968],
            [-118.093369, 33.950362],
            [-118.109848, 33.909815],
            [-118.142932, 33.902467],
            [-118.170424, 33.923608],
            [-118.167796, 33.926095]
          ]
        ]
      }
    },
    {
      "type": "Feature",
      "id": "06_03740",
      "properties": {
        "state_puma_id": "06_03740",
        "state_name": "California",
        "state_fips": "06",
        "puma_name": "Los Angeles County (Central)--Pico Rivera & Montebello Cities PUMA"
      },
      "geometry": {
        "type": "Polygon",
        "coordinates": [
          [
            [-118.143939, 34.026518],
            [-118.107685, 34.026994],
            [-118.098219, 34.04836],
            [-118.073085, 34.030736],
            [-118.085787, 34.018785],
            [-118.054224, 34.022229],
            [-118.09323, 33.950305],
            [-118.134219, 33.985656],
            [-118.126782, 34.013924],
            [-118.145195, 34.02506],
            [-118.143939, 34.026518]
          ]
        ]
      }
    },
    {
      "type": "Feature",
      "id": "06_03743",
      "properties": {
        "state_puma_id": "06_03743",
        "state_name": "California",
        "state_fips": "06",
        "puma_name": "Los Angeles County (Central)--East Los Angeles PUMA"
      },
      "geometry": {
        "type": "Polygon",
        "coordinates": [
          [
            [-118.192625, 34.061762],
            [-118.169259, 34.06229],
            [-118.162088, 34.033342],
            [-118.126782, 34.013924],
            [-118.192231, 34.016546],
            [-118.192611, 34.060034],
            [-118.192625, 34.061762]
          ]
        ]
      }
    },
    {
      "type": "Feature",
      "id": "06_03767",
      "properties": {
        "state_puma_id": "06_03767",
        "state_name": "California",
        "state_fips": "06",
        "puma_name": "Los Angeles County (South)--LA City (South/San Pedro) PUMA"
      },
      "geometry": {
        "type": "Polygon",
        "coordinates": [
          [
            [-118.329635, 33.727493],
            [-118.301, 33.757721],
            [-118.311606, 33.763051],
            [-118.309149, 33.859952],
            [-118.285254, 33.854157],
            [-118.299207, 33.846319],
            [-118.299146, 33.797796],
            [-118.256512, 33.804774],
            [-118.23004, 33.792547],
            [-118.226622, 33.829531],
            [-118.220749, 33.782623],
            [-118.248966, 33.755902],
            [-118.238702, 33.727423],
            [-118.294074, 33.705149],
            [-118.332893576362, 33.7221321552055],
            [-118.329635, 33.727493]
          ]
        ]
      }
    },
    {
      "type": "Feature",
      "id": "06_05908",
      "properties": {
        "state_puma_id": "06_05908",
        "state_name": "California",
        "state_fips": "06",
        "puma_name": "Orange County (Northwest)--Buena Park, Cypress & Seal Beach Cities PUMA"
      },
      "geometry": {
        "type": "Polygon",
        "coordinates": [
          [
            [-118.11442, 33.745176],
            [-118.09197, 33.758472],
            [-118.096705, 33.779085],
            [-118.05892, 33.846196],
            [-117.976629, 33.895561],
            [-117.984803, 33.839468],
            [-118.0281, 33.81703],
            [-118.011064, 33.795625],
            [-118.04151, 33.792119],
            [-118.0417, 33.730025],
            [-118.076544, 33.725495],
            [-118.115411077283, 33.7432945549888],
            [-118.11442, 33.745176]
          ]
        ]
      }
    },
    {
      "type": "Feature",
      "id": "06_07308",
      "properties": {
        "state_puma_id": "06_07308",
        "state_name": "California",
        "state_fips": "06",
        "puma_name": "San Diego County (Central)--San Diego (Northeast/Rancho Bernardo) & Poway Cities PUMA"
      },
      "geometry": {
        "type": "Polygon",
        "coordinates": [
          [
            [-117.11672, 32.912038],
            [-117.083677, 32.983814],
            [-117.071694, 33.055927],
            [-116.983702, 33.066964],
            [-116.952848, 33.01233],
            [-116.979321, 32.989556],
            [-116.956154, 32.940026],
            [-117.001152, 32.944381],
            [-117.109201, 32.894435],
            [-117.116652, 32.903434],
            [-117.11672, 32.912038]
          ]
        ]
      }
    },
    {
      "type": "Feature",
      "id": "06_06705",
      "properties": {
        "state_puma_id": "06_06705",
        "state_name": "California",
        "state_fips": "06",
        "puma_name": "Sacramento County (Northwest)--Sacramento City (Northwest/Natomas) PUMA"
      },
      "geometry": {
        "type": "Polygon",
        "coordinates": [
          [
            [-121.634158, 38.689843],
            [-121.602894, 38.735838],
            [-121.489459, 38.734985],
            [-121.466355, 38.611163],
            [-121.435403, 38.610821],
            [-121.463762, 38.588618],
            [-121.488586, 38.602401],
            [-121.549869, 38.599405],
            [-121.566868, 38.645104],
            [-121.594069, 38.644106],
            [-121.633774, 38.686164],
            [-121.634158, 38.689843]
          ]
        ]
      }
    },
    {
      "type": "Feature",
      "id": "06_03763",
      "properties": {
        "state_puma_id": "06_03763",
        "state_name": "California",
        "state_fips": "06",
        "puma_name": "Los Angeles County (South Central)--Long Beach City (North) PUMA"
      },
      "geometry": {
        "type": "Polygon",
        "coordinates": [
          [
            [-118.224576, 33.824381],
            [-118.207368, 33.826429],
            [-118.208874, 33.881292],
            [-118.151315, 33.881987],
            [-118.146651, 33.868936],
            [-118.167704, 33.854258],
            [-118.164643, 33.820047],
            [-118.221443, 33.811665],
            [-118.224576, 33.824288],
            [-118.224576, 33.824381]
          ]
        ]
      }
    },
    {
      "type": "Feature",
      "id": "06_03778",
      "properties": {
        "state_puma_id": "06_03778",
        "state_name": "California",
        "state_fips": "06",
        "puma_name": "Los Angeles County (Central)--Inglewood City PUMA"
      },
      "geometry": {
        "type": "Polygon",
        "coordinates": [
          [
            [-118.378834, 33.95748],
            [-118.370341, 33.981636],
            [-118.317747, 33.970923],
            [-118.326431, 33.926071],
            [-118.378615, 33.952646],
            [-118.378834, 33.95748]
          ]
        ]
      }
    },
    {
      "type": "Feature",
      "id": "06_00123",
      "properties": {
        "state_puma_id": "06_00123",
        "state_name": "California",
        "state_fips": "06",
        "puma_name": "Alameda County (Northwest)--Oakland City (San Antonio/Fruitvale) PUMA"
      },
      "geometry": {
        "type": "Polygon",
        "coordinates": [
          [
            [-122.262963, 37.791175],
            [-122.246504, 37.809841],
            [-122.203371, 37.796096],
            [-122.194846, 37.787285],
            [-122.224904, 37.764563],
            [-122.268544, 37.787934],
            [-122.262963, 37.791175]
          ]
        ]
      }
    },
    {
      "type": "Feature",
      "id": "06_06524",
      "properties": {
        "state_puma_id": "06_06524",
        "state_name": "California",
        "state_fips": "06",
        "puma_name": "Riverside County (Southwest)--Murrieta & Wildomar Cities PUMA"
      },
      "geometry": {
        "type": "Polygon",
        "coordinates": [
          [
            [-117.364272, 33.505025],
            [-117.342085, 33.560187],
            [-117.294164, 33.617033],
            [-117.280051, 33.614361],
            [-117.254137, 33.661063],
            [-117.223518, 33.641493],
            [-117.083682, 33.639742],
            [-117.083716, 33.583644],
            [-117.118452, 33.583522],
            [-117.110941, 33.55431],
            [-117.184775, 33.526951],
            [-117.199604, 33.540245],
            [-117.22146, 33.505605],
            [-117.283766, 33.462411],
            [-117.370925, 33.490549],
            [-117.364272, 33.505025]
          ]
        ]
      }
    },
    {
      "type": "Feature",
      "id": "06_06514",
      "properties": {
        "state_puma_id": "06_06514",
        "state_name": "California",
        "state_fips": "06",
        "puma_name": "Riverside County (Northwest)--Jurupa Valley & Eastvale Cities PUMA"
      },
      "geometry": {
        "type": "Polygon",
        "coordinates": [
          [
            [-117.676684, 33.888734],
            [-117.654885, 33.888815],
            [-117.655386, 33.925114],
            [-117.610947, 33.925114],
            [-117.610386, 33.971614],
            [-117.558377, 33.98842],
            [-117.558312, 34.033451],
            [-117.375278, 34.033875],
            [-117.368421, 34.018172],
            [-117.401366, 33.977862],
            [-117.449146, 33.965063],
            [-117.51233, 33.971523],
            [-117.583462, 33.936831],
            [-117.644622, 33.883787],
            [-117.672439, 33.870258],
            [-117.675478, 33.888119],
            [-117.676684, 33.888734]
          ]
        ]
      }
    },
    {
      "type": "Feature",
      "id": "06_06525",
      "properties": {
        "state_puma_id": "06_06525",
        "state_name": "California",
        "state_fips": "06",
        "puma_name": "Riverside County (Southwest)--Hemet City & East Hemet PUMA"
      },
      "geometry": {
        "type": "Polygon",
        "coordinates": [
          [
            [-117.145231, 33.701348],
            [-117.076144, 33.699905],
            [-117.076393, 33.717409],
            [-117.136495, 33.722412],
            [-117.136501, 33.743211],
            [-117.032777, 33.743897],
            [-117.024122, 33.780038],
            [-116.963203, 33.780287],
            [-116.963023, 33.75485],
            [-116.901911, 33.762349],
            [-116.841151, 33.739253],
            [-116.841278, 33.686453],
            [-116.858532, 33.686521],
            [-116.858422, 33.621784],
            [-116.89401, 33.632459],
            [-116.932269, 33.610796],
            [-116.94497, 33.664044],
            [-116.97113, 33.672278],
            [-116.971239, 33.685762],
            [-117.00592, 33.685577],
            [-117.016911, 33.677782],
            [-117.009858, 33.641251],
            [-117.0616, 33.628375],
            [-117.136842, 33.6415],
            [-117.145644, 33.699613],
            [-117.145231, 33.701348]
          ]
        ]
      }
    },
    {
      "type": "Feature",
      "id": "06_06521",
      "properties": {
        "state_puma_id": "06_06521",
        "state_name": "California",
        "state_fips": "06",
        "puma_name": "Riverside County (West Central)--Corona City (South), Woodcrest & Home Gardens PUMA"
      },
      "geometry": {
        "type": "Polygon",
        "coordinates": [
          [
            [-117.675053, 33.868725],
            [-117.650974, 33.878876],
            [-117.64482, 33.859546],
            [-117.536204, 33.844908],
            [-117.547458, 33.881901],
            [-117.501299, 33.894249],
            [-117.383582, 33.886798],
            [-117.383327, 33.901633],
            [-117.331541, 33.916458],
            [-117.331319, 33.880078],
            [-117.291933, 33.865923],
            [-117.291984, 33.837178],
            [-117.384597, 33.83372],
            [-117.426778, 33.817426],
            [-117.469092, 33.830721],
            [-117.518402, 33.82096],
            [-117.504056, 33.800257],
            [-117.538203, 33.794618],
            [-117.550725, 33.762318],
            [-117.580136, 33.767988],
            [-117.674555, 33.862134],
            [-117.675053, 33.868725]
          ]
        ]
      }
    },
    {
      "type": "Feature",
      "id": "06_03750",
      "properties": {
        "state_puma_id": "06_03750",
        "state_name": "California",
        "state_fips": "06",
        "puma_name": "Los Angeles County (South Central)--LA City (South Central/Westmont) PUMA"
      },
      "geometry": {
        "type": "Polygon",
        "coordinates": [
          [
            [-118.317757, 33.963648],
            [-118.317069, 34.010832],
            [-118.2809, 34.011085],
            [-118.27936, 33.947215],
            [-118.291771, 33.894202],
            [-118.291596, 33.959495],
            [-118.313387, 33.938214],
            [-118.317761, 33.959972],
            [-118.317757, 33.963648]
          ]
        ]
      }
    },
    {
      "type": "Feature",
      "id": "06_03744",
      "properties": {
        "state_puma_id": "06_03744",
        "state_name": "California",
        "state_fips": "06",
        "puma_name": "Los Angeles County (Central)--LA City (East Central/Central City & Boyle Heights) PUMA"
      },
      "geometry": {
        "type": "Polygon",
        "coordinates": [
          [
            [-118.274493, 34.033482],
            [-118.211445, 34.090835],
            [-118.191291, 34.034417],
            [-118.191416, 34.012859],
            [-118.274373, 34.030777],
            [-118.274493, 34.033482]
          ]
        ]
      }
    },
    {
      "type": "Feature",
      "id": "06_03779",
      "properties": {
        "state_puma_id": "06_03779",
        "state_name": "California",
        "state_fips": "06",
        "puma_name": "Los Angeles County (Southeast)--Long Beach City (East) PUMA"
      },
      "geometry": {
        "type": "Polygon",
        "coordinates": [
          [
            [-118.155444, 33.764124],
            [-118.152404, 33.782586],
            [-118.132555, 33.782587],
            [-118.133917, 33.825055],
            [-118.154103, 33.827552],
            [-118.14243, 33.846694],
            [-118.06317, 33.819681],
            [-118.096705, 33.779085],
            [-118.09197, 33.758472],
            [-118.115411077283, 33.7432945549888],
            [-118.156291951088, 33.7610744706622],
            [-118.155444, 33.764124]
          ]
        ]
      }
    },
    {
      "type": "Feature",
      "id": "06_07329",
      "properties": {
        "state_puma_id": "06_07329",
        "state_name": "California",
        "state_fips": "06",
        "puma_name": "San Diego County (Southwest)--Sweetwater Region--Chula Vista City (East) PUMA"
      },
      "geometry": {
        "type": "Polygon",
        "coordinates": [
          [
            [-117.06144, 32.64802],
            [-117.011361, 32.701378],
            [-117.007761, 32.690927],
            [-116.959368, 32.704812],
            [-116.940591, 32.733375],
            [-116.881555, 32.720963],
            [-116.880769, 32.706564],
            [-116.903667, 32.701574],
            [-116.937622, 32.658688],
            [-116.92731, 32.601932],
            [-116.974284, 32.587117],
            [-117.036136, 32.591155],
            [-117.061163, 32.647819],
            [-117.06144, 32.64802]
          ]
        ]
      }
    },
    {
      "type": "Feature",
      "id": "06_07706",
      "properties": {
        "state_puma_id": "06_07706",
        "state_name": "California",
        "state_fips": "06",
        "puma_name": "San Joaquin County (Central)--Stockton City (South) PUMA"
      },
      "geometry": {
        "type": "Polygon",
        "coordinates": [
          [
            [-121.368712, 37.967449],
            [-121.281607, 37.994453],
            [-121.249877, 37.981955],
            [-121.218561, 37.859874],
            [-121.253546, 37.873674],
            [-121.255478, 37.855592],
            [-121.326543, 37.865217],
            [-121.318654, 37.920353],
            [-121.346079, 37.9427],
            [-121.336758, 37.951622],
            [-121.369096, 37.967092],
            [-121.368712, 37.967449]
          ]
        ]
      }
    },
    {
      "type": "Feature",
      "id": "06_08519",
      "properties": {
        "state_puma_id": "06_08519",
        "state_name": "California",
        "state_fips": "06",
        "puma_name": "Santa Clara County (Central)--San Jose City (North) PUMA"
      },
      "geometry": {
        "type": "Polygon",
        "coordinates": [
          [
            [-122.059911423613, 37.4473360004136],
            [-122.036182, 37.464966],
            [-121.944914, 37.469163],
            [-121.923001, 37.455296],
            [-121.90178, 37.364029],
            [-121.851958, 37.339492],
            [-121.93832, 37.294389],
            [-121.940482, 37.330246],
            [-121.921909, 37.346027],
            [-121.94752, 37.37775],
            [-121.942102, 37.400553],
            [-121.968023, 37.419005],
            [-122.037361, 37.400906],
            [-122.03531, 37.42645],
            [-122.060006, 37.443622],
            [-122.059911423613, 37.4473360004136]
          ]
        ]
      }
    },
    {
      "type": "Feature",
      "id": "06_07327",
      "properties": {
        "state_puma_id": "06_07327",
        "state_name": "California",
        "state_fips": "06",
        "puma_name": "San Diego County (South)--San Diego City (Southeast/Encanto & Skyline) PUMA"
      },
      "geometry": {
        "type": "Polygon",
        "coordinates": [
          [
            [-117.121621, 32.692993],
            [-117.117821, 32.717199],
            [-117.08493, 32.718046],
            [-117.050837, 32.742041],
            [-117.049294, 32.712092],
            [-117.012722, 32.714772],
            [-117.015531, 32.693261],
            [-117.065428, 32.662415],
            [-117.065692, 32.691255],
            [-117.123222, 32.690933],
            [-117.121621, 32.692993]
          ]
        ]
      }
    },
    {
      "type": "Feature",
      "id": "06_05919",
      "properties": {
        "state_puma_id": "06_05919",
        "state_name": "California",
        "state_fips": "06",
        "puma_name": "Orange County (North Central)--Anaheim City (East) PUMA"
      },
      "geometry": {
        "type": "Polygon",
        "coordinates": [
          [
            [-117.976239, 33.857487],
            [-117.875795, 33.849608],
            [-117.848006, 33.868539],
            [-117.830765, 33.858311],
            [-117.753302, 33.876386],
            [-117.735003, 33.853244],
            [-117.768524, 33.828185],
            [-117.856457, 33.843304],
            [-117.888117, 33.773627],
            [-117.931463, 33.832033],
            [-117.976222, 33.855995],
            [-117.976239, 33.857487]
          ]
        ]
      }
    },
    {
      "type": "Feature",
      "id": "06_07508",
      "properties": {
        "state_puma_id": "06_07508",
        "state_name": "California",
        "state_fips": "06",
        "puma_name": "San Francisco County (Northwest)--Richmond, Western Addition & Presidio PUMA"
      },
      "geometry": {
        "type": "MultiPolygon",
        "coordinates": [
          [
            [
              [-122.514483, 37.780829],
              [-122.476785, 37.80944],
              [-122.448481951551, 37.8060237134345],
              [-122.440958, 37.779364],
              [-122.452947, 37.766374],
              [-122.512070759187, 37.7636593024008],
              [-122.514060822742, 37.7778332550994],
              [-122.514483, 37.780829]
            ]
          ],
          [
            [
              [-123.013916, 37.700355],
              [-122.998754, 37.697438],
              [-123.012777, 37.696498],
              [-123.013916, 37.700355]
            ]
          ]
        ]
      }
    },
    {
      "type": "Feature",
      "id": "06_08517",
      "properties": {
        "state_puma_id": "06_08517",
        "state_name": "California",
        "state_fips": "06",
        "puma_name": "Santa Clara County (Northwest)--Santa Clara City PUMA"
      },
      "geometry": {
        "type": "Polygon",
        "coordinates": [
          [
            [-121.99633, 37.35218],
            [-121.986838, 37.412059],
            [-121.968023, 37.419005],
            [-121.942102, 37.400553],
            [-121.94752, 37.37775],
            [-121.921909, 37.346027],
            [-121.940552, 37.32328],
            [-121.995691, 37.32294],
            [-121.9963, 37.35157],
            [-121.99633, 37.35218]
          ]
        ]
      }
    },
    {
      "type": "Feature",
      "id": "06_03781",
      "properties": {
        "state_puma_id": "06_03781",
        "state_name": "California",
        "state_fips": "06",
        "puma_name": "Los Angeles County (Southeast)--Norwalk City PUMA"
      },
      "geometry": {
        "type": "Polygon",
        "coordinates": [
          [
            [-118.111611, 33.922077],
            [-118.098818, 33.944181],
            [-118.063956, 33.929901],
            [-118.042216, 33.898811],
            [-118.063955, 33.902271],
            [-118.055376, 33.887216],
            [-118.095439, 33.878485],
            [-118.111336, 33.91716],
            [-118.111611, 33.922077]
          ]
        ]
      }
    },
    {
      "type": "Feature",
      "id": "06_00113",
      "properties": {
        "state_puma_id": "06_00113",
        "state_name": "California",
        "state_fips": "06",
        "puma_name": "Alameda County (West)--Oakland City (Elmhurst/Central/East Oakland) PUMA"
      },
      "geometry": {
        "type": "Polygon",
        "coordinates": [
          [
            [-122.250214566731, 37.7264034756295],
            [-122.226768, 37.727657],
            [-122.224904, 37.764563],
            [-122.195775, 37.786829],
            [-122.156288, 37.772002],
            [-122.14767, 37.741138],
            [-122.198055, 37.726227],
            [-122.189138, 37.717812],
            [-122.214744, 37.699247],
            [-122.252172, 37.724952],
            [-122.250214566731, 37.7264034756295]
          ]
        ]
      }
    },
    {
      "type": "Feature",
      "id": "06_07117",
      "properties": {
        "state_puma_id": "06_07117",
        "state_name": "California",
        "state_fips": "06",
        "puma_name": "San Bernardino County (Southwest)--Rialto City PUMA"
      },
      "geometry": {
        "type": "Polygon",
        "coordinates": [
          [
            [-117.453708, 34.170803],
            [-117.446682, 34.199565],
            [-117.38357, 34.135922],
            [-117.347943, 34.136018],
            [-117.336829, 34.121376],
            [-117.35294, 34.117472],
            [-117.370313, 34.068956],
            [-117.409508, 34.067841],
            [-117.400961, 34.114035],
            [-117.453545, 34.136494],
            [-117.453709, 34.165014],
            [-117.453708, 34.170803]
          ]
        ]
      }
    },
    {
      "type": "Feature",
      "id": "06_02908",
      "properties": {
        "state_puma_id": "06_02908",
        "state_name": "California",
        "state_fips": "06",
        "puma_name": "Kern County (Central)--Bakersfield City (Southwest) PUMA"
      },
      "geometry": {
        "type": "Polygon",
        "coordinates": [
          [
            [-119.252464, 35.296183],
            [-119.167218, 35.344723],
            [-119.044604, 35.379006],
            [-119.019247, 35.252199],
            [-119.003082, 35.252279],
            [-119.003107, 35.237727],
            [-119.056771, 35.237933],
            [-119.056711, 35.252519],
            [-119.074404, 35.25451],
            [-119.109856, 35.237999],
            [-119.109784, 35.267178],
            [-119.252718, 35.267352],
            [-119.252464, 35.296183]
          ]
        ]
      }
    },
    {
      "type": "Feature",
      "id": "06_03770",
      "properties": {
        "state_puma_id": "06_03770",
        "state_name": "California",
        "state_fips": "06",
        "puma_name": "Los Angeles County (West Central)--LA City (West Los Angeles, Century City & Palms) PUMA"
      },
      "geometry": {
        "type": "Polygon",
        "coordinates": [
          [
            [-118.455995, 34.00999],
            [-118.429918, 34.026861],
            [-118.439753, 34.039088],
            [-118.426992, 34.055631],
            [-118.39908, 34.057096],
            [-118.403202, 34.029546],
            [-118.38776, 34.029064],
            [-118.420052, 33.998965],
            [-118.442457, 33.993599],
            [-118.454787, 34.008271],
            [-118.455995, 34.00999]
          ]
        ]
      }
    },
    {
      "type": "Feature",
      "id": "06_03710",
      "properties": {
        "state_puma_id": "06_03710",
        "state_name": "California",
        "state_fips": "06",
        "puma_name": "Los Angeles County--Baldwin Park, Azusa, Duarte & Irwindale Cities PUMA"
      },
      "geometry": {
        "type": "Polygon",
        "coordinates": [
          [
            [-118.016823, 34.109327],
            [-118.0053, 34.145855],
            [-117.942334, 34.166891],
            [-117.959951, 34.194202],
            [-117.925109, 34.193955],
            [-117.924796, 34.16531],
            [-117.898784, 34.168492],
            [-117.890052, 34.146746],
            [-117.872472, 34.146924],
            [-117.88149, 34.106588],
            [-117.925363, 34.106965],
            [-117.960347, 34.086608],
            [-117.950012, 34.077537],
            [-117.967144, 34.063462],
            [-118.005251, 34.064298],
            [-117.992226, 34.095053],
            [-118.016054, 34.105572],
            [-118.016823, 34.109327]
          ]
        ]
      }
    },
    {
      "type": "Feature",
      "id": "06_05926",
      "properties": {
        "state_puma_id": "06_05926",
        "state_name": "California",
        "state_fips": "06",
        "puma_name": "Orange County (South Central)--Mission Viejo and Laguna Hills Cities PUMA"
      },
      "geometry": {
        "type": "Polygon",
        "coordinates": [
          [
            [-117.7051, 33.5857],
            [-117.65259, 33.65976],
            [-117.61216, 33.65147],
            [-117.658992, 33.533833],
            [-117.67331, 33.53029],
            [-117.67288, 33.55917],
            [-117.70665, 33.58365],
            [-117.7051, 33.5857]
          ]
        ]
      }
    },
    {
      "type": "Feature",
      "id": "06_05928",
      "properties": {
        "state_puma_id": "06_05928",
        "state_name": "California",
        "state_fips": "06",
        "puma_name": "Orange County (Southwest)--San Clemente, Laguna Niguel & San Juan Capistrano Cities PUMA"
      },
      "geometry": {
        "type": "Polygon",
        "coordinates": [
          [
            [-117.74714, 33.511775],
            [-117.740802, 33.537897],
            [-117.7031, 33.57162],
            [-117.67288, 33.55917],
            [-117.65896, 33.50956],
            [-117.618128, 33.49989],
            [-117.609503, 33.483496],
            [-117.573425, 33.483423],
            [-117.595996031481, 33.3877884344227],
            [-117.658067, 33.44955],
            [-117.714617, 33.459914],
            [-117.745334, 33.509385],
            [-117.74714, 33.511775]
          ]
        ]
      }
    },
    {
      "type": "Feature",
      "id": "06_03712",
      "properties": {
        "state_puma_id": "06_03712",
        "state_name": "California",
        "state_fips": "06",
        "puma_name": "Los Angeles County (East Central)--Pomona City PUMA"
      },
      "geometry": {
        "type": "Polygon",
        "coordinates": [
          [
            [-117.826542, 34.041533],
            [-117.780548, 34.077576],
            [-117.786821, 34.088345],
            [-117.756134, 34.089966],
            [-117.756207, 34.110312],
            [-117.736809, 34.110838],
            [-117.727997, 34.079477],
            [-117.71117, 34.079536],
            [-117.730125, 34.021371],
            [-117.828719, 34.037627],
            [-117.826542, 34.041533]
          ]
        ]
      }
    },
    {
      "type": "Feature",
      "id": "06_03735",
      "properties": {
        "state_puma_id": "06_03735",
        "state_name": "California",
        "state_fips": "06",
        "puma_name": "Los Angeles County--LA City (Mount Washington, Highland Park & Glassell Park) PUMA"
      },
      "geometry": {
        "type": "Polygon",
        "coordinates": [
          [
            [-118.254135, 34.11886],
            [-118.226231, 34.149789],
            [-118.183787, 34.14908],
            [-118.177994, 34.098595],
            [-118.15529, 34.098672],
            [-118.165293, 34.062298],
            [-118.207547, 34.065182],
            [-118.211445, 34.090835],
            [-118.226361, 34.082718],
            [-118.252363, 34.117349],
            [-118.254135, 34.11886]
          ]
        ]
      }
    },
    {
      "type": "Feature",
      "id": "06_06707",
      "properties": {
        "state_puma_id": "06_06707",
        "state_name": "California",
        "state_fips": "06",
        "puma_name": "Sacramento County (West)--Sacramento City (Central/Downtown & Midtown) PUMA"
      },
      "geometry": {
        "type": "Polygon",
        "coordinates": [
          [
            [-121.530976, 38.52897],
            [-121.512618, 38.541666],
            [-121.520965, 38.566205],
            [-121.506278, 38.59976],
            [-121.45019, 38.590291],
            [-121.419808, 38.62523],
            [-121.415295, 38.574112],
            [-121.364862, 38.569305],
            [-121.382848, 38.566761],
            [-121.370952, 38.538759],
            [-121.3989, 38.546734],
            [-121.393898, 38.557248],
            [-121.469039, 38.563946],
            [-121.471747, 38.52489],
            [-121.530767, 38.527906],
            [-121.530976, 38.52897]
          ]
        ]
      }
    },
    {
      "type": "Feature",
      "id": "06_03773",
      "properties": {
        "state_puma_id": "06_03773",
        "state_name": "California",
        "state_fips": "06",
        "puma_name": "Los Angeles County (Northwest)--Santa Clarita City (North) PUMA"
      },
      "geometry": {
        "type": "Polygon",
        "coordinates": [
          [
            [-118.61058, 34.450528],
            [-118.581334, 34.447459],
            [-118.551796, 34.503902],
            [-118.537856, 34.503936],
            [-118.53138, 34.48169],
            [-118.511324, 34.496271],
            [-118.475161, 34.48119],
            [-118.466119, 34.495889],
            [-118.440095, 34.495931],
            [-118.440338, 34.481271],
            [-118.388273, 34.481243],
            [-118.45754, 34.412531],
            [-118.54091, 34.422584],
            [-118.539872, 34.404372],
            [-118.57616, 34.408367],
            [-118.613168, 34.449686],
            [-118.61058, 34.450528]
          ]
        ]
      }
    },
    {
      "type": "Feature",
      "id": "06_03762",
      "properties": {
        "state_puma_id": "06_03762",
        "state_name": "California",
        "state_fips": "06",
        "puma_name": "Los Angeles County (South Central)--Carson City PUMA"
      },
      "geometry": {
        "type": "Polygon",
        "coordinates": [
          [
            [-118.299065, 33.818985],
            [-118.282254, 33.9019],
            [-118.26896, 33.901956],
            [-118.265737, 33.873193],
            [-118.235634, 33.8679],
            [-118.233976, 33.846646],
            [-118.205903, 33.846592],
            [-118.207368, 33.826429],
            [-118.226622, 33.829531],
            [-118.23004, 33.792547],
            [-118.256512, 33.804774],
            [-118.299146, 33.797796],
            [-118.299258, 33.813646],
            [-118.299065, 33.818985]
          ]
        ]
      }
    },
    {
      "type": "Feature",
      "id": "06_07111",
      "properties": {
        "state_puma_id": "06_07111",
        "state_name": "California",
        "state_fips": "06",
        "puma_name": "San Bernardino County (Southwest)--Rancho Cucamonga City PUMA"
      },
      "geometry": {
        "type": "Polygon",
        "coordinates": [
          [
            [-117.636429, 34.151006],
            [-117.636609, 34.165178],
            [-117.48823, 34.166639],
            [-117.478673, 34.150449],
            [-117.514555, 34.120694],
            [-117.524027, 34.07718],
            [-117.601107, 34.077552],
            [-117.628575, 34.09215],
            [-117.620054, 34.1216],
            [-117.636916, 34.150577],
            [-117.636429, 34.151006]
          ]
        ]
      }
    },
    {
      "type": "Feature",
      "id": "06_06714",
      "properties": {
        "state_puma_id": "06_06714",
        "state_name": "California",
        "state_fips": "06",
        "puma_name": "Sacramento County--Sacramento City (Southeast/Fruitridge, Avondale & Depot Park) PUMA"
      },
      "geometry": {
        "type": "Polygon",
        "coordinates": [
          [
            [-121.47972, 38.524835],
            [-121.469039, 38.563946],
            [-121.393898, 38.557248],
            [-121.3989, 38.546734],
            [-121.370952, 38.538759],
            [-121.370294, 38.525245],
            [-121.409124, 38.525063],
            [-121.408944, 38.496045],
            [-121.372262, 38.496154],
            [-121.371978, 38.481645],
            [-121.408738, 38.474375],
            [-121.453086, 38.482303],
            [-121.478672, 38.521312],
            [-121.47972, 38.524835]
          ]
        ]
      }
    },
    {
      "type": "Feature",
      "id": "06_05916",
      "properties": {
        "state_puma_id": "06_05916",
        "state_name": "California",
        "state_fips": "06",
        "puma_name": "Orange County (Central)--Santa Ana City (West) PUMA"
      },
      "geometry": {
        "type": "Polygon",
        "coordinates": [
          [
            [-117.946167, 33.744992],
            [-117.937633, 33.759635],
            [-117.90088, 33.759881],
            [-117.881967, 33.784012],
            [-117.870039, 33.771763],
            [-117.884986, 33.761261],
            [-117.88559, 33.69413],
            [-117.930693, 33.701862],
            [-117.915549, 33.73102],
            [-117.94597, 33.7306],
            [-117.946137, 33.74292],
            [-117.946167, 33.744992]
          ]
        ]
      }
    },
    {
      "type": "Feature",
      "id": "06_07105",
      "properties": {
        "state_puma_id": "06_07105",
        "state_name": "California",
        "state_fips": "06",
        "puma_name": "San Bernardino County (Southwest)--Redlands & Yucaipa Cities PUMA"
      },
      "geometry": {
        "type": "Polygon",
        "coordinates": [
          [
            [-117.243973, 34.087712],
            [-117.215289, 34.099231],
            [-117.182399, 34.088687],
            [-117.185106, 34.108252],
            [-117.160741, 34.121095],
            [-117.10363, 34.105669],
            [-117.103611, 34.091116],
            [-117.034747, 34.091975],
            [-117.03491, 34.077493],
            [-116.999549, 34.07733],
            [-116.999528, 34.062768],
            [-116.929369, 34.049671],
            [-116.929537, 34.004914],
            [-117.167821, 34.004213],
            [-117.219778, 34.037514],
            [-117.226384, 34.063074],
            [-117.243693, 34.063053],
            [-117.243747, 34.085869],
            [-117.243973, 34.087712]
          ]
        ]
      }
    },
    {
      "type": "Feature",
      "id": "06_05917",
      "properties": {
        "state_puma_id": "06_05917",
        "state_name": "California",
        "state_fips": "06",
        "puma_name": "Orange County (Central)--Santa Ana City (East) PUMA"
      },
      "geometry": {
        "type": "Polygon",
        "coordinates": [
          [
            [-117.88804, 33.73083],
            [-117.882387, 33.769315],
            [-117.856578, 33.775274],
            [-117.835744, 33.773261],
            [-117.84497, 33.73375],
            [-117.834037, 33.726326],
            [-117.86763, 33.69178],
            [-117.88559, 33.69413],
            [-117.88904, 33.72719],
            [-117.88804, 33.73083]
          ]
        ]
      }
    },
    {
      "type": "Feature",
      "id": "06_08101",
      "properties": {
        "state_puma_id": "06_08101",
        "state_name": "California",
        "state_fips": "06",
        "puma_name": "San Mateo County (North Central)--Daly City, Pacifica Cities & Colma Town PUMA"
      },
      "geometry": {
        "type": "Polygon",
        "coordinates": [
          [
            [-122.520852, 37.594178],
            [-122.496786, 37.612136],
            [-122.502426880724, 37.7081329861058],
            [-122.437356, 37.706222],
            [-122.455864, 37.693765],
            [-122.429383, 37.682133],
            [-122.433481, 37.670243],
            [-122.461806, 37.665697],
            [-122.450394, 37.648505],
            [-122.471864, 37.64914],
            [-122.443921, 37.593616],
            [-122.462785, 37.584837],
            [-122.450871, 37.570543],
            [-122.480068, 37.562139],
            [-122.517187, 37.590637],
            [-122.520852, 37.594178]
          ]
        ]
      }
    },
    {
      "type": "Feature",
      "id": "06_07313",
      "properties": {
        "state_puma_id": "06_07313",
        "state_name": "California",
        "state_fips": "06",
        "puma_name": "San Diego County (Central)--El Cajon & Santee Cities PUMA"
      },
      "geometry": {
        "type": "Polygon",
        "coordinates": [
          [
            [-117.03668, 32.83844],
            [-116.996838, 32.885659],
            [-116.968094, 32.892339],
            [-116.947193, 32.861921],
            [-116.961633, 32.825141],
            [-116.917328, 32.811852],
            [-116.891558, 32.821351],
            [-116.883063, 32.767045],
            [-116.972109, 32.766202],
            [-117.038414, 32.834103],
            [-117.03668, 32.83844]
          ]
        ]
      }
    },
    {
      "type": "Feature",
      "id": "06_03737",
      "properties": {
        "state_puma_id": "06_03737",
        "state_name": "California",
        "state_fips": "06",
        "puma_name": "Los Angeles County (Central)--Monterey Park & Rosemead Cities PUMA"
      },
      "geometry": {
        "type": "Polygon",
        "coordinates": [
          [
            [-118.169216, 34.044852],
            [-118.169259, 34.06229],
            [-118.088907, 34.074853],
            [-118.087262, 34.095017],
            [-118.055768, 34.07245],
            [-118.072927, 34.072266],
            [-118.078154, 34.039419],
            [-118.098219, 34.04836],
            [-118.107685, 34.026994],
            [-118.169594, 34.044197],
            [-118.169216, 34.044852]
          ]
        ]
      }
    },
    {
      "type": "Feature",
      "id": "06_03723",
      "properties": {
        "state_puma_id": "06_03723",
        "state_name": "California",
        "state_fips": "06",
        "puma_name": "Los Angeles County (North)--LA City (North Central/Mission Hills & Panorama City) PUMA"
      },
      "geometry": {
        "type": "Polygon",
        "coordinates": [
          [
            [-118.495575, 34.240663],
            [-118.450016, 34.274057],
            [-118.436174, 34.229656],
            [-118.409744, 34.233398],
            [-118.426702, 34.207345],
            [-118.496129, 34.235714],
            [-118.495575, 34.240663]
          ]
        ]
      }
    },
    {
      "type": "Feature",
      "id": "06_00111",
      "properties": {
        "state_puma_id": "06_00111",
        "state_name": "California",
        "state_fips": "06",
        "puma_name": "Alameda County (Northwest)--Oakland City (Downtown/West Oakland/North Oakland) PUMA"
      },
      "geometry": {
        "type": "Polygon",
        "coordinates": [
          [
            [-122.342253, 37.805558],
            [-122.316108, 37.827338],
            [-122.277873, 37.826951],
            [-122.288739, 37.849991],
            [-122.241914, 37.851909],
            [-122.265631, 37.837636],
            [-122.246504, 37.809841],
            [-122.268544, 37.787934],
            [-122.34151, 37.804158],
            [-122.342253, 37.805558]
          ]
        ]
      }
    },
    {
      "type": "Feature",
      "id": "06_07512",
      "properties": {
        "state_puma_id": "06_07512",
        "state_name": "California",
        "state_fips": "06",
        "puma_name": "San Francisco County (Southwest)--Outer Sunset & Inner Sunset PUMA"
      },
      "geometry": {
        "type": "Polygon",
        "coordinates": [
          [
            [-122.510435, 37.76406],
            [-122.446783, 37.761781],
            [-122.449447, 37.74666],
            [-122.493942, 37.733981],
            [-122.508121548602, 37.7354395332202],
            [-122.512070759187, 37.7636593024008],
            [-122.510435, 37.76406]
          ]
        ]
      }
    },
    {
      "type": "Feature",
      "id": "06_05923",
      "properties": {
        "state_puma_id": "06_05923",
        "state_name": "California",
        "state_fips": "06",
        "puma_name": "Orange County (Central)--Irvine City (Central) PUMA"
      },
      "geometry": {
        "type": "Polygon",
        "coordinates": [
          [
            [-117.83563, 33.678297],
            [-117.786926, 33.730409],
            [-117.740614, 33.71923],
            [-117.750959, 33.707506],
            [-117.73582, 33.697041],
            [-117.778042, 33.657588],
            [-117.83602, 33.673775],
            [-117.83563, 33.678297]
          ]
        ]
      }
    },
    {
      "type": "Feature",
      "id": "06_06511",
      "properties": {
        "state_puma_id": "06_06511",
        "state_name": "California",
        "state_fips": "06",
        "puma_name": "Riverside County (Northwest)--Riverside City (West) PUMA"
      },
      "geometry": {
        "type": "Polygon",
        "coordinates": [
          [
            [-117.528359, 33.958109],
            [-117.505715, 33.973288],
            [-117.461125, 33.964536],
            [-117.404109, 33.976701],
            [-117.362575, 34.019323],
            [-117.352089, 34.001387],
            [-117.379156, 33.957514],
            [-117.473457, 33.900109],
            [-117.467285, 33.885694],
            [-117.510584, 33.901658],
            [-117.511693, 33.941178],
            [-117.529238, 33.957772],
            [-117.528359, 33.958109]
          ]
        ]
      }
    },
    {
      "type": "Feature",
      "id": "06_03751",
      "properties": {
        "state_puma_id": "06_03751",
        "state_name": "California",
        "state_fips": "06",
        "puma_name": "Los Angeles County (South Central)--LA City (South Central/Watts) PUMA"
      },
      "geometry": {
        "type": "Polygon",
        "coordinates": [
          [
            [-118.281193, 33.92372],
            [-118.28039, 33.989154],
            [-118.256436, 33.989317],
            [-118.25364, 33.943277],
            [-118.24421, 33.95427],
            [-118.227476, 33.943091],
            [-118.230324, 33.929001],
            [-118.281254, 33.923199],
            [-118.281193, 33.92372]
          ]
        ]
      }
    },
    {
      "type": "Feature",
      "id": "06_06516",
      "properties": {
        "state_puma_id": "06_06516",
        "state_name": "California",
        "state_fips": "06",
        "puma_name": "Riverside County (Southwest)--Lake Elsinore & Canyon Lake Cities PUMA"
      },
      "geometry": {
        "type": "Polygon",
        "coordinates": [
          [
            [-117.51021, 33.533999],
            [-117.413899, 33.657653],
            [-117.459817, 33.691714],
            [-117.432639, 33.741184],
            [-117.372006, 33.725588],
            [-117.35807, 33.707118],
            [-117.333851, 33.719227],
            [-117.345197, 33.791912],
            [-117.295979, 33.779065],
            [-117.292885, 33.762372],
            [-117.254009, 33.76481],
            [-117.25393, 33.742961],
            [-117.281067, 33.743001],
            [-117.29208, 33.710283],
            [-117.262031, 33.697459],
            [-117.262506, 33.683724],
            [-117.234955, 33.68089],
            [-117.263812, 33.668435],
            [-117.262443, 33.641561],
            [-117.342085, 33.560187],
            [-117.364272, 33.505025],
            [-117.509722, 33.505019],
            [-117.510004, 33.523129],
            [-117.51021, 33.533999]
          ]
        ]
      }
    },
    {
      "type": "Feature",
      "id": "06_00118",
      "properties": {
        "state_puma_id": "06_00118",
        "state_name": "California",
        "state_fips": "06",
        "puma_name": "Alameda County (South)--Fremont (Northeast) & Union City (East) Cities PUMA"
      },
      "geometry": {
        "type": "Polygon",
        "coordinates": [
          [
            [-122.06566, 37.605143],
            [-122.020037, 37.606243],
            [-122.030028, 37.628855],
            [-121.9689, 37.643085],
            [-121.943857, 37.626413],
            [-121.947011, 37.597896],
            [-121.92604, 37.579789],
            [-122.00236, 37.529774],
            [-122.061052, 37.598688],
            [-122.06566, 37.605143]
          ]
        ]
      }
    },
    {
      "type": "Feature",
      "id": "06_03746",
      "properties": {
        "state_puma_id": "06_03746",
        "state_name": "California",
        "state_fips": "06",
        "puma_name": "Los Angeles County--LA City (Central/Univ. of Southern California & Exposition Park) PUMA"
      },
      "geometry": {
        "type": "Polygon",
        "coordinates": [
          [
            [-118.317693, 34.01888],
            [-118.317588, 34.047171],
            [-118.284128, 34.047283],
            [-118.282733, 34.011143],
            [-118.318236, 34.018274],
            [-118.317693, 34.01888]
          ]
        ]
      }
    },
    {
      "type": "Feature",
      "id": "06_08511",
      "properties": {
        "state_puma_id": "06_08511",
        "state_name": "California",
        "state_fips": "06",
        "puma_name": "Santa Clara County (Central)--San Jose City (South Central/Branham) & Cambrian Park PUMA"
      },
      "geometry": {
        "type": "Polygon",
        "coordinates": [
          [
            [-121.955344, 37.256264],
            [-121.94724, 37.27076],
            [-121.922321, 37.261749],
            [-121.837354, 37.27989],
            [-121.804024, 37.251476],
            [-121.922611, 37.236187],
            [-121.95568, 37.2558],
            [-121.955344, 37.256264]
          ]
        ]
      }
    },
    {
      "type": "Feature",
      "id": "06_01313",
      "properties": {
        "state_puma_id": "06_01313",
        "state_name": "California",
        "state_fips": "06",
        "puma_name": "Contra Costa County (Central)--Concord (South), Walnut Creek (East) & Clayton Cities PUMA"
      },
      "geometry": {
        "type": "Polygon",
        "coordinates": [
          [
            [-122.070878, 37.898116],
            [-122.05429, 37.953663],
            [-122.030172, 37.962521],
            [-122.025327, 38.002871],
            [-122.015534, 37.983335],
            [-122.00317, 37.992452],
            [-121.946022, 37.959772],
            [-121.910579, 37.974907],
            [-121.926086, 37.958495],
            [-121.914417, 37.924826],
            [-121.876468, 37.908564],
            [-121.866544, 37.883522],
            [-121.910887, 37.857475],
            [-121.895966, 37.83823],
            [-121.949831, 37.844115],
            [-121.95192, 37.831928],
            [-122.000763, 37.829746],
            [-122.070653, 37.896559],
            [-122.070878, 37.898116]
          ]
        ]
      }
    },
    {
      "type": "Feature",
      "id": "06_00121",
      "properties": {
        "state_puma_id": "06_00121",
        "state_name": "California",
        "state_fips": "06",
        "puma_name": "Alameda County (South)--Fremont City (Southeast) PUMA"
      },
      "geometry": {
        "type": "Polygon",
        "coordinates": [
          [
            [-122.001739, 37.530865],
            [-121.957967, 37.568677],
            [-121.927619, 37.571479],
            [-121.878148, 37.530239],
            [-121.870115, 37.480729],
            [-121.912652, 37.46065],
            [-121.95117, 37.512099],
            [-122.00236, 37.529774],
            [-122.001739, 37.530865]
          ]
        ]
      }
    },
    {
      "type": "Feature",
      "id": "06_05922",
      "properties": {
        "state_puma_id": "06_05922",
        "state_name": "California",
        "state_fips": "06",
        "puma_name": "Orange County (Central)--Irvine (Northwest) & Tustin Cities PUMA"
      },
      "geometry": {
        "type": "Polygon",
        "coordinates": [
          [
            [-117.88606, 33.6734],
            [-117.834037, 33.726326],
            [-117.84497, 33.73375],
            [-117.835744, 33.773261],
            [-117.770934, 33.757904],
            [-117.75851, 33.78217],
            [-117.767513, 33.747677],
            [-117.84748, 33.653699],
            [-117.88794, 33.67191],
            [-117.88606, 33.6734]
          ]
        ]
      }
    },
    {
      "type": "Feature",
      "id": "06_07119",
      "properties": {
        "state_puma_id": "06_07119",
        "state_name": "California",
        "state_fips": "06",
        "puma_name": "San Bernardino County (Southwest)--Chino & Chino Hills Cities PUMA"
      },
      "geometry": {
        "type": "Polygon",
        "coordinates": [
          [
            [-117.802539, 33.975551],
            [-117.78517, 34.004625],
            [-117.767525, 34.004695],
            [-117.767657, 34.023508],
            [-117.735846, 34.018554],
            [-117.724664, 34.044865],
            [-117.680765, 34.048356],
            [-117.681843, 34.03363],
            [-117.654569, 34.0301],
            [-117.650627, 33.983058],
            [-117.600066, 33.975316],
            [-117.610947, 33.925114],
            [-117.655386, 33.925114],
            [-117.654885, 33.888815],
            [-117.676684, 33.888734],
            [-117.673019, 33.871039],
            [-117.802445, 33.968308],
            [-117.802539, 33.975551]
          ]
        ]
      }
    },
    {
      "type": "Feature",
      "id": "06_03728",
      "properties": {
        "state_puma_id": "06_03728",
        "state_name": "California",
        "state_fips": "06",
        "puma_name": "Los Angeles County (Southwest)--Santa Monica City PUMA"
      },
      "geometry": {
        "type": "Polygon",
        "coordinates": [
          [
            [-118.512324, 34.030194],
            [-118.494476, 34.050433],
            [-118.477869, 34.046379],
            [-118.443517, 34.016576],
            [-118.451072, 34.003409],
            [-118.475810912423, 33.9879934146726],
            [-118.516691930665, 34.0257651615713],
            [-118.512324, 34.030194]
          ]
        ]
      }
    },
    {
      "type": "Feature",
      "id": "06_03707",
      "properties": {
        "state_puma_id": "06_03707",
        "state_name": "California",
        "state_fips": "06",
        "puma_name": "Los Angeles County--LA (North Central/Arleta & Pacoima) & San Fernando Cities PUMA"
      },
      "geometry": {
        "type": "Polygon",
        "coordinates": [
          [
            [-118.456008, 34.284903],
            [-118.432863, 34.304425],
            [-118.41122, 34.300724],
            [-118.427822, 34.315448],
            [-118.413579, 34.329881],
            [-118.39653, 34.317419],
            [-118.40749, 34.287184],
            [-118.362734, 34.300074],
            [-118.373013, 34.273902],
            [-118.335804, 34.265779],
            [-118.390898, 34.257207],
            [-118.432899, 34.226535],
            [-118.453675, 34.282703],
            [-118.456008, 34.284903]
          ]
        ]
      }
    },
    {
      "type": "Feature",
      "id": "06_07322",
      "properties": {
        "state_puma_id": "06_07322",
        "state_name": "California",
        "state_fips": "06",
        "puma_name": "San Diego County (South)--San Diego City (South/Otay Mesa & South Bay) PUMA"
      },
      "geometry": {
        "type": "Polygon",
        "coordinates": [
          [
            [-117.132494, 32.576547],
            [-117.114615, 32.593115],
            [-117.120062, 32.606893],
            [-117.101562, 32.61207],
            [-117.108462, 32.603854],
            [-117.090122, 32.604378],
            [-117.088059, 32.589501],
            [-116.935953, 32.599246],
            [-116.853117381005, 32.5577888356845],
            [-117.123668, 32.534435],
            [-117.133064, 32.566786],
            [-117.132494, 32.576547]
          ]
        ]
      }
    },
    {
      "type": "Feature",
      "id": "06_07301",
      "properties": {
        "state_puma_id": "06_07301",
        "state_name": "California",
        "state_fips": "06",
        "puma_name": "San Diego County (Northwest)--Oceanside City & Camp Pendleton PUMA"
      },
      "geometry": {
        "type": "Polygon",
        "coordinates": [
          [
            [-117.595891, 33.388162],
            [-117.57848, 33.453927],
            [-117.508614, 33.469614],
            [-117.487673, 33.503344],
            [-117.475359, 33.470969],
            [-117.363525, 33.44468],
            [-117.363418, 33.430152],
            [-117.335025, 33.430672],
            [-117.339376, 33.420117],
            [-117.313489, 33.407856],
            [-117.295261, 33.417839],
            [-117.255252, 33.406456],
            [-117.26208, 33.358293],
            [-117.249243, 33.328929],
            [-117.26008, 33.321853],
            [-117.249204, 33.321834],
            [-117.236397, 33.259666],
            [-117.281537, 33.24596],
            [-117.259144, 33.220825],
            [-117.284971, 33.207241],
            [-117.27956, 33.187829],
            [-117.344101, 33.179824],
            [-117.358657442721, 33.1646150381861],
            [-117.505919, 33.333253],
            [-117.595996031481, 33.3877884344227],
            [-117.595891, 33.388162]
          ]
        ]
      }
    },
    {
      "type": "Feature",
      "id": "06_07315",
      "properties": {
        "state_puma_id": "06_07315",
        "state_name": "California",
        "state_fips": "06",
        "puma_name": "San Diego County (West Central)--San Diego City (Central/Clairemont & Kearny Mesa) PUMA"
      },
      "geometry": {
        "type": "Polygon",
        "coordinates": [
          [
            [-117.233339, 32.838276],
            [-117.120926, 32.841647],
            [-117.111908, 32.776218],
            [-117.204107, 32.759503],
            [-117.235218, 32.838635],
            [-117.233339, 32.838276]
          ]
        ]
      }
    },
    {
      "type": "Feature",
      "id": "06_08105",
      "properties": {
        "state_puma_id": "06_08105",
        "state_name": "California",
        "state_fips": "06",
        "puma_name": "San Mateo County (East Central)--Redwood City, San Carlos & Belmont Cities PUMA"
      },
      "geometry": {
        "type": "Polygon",
        "coordinates": [
          [
            [-122.339108, 37.507082],
            [-122.261373, 37.533401],
            [-122.243962966831, 37.5537296247832],
            [-122.196593, 37.537196],
            [-122.16422290419, 37.5016378960405],
            [-122.182876, 37.483998],
            [-122.213408, 37.485225],
            [-122.231608, 37.448758],
            [-122.263861, 37.448108],
            [-122.260278, 37.477272],
            [-122.292403, 37.468454],
            [-122.300205, 37.49122],
            [-122.338787, 37.506908],
            [-122.339108, 37.507082]
          ]
        ]
      }
    },
    {
      "type": "Feature",
      "id": "06_01902",
      "properties": {
        "state_puma_id": "06_01902",
        "state_name": "California",
        "state_fips": "06",
        "puma_name": "Fresno County (North Central)--Fresno City (North) PUMA"
      },
      "geometry": {
        "type": "Polygon",
        "coordinates": [
          [
            [-119.943726, 36.83364],
            [-119.884889, 36.858549],
            [-119.814421, 36.850138],
            [-119.747201, 36.938428],
            [-119.730259, 36.934337],
            [-119.727179, 36.819421],
            [-119.868994, 36.800963],
            [-119.934517, 36.800491],
            [-119.943641, 36.815062],
            [-119.943726, 36.83364]
          ]
        ]
      }
    },
    {
      "type": "Feature",
      "id": "06_07306",
      "properties": {
        "state_puma_id": "06_07306",
        "state_name": "California",
        "state_fips": "06",
        "puma_name": "San Diego County (Northwest)--Escondido City (East) PUMA"
      },
      "geometry": {
        "type": "Polygon",
        "coordinates": [
          [
            [-117.123634, 33.198346],
            [-117.086988, 33.215776],
            [-117.037287, 33.211096],
            [-117.030884, 33.19841],
            [-116.980258, 33.197903],
            [-116.984773, 33.183225],
            [-116.964443, 33.166174],
            [-116.916667, 33.152221],
            [-116.893145, 33.164136],
            [-116.892648, 33.090201],
            [-116.969919, 33.082259],
            [-116.971175, 33.056733],
            [-116.996933, 33.068214],
            [-117.088389, 33.053551],
            [-117.114786, 33.072207],
            [-117.124436, 33.061725],
            [-117.086679, 33.119047],
            [-117.125917, 33.19719],
            [-117.123634, 33.198346]
          ]
        ]
      }
    },
    {
      "type": "Feature",
      "id": "06_06101",
      "properties": {
        "state_puma_id": "06_06101",
        "state_name": "California",
        "state_fips": "06",
        "puma_name": "Placer County (Southwest)--Roseville City PUMA"
      },
      "geometry": {
        "type": "Polygon",
        "coordinates": [
          [
            [-121.48444, 38.751354],
            [-121.469753, 38.751603],
            [-121.469356, 38.925992],
            [-121.414399, 38.926214],
            [-121.406578, 38.999908],
            [-121.337202, 38.926459],
            [-121.377125, 38.926395],
            [-121.377137, 38.897239],
            [-121.340066, 38.897271],
            [-121.349379, 38.838885],
            [-121.306936, 38.839047],
            [-121.307893, 38.795402],
            [-121.217839, 38.770384],
            [-121.225859, 38.716802],
            [-121.484396, 38.734598],
            [-121.48444, 38.751354]
          ]
        ]
      }
    },
    {
      "type": "Feature",
      "id": "06_00120",
      "properties": {
        "state_puma_id": "06_00120",
        "state_name": "California",
        "state_fips": "06",
        "puma_name": "Alameda County (East)--Livermore & Dublin (East) Cities PUMA"
      },
      "geometry": {
        "type": "Polygon",
        "coordinates": [
          [
            [-121.881567, 37.737328],
            [-121.556997, 37.816488],
            [-121.556655, 37.542732],
            [-121.501475, 37.525003],
            [-121.469214, 37.48936],
            [-121.687633, 37.492729],
            [-121.702435, 37.515055],
            [-121.699519, 37.528418],
            [-121.681221, 37.526614],
            [-121.695747, 37.550177],
            [-121.803108, 37.628644],
            [-121.805481, 37.67616],
            [-121.872208, 37.701578],
            [-121.881767, 37.736428],
            [-121.881567, 37.737328]
          ]
        ]
      }
    },
    {
      "type": "Feature",
      "id": "06_01903",
      "properties": {
        "state_puma_id": "06_01903",
        "state_name": "California",
        "state_fips": "06",
        "puma_name": "Fresno County (Central)--Fresno City (East Central) PUMA"
      },
      "geometry": {
        "type": "Polygon",
        "coordinates": [
          [
            [-119.790533, 36.785018],
            [-119.78136, 36.808539],
            [-119.700585, 36.801127],
            [-119.66405, 36.789335],
            [-119.663944, 36.750291],
            [-119.772481, 36.750437],
            [-119.790531, 36.784073],
            [-119.790533, 36.785018]
          ]
        ]
      }
    },
    {
      "type": "Feature",
      "id": "06_06706",
      "properties": {
        "state_puma_id": "06_06706",
        "state_name": "California",
        "state_fips": "06",
        "puma_name": "Sacramento County (North)--Sacramento City (North), Antelope & Rio Linda PUMA"
      },
      "geometry": {
        "type": "Polygon",
        "coordinates": [
          [
            [-121.489459, 38.734985],
            [-121.312896, 38.723076],
            [-121.335178, 38.703079],
            [-121.401318, 38.704508],
            [-121.40351, 38.672487],
            [-121.417597, 38.674373],
            [-121.423412, 38.651008],
            [-121.405313, 38.63862],
            [-121.435403, 38.610821],
            [-121.466355, 38.611163],
            [-121.484723, 38.710063],
            [-121.489459, 38.734985]
          ]
        ]
      }
    },
    {
      "type": "Feature",
      "id": "06_08510",
      "properties": {
        "state_puma_id": "06_08510",
        "state_name": "California",
        "state_fips": "06",
        "puma_name": "Santa Clara County (Central)--San Jose City (Central) PUMA"
      },
      "geometry": {
        "type": "Polygon",
        "coordinates": [
          [
            [-121.9459, 37.27247],
            [-121.923512, 37.280962],
            [-121.931674, 37.29803],
            [-121.914908, 37.313338],
            [-121.851958, 37.339492],
            [-121.816774, 37.302981],
            [-121.845142, 37.275005],
            [-121.946158, 37.269971],
            [-121.9459, 37.27247]
          ]
        ]
      }
    },
    {
      "type": "Feature",
      "id": "06_06709",
      "properties": {
        "state_puma_id": "06_06709",
        "state_name": "California",
        "state_fips": "06",
        "puma_name": "Sacramento County--Sacramento City (Southwest/Pocket, Meadowview & North Laguna) PUMA"
      },
      "geometry": {
        "type": "Polygon",
        "coordinates": [
          [
            [-121.559036, 38.499592],
            [-121.525177, 38.522682],
            [-121.478672, 38.521312],
            [-121.470798, 38.495868],
            [-121.418969, 38.474339],
            [-121.401816, 38.437777],
            [-121.441507, 38.443855],
            [-121.450894, 38.465189],
            [-121.49307, 38.456427],
            [-121.558799, 38.497479],
            [-121.559036, 38.499592]
          ]
        ]
      }
    },
    {
      "type": "Feature",
      "id": "06_07107",
      "properties": {
        "state_puma_id": "06_07107",
        "state_name": "California",
        "state_fips": "06",
        "puma_name": "San Bernardino County (Southwest)--San Bernardino City (East) PUMA"
      },
      "geometry": {
        "type": "Polygon",
        "coordinates": [
          [
            [-117.278808, 34.110236],
            [-117.261027, 34.110195],
            [-117.269655, 34.126811],
            [-117.252376, 34.132269],
            [-117.278435, 34.175673],
            [-117.24371, 34.158012],
            [-117.226172, 34.16471],
            [-117.227246, 34.14672],
            [-117.173626, 34.149903],
            [-117.139262, 34.134894],
            [-117.139237, 34.11657],
            [-117.185106, 34.108252],
            [-117.182399, 34.088687],
            [-117.215289, 34.099231],
            [-117.243973, 34.087712],
            [-117.243693, 34.063053],
            [-117.278697, 34.063047],
            [-117.27879, 34.108347],
            [-117.278808, 34.110236]
          ]
        ]
      }
    },
    {
      "type": "Feature",
      "id": "06_03757",
      "properties": {
        "state_puma_id": "06_03757",
        "state_name": "California",
        "state_fips": "06",
        "puma_name": "Los Angeles County (South Central)--Compton City & West Rancho Dominquez PUMA"
      },
      "geometry": {
        "type": "Polygon",
        "coordinates": [
          [
            [-118.282233, 33.909176],
            [-118.282086, 33.923201],
            [-118.230324, 33.929001],
            [-118.179945, 33.892729],
            [-118.208874, 33.881292],
            [-118.206591, 33.846567],
            [-118.233891, 33.846636],
            [-118.235634, 33.8679],
            [-118.265737, 33.873193],
            [-118.26896, 33.901956],
            [-118.282254, 33.9019],
            [-118.282233, 33.909176]
          ]
        ]
      }
    },
    {
      "type": "Feature",
      "id": "06_05918",
      "properties": {
        "state_puma_id": "06_05918",
        "state_name": "California",
        "state_fips": "06",
        "puma_name": "Orange County (Central)--Costa Mesa & Fountain Valley Cities PUMA"
      },
      "geometry": {
        "type": "Polygon",
        "coordinates": [
          [
            [-117.98054, 33.71567],
            [-117.971958, 33.730284],
            [-117.915549, 33.73102],
            [-117.930693, 33.701862],
            [-117.86763, 33.69178],
            [-117.8947, 33.66592],
            [-117.88429, 33.658664],
            [-117.894822, 33.642392],
            [-117.925514, 33.630694],
            [-117.926621713152, 33.6068838605444],
            [-117.957569309186, 33.629726043973],
            [-117.939512, 33.687083],
            [-117.98012, 33.686783],
            [-117.980478, 33.712444],
            [-117.98054, 33.71567]
          ]
        ]
      }
    },
    {
      "type": "Feature",
      "id": "06_03705",
      "properties": {
        "state_puma_id": "06_03705",
        "state_name": "California",
        "state_fips": "06",
        "puma_name": "Los Angeles County (North)--LA City (Northwest/Chatsworth & Porter Ranch) PUMA"
      },
      "geometry": {
        "type": "Polygon",
        "coordinates": [
          [
            [-118.667796, 34.209329],
            [-118.667714, 34.240345],
            [-118.632494, 34.240391],
            [-118.633461, 34.269522],
            [-118.596208, 34.274521],
            [-118.585091, 34.303478],
            [-118.540943, 34.298794],
            [-118.529496, 34.257266],
            [-118.491513, 34.250192],
            [-118.496129, 34.235714],
            [-118.485061, 34.235642],
            [-118.485197, 34.22132],
            [-118.6678, 34.206773],
            [-118.667796, 34.209329]
          ]
        ]
      }
    },
    {
      "type": "Feature",
      "id": "06_03706",
      "properties": {
        "state_puma_id": "06_03706",
        "state_name": "California",
        "state_fips": "06",
        "puma_name": "Los Angeles County (North)--LA City (North Central/Granada Hills & Sylmar) PUMA"
      },
      "geometry": {
        "type": "Polygon",
        "coordinates": [
          [
            [-118.545511, 34.315658],
            [-118.504007, 34.337157],
            [-118.41901, 34.329881],
            [-118.427822, 34.315448],
            [-118.41122, 34.300724],
            [-118.4455, 34.294406],
            [-118.472187, 34.250069],
            [-118.52332, 34.250391],
            [-118.547095, 34.313346],
            [-118.545511, 34.315658]
          ]
        ]
      }
    },
    {
      "type": "Feature",
      "id": "06_11104",
      "properties": {
        "state_puma_id": "06_11104",
        "state_name": "California",
        "state_fips": "06",
        "puma_name": "Ventura County (Southwest)--San Buenaventura (Ventura) City PUMA"
      },
      "geometry": {
        "type": "Polygon",
        "coordinates": [
          [
            [-119.308679, 34.282176],
            [-119.294318, 34.315725],
            [-119.27711, 34.318504],
            [-119.288535, 34.289839],
            [-119.269821, 34.302025],
            [-119.258295, 34.282959],
            [-119.234795, 34.334407],
            [-119.217253, 34.34074],
            [-119.198765, 34.327775],
            [-119.196318, 34.287938],
            [-119.144253, 34.316689],
            [-119.129255, 34.288107],
            [-119.16134, 34.264003],
            [-119.173326, 34.231705],
            [-119.216442, 34.235113],
            [-119.221103, 34.219454],
            [-119.194548, 34.219269],
            [-119.19592, 34.197494],
            [-119.248555549627, 34.1973108645299],
            [-119.278644, 34.266902],
            [-119.308679, 34.281976],
            [-119.308679, 34.282176]
          ]
        ]
      }
    },
    {
      "type": "Feature",
      "id": "06_08508",
      "properties": {
        "state_puma_id": "06_08508",
        "state_name": "California",
        "state_fips": "06",
        "puma_name": "Santa Clara County (Central)--San Jose (West Central) & Campbell Cities PUMA"
      },
      "geometry": {
        "type": "Polygon",
        "coordinates": [
          [
            [-122.032269, 37.312229],
            [-121.940552, 37.32328],
            [-121.922455, 37.282627],
            [-121.96419, 37.25845],
            [-121.993661, 37.270491],
            [-121.992147, 37.291635],
            [-122.032264, 37.293965],
            [-122.032471, 37.312242],
            [-122.032269, 37.312229]
          ]
        ]
      }
    },
    {
      "type": "Feature",
      "id": "06_03742",
      "properties": {
        "state_puma_id": "06_03742",
        "state_name": "California",
        "state_fips": "06",
        "puma_name": "Los Angeles County (Central)--Huntington Park City, Florence-Graham & Walnut Park PUMA"
      },
      "geometry": {
        "type": "Polygon",
        "coordinates": [
          [
            [-118.256439, 33.983409],
            [-118.237918, 33.989393],
            [-118.239708, 34.014713],
            [-118.170122, 33.999547],
            [-118.174156, 33.98631],
            [-118.204661, 33.996646],
            [-118.189033, 33.986376],
            [-118.20624, 33.979572],
            [-118.192345, 33.961577],
            [-118.230191, 33.967281],
            [-118.228602, 33.948301],
            [-118.24745, 33.954257],
            [-118.249138, 33.943273],
            [-118.256436, 33.981859],
            [-118.256439, 33.983409]
          ]
        ]
      }
    },
    {
      "type": "Feature",
      "id": "06_03739",
      "properties": {
        "state_puma_id": "06_03739",
        "state_name": "California",
        "state_fips": "06",
        "puma_name": "Los Angeles County (Southeast)--Whittier City & Hacienda Heights PUMA"
      },
      "geometry": {
        "type": "Polygon",
        "coordinates": [
          [
            [-118.088846, 33.967051],
            [-118.037927, 34.033802],
            [-117.93088, 33.998275],
            [-117.932808, 33.979321],
            [-117.966449, 33.972578],
            [-117.957809, 33.957163],
            [-117.97653, 33.928034],
            [-118.054922, 33.968176],
            [-118.088837, 33.966913],
            [-118.088846, 33.967051]
          ]
        ]
      }
    },
    {
      "type": "Feature",
      "id": "06_07103",
      "properties": {
        "state_puma_id": "06_07103",
        "state_name": "California",
        "state_fips": "06",
        "puma_name": "San Bernardino County (West Central)--Hesperia City & Apple Valley Town PUMA"
      },
      "geometry": {
        "type": "Polygon",
        "coordinates": [
          [
            [-117.459075, 34.368527],
            [-117.417757, 34.426705],
            [-117.380178, 34.42681],
            [-117.346019, 34.470462],
            [-117.254039, 34.47095],
            [-117.259962, 34.510554],
            [-117.314304, 34.568864],
            [-117.206816, 34.659148],
            [-117.20718, 34.645368],
            [-117.171801, 34.645196],
            [-117.155226, 34.500601],
            [-117.125309, 34.473758],
            [-117.181492, 34.47158],
            [-117.181429, 34.442629],
            [-117.207616, 34.442545],
            [-117.207228, 34.414227],
            [-117.237891, 34.413156],
            [-117.241694, 34.340538],
            [-117.258976, 34.311204],
            [-117.398487, 34.310805],
            [-117.45118, 34.368527],
            [-117.459075, 34.368527]
          ]
        ]
      }
    },
    {
      "type": "Feature",
      "id": "06_07311",
      "properties": {
        "state_puma_id": "06_07311",
        "state_name": "California",
        "state_fips": "06",
        "puma_name": "San Diego County (West Central)--San Diego City (Northwest/Del Mar Mesa) PUMA"
      },
      "geometry": {
        "type": "Polygon",
        "coordinates": [
          [
            [-117.260955, 32.948098],
            [-117.256815, 32.979366],
            [-117.165889, 32.969817],
            [-117.13094, 32.982491],
            [-117.128927, 32.940029],
            [-117.145036, 32.938193],
            [-117.146129, 32.905332],
            [-117.133702, 32.893671],
            [-117.161667, 32.875737],
            [-117.199461, 32.875168],
            [-117.260893, 32.947935],
            [-117.260955, 32.948098]
          ]
        ]
      }
    },
    {
      "type": "Feature",
      "id": "06_03741",
      "properties": {
        "state_puma_id": "06_03741",
        "state_name": "California",
        "state_fips": "06",
        "puma_name": "Los Angeles County (Central)--Bell Gardens, Bell, Maywood, Cudahy & Commerce Cities PUMA"
      },
      "geometry": {
        "type": "Polygon",
        "coordinates": [
          [
            [-118.20624, 33.979572],
            [-118.189033, 33.986376],
            [-118.204661, 33.996646],
            [-118.172554, 33.986482],
            [-118.192231, 34.016546],
            [-118.15365, 34.01963],
            [-118.127569, 34.008047],
            [-118.134219, 33.985656],
            [-118.121284, 33.972968],
            [-118.158604, 33.951894],
            [-118.206174, 33.976323],
            [-118.20624, 33.979572]
          ]
        ]
      }
    },
    {
      "type": "Feature",
      "id": "06_08103",
      "properties": {
        "state_puma_id": "06_08103",
        "state_name": "California",
        "state_fips": "06",
        "puma_name": "San Mateo County (Central)--San Mateo (North), Burlingame & Millbrae Cities PUMA"
      },
      "geometry": {
        "type": "Polygon",
        "coordinates": [
          [
            [-122.428368, 37.60573],
            [-122.406072, 37.614982],
            [-122.288445441126, 37.5754331901364],
            [-122.358659, 37.530051],
            [-122.428149, 37.604752],
            [-122.428368, 37.60573]
          ]
        ]
      }
    },
    {
      "type": "Feature",
      "id": "06_06102",
      "properties": {
        "state_puma_id": "06_06102",
        "state_name": "California",
        "state_fips": "06",
        "puma_name": "Placer County (Central)--Rocklin, Lincoln Cities & Loomis Town PUMA"
      },
      "geometry": {
        "type": "Polygon",
        "coordinates": [
          [
            [-121.377125, 38.926395],
            [-121.337202, 38.926459],
            [-121.279477, 38.904642],
            [-121.28298, 38.890241],
            [-121.237953, 38.886515],
            [-121.211646, 38.859148],
            [-121.220471, 38.839414],
            [-121.182554, 38.846867],
            [-121.168544, 38.834084],
            [-121.143865, 38.854494],
            [-121.116348, 38.842668],
            [-121.156809, 38.767521],
            [-121.199196, 38.766767],
            [-121.226413, 38.748103],
            [-121.217839, 38.770384],
            [-121.307893, 38.795402],
            [-121.306936, 38.839047],
            [-121.349379, 38.838885],
            [-121.340066, 38.897271],
            [-121.377137, 38.897239],
            [-121.377125, 38.926395]
          ]
        ]
      }
    },
    {
      "type": "Feature",
      "id": "06_06701",
      "properties": {
        "state_puma_id": "06_06701",
        "state_name": "California",
        "state_fips": "06",
        "puma_name": "Sacramento County (North Central)--Citrus Heights City PUMA"
      },
      "geometry": {
        "type": "Polygon",
        "coordinates": [
          [
            [-121.336726, 38.662168],
            [-121.324311, 38.694211],
            [-121.335178, 38.703079],
            [-121.312896, 38.723076],
            [-121.242795, 38.718241],
            [-121.244282, 38.664239],
            [-121.337281, 38.66073],
            [-121.336726, 38.662168]
          ]
        ]
      }
    },
    {
      "type": "Feature",
      "id": "06_05906",
      "properties": {
        "state_puma_id": "06_05906",
        "state_name": "California",
        "state_fips": "06",
        "puma_name": "Orange County (North)--Yorba Linda, La Habra & Brea Cities PUMA"
      },
      "geometry": {
        "type": "Polygon",
        "coordinates": [
          [
            [-117.976553, 33.924672],
            [-117.976498, 33.94605],
            [-117.783252, 33.946261],
            [-117.671608, 33.869368],
            [-117.740409, 33.880232],
            [-117.830765, 33.858311],
            [-117.85341, 33.91028],
            [-117.915618, 33.903004],
            [-117.915627, 33.917362],
            [-117.976563, 33.917418],
            [-117.976553, 33.924672]
          ]
        ]
      }
    },
    {
      "type": "Feature",
      "id": "06_03718",
      "properties": {
        "state_puma_id": "06_03718",
        "state_name": "California",
        "state_fips": "06",
        "puma_name": "Los Angeles County (Central)--Pasadena City PUMA"
      },
      "geometry": {
        "type": "Polygon",
        "coordinates": [
          [
            [-118.19097, 34.173204],
            [-118.175595, 34.185119],
            [-118.068039, 34.161796],
            [-118.08687, 34.148645],
            [-118.084103, 34.133052],
            [-118.114017, 34.136859],
            [-118.134225, 34.117389],
            [-118.176955, 34.123141],
            [-118.190811, 34.172051],
            [-118.19097, 34.173204]
          ]
        ]
      }
    },
    {
      "type": "Feature",
      "id": "06_01314",
      "properties": {
        "state_puma_id": "06_01314",
        "state_name": "California",
        "state_fips": "06",
        "puma_name": "Contra Costa County (North)--Pittsburg & Concord (North) Cities PUMA"
      },
      "geometry": {
        "type": "Polygon",
        "coordinates": [
          [
            [-122.092744, 38.049352],
            [-121.983158, 38.067297],
            [-121.901171, 38.045361],
            [-121.853639, 38.064776],
            [-121.830317, 38.029723],
            [-121.86023, 38.014913],
            [-121.847483, 37.995041],
            [-121.865467, 37.956128],
            [-121.898882, 37.982917],
            [-121.946022, 37.959772],
            [-122.00317, 37.992452],
            [-122.015534, 37.983335],
            [-122.022687, 38.009927],
            [-122.057078, 38.000077],
            [-122.095733, 38.048355],
            [-122.092744, 38.049352]
          ]
        ]
      }
    },
    {
      "type": "Feature",
      "id": "06_06519",
      "properties": {
        "state_puma_id": "06_06519",
        "state_name": "California",
        "state_fips": "06",
        "puma_name": "Riverside County (Northwest)--Moreno Valley City (South) PUMA"
      },
      "geometry": {
        "type": "Polygon",
        "coordinates": [
          [
            [-117.294203, 33.945172],
            [-117.217636, 33.917341],
            [-117.17416, 33.917441],
            [-117.178483, 33.939386],
            [-117.126789, 33.938186],
            [-117.044067, 33.869754],
            [-117.17392, 33.826722],
            [-117.20478, 33.859492],
            [-117.243868, 33.858952],
            [-117.243593, 33.910156],
            [-117.261114, 33.910159],
            [-117.261145, 33.924521],
            [-117.287357, 33.916792],
            [-117.292091, 33.94324],
            [-117.294203, 33.945172]
          ]
        ]
      }
    },
    {
      "type": "Feature",
      "id": "06_07312",
      "properties": {
        "state_puma_id": "06_07312",
        "state_name": "California",
        "state_fips": "06",
        "puma_name": "San Diego County (Central)--San Diego City (Central/Mira Mesa & University Heights) PUMA"
      },
      "geometry": {
        "type": "Polygon",
        "coordinates": [
          [
            [-117.261748606121, 32.9392941094509],
            [-117.199461, 32.875168],
            [-117.133702, 32.893671],
            [-117.145036, 32.938193],
            [-117.118377, 32.94424],
            [-117.115473, 32.893163],
            [-117.057369, 32.902077],
            [-117.070343, 32.887545],
            [-117.053269, 32.887266],
            [-117.051642, 32.853195],
            [-117.08405, 32.843584],
            [-117.235218, 32.838635],
            [-117.261713898943, 32.9390335416838],
            [-117.261748606121, 32.9392941094509]
          ]
        ]
      }
    },
    {
      "type": "Feature",
      "id": "06_03775",
      "properties": {
        "state_puma_id": "06_03775",
        "state_name": "California",
        "state_fips": "06",
        "puma_name": "Los Angeles County (Central)--LA City (Central) PUMA"
      },
      "geometry": {
        "type": "Polygon",
        "coordinates": [
          [
            [-118.487123, 34.142905],
            [-118.483624, 34.16518],
            [-118.34974, 34.153432],
            [-118.342239, 34.116696],
            [-118.373272, 34.131029],
            [-118.374201, 34.114816],
            [-118.445241, 34.073811],
            [-118.473112, 34.080823],
            [-118.488597, 34.142535],
            [-118.487123, 34.142905]
          ]
        ]
      }
    },
    {
      "type": "Feature",
      "id": "06_05927",
      "properties": {
        "state_puma_id": "06_05927",
        "state_name": "California",
        "state_fips": "06",
        "puma_name": "Orange County (Southeast)--Rancho Santa Margarita City & Ladera Ranch PUMA"
      },
      "geometry": {
        "type": "Polygon",
        "coordinates": [
          [
            [-117.669604, 33.530085],
            [-117.61216, 33.65147],
            [-117.63763, 33.66192],
            [-117.62056, 33.68327],
            [-117.63593, 33.703539],
            [-117.561503, 33.68434],
            [-117.53832, 33.71731],
            [-117.53455, 33.70578],
            [-117.474573, 33.703811],
            [-117.413314, 33.659302],
            [-117.51021, 33.533999],
            [-117.508614, 33.469614],
            [-117.573339, 33.453339],
            [-117.579874, 33.490833],
            [-117.609503, 33.483496],
            [-117.669827, 33.527746],
            [-117.669604, 33.530085]
          ]
        ]
      }
    },
    {
      "type": "Feature",
      "id": "06_07509",
      "properties": {
        "state_puma_id": "06_07509",
        "state_name": "California",
        "state_fips": "06",
        "puma_name": "San Francisco County (Northeast)--Chinatown, North Beach & Russian Hill PUMA"
      },
      "geometry": {
        "type": "MultiPolygon",
        "coordinates": [
          [
            [
              [-122.331615467306, 37.7870695682435],
              [-122.328024583922, 37.7813728248168],
              [-122.332037, 37.782035],
              [-122.331615467306, 37.7870695682435]
            ]
          ],
          [
            [
              [-122.377679, 37.83046],
              [-122.358779, 37.814278],
              [-122.371649, 37.809379],
              [-122.378962, 37.826897],
              [-122.377679, 37.83046]
            ]
          ],
          [
            [
              [-122.425227, 37.828586],
              [-122.423245, 37.828721],
              [-122.420248, 37.826513],
              [-122.420722, 37.82525],
              [-122.42277, 37.825256],
              [-122.425407, 37.827269],
              [-122.425227, 37.828586]
            ]
          ],
          [
            [
              [-122.426460238275, 37.8079951955534],
              [-122.3923178456, 37.7939431836937],
              [-122.419334, 37.77521],
              [-122.426572291023, 37.8079851640911],
              [-122.426460238275, 37.8079951955534]
            ]
          ]
        ]
      }
    },
    {
      "type": "Feature",
      "id": "06_07302",
      "properties": {
        "state_puma_id": "06_07302",
        "state_name": "California",
        "state_fips": "06",
        "puma_name": "San Diego County (North & East)--Fallbrook, Alpine & Valley Center PUMA"
      },
      "geometry": {
        "type": "Polygon",
        "coordinates": [
          [
            [-117.509722, 33.505019],
            [-117.364272, 33.505025],
            [-117.370925, 33.490549],
            [-117.242167, 33.449015],
            [-117.241271, 33.431993],
            [-116.085165, 33.425932],
            [-116.082421, 33.251059],
            [-116.08109, 33.074833],
            [-116.103252, 33.07467],
            [-116.106173784949, 32.6186419785708],
            [-116.759804, 32.565524],
            [-116.686383, 32.624618],
            [-116.669256, 32.68163],
            [-116.682428, 32.728082],
            [-116.668281, 32.749134],
            [-116.722768, 32.793923],
            [-116.759997, 32.794869],
            [-116.814261, 32.77038],
            [-116.825668, 32.7725],
            [-116.814372, 32.791074],
            [-116.828853, 32.792893],
            [-116.806765, 32.818969],
            [-116.815499, 32.831223],
            [-116.789906, 32.88839],
            [-116.789282, 32.949247],
            [-116.773032, 32.949652],
            [-116.77113, 32.978151],
            [-116.740775, 32.977675],
            [-116.712812, 33.083857],
            [-116.741769, 33.110662],
            [-116.777514, 33.101781],
            [-116.806674, 33.12587],
            [-116.853032, 33.120075],
            [-116.892648, 33.090201],
            [-116.893145, 33.164136],
            [-116.916667, 33.152221],
            [-116.964443, 33.166174],
            [-116.984773, 33.183225],
            [-116.980258, 33.197903],
            [-117.030884, 33.19841],
            [-117.037287, 33.211096],
            [-117.086988, 33.215776],
            [-117.125917, 33.19719],
            [-117.156184, 33.252933],
            [-117.244964, 33.267082],
            [-117.242456, 33.302621],
            [-117.26008, 33.321853],
            [-117.249243, 33.328929],
            [-117.26208, 33.358293],
            [-117.255252, 33.406456],
            [-117.295261, 33.417839],
            [-117.313489, 33.407856],
            [-117.339376, 33.420117],
            [-117.335025, 33.430672],
            [-117.363418, 33.430152],
            [-117.363525, 33.44468],
            [-117.475359, 33.470969],
            [-117.487673, 33.503344],
            [-117.509455, 33.484027],
            [-117.509722, 33.505019]
          ]
        ]
      }
    },
    {
      "type": "Feature",
      "id": "06_03780",
      "properties": {
        "state_puma_id": "06_03780",
        "state_name": "California",
        "state_fips": "06",
        "puma_name": "Los Angeles County (Southeast)--Long Beach (Central) & Signal Hill Cities PUMA"
      },
      "geometry": {
        "type": "Polygon",
        "coordinates": [
          [
            [-118.184585, 33.8071],
            [-118.164037, 33.827596],
            [-118.133917, 33.825055],
            [-118.132555, 33.782587],
            [-118.152404, 33.782586],
            [-118.156291951088, 33.7610744706622],
            [-118.182657962824, 33.7627238878],
            [-118.184582, 33.804331],
            [-118.184585, 33.8071]
          ]
        ]
      }
    },
    {
      "type": "Feature",
      "id": "06_07330",
      "properties": {
        "state_puma_id": "06_07330",
        "state_name": "California",
        "state_fips": "06",
        "puma_name": "San Diego County (Southwest)--Chula Vista (West) & National City Cities PUMA"
      },
      "geometry": {
        "type": "Polygon",
        "coordinates": [
          [
            [-117.135422, 32.678614],
            [-117.065692, 32.691255],
            [-117.065428, 32.662415],
            [-117.040722, 32.658077],
            [-117.06144, 32.64802],
            [-117.036673, 32.609691],
            [-117.046094, 32.587412],
            [-117.117681, 32.607534],
            [-117.137462, 32.678433],
            [-117.135422, 32.678614]
          ]
        ]
      }
    },
    {
      "type": "Feature",
      "id": "06_06704",
      "properties": {
        "state_puma_id": "06_06704",
        "state_name": "California",
        "state_fips": "06",
        "puma_name": "Sacramento County (North Central)--North Highlands, Foothill Farms & McClellan Park PUMA"
      },
      "geometry": {
        "type": "Polygon",
        "coordinates": [
          [
            [-121.421638, 38.653909],
            [-121.401318, 38.704508],
            [-121.326388, 38.705538],
            [-121.342209, 38.648184],
            [-121.382941, 38.637155],
            [-121.382996, 38.574025],
            [-121.415295, 38.574112],
            [-121.419808, 38.62523],
            [-121.405313, 38.63862],
            [-121.423412, 38.651008],
            [-121.421638, 38.653909]
          ]
        ]
      }
    },
    {
      "type": "Feature",
      "id": "06_03782",
      "properties": {
        "state_puma_id": "06_03782",
        "state_name": "California",
        "state_fips": "06",
        "puma_name": "Los Angeles County (Southeast)--Bellflower & Paramount Cities PUMA"
      },
      "geometry": {
        "type": "Polygon",
        "coordinates": [
          [
            [-118.187961, 33.896215],
            [-118.178685, 33.91871],
            [-118.142932, 33.902467],
            [-118.109848, 33.909815],
            [-118.106974, 33.872943],
            [-118.15124, 33.868916],
            [-118.151315, 33.881987],
            [-118.188149, 33.894716],
            [-118.187961, 33.896215]
          ]
        ]
      }
    },
    {
      "type": "Feature",
      "id": "06_03704",
      "properties": {
        "state_puma_id": "06_03704",
        "state_name": "California",
        "state_fips": "06",
        "puma_name": "Los Angeles County (North Central)--Palmdale City PUMA"
      },
      "geometry": {
        "type": "Polygon",
        "coordinates": [
          [
            [-118.287729, 34.581397],
            [-118.261464, 34.583744],
            [-118.265282, 34.609474],
            [-118.218494, 34.601858],
            [-118.23606, 34.645605],
            [-117.916313, 34.660606],
            [-117.916319, 34.616707],
            [-117.880701, 34.616712],
            [-117.880619, 34.557942],
            [-117.977953, 34.557945],
            [-118.004654, 34.512484],
            [-118.030366, 34.505927],
            [-118.082525, 34.537946],
            [-118.119366, 34.502222],
            [-118.143046, 34.509355],
            [-118.183796, 34.558266],
            [-118.20002, 34.558303],
            [-118.19823, 34.542587],
            [-118.255505, 34.539293],
            [-118.254677, 34.558304],
            [-118.287605, 34.558176],
            [-118.287746, 34.5802],
            [-118.287729, 34.581397]
          ]
        ]
      }
    },
    {
      "type": "Feature",
      "id": "06_03716",
      "properties": {
        "state_puma_id": "06_03716",
        "state_name": "California",
        "state_fips": "06",
        "puma_name": "Los Angeles County (East Central)--La Puente & Industry Cities PUMA"
      },
      "geometry": {
        "type": "Polygon",
        "coordinates": [
          [
            [-118.038403, 34.03729],
            [-118.005251, 34.064298],
            [-117.959044, 34.065066],
            [-117.956702, 34.047394],
            [-117.922837, 34.04408],
            [-117.923356, 34.012241],
            [-117.887681, 34.002874],
            [-117.931749, 33.990977],
            [-117.958728, 34.013319],
            [-118.038383, 34.036235],
            [-118.038403, 34.03729]
          ]
        ]
      }
    },
    {
      "type": "Feature",
      "id": "06_07324",
      "properties": {
        "state_puma_id": "06_07324",
        "state_name": "California",
        "state_fips": "06",
        "puma_name": "San Diego County (Northwest)--Carlsbad City PUMA"
      },
      "geometry": {
        "type": "Polygon",
        "coordinates": [
          [
            [-117.359716, 33.168843],
            [-117.27956, 33.187829],
            [-117.25367, 33.177758],
            [-117.223031, 33.118783],
            [-117.220701, 33.07831],
            [-117.234329, 33.073467],
            [-117.223352, 33.061254],
            [-117.262216, 33.067585],
            [-117.269265, 33.088817],
            [-117.312731970231, 33.0874272994045],
            [-117.357343, 33.166581],
            [-117.359716, 33.168843]
          ]
        ]
      }
    },
    {
      "type": "Feature",
      "id": "06_01905",
      "properties": {
        "state_puma_id": "06_01905",
        "state_name": "California",
        "state_fips": "06",
        "puma_name": "Fresno County (Central)--Fresno City (Southeast) PUMA"
      },
      "geometry": {
        "type": "Polygon",
        "coordinates": [
          [
            [-119.796693, 36.722119],
            [-119.776303, 36.75039],
            [-119.645883, 36.750246],
            [-119.645941, 36.714767],
            [-119.664057, 36.714877],
            [-119.663867, 36.663473],
            [-119.772766, 36.663357],
            [-119.776249, 36.706917],
            [-119.765644, 36.706877],
            [-119.795329, 36.72142],
            [-119.796693, 36.722119]
          ]
        ]
      }
    },
    {
      "type": "Feature",
      "id": "06_03760",
      "properties": {
        "state_puma_id": "06_03760",
        "state_name": "California",
        "state_fips": "06",
        "puma_name": "Los Angeles County--Redondo Beach, Manhattan Beach & Hermosa Beach Cities PUMA"
      },
      "geometry": {
        "type": "Polygon",
        "coordinates": [
          [
            [-118.428775, 33.93097],
            [-118.378728, 33.930895],
            [-118.378721, 33.894646],
            [-118.36129, 33.894653],
            [-118.352462, 33.868789],
            [-118.37837, 33.854952],
            [-118.37443, 33.815656],
            [-118.390964199251, 33.8151981636148],
            [-118.428754, 33.927201],
            [-118.428775, 33.93097]
          ]
        ]
      }
    },
    {
      "type": "Feature",
      "id": "06_08102",
      "properties": {
        "state_puma_id": "06_08102",
        "state_name": "California",
        "state_fips": "06",
        "puma_name": "San Mateo County (North Central)--South San Francisco, San Bruno & Brisbane Cities PUMA"
      },
      "geometry": {
        "type": "Polygon",
        "coordinates": [
          [
            [-122.47272, 37.633802],
            [-122.471864, 37.64914],
            [-122.450394, 37.648505],
            [-122.461806, 37.665697],
            [-122.432611, 37.671894],
            [-122.455864, 37.693765],
            [-122.442079, 37.708231],
            [-122.39337898114, 37.7082675699903],
            [-122.374291, 37.662206],
            [-122.389313, 37.640193],
            [-122.355627, 37.615293],
            [-122.428119, 37.604676],
            [-122.472706, 37.632108],
            [-122.47272, 37.633802]
          ]
        ]
      }
    },
    {
      "type": "Feature",
      "id": "06_05914",
      "properties": {
        "state_puma_id": "06_05914",
        "state_name": "California",
        "state_fips": "06",
        "puma_name": "Orange County (Northwest)--Huntington Beach City PUMA"
      },
      "geometry": {
        "type": "Polygon",
        "coordinates": [
          [
            [-118.086301, 33.73078],
            [-118.0417, 33.730025],
            [-118.042995, 33.75944],
            [-118.02464, 33.75891],
            [-118.02442, 33.7444],
            [-117.97566, 33.722939],
            [-117.98012, 33.686783],
            [-117.939512, 33.687083],
            [-117.957569309186, 33.629726043973],
            [-118.086967012447, 33.7296245570377],
            [-118.086301, 33.73078]
          ]
        ]
      }
    },
    {
      "type": "Feature",
      "id": "06_09501",
      "properties": {
        "state_puma_id": "06_09501",
        "state_name": "California",
        "state_fips": "06",
        "puma_name": "Solano County (Southwest)--Vallejo & Benicia Cities PUMA"
      },
      "geometry": {
        "type": "Polygon",
        "coordinates": [
          [
            [-122.403475, 38.155465],
            [-122.195957, 38.162686],
            [-122.173825, 38.149511],
            [-122.163575, 38.118567],
            [-122.140172, 38.117683],
            [-122.115592, 38.146676],
            [-122.101067, 38.125664],
            [-122.085673, 38.151794],
            [-122.095428, 38.137695],
            [-122.055829, 38.1065],
            [-122.050386, 38.060198],
            [-122.148577, 38.031721],
            [-122.183863, 38.053997],
            [-122.269666188168, 38.0603362895779],
            [-122.302557, 38.103248],
            [-122.406786, 38.155632],
            [-122.403475, 38.155465]
          ]
        ]
      }
    },
    {
      "type": "Feature",
      "id": "06_03717",
      "properties": {
        "state_puma_id": "06_03717",
        "state_name": "California",
        "state_fips": "06",
        "puma_name": "Los Angeles County (East Central)--Arcadia, San Gabriel & Temple City Cities PUMA"
      },
      "geometry": {
        "type": "Polygon",
        "coordinates": [
          [
            [-118.141995, 34.11953],
            [-118.038412, 34.157259],
            [-118.030139, 34.179402],
            [-118.016372, 34.176686],
            [-118.021009, 34.151108],
            [-117.99074, 34.151485],
            [-118.0053, 34.145855],
            [-118.010283, 34.099565],
            [-118.056657, 34.085359],
            [-118.087262, 34.095017],
            [-118.088907, 34.074853],
            [-118.108255, 34.076419],
            [-118.11618, 34.107666],
            [-118.141813, 34.117963],
            [-118.141995, 34.11953]
          ]
        ]
      }
    },
    {
      "type": "Feature",
      "id": "06_02906",
      "properties": {
        "state_puma_id": "06_02906",
        "state_name": "California",
        "state_fips": "06",
        "puma_name": "Kern County (West)--Delano, Wasco & Shafter Cities PUMA"
      },
      "geometry": {
        "type": "Polygon",
        "coordinates": [
          [
            [-120.194369, 35.789363],
            [-119.053437, 35.790774],
            [-119.090123, 35.586822],
            [-119.074796, 35.441365],
            [-119.251812, 35.441672],
            [-119.252718, 35.267352],
            [-119.109784, 35.267178],
            [-119.109856, 35.237999],
            [-119.074404, 35.25451],
            [-119.056711, 35.252519],
            [-119.056771, 35.237933],
            [-119.003107, 35.237727],
            [-119.00365, 35.170134],
            [-118.922487, 34.899509],
            [-118.86304, 34.837781],
            [-118.894634, 34.817972],
            [-118.880405, 34.788655],
            [-118.978022, 34.789809],
            [-118.977926, 34.811714],
            [-119.242534, 34.814323],
            [-119.242581, 34.857598],
            [-119.277245, 34.857284],
            [-119.276435, 34.872481],
            [-119.381854, 34.87399],
            [-119.383705, 34.900817],
            [-119.472494, 34.901378],
            [-119.472552, 35.076669],
            [-119.490539, 35.076679],
            [-119.49038, 35.091646],
            [-119.561752, 35.087831],
            [-119.553819, 35.180123],
            [-119.667304, 35.174982],
            [-119.666585, 35.262635],
            [-119.809407, 35.263693],
            [-119.80921, 35.35094],
            [-119.880356, 35.351124],
            [-119.880045, 35.439133],
            [-119.99315, 35.43947],
            [-119.997449, 35.468708],
            [-120.086766, 35.526432],
            [-120.08618, 35.614397],
            [-120.193988, 35.614389],
            [-120.193842, 35.726492],
            [-120.194369, 35.789363]
          ]
        ]
      }
    },
    {
      "type": "Feature",
      "id": "06_05907",
      "properties": {
        "state_puma_id": "06_05907",
        "state_name": "California",
        "state_fips": "06",
        "puma_name": "Orange County (North Central)--Fullerton & Placentia Cities PUMA"
      },
      "geometry": {
        "type": "Polygon",
        "coordinates": [
          [
            [-117.985403, 33.902586],
            [-117.976563, 33.917418],
            [-117.915627, 33.917362],
            [-117.915618, 33.903004],
            [-117.85341, 33.91028],
            [-117.85484, 33.88937],
            [-117.84181, 33.88827],
            [-117.842591, 33.867997],
            [-117.875795, 33.849608],
            [-117.985143, 33.859249],
            [-117.985327, 33.895603],
            [-117.985403, 33.902586]
          ]
        ]
      }
    }
  ]
}
