{
  "type": "FeatureCollection",
  "features": [
    {
      "type": "Feature",
      "id": "47_01700",
      "properties": {
        "state_puma_id": "47_01700",
        "state_name": "Tennessee",
        "state_fips": "47",
        "puma_name": "Anderson, Roane & Morgan Counties--Oak Ridge city PUMA"
      },
      "geometry": {
        "type": "Polygon",
        "coordinates": [
          [
            [-84.914155, 36.20829],
            [-84.88385, 36.239121],
            [-84.875211, 36.285597],
            [-84.79568, 36.297689],
            [-84.774063, 36.334639],
            [-84.739936, 36.33664],
            [-84.745486, 36.351083],
            [-84.726904, 36.352837],
            [-84.722725, 36.376605],
            [-84.700785, 36.370824],
            [-84.611042, 36.270377],
            [-84.573041, 36.266577],
            [-84.573299, 36.22977],
            [-84.471037, 36.203778],
            [-84.441034, 36.163478],
            [-84.403633, 36.174778],
            [-84.372731, 36.216778],
            [-84.33073, 36.208078],
            [-84.299929, 36.220878],
            [-84.237325, 36.178478],
            [-84.227527, 36.244879],
            [-84.073718, 36.227878],
            [-84.07492, 36.250078],
            [-84.057619, 36.249078],
            [-84.033719, 36.301779],
            [-83.941711, 36.186378],
            [-84.092759, 36.073724],
            [-84.058585, 36.036304],
            [-84.076618, 36.02],
            [-84.147212, 35.987327],
            [-84.192287, 35.995488],
            [-84.215759, 35.97331],
            [-84.215902, 35.946382],
            [-84.24536, 35.953134],
            [-84.237583, 35.929646],
            [-84.271546, 35.942228],
            [-84.252593, 35.91818],
            [-84.270666, 35.91201],
            [-84.265292, 35.894349],
            [-84.284551, 35.901026],
            [-84.28169, 35.875467],
            [-84.32997, 35.892904],
            [-84.337898, 35.839865],
            [-84.379668, 35.817439],
            [-84.388607, 35.768352],
            [-84.416415, 35.776451],
            [-84.435166, 35.748212],
            [-84.448558, 35.759426],
            [-84.516891, 35.71204],
            [-84.530976, 35.670382],
            [-84.584472, 35.644424],
            [-84.619865, 35.644651],
            [-84.619031, 35.70788],
            [-84.636309, 35.72429],
            [-84.663528, 35.702837],
            [-84.69873, 35.717869],
            [-84.698416, 35.741814],
            [-84.757046, 35.756963],
            [-84.741992, 35.790301],
            [-84.789191, 35.814677],
            [-84.680633, 35.908454],
            [-84.720727, 35.994914],
            [-84.791936, 36.059371],
            [-84.80546, 36.090501],
            [-84.832377, 36.08401],
            [-84.870888, 36.136925],
            [-84.905735, 36.153537],
            [-84.913458, 36.205787],
            [-84.914155, 36.20829]
          ],
          [
            [-84.539963, 35.670465],
            [-84.539962, 35.67051],
            [-84.539774, 35.67684],
            [-84.544214, 35.676893],
            [-84.544534, 35.673179],
            [-84.548777, 35.673213],
            [-84.548774, 35.670536],
            [-84.540219, 35.670466],
            [-84.539963, 35.670465]
          ]
        ]
      }
    },
    {
      "type": "Feature",
      "id": "47_00600",
      "properties": {
        "state_puma_id": "47_00600",
        "state_name": "Tennessee",
        "state_fips": "47",
        "puma_name": "Macon, Dekalb & Cannon Counties PUMA"
      },
      "geometry": {
        "type": "Polygon",
        "coordinates": [
          [
            [-86.28526, 36.35359],
            [-86.272496, 36.359036],
            [-86.268788, 36.452897],
            [-86.23722, 36.45192],
            [-86.239992, 36.486384],
            [-86.218933, 36.498081],
            [-86.2054686100012, 36.6397833130926],
            [-85.7886129951215, 36.6218452013294],
            [-85.813885, 36.499473],
            [-85.767125, 36.517197],
            [-85.75359, 36.499051],
            [-85.715799, 36.497517],
            [-85.736389, 36.518933],
            [-85.704075, 36.522395],
            [-85.696107, 36.49597],
            [-85.564358, 36.475229],
            [-85.495422, 36.403074],
            [-85.490441, 36.286801],
            [-85.557527, 36.223177],
            [-85.583494, 36.230667],
            [-85.634158, 36.213346],
            [-85.743009, 36.22833],
            [-85.777624, 36.249079],
            [-85.782939, 36.211426],
            [-85.809168, 36.206598],
            [-85.795517, 36.191738],
            [-85.803052, 36.174731],
            [-85.783732, 36.174819],
            [-85.803631, 36.170344],
            [-85.807415, 36.131582],
            [-85.769835, 36.094981],
            [-85.775976, 36.078328],
            [-85.688333, 36.069524],
            [-85.653444, 36.012867],
            [-85.630493, 36.006469],
            [-85.662917, 35.971501],
            [-85.646756, 35.901375],
            [-85.669666, 35.884209],
            [-85.636062, 35.883783],
            [-85.673224, 35.854607],
            [-85.632449, 35.847385],
            [-85.662563, 35.825703],
            [-85.751785, 35.850027],
            [-85.875877, 35.845776],
            [-85.913867, 35.822506],
            [-85.93475, 35.781507],
            [-85.987838, 35.734879],
            [-85.997732, 35.709926],
            [-85.985062, 35.660108],
            [-86.037896, 35.643001],
            [-86.08889, 35.646823],
            [-86.143394, 35.661652],
            [-86.207147, 35.70379],
            [-86.20792, 35.732286],
            [-86.183484, 35.763443],
            [-86.173099, 35.874157],
            [-86.141766, 35.914374],
            [-86.154505, 35.963097],
            [-86.095732, 35.960886],
            [-86.090502, 35.974451],
            [-86.014849, 35.96106],
            [-86.024882, 35.99981],
            [-86.041072, 36.006416],
            [-86.035778, 36.031399],
            [-86.063413, 36.070052],
            [-86.092527, 36.203502],
            [-86.121367, 36.231389],
            [-86.115607, 36.268886],
            [-86.164045, 36.320899],
            [-86.189251, 36.320088],
            [-86.226251, 36.348957],
            [-86.263446, 36.299448],
            [-86.267291, 36.341395],
            [-86.285215, 36.350842],
            [-86.28526, 36.35359]
          ]
        ]
      }
    },
    {
      "type": "Feature",
      "id": "47_01400",
      "properties": {
        "state_puma_id": "47_01400",
        "state_name": "Tennessee",
        "state_fips": "47",
        "puma_name": "Sevier & Cocke Counties--Sevierville city PUMA"
      },
      "geometry": {
        "type": "Polygon",
        "coordinates": [
          [
            [-83.794275, 35.887125],
            [-83.764266, 35.91327],
            [-83.68306, 35.937598],
            [-83.687073, 35.949335],
            [-83.654605, 35.971937],
            [-83.677496, 36.028068],
            [-83.655748, 36.042966],
            [-83.521515, 35.962958],
            [-83.490299, 35.928044],
            [-83.394843, 35.933085],
            [-83.39075, 35.914779],
            [-83.353374, 35.919628],
            [-83.302702, 35.897579],
            [-83.276677, 36.007652],
            [-83.260131, 35.998403],
            [-83.261385, 36.033894],
            [-83.239685, 36.054895],
            [-83.253886, 36.082194],
            [-83.225484, 36.082795],
            [-83.245787, 36.124194],
            [-83.222966, 36.122607],
            [-83.219195, 36.151095],
            [-83.17551, 36.12667],
            [-83.187786, 36.173895],
            [-83.170186, 36.182295],
            [-83.166785, 36.150795],
            [-83.117004, 36.111112],
            [-83.101348, 36.120759],
            [-83.055448, 36.090668],
            [-82.8984628586304, 35.9450880979247],
            [-82.901623, 35.927384],
            [-82.920396, 35.927224],
            [-82.897273, 35.877882],
            [-82.920609, 35.868472],
            [-82.916551, 35.841369],
            [-82.964088, 35.78998],
            [-82.995803, 35.773128],
            [-83.078732, 35.789472],
            [-83.120183, 35.766234],
            [-83.159208, 35.764892],
            [-83.185685, 35.72989],
            [-83.251247, 35.719916],
            [-83.258117, 35.691924],
            [-83.297154, 35.65775],
            [-83.35156, 35.659858],
            [-83.396626, 35.62272],
            [-83.445802, 35.611803],
            [-83.498335, 35.562981],
            [-83.58559, 35.562941],
            [-83.604806, 35.57934],
            [-83.6630236045826, 35.5691430430619],
            [-83.662814, 35.690618],
            [-83.70525, 35.71158],
            [-83.747317, 35.798398],
            [-83.73877, 35.811534],
            [-83.757287, 35.817528],
            [-83.793568, 35.885858],
            [-83.794275, 35.887125]
          ]
        ]
      }
    },
    {
      "type": "Feature",
      "id": "47_02600",
      "properties": {
        "state_puma_id": "47_02600",
        "state_name": "Tennessee",
        "state_fips": "47",
        "puma_name": "Tipton & Fayette Counties PUMA"
      },
      "geometry": {
        "type": "MultiPolygon",
        "coordinates": [
          [
            [
              [-90.048086, 35.411737],
              [-90.002675, 35.430529],
              [-90.047678, 35.50261],
              [-90.034505, 35.552631],
              [-89.989363, 35.560043],
              [-89.958498, 35.541703],
              [-89.958749, 35.523837],
              [-89.911923, 35.512841],
              [-89.886066, 35.583291],
              [-89.824146, 35.603139],
              [-89.793566, 35.639949],
              [-89.758116, 35.650361],
              [-89.66654, 35.631269],
              [-89.623015, 35.652344],
              [-89.602153, 35.623777],
              [-89.484156, 35.574362],
              [-89.482701, 35.54664],
              [-89.469862, 35.546566],
              [-89.474171, 35.403039],
              [-89.183944, 35.397126],
              [-89.198288, 34.994484],
              [-89.6440499795058, 34.9952920623604],
              [-89.632776, 35.375824],
              [-89.645718, 35.3716],
              [-89.642796, 35.387983],
              [-89.702893, 35.389059],
              [-89.70928, 35.409483],
              [-89.776736, 35.405173],
              [-89.778755, 35.38782],
              [-90.056782, 35.403863],
              [-90.048086, 35.411737]
            ]
          ],
          [
            [
              [-90.179265, 35.385194],
              [-90.16888, 35.421878],
              [-90.129435, 35.442119],
              [-90.114412, 35.472467],
              [-90.067798, 35.466224],
              [-90.074082, 35.433983],
              [-90.054322, 35.389277],
              [-90.077971, 35.384501],
              [-90.129342, 35.41383],
              [-90.146191, 35.399468],
              [-90.13551, 35.376668],
              [-90.178341, 35.382092],
              [-90.179265, 35.385194]
            ]
          ]
        ]
      }
    },
    {
      "type": "Feature",
      "id": "47_00100",
      "properties": {
        "state_puma_id": "47_00100",
        "state_name": "Tennessee",
        "state_fips": "47",
        "puma_name": "Dyer, Weakely and Obion Counties--Dyersburg, Union City and Martin cities PUMA"
      },
      "geometry": {
        "type": "Polygon",
        "coordinates": [
          [
            [-89.733056, 36.000809],
            [-89.706932, 36.000981],
            [-89.692437, 36.020507],
            [-89.672463, 36.091837],
            [-89.592102, 36.135637],
            [-89.607004, 36.171179],
            [-89.704459, 36.235468],
            [-89.698568, 36.250591],
            [-89.602374, 36.238106],
            [-89.534745, 36.252576],
            [-89.539487, 36.277368],
            [-89.620255, 36.323006],
            [-89.605668, 36.342234],
            [-89.531822, 36.339246],
            [-89.513178, 36.359897],
            [-89.51038, 36.378356],
            [-89.545255, 36.427079],
            [-89.51972, 36.467002],
            [-89.539232, 36.497934],
            [-89.485427, 36.497491],
            [-89.493198, 36.470124],
            [-89.471718, 36.457001],
            [-89.417275, 36.499011],
            [-89.300284, 36.507147],
            [-88.5163456859488, 36.5014314866172],
            [-88.532233, 36.115416],
            [-88.655488, 36.117338],
            [-88.653843, 36.064294],
            [-88.698062, 36.064199],
            [-88.759112, 36.109655],
            [-88.840884, 36.123495],
            [-88.959839, 36.222834],
            [-88.961232, 36.201635],
            [-89.154464, 36.204678],
            [-89.163862, 36.02619],
            [-89.206182, 36.013764],
            [-89.188844, 35.99976],
            [-89.198345, 35.970209],
            [-89.280148, 35.886499],
            [-89.342829, 35.880934],
            [-89.406965, 35.946599],
            [-89.490925, 35.947723],
            [-89.506854, 35.924386],
            [-89.557965, 35.937704],
            [-89.637309, 35.923175],
            [-89.6410718557004, 35.9062360721498],
            [-89.650267, 35.927663],
            [-89.718497, 35.963123],
            [-89.731096, 35.99662],
            [-89.733056, 36.000809]
          ]
        ]
      }
    },
    {
      "type": "Feature",
      "id": "47_03403",
      "properties": {
        "state_puma_id": "47_03403",
        "state_name": "Tennessee",
        "state_fips": "47",
        "puma_name": "Hamilton County (North)--Soddy-Daisy city PUMA"
      },
      "geometry": {
        "type": "Polygon",
        "coordinates": [
          [
            [-85.390833, 35.123195],
            [-85.388448, 35.145504],
            [-85.246005, 35.319077],
            [-85.168302, 35.455614],
            [-85.151233, 35.445205],
            [-85.111443, 35.456891],
            [-85.102158, 35.428442],
            [-85.066908, 35.436476],
            [-85.016661, 35.409101],
            [-85.030369, 35.379122],
            [-85.008366, 35.383255],
            [-84.977749, 35.36107],
            [-84.94233, 35.282242],
            [-84.965549, 35.262371],
            [-85.026643, 35.136171],
            [-84.995148, 35.075174],
            [-85.001518, 35.045736],
            [-84.961146, 35.015175],
            [-84.9769733744412, 34.9876687952914],
            [-85.1438855336063, 34.9862938617334],
            [-85.141303, 35.002822],
            [-85.094752, 34.999827],
            [-85.064968, 35.083219],
            [-85.103146, 35.076346],
            [-85.091542, 35.099081],
            [-85.114351, 35.110178],
            [-85.19029, 35.103829],
            [-85.169587, 35.138156],
            [-85.196594, 35.146675],
            [-85.197416, 35.169464],
            [-85.246198, 35.188315],
            [-85.276665, 35.17494],
            [-85.304315, 35.134781],
            [-85.315049, 35.145067],
            [-85.334226, 35.086983],
            [-85.391819, 35.120448],
            [-85.390833, 35.123195]
          ]
        ]
      }
    },
    {
      "type": "Feature",
      "id": "47_02900",
      "properties": {
        "state_puma_id": "47_02900",
        "state_name": "Tennessee",
        "state_fips": "47",
        "puma_name": "Henderson, Hardin & McNairy Counties PUMA"
      },
      "geometry": {
        "type": "Polygon",
        "coordinates": [
          [
            [-89.197672, 35.011822],
            [-89.182551, 35.432816],
            [-88.841607, 35.427826],
            [-88.842036, 35.384447],
            [-88.792777, 35.329188],
            [-88.781768, 35.247587],
            [-88.719761, 35.24755],
            [-88.679036, 35.323426],
            [-88.653924, 35.317571],
            [-88.663119, 35.340258],
            [-88.590897, 35.376984],
            [-88.370629, 35.374818],
            [-88.351942, 35.402982],
            [-88.364005, 35.492801],
            [-88.414582, 35.482339],
            [-88.469106, 35.495882],
            [-88.529617, 35.531835],
            [-88.56557, 35.587088],
            [-88.613611, 35.588089],
            [-88.599627, 35.801785],
            [-88.569047, 35.824829],
            [-88.179177, 35.816785],
            [-88.177859, 35.845841],
            [-88.084519, 35.837774],
            [-88.061464, 35.850329],
            [-88.029504, 35.839803],
            [-88.028195, 35.811021],
            [-87.970738, 35.815705],
            [-87.986272, 35.766585],
            [-88.034819, 35.715117],
            [-88.016641, 35.677589],
            [-88.035213, 35.616679],
            [-87.974353, 35.514049],
            [-87.987359, 35.484177],
            [-88.026787, 35.472051],
            [-88.043503, 35.449809],
            [-88.027488, 35.425504],
            [-87.973414, 35.409611],
            [-87.986732, 35.391374],
            [-88.024741, 35.392307],
            [-88.004872, 35.350912],
            [-88.017443, 35.299988],
            [-87.981585, 35.295678],
            [-87.9849162019114, 35.005880673227],
            [-89.198288, 34.994484],
            [-89.197672, 35.011822]
          ]
        ]
      }
    },
    {
      "type": "Feature",
      "id": "47_01600",
      "properties": {
        "state_puma_id": "47_01600",
        "state_name": "Tennessee",
        "state_fips": "47",
        "puma_name": "Blount County--Maryville & Alcoa cities PUMA"
      },
      "geometry": {
        "type": "Polygon",
        "coordinates": [
          [
            [-84.188319, 35.610549],
            [-84.134468, 35.647399],
            [-84.172812, 35.712756],
            [-84.151955, 35.757554],
            [-84.179499, 35.768449],
            [-84.172745, 35.804419],
            [-84.139473, 35.8001],
            [-84.134248, 35.834169],
            [-84.146595, 35.848845],
            [-84.130053, 35.850077],
            [-84.122466, 35.830873],
            [-84.078959, 35.85079],
            [-84.054959, 35.827578],
            [-84.047509, 35.852286],
            [-84.009845, 35.843706],
            [-84.010427, 35.864061],
            [-84.02875, 35.875082],
            [-83.995816, 35.884087],
            [-83.97461, 35.863054],
            [-83.945915, 35.876287],
            [-83.907542, 35.846626],
            [-83.853457, 35.841138],
            [-83.78872, 35.884119],
            [-83.784286, 35.856686],
            [-83.73877, 35.811534],
            [-83.747317, 35.798398],
            [-83.70525, 35.71158],
            [-83.662814, 35.690618],
            [-83.6630236045826, 35.5691430430619],
            [-83.771736, 35.562118],
            [-83.82559, 35.523829],
            [-83.880074, 35.518745],
            [-83.911773, 35.476028],
            [-83.949389, 35.461164],
            [-83.965151, 35.471117],
            [-83.939643, 35.488937],
            [-83.974534, 35.501148],
            [-83.987343, 35.487483],
            [-84.009842, 35.510955],
            [-83.993431, 35.527767],
            [-83.995926, 35.55294],
            [-84.085507, 35.541372],
            [-84.112319, 35.587456],
            [-84.130953, 35.576313],
            [-84.186617, 35.607502],
            [-84.188319, 35.610549]
          ]
        ]
      }
    },
    {
      "type": "Feature",
      "id": "47_02001",
      "properties": {
        "state_puma_id": "47_02001",
        "state_name": "Tennessee",
        "state_fips": "47",
        "puma_name": "Murfreesboro city PUMA"
      },
      "geometry": {
        "type": "Polygon",
        "coordinates": [
          [
            [-86.490088, 35.845068],
            [-86.470401, 35.941215],
            [-86.420119, 35.89989],
            [-86.409391, 35.912937],
            [-86.374911, 35.897139],
            [-86.328939, 35.904774],
            [-86.346906, 35.879279],
            [-86.335744, 35.872463],
            [-86.346642, 35.838576],
            [-86.328689, 35.825659],
            [-86.3308, 35.810822],
            [-86.371326, 35.801551],
            [-86.405116, 35.802874],
            [-86.417672, 35.822188],
            [-86.427748, 35.787349],
            [-86.440735, 35.788481],
            [-86.472364, 35.800817],
            [-86.490224, 35.843594],
            [-86.490088, 35.845068]
          ]
        ]
      }
    },
    {
      "type": "Feature",
      "id": "47_01300",
      "properties": {
        "state_puma_id": "47_01300",
        "state_name": "Tennessee",
        "state_fips": "47",
        "puma_name": "Hamblen, Jefferson & Grainger Counties--Morristown city PUMA"
      },
      "geometry": {
        "type": "Polygon",
        "coordinates": [
          [
            [-83.732704, 36.164583],
            [-83.714704, 36.173783],
            [-83.729805, 36.186682],
            [-83.700205, 36.207583],
            [-83.702739, 36.272837],
            [-83.667408, 36.344381],
            [-83.661107, 36.332482],
            [-83.635107, 36.337183],
            [-83.564805, 36.372584],
            [-83.536172, 36.352485],
            [-83.508603, 36.372985],
            [-83.494803, 36.363286],
            [-83.495803, 36.379285],
            [-83.455902, 36.371886],
            [-83.459011, 36.401452],
            [-83.415357, 36.42063],
            [-83.389443, 36.408162],
            [-83.352299, 36.419687],
            [-83.304197, 36.388189],
            [-83.280595, 36.394689],
            [-83.274095, 36.384689],
            [-83.288896, 36.378789],
            [-83.264894, 36.35119],
            [-83.27369, 36.319086],
            [-83.240792, 36.282992],
            [-83.198791, 36.307993],
            [-83.200991, 36.322192],
            [-83.17499, 36.313493],
            [-83.178722, 36.341184],
            [-83.15429, 36.342293],
            [-83.14579, 36.307894],
            [-83.081726, 36.244752],
            [-83.139484, 36.188893],
            [-83.186186, 36.176295],
            [-83.17551, 36.12667],
            [-83.219195, 36.151095],
            [-83.222966, 36.122607],
            [-83.245787, 36.124194],
            [-83.225484, 36.082795],
            [-83.253886, 36.082194],
            [-83.239685, 36.054895],
            [-83.261385, 36.033894],
            [-83.260131, 35.998403],
            [-83.276677, 36.007652],
            [-83.293739, 35.910081],
            [-83.310782, 35.895846],
            [-83.353374, 35.919628],
            [-83.39075, 35.914779],
            [-83.394843, 35.933085],
            [-83.490299, 35.928044],
            [-83.589897, 36.00504],
            [-83.655748, 36.042966],
            [-83.674454, 36.038699],
            [-83.671169, 36.053105],
            [-83.694599, 36.058249],
            [-83.710114, 36.091497],
            [-83.667026, 36.086238],
            [-83.731538, 36.161028],
            [-83.732704, 36.164583]
          ]
        ]
      }
    },
    {
      "type": "Feature",
      "id": "47_03600",
      "properties": {
        "state_puma_id": "47_03600",
        "state_name": "Tennessee",
        "state_fips": "47",
        "puma_name": "Bradley & Polk Counties--Cleveland city PUMA"
      },
      "geometry": {
        "type": "Polygon",
        "coordinates": [
          [
            [-85.026643, 35.136171],
            [-84.965549, 35.262371],
            [-84.940148, 35.297671],
            [-84.927446, 35.288869],
            [-84.884046, 35.329172],
            [-84.877546, 35.357871],
            [-84.752707, 35.288595],
            [-84.72534, 35.289471],
            [-84.726539, 35.276273],
            [-84.752702, 35.272598],
            [-84.737384, 35.255359],
            [-84.703538, 35.258773],
            [-84.703607, 35.241043],
            [-84.667398, 35.268041],
            [-84.51613, 35.266472],
            [-84.495529, 35.285472],
            [-84.356923, 35.233676],
            [-84.348223, 35.205725],
            [-84.325722, 35.219377],
            [-84.292319677455, 35.2066890084035],
            [-84.321869, 34.988408],
            [-84.9769733744412, 34.9876687952914],
            [-84.961362, 35.015877],
            [-85.001518, 35.045736],
            [-84.995148, 35.075174],
            [-85.026737, 35.131953],
            [-85.026643, 35.136171]
          ]
        ]
      }
    },
    {
      "type": "Feature",
      "id": "47_00302",
      "properties": {
        "state_puma_id": "47_00302",
        "state_name": "Tennessee",
        "state_fips": "47",
        "puma_name": "Clarksville city (North) PUMA"
      },
      "geometry": {
        "type": "Polygon",
        "coordinates": [
          [
            [-87.496101, 36.620791],
            [-87.482243, 36.619044],
            [-87.4754637047213, 36.6402439932156],
            [-87.3149492444387, 36.6416269600103],
            [-87.282294, 36.600079],
            [-87.34857, 36.526586],
            [-87.384339, 36.539759],
            [-87.423968, 36.518314],
            [-87.454642, 36.535565],
            [-87.450661, 36.551815],
            [-87.477021, 36.551249],
            [-87.448652, 36.607601],
            [-87.497014, 36.613167],
            [-87.496101, 36.620791]
          ]
        ]
      }
    },
    {
      "type": "Feature",
      "id": "47_03200",
      "properties": {
        "state_puma_id": "47_03200",
        "state_name": "Tennessee",
        "state_fips": "47",
        "puma_name": "Coffee, Franklin & Moore Counties--Tullahoma & Manchester cities PUMA"
      },
      "geometry": {
        "type": "Polygon",
        "coordinates": [
          [
            [-86.539485, 35.335435],
            [-86.492356, 35.362113],
            [-86.459501, 35.327675],
            [-86.422338, 35.318846],
            [-86.409286, 35.346591],
            [-86.328792, 35.363677],
            [-86.288015, 35.40726],
            [-86.25055, 35.413202],
            [-86.234529, 35.453308],
            [-86.246872, 35.465375],
            [-86.236679, 35.505836],
            [-86.249052, 35.66504],
            [-86.245406, 35.688899],
            [-86.222137, 35.706154],
            [-86.08889, 35.646823],
            [-86.037896, 35.643001],
            [-85.985062, 35.660108],
            [-85.950184, 35.609874],
            [-85.948192, 35.573422],
            [-85.876962, 35.524095],
            [-85.886982, 35.38154],
            [-85.869478, 35.380435],
            [-85.904877, 35.330434],
            [-85.913593, 35.289189],
            [-85.863327, 35.22028],
            [-85.8639354755464, 34.9883790198068],
            [-86.3187611440952, 34.9911469680432],
            [-86.318168, 35.126986],
            [-86.344768, 35.129514],
            [-86.350579, 35.146621],
            [-86.366203, 35.124382],
            [-86.392192, 35.235381],
            [-86.415242, 35.22633],
            [-86.423775, 35.237286],
            [-86.410992, 35.25948],
            [-86.526962, 35.311487],
            [-86.5382, 35.334614],
            [-86.539485, 35.335435]
          ]
        ]
      }
    },
    {
      "type": "Feature",
      "id": "47_00301",
      "properties": {
        "state_puma_id": "47_00301",
        "state_name": "Tennessee",
        "state_fips": "47",
        "puma_name": "Montgomery County--Clarksville city (South) PUMA"
      },
      "geometry": {
        "type": "Polygon",
        "coordinates": [
          [
            [-87.64115, 36.638036],
            [-87.4754637047213, 36.6402439932156],
            [-87.497014, 36.613167],
            [-87.448652, 36.607601],
            [-87.477021, 36.551249],
            [-87.450661, 36.551815],
            [-87.454642, 36.535565],
            [-87.416815, 36.518251],
            [-87.384339, 36.539759],
            [-87.352259, 36.524633],
            [-87.299896, 36.57204],
            [-87.282294, 36.600079],
            [-87.3149492444387, 36.6416269600103],
            [-87.114976, 36.642414],
            [-87.131292, 36.621995],
            [-87.12099, 36.613544],
            [-87.132522, 36.56372],
            [-87.150233, 36.567702],
            [-87.117722, 36.549641],
            [-87.120443, 36.45546],
            [-87.150247, 36.444962],
            [-87.150129, 36.417148],
            [-87.171307, 36.427616],
            [-87.1794, 36.406611],
            [-87.20517, 36.412422],
            [-87.263398, 36.354314],
            [-87.280534, 36.354484],
            [-87.286373, 36.320081],
            [-87.303129, 36.312442],
            [-87.586957, 36.34178],
            [-87.626107, 36.543051],
            [-87.64115, 36.638036]
          ]
        ]
      }
    },
    {
      "type": "Feature",
      "id": "47_01900",
      "properties": {
        "state_puma_id": "47_01900",
        "state_name": "Tennessee",
        "state_fips": "47",
        "puma_name": "Wilson County--Lebanon & Mount Juliet cities PUMA"
      },
      "geometry": {
        "type": "Polygon",
        "coordinates": [
          [
            [-86.595088, 36.241461],
            [-86.546578, 36.321255],
            [-86.522074, 36.278015],
            [-86.509276, 36.302938],
            [-86.438225, 36.339441],
            [-86.393113, 36.307671],
            [-86.366388, 36.357746],
            [-86.345651, 36.34089],
            [-86.358539, 36.309236],
            [-86.300075, 36.312374],
            [-86.27911, 36.348523],
            [-86.263446, 36.299448],
            [-86.230096, 36.349172],
            [-86.189251, 36.320088],
            [-86.175916, 36.328836],
            [-86.115607, 36.268886],
            [-86.121367, 36.231389],
            [-86.092527, 36.203502],
            [-86.063413, 36.070052],
            [-86.014849, 35.96106],
            [-86.090502, 35.974451],
            [-86.095732, 35.960886],
            [-86.153214, 35.954399],
            [-86.217565, 35.969303],
            [-86.23776, 35.959424],
            [-86.326252, 35.985008],
            [-86.376999, 36.012043],
            [-86.382528, 36.035251],
            [-86.535943, 36.108166],
            [-86.525559, 36.13854],
            [-86.556609, 36.134928],
            [-86.595439, 36.239407],
            [-86.595088, 36.241461]
          ],
          [
            [-86.523452, 36.137463],
            [-86.521736, 36.137294],
            [-86.52168, 36.137606],
            [-86.521057, 36.141141],
            [-86.522556, 36.141284],
            [-86.523452, 36.137463]
          ]
        ]
      }
    },
    {
      "type": "Feature",
      "id": "47_00800",
      "properties": {
        "state_puma_id": "47_00800",
        "state_name": "Tennessee",
        "state_fips": "47",
        "puma_name": "Campbell, Claiborne & Scott Counties PUMA"
      },
      "geometry": {
        "type": "Polygon",
        "coordinates": [
          [
            [-84.785341, 36.603372],
            [-83.690714, 36.582581],
            [-83.675395, 36.600784],
            [-82.830433, 36.593761],
            [-82.950519, 36.543005],
            [-82.960772, 36.555155],
            [-82.98388, 36.544489],
            [-83.004589, 36.563991],
            [-83.040489, 36.551891],
            [-83.124431, 36.512174],
            [-83.163194, 36.47789],
            [-83.162093, 36.46159],
            [-83.206937, 36.441559],
            [-83.193894, 36.42429],
            [-83.251295, 36.40089],
            [-83.304197, 36.388189],
            [-83.352299, 36.419687],
            [-83.389443, 36.408162],
            [-83.415357, 36.42063],
            [-83.459011, 36.401452],
            [-83.455902, 36.371886],
            [-83.495803, 36.379285],
            [-83.494803, 36.363286],
            [-83.508603, 36.372985],
            [-83.536172, 36.352485],
            [-83.564805, 36.372584],
            [-83.635107, 36.337183],
            [-83.661107, 36.332482],
            [-83.667408, 36.344381],
            [-83.702739, 36.272837],
            [-83.700205, 36.207583],
            [-83.729805, 36.186682],
            [-83.714704, 36.173783],
            [-83.732704, 36.164583],
            [-83.90973, 36.162688],
            [-83.96914, 36.210105],
            [-84.033719, 36.301779],
            [-84.057619, 36.249078],
            [-84.07492, 36.250078],
            [-84.073718, 36.227878],
            [-84.227527, 36.244879],
            [-84.237325, 36.178478],
            [-84.299929, 36.220878],
            [-84.33073, 36.208078],
            [-84.372731, 36.216778],
            [-84.403633, 36.174778],
            [-84.441034, 36.163478],
            [-84.471037, 36.203778],
            [-84.573299, 36.22977],
            [-84.573041, 36.266577],
            [-84.611042, 36.270377],
            [-84.700785, 36.370824],
            [-84.659082, 36.395227],
            [-84.664341, 36.412979],
            [-84.692534, 36.435468],
            [-84.715139, 36.498874],
            [-84.7853995566039, 36.6033748414415],
            [-84.785341, 36.603372]
          ]
        ]
      }
    },
    {
      "type": "Feature",
      "id": "47_02300",
      "properties": {
        "state_puma_id": "47_02300",
        "state_name": "Tennessee",
        "state_fips": "47",
        "puma_name": "Dickson, Cheatham & Hickman Counties PUMA"
      },
      "geometry": {
        "type": "Polygon",
        "coordinates": [
          [
            [-87.74375, 35.663952],
            [-87.737811, 35.702342],
            [-87.710669, 35.703616],
            [-87.732935, 35.72626],
            [-87.70696, 35.905884],
            [-87.658661, 35.915477],
            [-87.61186, 35.949981],
            [-87.562229, 35.948253],
            [-87.529791, 35.975647],
            [-87.552372, 36.016007],
            [-87.544519, 36.094158],
            [-87.566798, 36.177857],
            [-87.523627, 36.24889],
            [-87.513533, 36.334713],
            [-87.303129, 36.312442],
            [-87.286373, 36.320081],
            [-87.280534, 36.354484],
            [-87.263398, 36.354314],
            [-87.20517, 36.412422],
            [-87.1794, 36.406611],
            [-87.171307, 36.427616],
            [-87.150129, 36.417148],
            [-87.150247, 36.444962],
            [-87.122691, 36.455711],
            [-87.005364, 36.392392],
            [-86.984496, 36.365097],
            [-86.916477, 36.385714],
            [-86.906254, 36.366218],
            [-86.974404, 36.249908],
            [-86.997705, 36.128512],
            [-87.038173, 36.094314],
            [-87.041362, 36.041312],
            [-87.182573, 36.049726],
            [-87.190826, 35.975884],
            [-87.21199, 35.970082],
            [-87.201426, 35.940579],
            [-87.234143, 35.724691],
            [-87.265391, 35.719016],
            [-87.250343, 35.709133],
            [-87.258521, 35.697815],
            [-87.294946, 35.695252],
            [-87.325284, 35.657768],
            [-87.357379, 35.659514],
            [-87.459587, 35.615124],
            [-87.549164, 35.630228],
            [-87.586867, 35.653304],
            [-87.623391, 35.632744],
            [-87.618123, 35.619428],
            [-87.660235, 35.608937],
            [-87.743122, 35.663436],
            [-87.74375, 35.663952]
          ]
        ]
      }
    },
    {
      "type": "Feature",
      "id": "47_03000",
      "properties": {
        "state_puma_id": "47_03000",
        "state_name": "Tennessee",
        "state_fips": "47",
        "puma_name": "Lawrence, Giles & Wayne Counties--Lawrenceburg city PUMA"
      },
      "geometry": {
        "type": "Polygon",
        "coordinates": [
          [
            [-88.043503, 35.449809],
            [-88.026787, 35.472051],
            [-87.987359, 35.484177],
            [-87.974353, 35.514049],
            [-88.035213, 35.616679],
            [-88.016641, 35.677589],
            [-88.034788, 35.717261],
            [-87.986272, 35.766585],
            [-87.96274, 35.840921],
            [-87.910297, 35.838336],
            [-87.853246, 35.803911],
            [-87.818202, 35.836779],
            [-87.71676, 35.83875],
            [-87.732935, 35.72626],
            [-87.710669, 35.703616],
            [-87.737811, 35.702342],
            [-87.74375, 35.663952],
            [-87.660235, 35.608937],
            [-87.618123, 35.619428],
            [-87.623391, 35.632744],
            [-87.586867, 35.653304],
            [-87.549164, 35.630228],
            [-87.459587, 35.615124],
            [-87.357379, 35.659514],
            [-87.331606, 35.656301],
            [-87.352305, 35.584621],
            [-87.314884, 35.567597],
            [-87.317721, 35.549104],
            [-87.289872, 35.548025],
            [-87.282393, 35.50486],
            [-87.269432, 35.505851],
            [-87.283626, 35.497916],
            [-87.276791, 35.470104],
            [-87.295242, 35.442128],
            [-87.193227, 35.430902],
            [-87.122529, 35.456061],
            [-87.030114, 35.432201],
            [-86.998805, 35.409573],
            [-86.940003, 35.415475],
            [-86.922802, 35.406775],
            [-86.924603, 35.363076],
            [-86.901802, 35.338475],
            [-86.910636, 35.318151],
            [-86.859481, 35.298966],
            [-86.845688, 35.321021],
            [-86.8285, 35.293376],
            [-86.836306, 34.991764],
            [-87.9849162019114, 35.005880673227],
            [-87.981585, 35.295678],
            [-88.017443, 35.299988],
            [-88.004872, 35.350912],
            [-88.024741, 35.392307],
            [-87.986732, 35.391374],
            [-87.973414, 35.409611],
            [-88.027488, 35.425504],
            [-88.043458, 35.448189],
            [-88.043503, 35.449809]
          ]
        ]
      }
    },
    {
      "type": "Feature",
      "id": "47_03402",
      "properties": {
        "state_puma_id": "47_03402",
        "state_name": "Tennessee",
        "state_fips": "47",
        "puma_name": "Hamilton County (South)--Chattanooga (North) & Red Bank cities PUMA"
      },
      "geometry": {
        "type": "Polygon",
        "coordinates": [
          [
            [-85.474889, 34.986972],
            [-85.427571, 35.006881],
            [-85.409272, 35.040683],
            [-85.386966, 35.040972],
            [-85.366359, 35.069474],
            [-85.361959, 35.087773],
            [-85.39577, 35.105638],
            [-85.391819, 35.120448],
            [-85.334226, 35.086983],
            [-85.315049, 35.145067],
            [-85.304315, 35.134781],
            [-85.276665, 35.17494],
            [-85.246198, 35.188315],
            [-85.197416, 35.169464],
            [-85.196594, 35.146675],
            [-85.169587, 35.138156],
            [-85.19029, 35.103829],
            [-85.114351, 35.110178],
            [-85.091542, 35.099081],
            [-85.103146, 35.076346],
            [-85.064968, 35.083219],
            [-85.090912, 35.007004],
            [-85.132575, 35.00086],
            [-85.123079, 35.030045],
            [-85.179016, 35.052769],
            [-85.237306, 35.047086],
            [-85.2412, 35.065498],
            [-85.212877, 35.067911],
            [-85.228461, 35.07155],
            [-85.218367, 35.080219],
            [-85.270323, 35.09091],
            [-85.283993, 35.057666],
            [-85.32578, 35.052338],
            [-85.326411, 35.025321],
            [-85.342586, 35.022697],
            [-85.337795, 35.007329],
            [-85.3647577149925, 34.9833595390813],
            [-85.475513, 34.985644],
            [-85.474889, 34.986972]
          ]
        ]
      }
    },
    {
      "type": "Feature",
      "id": "47_01504",
      "properties": {
        "state_puma_id": "47_01504",
        "state_name": "Tennessee",
        "state_fips": "47",
        "puma_name": "Knox County (North, East & South) PUMA"
      },
      "geometry": {
        "type": "Polygon",
        "coordinates": [
          [
            [-84.091762, 36.072095],
            [-83.944413, 36.186379],
            [-83.905169, 36.160906],
            [-83.732704, 36.164583],
            [-83.723703, 36.137483],
            [-83.691436, 36.121971],
            [-83.699405, 36.109469],
            [-83.667026, 36.086238],
            [-83.71029, 36.089061],
            [-83.694599, 36.058249],
            [-83.671169, 36.053105],
            [-83.677274, 36.025592],
            [-83.654605, 35.971937],
            [-83.687073, 35.949335],
            [-83.683965, 35.936692],
            [-83.693364, 35.9447],
            [-83.767242, 35.911862],
            [-83.850155, 35.842019],
            [-83.907542, 35.846626],
            [-83.945915, 35.876287],
            [-83.97461, 35.863054],
            [-84.000987, 35.881795],
            [-83.961689, 35.880924],
            [-83.987025, 35.929191],
            [-83.959657, 35.925993],
            [-83.952743, 35.949089],
            [-83.947786, 35.921234],
            [-83.8918, 35.909047],
            [-83.854794, 35.920236],
            [-83.866684, 35.92932],
            [-83.849666, 35.959035],
            [-83.856993, 35.986406],
            [-83.82455, 35.999355],
            [-83.830464, 36.014981],
            [-83.860816, 36.013191],
            [-83.879576, 36.077711],
            [-84.029176, 36.006034],
            [-84.070116, 36.028881],
            [-84.058585, 36.036304],
            [-84.094011, 36.069247],
            [-84.091762, 36.072095]
          ]
        ]
      }
    },
    {
      "type": "Feature",
      "id": "47_02101",
      "properties": {
        "state_puma_id": "47_02101",
        "state_name": "Tennessee",
        "state_fips": "47",
        "puma_name": "Williamson County--Brentwood & Franklin cities, Nolensville town (west) PUMA"
      },
      "geometry": {
        "type": "Polygon",
        "coordinates": [
          [
            [-86.94883, 35.94883],
            [-86.898474, 35.97917],
            [-86.844982, 35.955229],
            [-86.833056, 35.973339],
            [-86.846187, 35.981167],
            [-86.84938, 36.02548],
            [-86.832753, 36.041024],
            [-86.686164, 35.994092],
            [-86.661344, 35.938351],
            [-86.767387, 35.928238],
            [-86.759425, 35.899264],
            [-86.786042, 35.871741],
            [-86.774415, 35.812068],
            [-86.817536, 35.798498],
            [-86.850222, 35.805632],
            [-86.831646, 35.859487],
            [-86.88296, 35.873852],
            [-86.868287, 35.90679],
            [-86.904266, 35.90728],
            [-86.907412, 35.930425],
            [-86.948218, 35.948277],
            [-86.94883, 35.94883]
          ]
        ]
      }
    },
    {
      "type": "Feature",
      "id": "47_02200",
      "properties": {
        "state_puma_id": "47_02200",
        "state_name": "Tennessee",
        "state_fips": "47",
        "puma_name": "Maury County--Columbia & Spring Hill cities PUMA"
      },
      "geometry": {
        "type": "Polygon",
        "coordinates": [
          [
            [-87.354146, 35.610309],
            [-87.332768, 35.634672],
            [-87.339232, 35.65911],
            [-87.294946, 35.695252],
            [-87.258521, 35.697815],
            [-87.250343, 35.709133],
            [-87.265391, 35.719016],
            [-87.234143, 35.724691],
            [-87.215099, 35.850651],
            [-87.003959, 35.779028],
            [-86.92836, 35.778057],
            [-86.928979, 35.757196],
            [-86.782016, 35.706595],
            [-86.811864, 35.696412],
            [-86.849573, 35.525515],
            [-86.87128, 35.502486],
            [-86.875589, 35.521251],
            [-86.8806, 35.494003],
            [-86.919003, 35.456274],
            [-86.955004, 35.451474],
            [-86.964911, 35.411913],
            [-86.998805, 35.409573],
            [-87.030114, 35.432201],
            [-87.122529, 35.456061],
            [-87.193227, 35.430902],
            [-87.295242, 35.442128],
            [-87.276791, 35.470104],
            [-87.283626, 35.497916],
            [-87.269432, 35.505851],
            [-87.282393, 35.50486],
            [-87.289872, 35.548025],
            [-87.317721, 35.549104],
            [-87.314884, 35.567597],
            [-87.354349, 35.597134],
            [-87.354146, 35.610309]
          ]
        ]
      }
    },
    {
      "type": "Feature",
      "id": "47_01101",
      "properties": {
        "state_puma_id": "47_01101",
        "state_name": "Tennessee",
        "state_fips": "47",
        "puma_name": "Washington (South) & Carter Counties--Elizabethton city PUMA"
      },
      "geometry": {
        "type": "Polygon",
        "coordinates": [
          [
            [-82.651856, 36.180727],
            [-82.643057, 36.225907],
            [-82.571699, 36.245777],
            [-82.475619, 36.25037],
            [-82.436755, 36.271624],
            [-82.41306, 36.257529],
            [-82.379578, 36.280449],
            [-82.355761, 36.242807],
            [-82.34046, 36.252807],
            [-82.299859, 36.396505],
            [-82.242255, 36.421949],
            [-82.183453, 36.402808],
            [-82.099049, 36.45901],
            [-81.999086, 36.491954],
            [-81.928044, 36.567914],
            [-81.879137, 36.584322],
            [-81.866825, 36.604023],
            [-81.6469, 36.611918],
            [-81.707963, 36.536209],
            [-81.695311, 36.467912],
            [-81.741995, 36.41096],
            [-81.707438, 36.335171],
            [-81.764927, 36.338672],
            [-81.793597, 36.362209],
            [-81.908137, 36.302013],
            [-82.033141, 36.120422],
            [-82.127146, 36.104417],
            [-82.147948, 36.149516],
            [-82.176849, 36.142214],
            [-82.213852, 36.159112],
            [-82.247521, 36.130865],
            [-82.289455, 36.13571],
            [-82.355157, 36.115609],
            [-82.409458, 36.083409],
            [-82.460658, 36.007809],
            [-82.557874, 35.953901],
            [-82.610889, 35.967409],
            [-82.614362, 36.003506],
            [-82.5772, 36.078387],
            [-82.647769, 36.146404],
            [-82.651808, 36.176824],
            [-82.651856, 36.180727]
          ]
        ]
      }
    },
    {
      "type": "Feature",
      "id": "47_02404",
      "properties": {
        "state_puma_id": "47_02404",
        "state_name": "Tennessee",
        "state_fips": "47",
        "puma_name": "Nashville/Davidson County (North) PUMA"
      },
      "geometry": {
        "type": "Polygon",
        "coordinates": [
          [
            [-86.987831, 36.215515],
            [-86.920798, 36.3307],
            [-86.909198, 36.390256],
            [-86.877483, 36.372191],
            [-86.852919, 36.380135],
            [-86.825053, 36.349817],
            [-86.787357, 36.35964],
            [-86.791034, 36.37676],
            [-86.754795, 36.405496],
            [-86.731049, 36.382165],
            [-86.720959, 36.341911],
            [-86.666495, 36.303505],
            [-86.686418, 36.278532],
            [-86.63892, 36.209603],
            [-86.666678, 36.192801],
            [-86.685341, 36.243387],
            [-86.751569, 36.240678],
            [-86.772328, 36.228418],
            [-86.776137, 36.187965],
            [-86.814254, 36.201232],
            [-86.842019, 36.166614],
            [-86.900244, 36.206952],
            [-86.912658, 36.18841],
            [-86.887768, 36.158698],
            [-86.90461, 36.135589],
            [-86.939636, 36.154128],
            [-86.947846, 36.203444],
            [-86.987884, 36.214346],
            [-86.987831, 36.215515]
          ]
        ]
      }
    },
    {
      "type": "Feature",
      "id": "47_03500",
      "properties": {
        "state_puma_id": "47_03500",
        "state_name": "Tennessee",
        "state_fips": "47",
        "puma_name": "McMinn, Rhea & Bledsoe Counties--Athens city PUMA"
      },
      "geometry": {
        "type": "Polygon",
        "coordinates": [
          [
            [-85.436214, 35.541959],
            [-85.265387, 35.721237],
            [-85.270427, 35.747175],
            [-85.254062, 35.765611],
            [-85.073831, 35.760472],
            [-85.04114, 35.77177],
            [-85.028787, 35.746285],
            [-84.916062, 35.761939],
            [-84.781901, 35.825],
            [-84.789191, 35.814677],
            [-84.739616, 35.787492],
            [-84.754472, 35.75439],
            [-84.698416, 35.741814],
            [-84.69873, 35.717869],
            [-84.67654, 35.717501],
            [-84.672223, 35.702943],
            [-84.636309, 35.72429],
            [-84.619031, 35.70788],
            [-84.619865, 35.644651],
            [-84.525984, 35.628113],
            [-84.540328, 35.611744],
            [-84.52271, 35.607783],
            [-84.522628, 35.586136],
            [-84.504786, 35.586154],
            [-84.443282, 35.462746],
            [-84.451129, 35.455299],
            [-84.434027, 35.448645],
            [-84.443597, 35.433485],
            [-84.430826, 35.408274],
            [-84.409226, 35.398378],
            [-84.401025, 35.330374],
            [-84.454713, 35.318518],
            [-84.51613, 35.266472],
            [-84.667398, 35.268041],
            [-84.703607, 35.241043],
            [-84.703538, 35.258773],
            [-84.737384, 35.255359],
            [-84.752702, 35.272598],
            [-84.726539, 35.276273],
            [-84.72534, 35.289471],
            [-84.752707, 35.288595],
            [-84.877546, 35.357871],
            [-84.884046, 35.329172],
            [-84.946339, 35.287717],
            [-84.977749, 35.36107],
            [-85.008366, 35.383255],
            [-85.030369, 35.379122],
            [-85.016661, 35.409101],
            [-85.066908, 35.436476],
            [-85.102158, 35.428442],
            [-85.107257, 35.452425],
            [-85.125385, 35.459232],
            [-85.151233, 35.445205],
            [-85.168302, 35.455614],
            [-85.225877, 35.354276],
            [-85.403298, 35.49228],
            [-85.407345, 35.518099],
            [-85.43452, 35.540733],
            [-85.436214, 35.541959]
          ]
        ]
      }
    },
    {
      "type": "Feature",
      "id": "47_03300",
      "properties": {
        "state_puma_id": "47_03300",
        "state_name": "Tennessee",
        "state_fips": "47",
        "puma_name": "Warren, Marion & Sequatchie Counties--McMinnville city PUMA"
      },
      "geometry": {
        "type": "Polygon",
        "coordinates": [
          [
            [-85.997426, 35.711955],
            [-85.913867, 35.822506],
            [-85.872935, 35.846447],
            [-85.747257, 35.849369],
            [-85.600215, 35.793888],
            [-85.601085, 35.806515],
            [-85.571577, 35.806576],
            [-85.519775, 35.792077],
            [-85.518761, 35.815169],
            [-85.498026, 35.806458],
            [-85.474213, 35.822656],
            [-85.362267, 35.796774],
            [-85.265064, 35.821973],
            [-85.277535, 35.805095],
            [-85.253518, 35.766927],
            [-85.270427, 35.747175],
            [-85.265387, 35.721237],
            [-85.436214, 35.541959],
            [-85.407345, 35.518099],
            [-85.403298, 35.49228],
            [-85.225877, 35.354276],
            [-85.388448, 35.145504],
            [-85.39577, 35.105638],
            [-85.367467, 35.094965],
            [-85.365031, 35.072554],
            [-85.443542, 34.997116],
            [-85.4741053158651, 34.9830630878201],
            [-85.8639354755464, 34.9883790198068],
            [-85.863327, 35.22028],
            [-85.913593, 35.289189],
            [-85.904877, 35.330434],
            [-85.869478, 35.380435],
            [-85.886982, 35.38154],
            [-85.876962, 35.524095],
            [-85.948192, 35.573422],
            [-85.950184, 35.609874],
            [-85.990368, 35.650625],
            [-85.986835, 35.703961],
            [-85.997732, 35.709926],
            [-85.997426, 35.711955]
          ]
        ]
      }
    },
    {
      "type": "Feature",
      "id": "47_03100",
      "properties": {
        "state_puma_id": "47_03100",
        "state_name": "Tennessee",
        "state_fips": "47",
        "puma_name": "Bedford, Lincoln & Marshall Counties--Shelbyville & Lewisburg cities PUMA"
      },
      "geometry": {
        "type": "Polygon",
        "coordinates": [
          [
            [-86.960804, 35.417021],
            [-86.955004, 35.451474],
            [-86.919003, 35.456274],
            [-86.8806, 35.494003],
            [-86.875589, 35.521251],
            [-86.87128, 35.502486],
            [-86.849573, 35.525515],
            [-86.811864, 35.696412],
            [-86.782016, 35.706595],
            [-86.751651, 35.696447],
            [-86.746606, 35.707889],
            [-86.680652, 35.70957],
            [-86.639436, 35.6859],
            [-86.636362, 35.701982],
            [-86.543116, 35.697617],
            [-86.462181, 35.63785],
            [-86.416625, 35.649636],
            [-86.416866, 35.625559],
            [-86.402726, 35.618571],
            [-86.34194, 35.664259],
            [-86.245165, 35.631913],
            [-86.246872, 35.465375],
            [-86.234529, 35.453308],
            [-86.25055, 35.413202],
            [-86.288015, 35.40726],
            [-86.328792, 35.363677],
            [-86.409286, 35.346591],
            [-86.422338, 35.318846],
            [-86.459501, 35.327675],
            [-86.492356, 35.362113],
            [-86.539485, 35.335435],
            [-86.526962, 35.311487],
            [-86.410992, 35.25948],
            [-86.423775, 35.237286],
            [-86.415242, 35.22633],
            [-86.392192, 35.235381],
            [-86.366203, 35.124382],
            [-86.350579, 35.146621],
            [-86.344768, 35.129514],
            [-86.318168, 35.126986],
            [-86.3187611440952, 34.9911469680432],
            [-86.836306, 34.991764],
            [-86.8285, 35.293376],
            [-86.845688, 35.321021],
            [-86.859481, 35.298966],
            [-86.906451, 35.314075],
            [-86.901802, 35.338475],
            [-86.927535, 35.375142],
            [-86.922802, 35.406775],
            [-86.958054, 35.417934],
            [-86.960804, 35.417021]
          ]
        ]
      }
    },
    {
      "type": "Feature",
      "id": "47_00900",
      "properties": {
        "state_puma_id": "47_00900",
        "state_name": "Tennessee",
        "state_fips": "47",
        "puma_name": "Greene & Hawkins Counties--Greenville town PUMA"
      },
      "geometry": {
        "type": "Polygon",
        "coordinates": [
          [
            [-83.288896, 36.378789],
            [-83.274095, 36.384689],
            [-83.280595, 36.394689],
            [-83.193894, 36.42429],
            [-83.206937, 36.441559],
            [-83.162093, 36.46159],
            [-83.163194, 36.47789],
            [-83.124431, 36.512174],
            [-83.010789, 36.563691],
            [-82.950519, 36.543005],
            [-82.830433, 36.593761],
            [-82.609176, 36.594099],
            [-82.600569, 36.578819],
            [-82.616756, 36.578455],
            [-82.610175, 36.5193],
            [-82.628569, 36.51239],
            [-82.626776, 36.4954],
            [-82.702079, 36.455899],
            [-82.676177, 36.4234],
            [-82.702566, 36.410412],
            [-82.631794, 36.418769],
            [-82.647769, 36.146404],
            [-82.5772, 36.078387],
            [-82.602877, 36.039833],
            [-82.637165, 36.065805],
            [-82.776001, 36.000103],
            [-82.777751, 35.966912],
            [-82.821861, 35.921839],
            [-82.852554, 35.949089],
            [-82.8984628586304, 35.9450880979247],
            [-83.055448, 36.090668],
            [-83.101348, 36.120759],
            [-83.117004, 36.111112],
            [-83.166785, 36.150795],
            [-83.166085, 36.180894],
            [-83.081726, 36.244752],
            [-83.14579, 36.307894],
            [-83.16259, 36.345292],
            [-83.182491, 36.336192],
            [-83.17689, 36.312093],
            [-83.200991, 36.322192],
            [-83.215591, 36.293492],
            [-83.239592, 36.293492],
            [-83.232291, 36.282392],
            [-83.255292, 36.289092],
            [-83.27369, 36.319086],
            [-83.264894, 36.35119],
            [-83.287495, 36.375089],
            [-83.288896, 36.378789]
          ]
        ]
      }
    },
    {
      "type": "Feature",
      "id": "47_01800",
      "properties": {
        "state_puma_id": "47_01800",
        "state_name": "Tennessee",
        "state_fips": "47",
        "puma_name": "Cumberland, White & Fentress Counties--Crossville city PUMA"
      },
      "geometry": {
        "type": "Polygon",
        "coordinates": [
          [
            [-85.682886, 35.829359],
            [-85.658864, 35.825872],
            [-85.632449, 35.847385],
            [-85.673224, 35.854607],
            [-85.636062, 35.883783],
            [-85.669666, 35.884209],
            [-85.646756, 35.901375],
            [-85.663055, 35.967757],
            [-85.630493, 36.006469],
            [-85.643274, 36.024191],
            [-85.610501, 36.046218],
            [-85.584076, 36.037034],
            [-85.582834, 36.060418],
            [-85.560459, 36.073471],
            [-85.507677, 36.082012],
            [-85.372181, 36.052388],
            [-85.309363, 36.031592],
            [-85.311302, 35.992997],
            [-85.257012, 35.978492],
            [-85.246362, 36.100698],
            [-85.15275, 36.099544],
            [-85.131575, 36.130259],
            [-85.100213, 36.138561],
            [-85.119583, 36.144719],
            [-85.082497, 36.196171],
            [-85.122245, 36.304599],
            [-85.120445, 36.407164],
            [-85.102839, 36.409939],
            [-85.088459, 36.500065],
            [-85.051148, 36.526044],
            [-85.043924, 36.558791],
            [-85.010715, 36.574078],
            [-84.90779, 36.579476],
            [-84.784041, 36.524973],
            [-84.731839, 36.524674],
            [-84.659082, 36.395227],
            [-84.706354, 36.367997],
            [-84.724775, 36.376233],
            [-84.726904, 36.352837],
            [-84.745486, 36.351083],
            [-84.739936, 36.33664],
            [-84.774063, 36.334639],
            [-84.79568, 36.297689],
            [-84.866104, 36.292928],
            [-84.88385, 36.239121],
            [-84.914155, 36.20829],
            [-84.905735, 36.153537],
            [-84.870888, 36.136925],
            [-84.832377, 36.08401],
            [-84.80546, 36.090501],
            [-84.791936, 36.059371],
            [-84.720727, 35.994914],
            [-84.680633, 35.908454],
            [-84.770412, 35.829596],
            [-84.916062, 35.761939],
            [-85.028787, 35.746285],
            [-85.04114, 35.77177],
            [-85.073831, 35.760472],
            [-85.254062, 35.765611],
            [-85.274319, 35.784433],
            [-85.265064, 35.821973],
            [-85.362267, 35.796774],
            [-85.474213, 35.822656],
            [-85.498026, 35.806458],
            [-85.518761, 35.815169],
            [-85.524109, 35.791531],
            [-85.571577, 35.806576],
            [-85.601085, 35.806515],
            [-85.600215, 35.793888],
            [-85.682602, 35.827246],
            [-85.682886, 35.829359]
          ]
        ]
      }
    },
    {
      "type": "Feature",
      "id": "47_01201",
      "properties": {
        "state_puma_id": "47_01201",
        "state_name": "Tennessee",
        "state_fips": "47",
        "puma_name": "Washington County--Johnson City PUMA"
      },
      "geometry": {
        "type": "Polygon",
        "coordinates": [
          [
            [-82.698878, 36.4127],
            [-82.662877, 36.4425],
            [-82.601798, 36.423454],
            [-82.421572, 36.447254],
            [-82.407884, 36.423725],
            [-82.375387, 36.421198],
            [-82.386163, 36.392104],
            [-82.369413, 36.403057],
            [-82.299859, 36.396505],
            [-82.34046, 36.252807],
            [-82.355761, 36.242807],
            [-82.379578, 36.280449],
            [-82.41306, 36.257529],
            [-82.436755, 36.271624],
            [-82.475619, 36.25037],
            [-82.51998, 36.254553],
            [-82.643057, 36.225907],
            [-82.631794, 36.418769],
            [-82.702566, 36.410412],
            [-82.698878, 36.4127]
          ]
        ]
      }
    },
    {
      "type": "Feature",
      "id": "47_02102",
      "properties": {
        "state_puma_id": "47_02102",
        "state_name": "Tennessee",
        "state_fips": "47",
        "puma_name": "Williamson County--Thompson Station town & Fairview city PUMA"
      },
      "geometry": {
        "type": "Polygon",
        "coordinates": [
          [
            [-87.2122, 35.867363],
            [-87.201426, 35.940579],
            [-87.21199, 35.970082],
            [-87.190826, 35.975884],
            [-87.182573, 36.049726],
            [-87.053722, 36.045582],
            [-87.039386, 35.989242],
            [-86.928602, 36.052909],
            [-86.832753, 36.041024],
            [-86.84938, 36.02548],
            [-86.846187, 35.981167],
            [-86.833056, 35.973339],
            [-86.844982, 35.955229],
            [-86.898474, 35.97917],
            [-86.94883, 35.94883],
            [-86.907412, 35.930425],
            [-86.904266, 35.90728],
            [-86.868287, 35.90679],
            [-86.88296, 35.873852],
            [-86.831646, 35.859487],
            [-86.844041, 35.798716],
            [-86.774415, 35.812068],
            [-86.786042, 35.871741],
            [-86.759425, 35.899264],
            [-86.767387, 35.928238],
            [-86.661344, 35.938351],
            [-86.681889, 35.989399],
            [-86.6186, 35.971336],
            [-86.628, 35.910163],
            [-86.600032, 35.849994],
            [-86.625534, 35.832249],
            [-86.611806, 35.824469],
            [-86.625198, 35.808897],
            [-86.613531, 35.809965],
            [-86.613328, 35.790331],
            [-86.662855, 35.790934],
            [-86.661266, 35.767431],
            [-86.696904, 35.752334],
            [-86.699281, 35.717837],
            [-86.686193, 35.710051],
            [-86.746606, 35.707889],
            [-86.751651, 35.696447],
            [-86.928979, 35.757196],
            [-86.92836, 35.778057],
            [-87.003959, 35.779028],
            [-87.215099, 35.850651],
            [-87.2122, 35.867363]
          ]
        ]
      }
    },
    {
      "type": "Feature",
      "id": "47_02002",
      "properties": {
        "state_puma_id": "47_02002",
        "state_name": "Tennessee",
        "state_fips": "47",
        "puma_name": "Rutherford County--Smyrna town & La Vergne city PUMA"
      },
      "geometry": {
        "type": "Polygon",
        "coordinates": [
          [
            [-86.628, 35.910163],
            [-86.612335, 36.009994],
            [-86.562427, 36.035323],
            [-86.546884, 36.087817],
            [-86.52749, 36.07402],
            [-86.530786, 36.05762],
            [-86.521083, 36.072395],
            [-86.499957, 36.068483],
            [-86.510603, 36.056543],
            [-86.496503, 36.039996],
            [-86.452843, 36.031457],
            [-86.473294, 36.01186],
            [-86.469656, 35.9934],
            [-86.455239, 35.999646],
            [-86.472998, 35.983668],
            [-86.455331, 35.956524],
            [-86.479824, 35.937907],
            [-86.468019, 35.921716],
            [-86.481172, 35.889292],
            [-86.520857, 35.925014],
            [-86.520898, 35.90585],
            [-86.540811, 35.912075],
            [-86.573422, 35.881503],
            [-86.615132, 35.88944],
            [-86.626345, 35.907251],
            [-86.628, 35.910163]
          ]
        ]
      }
    },
    {
      "type": "Feature",
      "id": "47_00700",
      "properties": {
        "state_puma_id": "47_00700",
        "state_name": "Tennessee",
        "state_fips": "47",
        "puma_name": "Putnam & Overton Counties--Cookeville city PUMA"
      },
      "geometry": {
        "type": "Polygon",
        "coordinates": [
          [
            [-85.812979, 36.508635],
            [-85.7886129951215, 36.6218452013294],
            [-85.195372, 36.625498],
            [-84.7853995566039, 36.6033748414415],
            [-84.731839, 36.524674],
            [-84.784041, 36.524973],
            [-84.90779, 36.579476],
            [-85.010715, 36.574078],
            [-85.051194, 36.551818],
            [-85.051148, 36.526044],
            [-85.088459, 36.500065],
            [-85.102839, 36.409939],
            [-85.120445, 36.407164],
            [-85.122245, 36.304599],
            [-85.082497, 36.196171],
            [-85.119583, 36.144719],
            [-85.100213, 36.138561],
            [-85.131575, 36.130259],
            [-85.15275, 36.099544],
            [-85.246362, 36.100698],
            [-85.257012, 35.978492],
            [-85.311302, 35.992997],
            [-85.309363, 36.031592],
            [-85.506291, 36.081827],
            [-85.560459, 36.073471],
            [-85.582834, 36.060418],
            [-85.584076, 36.037034],
            [-85.611138, 36.04605],
            [-85.651048, 36.012328],
            [-85.688333, 36.069524],
            [-85.775976, 36.078328],
            [-85.769835, 36.094981],
            [-85.807415, 36.131582],
            [-85.803631, 36.170344],
            [-85.783732, 36.174819],
            [-85.803052, 36.174731],
            [-85.795517, 36.191738],
            [-85.809168, 36.206598],
            [-85.782939, 36.211426],
            [-85.779621, 36.24889],
            [-85.739626, 36.22751],
            [-85.629206, 36.212805],
            [-85.526197, 36.239626],
            [-85.533915, 36.258743],
            [-85.512571, 36.256879],
            [-85.490441, 36.286801],
            [-85.495422, 36.403074],
            [-85.564358, 36.475229],
            [-85.696107, 36.49597],
            [-85.704075, 36.522395],
            [-85.736389, 36.518933],
            [-85.715799, 36.497517],
            [-85.75359, 36.499051],
            [-85.767125, 36.517197],
            [-85.813885, 36.499473],
            [-85.812979, 36.508635]
          ]
        ]
      }
    },
    {
      "type": "Feature",
      "id": "47_02406",
      "properties": {
        "state_puma_id": "47_02406",
        "state_name": "Tennessee",
        "state_fips": "47",
        "puma_name": "Nashville/Davidson County--West Nashville, Green Hills & Bellevue PUMA"
      },
      "geometry": {
        "type": "Polygon",
        "coordinates": [
          [
            [-87.054705, 36.049986],
            [-87.041362, 36.041312],
            [-87.038173, 36.094314],
            [-86.997705, 36.128512],
            [-86.983613, 36.209566],
            [-86.947846, 36.203444],
            [-86.939636, 36.154128],
            [-86.90461, 36.135589],
            [-86.887768, 36.158698],
            [-86.912232, 36.194987],
            [-86.886369, 36.204011],
            [-86.835138, 36.168221],
            [-86.836549, 36.153922],
            [-86.821864, 36.158874],
            [-86.812642, 36.124633],
            [-86.773311, 36.116129],
            [-86.762449, 36.093221],
            [-86.783079, 36.034886],
            [-86.928602, 36.052909],
            [-87.028336, 35.989857],
            [-87.039386, 35.989242],
            [-87.05453, 36.048776],
            [-87.054705, 36.049986]
          ]
        ]
      }
    },
    {
      "type": "Feature",
      "id": "47_00200",
      "properties": {
        "state_puma_id": "47_00200",
        "state_name": "Tennessee",
        "state_fips": "47",
        "puma_name": "Henry, Carol & Humphreys Counties--Paris city PUMA"
      },
      "geometry": {
        "type": "Polygon",
        "coordinates": [
          [
            [-88.706002, 35.796042],
            [-88.692709, 36.062746],
            [-88.653843, 36.064294],
            [-88.655488, 36.117338],
            [-88.532233, 36.115416],
            [-88.5163456859488, 36.5014314866172],
            [-88.053205, 36.497129],
            [-88.032489, 36.540662],
            [-88.070532, 36.678118],
            [-87.849567, 36.663701],
            [-87.853204, 36.633247],
            [-87.64115, 36.638036],
            [-87.586957, 36.34178],
            [-87.513533, 36.334713],
            [-87.523627, 36.24889],
            [-87.566798, 36.177857],
            [-87.544519, 36.094158],
            [-87.552372, 36.016007],
            [-87.529791, 35.975647],
            [-87.562229, 35.948253],
            [-87.61186, 35.949981],
            [-87.658661, 35.915477],
            [-87.70696, 35.905884],
            [-87.71676, 35.83875],
            [-87.818202, 35.836779],
            [-87.848609, 35.804021],
            [-87.910297, 35.838336],
            [-87.96274, 35.840921],
            [-87.970738, 35.815705],
            [-88.028195, 35.811021],
            [-88.029504, 35.839803],
            [-88.061464, 35.850329],
            [-88.084519, 35.837774],
            [-88.177859, 35.845841],
            [-88.179177, 35.816785],
            [-88.569047, 35.824829],
            [-88.599836, 35.789165],
            [-88.706811, 35.791075],
            [-88.706002, 35.796042]
          ]
        ]
      }
    },
    {
      "type": "Feature",
      "id": "47_02800",
      "properties": {
        "state_puma_id": "47_02800",
        "state_name": "Tennessee",
        "state_fips": "47",
        "puma_name": "Madison & Chester Counties--Jackson city PUMA"
      },
      "geometry": {
        "type": "Polygon",
        "coordinates": [
          [
            [-89.078847, 35.432067],
            [-89.069544, 35.692679],
            [-89.021364, 35.670953],
            [-88.892938, 35.783842],
            [-88.916181, 35.797307],
            [-88.606862, 35.789354],
            [-88.613611, 35.588089],
            [-88.56557, 35.587088],
            [-88.529617, 35.531835],
            [-88.469106, 35.495882],
            [-88.414582, 35.482339],
            [-88.364005, 35.492801],
            [-88.351765, 35.406735],
            [-88.370629, 35.374818],
            [-88.521975, 35.385097],
            [-88.641054, 35.360926],
            [-88.663831, 35.339419],
            [-88.653924, 35.317571],
            [-88.679036, 35.323426],
            [-88.719761, 35.24755],
            [-88.781768, 35.247587],
            [-88.792777, 35.329188],
            [-88.842036, 35.384447],
            [-88.841607, 35.427826],
            [-89.078876, 35.431428],
            [-89.078847, 35.432067]
          ]
        ]
      }
    },
    {
      "type": "Feature",
      "id": "47_02700",
      "properties": {
        "state_puma_id": "47_02700",
        "state_name": "Tennessee",
        "state_fips": "47",
        "puma_name": "Gibson, Lauderdale & Haywood Counties--Brownsville city PUMA"
      },
      "geometry": {
        "type": "Polygon",
        "coordinates": [
          [
            [-89.958336, 35.72656],
            [-89.911984, 35.758313],
            [-89.825451, 35.745188],
            [-89.79895, 35.759356],
            [-89.799565, 35.788331],
            [-89.781662, 35.805228],
            [-89.72817, 35.802697],
            [-89.696497, 35.820583],
            [-89.69741, 35.836683],
            [-89.773858, 35.86766],
            [-89.743132, 35.911176],
            [-89.663284, 35.874703],
            [-89.645617, 35.885833],
            [-89.635957, 35.923664],
            [-89.557965, 35.937704],
            [-89.506854, 35.924386],
            [-89.490925, 35.947723],
            [-89.406965, 35.946599],
            [-89.342829, 35.880934],
            [-89.280148, 35.886499],
            [-89.198345, 35.970209],
            [-89.188844, 35.99976],
            [-89.206182, 36.013764],
            [-89.163862, 36.02619],
            [-89.154464, 36.204678],
            [-88.961232, 36.201635],
            [-88.959839, 36.222834],
            [-88.840884, 36.123495],
            [-88.759112, 36.109655],
            [-88.694209, 36.066356],
            [-88.706002, 35.796042],
            [-88.916181, 35.797307],
            [-88.892938, 35.783842],
            [-89.021364, 35.670953],
            [-89.069544, 35.692679],
            [-89.078876, 35.431428],
            [-89.182551, 35.432816],
            [-89.183944, 35.397126],
            [-89.474171, 35.403039],
            [-89.469862, 35.546566],
            [-89.482701, 35.54664],
            [-89.484156, 35.574362],
            [-89.602153, 35.623777],
            [-89.623015, 35.652344],
            [-89.66654, 35.631269],
            [-89.758116, 35.650361],
            [-89.793566, 35.639949],
            [-89.824146, 35.603139],
            [-89.884497, 35.584976],
            [-89.911948, 35.535926],
            [-89.912881, 35.549094],
            [-89.941995, 35.556903],
            [-89.956592, 35.590622],
            [-89.856619, 35.634444],
            [-89.851176, 35.657432],
            [-89.8622, 35.670419],
            [-89.898916, 35.650904],
            [-89.92735, 35.659461],
            [-89.955665, 35.690089],
            [-89.958877, 35.723049],
            [-89.958336, 35.72656]
          ]
        ]
      }
    },
    {
      "type": "Feature",
      "id": "47_02504",
      "properties": {
        "state_puma_id": "47_02504",
        "state_name": "Tennessee",
        "state_fips": "47",
        "puma_name": "Shelby County (North)--Bartlett (North & East), Millington & Lakeland cities PUMA"
      },
      "geometry": {
        "type": "Polygon",
        "coordinates": [
          [
            [-90.168871, 35.281997],
            [-90.157325, 35.301492],
            [-90.109966, 35.304988],
            [-90.0809533836107, 35.3859117613597],
            [-90.041563, 35.39662],
            [-89.778755, 35.38782],
            [-89.776736, 35.405173],
            [-89.70928, 35.409483],
            [-89.702893, 35.389059],
            [-89.642796, 35.387983],
            [-89.645718, 35.3716],
            [-89.632776, 35.375824],
            [-89.637703, 35.276631],
            [-89.813292, 35.185521],
            [-89.814801, 35.204786],
            [-89.840496, 35.204974],
            [-89.836277, 35.229031],
            [-89.894187, 35.22134],
            [-89.880314, 35.24139],
            [-89.92588, 35.243098],
            [-89.929427, 35.26294],
            [-89.983713, 35.261684],
            [-90.023331, 35.216887],
            [-90.045908, 35.215963],
            [-90.0665291739856, 35.1529929547745],
            [-90.116743, 35.186906],
            [-90.075466, 35.214047],
            [-90.092603, 35.246775],
            [-90.152094, 35.255989],
            [-90.168794, 35.279088],
            [-90.168871, 35.281997]
          ]
        ]
      }
    },
    {
      "type": "Feature",
      "id": "47_02003",
      "properties": {
        "state_puma_id": "47_02003",
        "state_name": "Tennessee",
        "state_fips": "47",
        "puma_name": "Rutherford County (North, East and South) PUMA"
      },
      "geometry": {
        "type": "Polygon",
        "coordinates": [
          [
            [-86.700265, 35.722621],
            [-86.696904, 35.752334],
            [-86.661266, 35.767431],
            [-86.662855, 35.790934],
            [-86.613328, 35.790331],
            [-86.613531, 35.809965],
            [-86.625198, 35.808897],
            [-86.611806, 35.824469],
            [-86.625534, 35.832249],
            [-86.600032, 35.849994],
            [-86.621372, 35.882569],
            [-86.573422, 35.881503],
            [-86.540811, 35.912075],
            [-86.520898, 35.90585],
            [-86.520857, 35.925014],
            [-86.481172, 35.889292],
            [-86.490224, 35.843594],
            [-86.472364, 35.800817],
            [-86.427748, 35.787349],
            [-86.417672, 35.822188],
            [-86.405116, 35.802874],
            [-86.3308, 35.810822],
            [-86.346906, 35.879279],
            [-86.328939, 35.904774],
            [-86.374911, 35.897139],
            [-86.409391, 35.912937],
            [-86.420119, 35.89989],
            [-86.449688, 35.915656],
            [-86.471564, 35.946958],
            [-86.456314, 35.968456],
            [-86.472998, 35.983668],
            [-86.454648, 35.989105],
            [-86.473294, 36.01186],
            [-86.452843, 36.031457],
            [-86.47968, 36.027346],
            [-86.499764, 36.04257],
            [-86.510912, 36.059099],
            [-86.497072, 36.066139],
            [-86.521083, 36.072395],
            [-86.515589, 36.10061],
            [-86.439752, 36.051836],
            [-86.382528, 36.035251],
            [-86.376999, 36.012043],
            [-86.310363, 35.978563],
            [-86.24637, 35.960233],
            [-86.161094, 35.963214],
            [-86.141766, 35.914374],
            [-86.173099, 35.874157],
            [-86.183484, 35.763443],
            [-86.20792, 35.732286],
            [-86.207147, 35.70379],
            [-86.246817, 35.685428],
            [-86.245165, 35.631913],
            [-86.34194, 35.664259],
            [-86.402726, 35.618571],
            [-86.416866, 35.625559],
            [-86.416625, 35.649636],
            [-86.462181, 35.63785],
            [-86.519442, 35.677751],
            [-86.515516, 35.688396],
            [-86.623605, 35.702833],
            [-86.642389, 35.686235],
            [-86.699281, 35.717837],
            [-86.700265, 35.722621]
          ]
        ]
      }
    },
    {
      "type": "Feature",
      "id": "47_01000",
      "properties": {
        "state_puma_id": "47_01000",
        "state_name": "Tennessee",
        "state_fips": "47",
        "puma_name": "Sullivan County--Kingsport & Bristol cities PUMA"
      },
      "geometry": {
        "type": "Polygon",
        "coordinates": [
          [
            [-82.702079, 36.455899],
            [-82.626776, 36.4954],
            [-82.628569, 36.51239],
            [-82.610175, 36.5193],
            [-82.609176, 36.594099],
            [-81.934144, 36.594213],
            [-81.922644, 36.616213],
            [-81.829171, 36.609263],
            [-81.928044, 36.567914],
            [-81.999086, 36.491954],
            [-82.099049, 36.45901],
            [-82.188053, 36.400608],
            [-82.242255, 36.421949],
            [-82.288615, 36.39517],
            [-82.369413, 36.403057],
            [-82.386163, 36.392104],
            [-82.375387, 36.421198],
            [-82.407884, 36.423725],
            [-82.421572, 36.447254],
            [-82.601798, 36.423454],
            [-82.662877, 36.4425],
            [-82.683671, 36.431196],
            [-82.702279, 36.455499],
            [-82.702079, 36.455899]
          ]
        ]
      }
    },
    {
      "type": "Feature",
      "id": "47_02401",
      "properties": {
        "state_puma_id": "47_02401",
        "state_name": "Tennessee",
        "state_fips": "47",
        "puma_name": "Nashville/Davidson County--Downtown, East & North Nashville PUMA"
      },
      "geometry": {
        "type": "Polygon",
        "coordinates": [
          [
            [-86.843858, 36.163247],
            [-86.814254, 36.201232],
            [-86.776137, 36.187965],
            [-86.766516, 36.234257],
            [-86.712707, 36.234989],
            [-86.690109, 36.190402],
            [-86.712976, 36.167213],
            [-86.775159, 36.149175],
            [-86.758031, 36.137581],
            [-86.773311, 36.116129],
            [-86.812642, 36.124633],
            [-86.821864, 36.158874],
            [-86.841902, 36.162385],
            [-86.843858, 36.163247]
          ]
        ]
      }
    },
    {
      "type": "Feature",
      "id": "47_03401",
      "properties": {
        "state_puma_id": "47_03401",
        "state_name": "Tennessee",
        "state_fips": "47",
        "puma_name": "Chattanooga city (South & Central) PUMA"
      },
      "geometry": {
        "type": "Polygon",
        "coordinates": [
          [
            [-85.365543, 34.983803],
            [-85.326411, 35.025321],
            [-85.32578, 35.052338],
            [-85.283993, 35.057666],
            [-85.270323, 35.09091],
            [-85.218367, 35.080219],
            [-85.228461, 35.07155],
            [-85.212877, 35.067911],
            [-85.2412, 35.065498],
            [-85.237306, 35.047086],
            [-85.179016, 35.052769],
            [-85.123924, 35.020191],
            [-85.1438855336063, 34.9862938617334],
            [-85.365611, 34.983383],
            [-85.365543, 34.983803]
          ]
        ]
      }
    },
    {
      "type": "Feature",
      "id": "47_02508",
      "properties": {
        "state_puma_id": "47_02508",
        "state_name": "Tennessee",
        "state_fips": "47",
        "puma_name": "Memphis City (Southwest) PUMA"
      },
      "geometry": {
        "type": "Polygon",
        "coordinates": [
          [
            [-90.310453, 35.002696],
            [-90.292348, 35.041356],
            [-90.207315, 35.025773],
            [-90.177615, 35.063842],
            [-90.176843, 35.112088],
            [-90.141805, 35.133041],
            [-90.095009, 35.117535],
            [-90.0753626491314, 35.1273009315313],
            [-90.091692, 35.084691],
            [-90.075899, 35.076477],
            [-89.906978, 35.078254],
            [-89.90783, 35.051124],
            [-89.88621, 35.050539],
            [-89.875017, 35.020348],
            [-89.848681, 35.020399],
            [-89.8483845951183, 34.9941931940018],
            [-90.3099773374116, 35.0011039400364],
            [-90.310453, 35.002696]
          ]
        ]
      }
    },
    {
      "type": "Feature",
      "id": "47_02405",
      "properties": {
        "state_puma_id": "47_02405",
        "state_name": "Tennessee",
        "state_fips": "47",
        "puma_name": "Nashville/Davidson County--Antioch, South Nashville PUMA"
      },
      "geometry": {
        "type": "MultiPolygon",
        "coordinates": [
          [
            [
              [-86.522556, 36.141284],
              [-86.521057, 36.141141],
              [-86.52168, 36.137606],
              [-86.521736, 36.137294],
              [-86.523452, 36.137463],
              [-86.522556, 36.141284]
            ]
          ],
          [
            [
              [-86.74362, 36.115176],
              [-86.71924, 36.116735],
              [-86.697251, 36.144349],
              [-86.658041, 36.141076],
              [-86.659003, 36.118366],
              [-86.630286, 36.112073],
              [-86.609517, 36.115741],
              [-86.610364, 36.13206],
              [-86.559689, 36.122956],
              [-86.525559, 36.13854],
              [-86.535943, 36.108166],
              [-86.515589, 36.10061],
              [-86.524384, 36.059021],
              [-86.546884, 36.087817],
              [-86.562427, 36.035323],
              [-86.612691, 36.007523],
              [-86.711984, 36.101007],
              [-86.734515, 36.090847],
              [-86.742984, 36.113359],
              [-86.74362, 36.115176]
            ]
          ]
        ]
      }
    },
    {
      "type": "Feature",
      "id": "47_03700",
      "properties": {
        "state_puma_id": "47_03700",
        "state_name": "Tennessee",
        "state_fips": "47",
        "puma_name": "Loudon & Monroe Counties--Lenoir City PUMA"
      },
      "geometry": {
        "type": "MultiPolygon",
        "coordinates": [
          [
            [
              [-84.548777, 35.673213],
              [-84.544534, 35.673179],
              [-84.544214, 35.676893],
              [-84.539774, 35.67684],
              [-84.539962, 35.67051],
              [-84.539963, 35.670465],
              [-84.540219, 35.670466],
              [-84.548774, 35.670536],
              [-84.548777, 35.673213]
            ]
          ],
          [
            [
              [-84.58441, 35.651607],
              [-84.521936, 35.676597],
              [-84.531803, 35.687606],
              [-84.516891, 35.71204],
              [-84.448558, 35.759426],
              [-84.435166, 35.748212],
              [-84.416415, 35.776451],
              [-84.388607, 35.768352],
              [-84.379668, 35.817439],
              [-84.337898, 35.839865],
              [-84.32997, 35.892904],
              [-84.28383, 35.874865],
              [-84.279297, 35.902846],
              [-84.165653, 35.807019],
              [-84.179499, 35.768449],
              [-84.151955, 35.757554],
              [-84.172812, 35.712756],
              [-84.133072, 35.660733],
              [-84.151652, 35.627498],
              [-84.188319, 35.610549],
              [-84.181868, 35.598892],
              [-84.130953, 35.576313],
              [-84.112319, 35.587456],
              [-84.085507, 35.541372],
              [-83.995926, 35.55294],
              [-83.993431, 35.527767],
              [-84.009842, 35.510955],
              [-83.987343, 35.487483],
              [-83.974534, 35.501148],
              [-83.93854, 35.487773],
              [-84.023007, 35.411684],
              [-84.007586, 35.371661],
              [-84.038327, 35.347813],
              [-84.02141, 35.301383],
              [-84.052612, 35.269982],
              [-84.098068, 35.247209],
              [-84.188417, 35.239979],
              [-84.223718, 35.269078],
              [-84.29024, 35.225572],
              [-84.292319677455, 35.2066890084035],
              [-84.325722, 35.219377],
              [-84.344323, 35.204276],
              [-84.356923, 35.233676],
              [-84.495529, 35.285472],
              [-84.454713, 35.318518],
              [-84.401025, 35.330374],
              [-84.409226, 35.398378],
              [-84.430826, 35.408274],
              [-84.443597, 35.433485],
              [-84.434027, 35.448645],
              [-84.451129, 35.455299],
              [-84.443282, 35.462746],
              [-84.504786, 35.586154],
              [-84.522628, 35.586136],
              [-84.52271, 35.607783],
              [-84.540328, 35.611744],
              [-84.525984, 35.628113],
              [-84.547603, 35.641327],
              [-84.584296, 35.633086],
              [-84.584472, 35.644424],
              [-84.58441, 35.651607]
            ]
          ]
        ]
      }
    },
    {
      "type": "Feature",
      "id": "47_01503",
      "properties": {
        "state_puma_id": "47_01503",
        "state_name": "Tennessee",
        "state_fips": "47",
        "puma_name": "Knox County (Northwest) PUMA"
      },
      "geometry": {
        "type": "Polygon",
        "coordinates": [
          [
            [-84.27347, 35.939278],
            [-84.237583, 35.929646],
            [-84.24536, 35.953134],
            [-84.215902, 35.946382],
            [-84.215759, 35.97331],
            [-84.192287, 35.995488],
            [-84.147212, 35.987327],
            [-84.069173, 36.029213],
            [-84.029176, 36.006034],
            [-83.996881, 36.024911],
            [-83.958556, 36.000167],
            [-83.979318, 35.981347],
            [-83.965884, 35.959093],
            [-84.016206, 35.934789],
            [-84.240753, 35.876654],
            [-84.271309, 35.907351],
            [-84.252675, 35.920386],
            [-84.272889, 35.936694],
            [-84.27347, 35.939278]
          ]
        ]
      }
    },
    {
      "type": "Feature",
      "id": "47_02506",
      "properties": {
        "state_puma_id": "47_02506",
        "state_name": "Tennessee",
        "state_fips": "47",
        "puma_name": "Shelby County (Southeast)--Collierville town & Germantown city PUMA"
      },
      "geometry": {
        "type": "Polygon",
        "coordinates": [
          [
            [-89.848578, 35.005821],
            [-89.8309, 35.00586],
            [-89.831188, 35.023796],
            [-89.814393, 35.044919],
            [-89.795908, 35.039709],
            [-89.793425, 35.056153],
            [-89.845436, 35.097179],
            [-89.834616, 35.121127],
            [-89.640886, 35.081545],
            [-89.6440499795058, 34.9952920623604],
            [-89.848453, 35.003786],
            [-89.848578, 35.005821]
          ]
        ]
      }
    },
    {
      "type": "Feature",
      "id": "47_02505",
      "properties": {
        "state_puma_id": "47_02505",
        "state_name": "Tennessee",
        "state_fips": "47",
        "puma_name": "Shelby County (East)--Memphis city (East) & Arlington town (South) PUMA"
      },
      "geometry": {
        "type": "Polygon",
        "coordinates": [
          [
            [-89.879538, 35.156481],
            [-89.637703, 35.276631],
            [-89.642603, 35.080021],
            [-89.734293, 35.110579],
            [-89.762734, 35.103044],
            [-89.84379, 35.121255],
            [-89.87942, 35.156279],
            [-89.879538, 35.156481]
          ]
        ]
      }
    },
    {
      "type": "Feature",
      "id": "47_02502",
      "properties": {
        "state_puma_id": "47_02502",
        "state_name": "Tennessee",
        "state_fips": "47",
        "puma_name": "Memphis City (Central Midtown) PUMA"
      },
      "geometry": {
        "type": "Polygon",
        "coordinates": [
          [
            [-89.972082, 35.078767],
            [-89.964388, 35.182964],
            [-89.922662, 35.201798],
            [-89.855095, 35.132807],
            [-89.867535, 35.130949],
            [-89.875, 35.085552],
            [-89.974509, 35.076756],
            [-89.972082, 35.078767]
          ]
        ]
      }
    },
    {
      "type": "Feature",
      "id": "47_02503",
      "properties": {
        "state_puma_id": "47_02503",
        "state_name": "Tennessee",
        "state_fips": "47",
        "puma_name": "Memphis (North) & Bartlett (Southwest) cities PUMA"
      },
      "geometry": {
        "type": "Polygon",
        "coordinates": [
          [
            [-90.050292, 35.201633],
            [-89.994009, 35.259699],
            [-89.929427, 35.26294],
            [-89.92588, 35.243098],
            [-89.880314, 35.24139],
            [-89.894187, 35.22134],
            [-89.836277, 35.229031],
            [-89.840496, 35.204974],
            [-89.814801, 35.204786],
            [-89.813292, 35.185521],
            [-89.879538, 35.156481],
            [-89.924161, 35.20242],
            [-89.962993, 35.182974],
            [-90.051719, 35.197169],
            [-90.050292, 35.201633]
          ]
        ]
      }
    },
    {
      "type": "Feature",
      "id": "47_02501",
      "properties": {
        "state_puma_id": "47_02501",
        "state_name": "Tennessee",
        "state_fips": "47",
        "puma_name": "Memphis City (Central Riverside) PUMA"
      },
      "geometry": {
        "type": "Polygon",
        "coordinates": [
          [
            [-90.091692, 35.084691],
            [-90.065182, 35.139401],
            [-90.064414, 35.178953],
            [-90.045373, 35.193744],
            [-89.964388, 35.182964],
            [-89.974509, 35.076756],
            [-90.091121, 35.084042],
            [-90.091692, 35.084691]
          ]
        ]
      }
    },
    {
      "type": "Feature",
      "id": "47_01502",
      "properties": {
        "state_puma_id": "47_01502",
        "state_name": "Tennessee",
        "state_fips": "47",
        "puma_name": "Knox County (Southwest) PUMA"
      },
      "geometry": {
        "type": "Polygon",
        "coordinates": [
          [
            [-84.240753, 35.876654],
            [-83.947056, 35.951513],
            [-83.959657, 35.925993],
            [-83.987025, 35.929191],
            [-83.964284, 35.878274],
            [-84.026781, 35.877319],
            [-84.009367, 35.844179],
            [-84.047509, 35.852286],
            [-84.054959, 35.827578],
            [-84.078959, 35.85079],
            [-84.122466, 35.830873],
            [-84.122981, 35.844395],
            [-84.145659, 35.849586],
            [-84.134248, 35.834169],
            [-84.146702, 35.794977],
            [-84.239327, 35.875502],
            [-84.240753, 35.876654]
          ]
        ]
      }
    },
    {
      "type": "Feature",
      "id": "47_02507",
      "properties": {
        "state_puma_id": "47_02507",
        "state_name": "Tennessee",
        "state_fips": "47",
        "puma_name": "Memphis City (Southeast) PUMA"
      },
      "geometry": {
        "type": "Polygon",
        "coordinates": [
          [
            [-89.907621, 35.055047],
            [-89.906978, 35.078254],
            [-89.872772, 35.087098],
            [-89.867535, 35.130949],
            [-89.855095, 35.132807],
            [-89.834616, 35.121127],
            [-89.845436, 35.097179],
            [-89.830268, 35.094708],
            [-89.829637, 35.077703],
            [-89.793194, 35.060388],
            [-89.795908, 35.039709],
            [-89.814393, 35.044919],
            [-89.831188, 35.023796],
            [-89.8309, 35.00586],
            [-89.875017, 35.020348],
            [-89.88621, 35.050539],
            [-89.90783, 35.051124],
            [-89.907621, 35.055047]
          ]
        ]
      }
    },
    {
      "type": "Feature",
      "id": "47_01501",
      "properties": {
        "state_puma_id": "47_01501",
        "state_name": "Tennessee",
        "state_fips": "47",
        "puma_name": "Knoxville city (Central) PUMA"
      },
      "geometry": {
        "type": "Polygon",
        "coordinates": [
          [
            [-83.994764, 36.025513],
            [-83.879576, 36.077711],
            [-83.860816, 36.013191],
            [-83.830464, 36.014981],
            [-83.82455, 35.999355],
            [-83.856993, 35.986406],
            [-83.849666, 35.959035],
            [-83.866684, 35.92932],
            [-83.854794, 35.920236],
            [-83.8918, 35.909047],
            [-83.947786, 35.921234],
            [-83.947056, 35.951513],
            [-83.97965, 35.95257],
            [-83.965884, 35.959093],
            [-83.979318, 35.981347],
            [-83.958556, 36.000167],
            [-83.996881, 36.024911],
            [-83.994764, 36.025513]
          ]
        ]
      }
    },
    {
      "type": "Feature",
      "id": "47_02403",
      "properties": {
        "state_puma_id": "47_02403",
        "state_name": "Tennessee",
        "state_fips": "47",
        "puma_name": "Nashville/Davidson County--Donelson, Hermitage & Old Hickory PUMA"
      },
      "geometry": {
        "type": "Polygon",
        "coordinates": [
          [
            [-86.773261, 36.149671],
            [-86.712976, 36.167213],
            [-86.690851, 36.188947],
            [-86.705649, 36.244607],
            [-86.684139, 36.242107],
            [-86.66874, 36.193606],
            [-86.639087, 36.208113],
            [-86.686418, 36.278532],
            [-86.671863, 36.300997],
            [-86.642, 36.288251],
            [-86.639095, 36.255105],
            [-86.594286, 36.245105],
            [-86.550926, 36.144355],
            [-86.559689, 36.122956],
            [-86.610364, 36.13206],
            [-86.611634, 36.114007],
            [-86.643986, 36.113339],
            [-86.659003, 36.118366],
            [-86.658041, 36.141076],
            [-86.695922, 36.144421],
            [-86.723904, 36.117202],
            [-86.775159, 36.149175],
            [-86.773261, 36.149671]
          ]
        ]
      }
    },
    {
      "type": "Feature",
      "id": "47_02402",
      "properties": {
        "state_puma_id": "47_02402",
        "state_name": "Tennessee",
        "state_fips": "47",
        "puma_name": "Nashville/Davidson County--South & Southeast Nashville PUMA"
      },
      "geometry": {
        "type": "Polygon",
        "coordinates": [
          [
            [-86.782582, 36.038997],
            [-86.762552, 36.089175],
            [-86.773338, 36.121112],
            [-86.758031, 36.137581],
            [-86.729698, 36.11958],
            [-86.74362, 36.115176],
            [-86.734515, 36.090847],
            [-86.711984, 36.101007],
            [-86.612691, 36.007523],
            [-86.607225, 35.985472],
            [-86.614415, 35.967785],
            [-86.648288, 35.975573],
            [-86.783079, 36.034886],
            [-86.782582, 36.038997]
          ]
        ]
      }
    },
    {
      "type": "Feature",
      "id": "47_00501",
      "properties": {
        "state_puma_id": "47_00501",
        "state_name": "Tennessee",
        "state_fips": "47",
        "puma_name": "Hendersonville, Gallatin & Goodlettsville cities PUMA"
      },
      "geometry": {
        "type": "Polygon",
        "coordinates": [
          [
            [-86.718468, 36.343129],
            [-86.66878, 36.417181],
            [-86.634274, 36.409105],
            [-86.609276, 36.368869],
            [-86.582916, 36.38525],
            [-86.479253, 36.387419],
            [-86.446359, 36.421533],
            [-86.409708, 36.409528],
            [-86.411095, 36.386784],
            [-86.375705, 36.352119],
            [-86.38916, 36.313086],
            [-86.407812, 36.307702],
            [-86.438225, 36.339441],
            [-86.509276, 36.302938],
            [-86.522074, 36.278015],
            [-86.549338, 36.320662],
            [-86.571095, 36.262552],
            [-86.609988, 36.244204],
            [-86.639095, 36.255105],
            [-86.642, 36.288251],
            [-86.71887, 36.342117],
            [-86.718468, 36.343129]
          ]
        ]
      }
    },
    {
      "type": "Feature",
      "id": "47_00401",
      "properties": {
        "state_puma_id": "47_00401",
        "state_name": "Tennessee",
        "state_fips": "47",
        "puma_name": "Robertson & Sumner Counties--Springfield & Portland cities PUMA"
      },
      "geometry": {
        "type": "Polygon",
        "coordinates": [
          [
            [-87.150233, 36.567702],
            [-87.132522, 36.56372],
            [-87.12099, 36.613544],
            [-87.131292, 36.621995],
            [-87.114976, 36.642414],
            [-86.589906, 36.652486],
            [-86.564143, 36.633472],
            [-86.507771, 36.652445],
            [-86.2054686100012, 36.6397833130926],
            [-86.218933, 36.498081],
            [-86.239992, 36.486384],
            [-86.23722, 36.45192],
            [-86.268788, 36.452897],
            [-86.272496, 36.359036],
            [-86.300075, 36.312374],
            [-86.360512, 36.309843],
            [-86.351025, 36.352292],
            [-86.379377, 36.353173],
            [-86.411095, 36.386784],
            [-86.409708, 36.409528],
            [-86.446359, 36.421533],
            [-86.479253, 36.387419],
            [-86.582916, 36.38525],
            [-86.609276, 36.368869],
            [-86.634274, 36.409105],
            [-86.66878, 36.417181],
            [-86.708437, 36.374212],
            [-86.717827, 36.338987],
            [-86.754795, 36.405496],
            [-86.791034, 36.37676],
            [-86.787357, 36.35964],
            [-86.825053, 36.349817],
            [-86.852919, 36.380135],
            [-86.877483, 36.372191],
            [-86.898938, 36.389979],
            [-86.984496, 36.365097],
            [-87.005364, 36.392392],
            [-87.128677, 36.46195],
            [-87.117722, 36.549641],
            [-87.150004, 36.564016],
            [-87.150233, 36.567702]
          ]
        ]
      }
    }
  ]
}
