{
  "type": "FeatureCollection",
  "features": [
    {
      "type": "Feature",
      "id": "06",
      "properties": {
        "state_name": "California",
        "state_fips": "06"
      },
      "geometry": {
        "type": "MultiPolygon",
        "coordinates": [
          [
            [
              [-122.342253, 37.805558],
              [-122.296618, 37.828465],
              [-122.326912, 37.892492],
              [-122.27108, 37.905824],
              [-122.185577, 37.820726],
              [-122.045473, 37.798126],
              [-121.96004, 37.718531],
              [-121.556997, 37.816488],
              [-121.556655, 37.542732],
              [-121.471925, 37.481783],
              [-121.865267, 37.484637],
              [-121.925041, 37.454186],
              [-122.10942, 37.500254],
              [-122.167587, 37.677178],
              [-122.34151, 37.804158],
              [-122.342253, 37.805558]
            ]
          ],
          [
            [
              [-122.520852, 37.594178],
              [-122.502426880724, 37.7081329861058],
              [-122.39337898114, 37.7082675699903],
              [-122.378545, 37.605592],
              [-122.127706, 37.500053],
              [-122.121772, 37.454241],
              [-122.190506, 37.430956],
              [-122.202591, 37.36272],
              [-122.152774, 37.215444],
              [-122.317682, 37.186945],
              [-122.289382, 37.113472],
              [-122.337071, 37.117382],
              [-122.405073, 37.195791],
              [-122.40085, 37.359225],
              [-122.459577, 37.492731],
              [-122.516689, 37.52134],
              [-122.517187, 37.590637],
              [-122.520852, 37.594178]
            ]
          ],
          [
            [
              [-117.676684, 33.888734],
              [-117.558377, 33.98842],
              [-117.558312, 34.033451],
              [-116.929537, 34.004914],
              [-116.929558, 34.034113],
              [-115.316212, 34.03411],
              [-115.316065, 34.077843],
              [-114.435429, 34.079727],
              [-114.438266, 34.022609],
              [-114.535478, 33.934651],
              [-114.494197, 33.707922],
              [-114.531523, 33.675108],
              [-114.524599, 33.552231],
              [-114.627125, 33.433554],
              [-117.241271, 33.431993],
              [-117.364272, 33.505025],
              [-117.509722, 33.505019],
              [-117.413314, 33.659302],
              [-117.533999, 33.710355],
              [-117.536448, 33.757665],
              [-117.675478, 33.888119],
              [-117.676684, 33.888734]
            ]
          ],
          [
            [
              [-122.403475, 38.155465],
              [-122.19538, 38.155017],
              [-122.205982, 38.315713],
              [-122.061379, 38.327411],
              [-122.126389, 38.428918],
              [-122.103281, 38.513348],
              [-122.013377, 38.488721],
              [-121.940285, 38.533384],
              [-121.712034, 38.537962],
              [-121.693697, 38.313732],
              [-121.593273, 38.313089],
              [-121.612102, 38.200068],
              [-121.685586, 38.159705],
              [-121.713926, 38.084542],
              [-122.148577, 38.031721],
              [-122.269666188168, 38.0603362895779],
              [-122.406786, 38.155632],
              [-122.403475, 38.155465]
            ]
          ],
          [
            [
              [-123.065426, 40.286971],
              [-122.749393, 40.365522],
              [-122.651341, 40.328288],
              [-122.524566, 40.394477],
              [-122.310412, 40.371064],
              [-121.850984, 40.442601],
              [-121.50108, 40.445746],
              [-121.47242, 40.35162],
              [-121.342264, 40.309751],
              [-121.3768, 40.297989],
              [-121.365348, 40.216708],
              [-121.44237, 40.192913],
              [-121.452898, 40.122125],
              [-121.595551, 40.09346],
              [-121.646032, 39.982527],
              [-121.703241, 39.98423],
              [-121.776224, 39.888858],
              [-122.044865, 39.883771],
              [-122.046471, 39.797648],
              [-122.937654, 39.798156],
              [-122.950964, 39.906108],
              [-122.909787, 39.936385],
              [-122.989407, 40.144906],
              [-122.976774, 40.238899],
              [-123.066009, 40.285688],
              [-123.065426, 40.286971]
            ]
          ],
          [
            [
              [-119.374486, 34.014151],
              [-119.37258, 34.015563],
              [-119.362571, 34.017148],
              [-119.359199, 34.016706],
              [-119.357658, 34.015985],
              [-119.357937, 34.015286],
              [-119.359771, 34.015233],
              [-119.372331, 34.012088],
              [-119.37407, 34.012817],
              [-119.374486, 34.014151]
            ]
          ],
          [
            [
              [-119.441999, 34.013551],
              [-119.379935, 34.010773],
              [-119.441478, 34.012732],
              [-119.441999, 34.013551]
            ]
          ],
          [
            [
              [-119.477837, 34.379417],
              [-119.440414, 34.441842],
              [-119.443691, 34.901171],
              [-119.383705, 34.900817],
              [-119.381854, 34.87399],
              [-119.242581, 34.857598],
              [-119.242534, 34.814323],
              [-118.880405, 34.788655],
              [-118.632494, 34.240391],
              [-118.667714, 34.240345],
              [-118.668152, 34.168195],
              [-118.788889, 34.168214],
              [-118.944593638436, 34.0458150893772],
              [-119.216441, 34.146105],
              [-119.278644, 34.266902],
              [-119.478273, 34.377258],
              [-119.477837, 34.379417]
            ]
          ],
          [
            [
              [-119.577271, 33.278582],
              [-119.465429, 33.25925],
              [-119.438882, 33.220095],
              [-119.546212, 33.232561],
              [-119.578843, 33.278193],
              [-119.577271, 33.278582]
            ]
          ],
          [
            [
              [-119.047038, 33.483819],
              [-119.038458, 33.482473],
              [-119.030456, 33.488334],
              [-119.028501, 33.487425],
              [-119.029516, 33.481906],
              [-119.02741, 33.476856],
              [-119.030794, 33.474284],
              [-119.031095, 33.468576],
              [-119.033652, 33.465753],
              [-119.038522, 33.465691],
              [-119.040608, 33.468764],
              [-119.042939, 33.470552],
              [-119.043052, 33.47695],
              [-119.048091, 33.482062],
              [-119.047038, 33.483819]
            ]
          ],
          [
            [
              [-119.929889, 34.059734],
              [-119.759428, 34.058835],
              [-119.637742, 34.013178],
              [-119.584301, 34.053643],
              [-119.529603, 34.041155],
              [-119.560464, 33.99553],
              [-119.818249, 33.959858],
              [-119.926544, 34.057399],
              [-119.929889, 34.059734]
            ]
          ],
          [
            [
              [-120.249536, 34.002477],
              [-120.055107, 34.037729],
              [-120.041311, 33.994507],
              [-119.97902, 33.981207],
              [-119.968636, 33.942878],
              [-120.115885, 33.894361],
              [-120.248484, 33.999329],
              [-120.249536, 34.002477]
            ]
          ],
          [
            [
              [-120.450064, 34.034194],
              [-120.368278, 34.076465],
              [-120.307219, 34.022375],
              [-120.454134, 34.028081],
              [-120.450064, 34.034194]
            ]
          ],
          [
            [
              [-120.670835, 34.904115],
              [-120.649338482465, 34.9747100117234],
              [-120.496222, 34.993155],
              [-120.301827, 34.905571],
              [-120.323823, 35.017314],
              [-120.209907, 35.020582],
              [-120.082084, 35.114678],
              [-119.535972, 34.89772],
              [-119.443691, 34.901171],
              [-119.447372, 34.401709],
              [-119.47863, 34.373275],
              [-119.606513, 34.420445],
              [-119.878293, 34.407289],
              [-120.141165, 34.473405],
              [-120.471376, 34.447846],
              [-120.511421, 34.522953],
              [-120.64924, 34.576707],
              [-120.60045, 34.70464],
              [-120.637415, 34.755895],
              [-120.610266, 34.85818],
              [-120.672269, 34.90254],
              [-120.670835, 34.904115]
            ]
          ],
          [
            [
              [-123.718448, 41.597965],
              [-123.660205, 41.714055],
              [-123.703768, 41.829117],
              [-123.559492, 41.905968],
              [-123.517910995163, 42.0007581373596],
              [-121.447537949131, 41.9974692924328],
              [-121.446495, 41.183484],
              [-122.498376, 41.182675],
              [-122.51397, 41.280152],
              [-122.478771, 41.320085],
              [-122.572326, 41.368025],
              [-122.802109, 41.203048],
              [-122.961347, 41.181525],
              [-122.97097, 41.09016],
              [-122.901522, 41.014646],
              [-123.037118, 41.004176],
              [-123.109333, 41.075459],
              [-123.23948, 41.075763],
              [-123.295065, 41.14065],
              [-123.381192, 41.15129],
              [-123.455307, 41.236537],
              [-123.489411, 41.37767],
              [-123.661363, 41.38209],
              [-123.611627, 41.461571],
              [-123.693887, 41.551858],
              [-123.682203, 41.594561],
              [-123.719089, 41.595258],
              [-123.718448, 41.597965]
            ]
          ],
          [
            [
              [-121.636314, 39.249413],
              [-121.611177, 39.31928],
              [-121.497206, 39.314374],
              [-121.372901, 39.36459],
              [-121.305122, 39.519585],
              [-121.159296, 39.519595],
              [-121.009477, 39.639459],
              [-121.058203, 39.537043],
              [-121.022085, 39.391558],
              [-121.128007, 39.379752],
              [-121.266132, 39.272717],
              [-121.279533, 39.034618],
              [-121.543306, 38.972404],
              [-121.575459, 38.918393],
              [-121.636368, 39.246076],
              [-121.636314, 39.249413]
            ]
          ],
          [
            [
              [-123.094212, 39.095294],
              [-123.077812, 39.173791],
              [-122.994839, 39.235924],
              [-123.075114, 39.407683],
              [-123.063181, 39.503539],
              [-122.89031, 39.529014],
              [-122.885352, 39.580108],
              [-122.735639, 39.580668],
              [-122.739062, 39.383266],
              [-122.78509, 39.382975],
              [-122.741719, 39.358899],
              [-122.775252, 39.312563],
              [-122.665362, 39.217548],
              [-122.515331, 39.209215],
              [-122.475383, 39.170148],
              [-122.492175, 39.053951],
              [-122.411507, 39.019087],
              [-122.409214, 38.963001],
              [-122.340172, 38.924246],
              [-122.421904, 38.90377],
              [-122.373488, 38.817],
              [-122.46389, 38.705203],
              [-122.627396, 38.667506],
              [-122.821388, 38.85792],
              [-122.948865, 38.90022],
              [-122.98664, 38.997283],
              [-123.028035, 38.996593],
              [-123.094207, 39.080524],
              [-123.094212, 39.095294]
            ]
          ],
          [
            [
              [-121.48444, 38.751354],
              [-121.469356, 38.925992],
              [-121.414399, 38.926214],
              [-121.414787, 38.998418],
              [-121.37238, 39.02773],
              [-121.305992, 39.052943],
              [-121.221787, 39.011962],
              [-121.137397, 39.037858],
              [-121.041608, 39.013791],
              [-120.988717, 39.111777],
              [-120.671433, 39.310371],
              [-120.006315645404, 39.3164959768657],
              [-120.002461, 39.067489],
              [-120.435299, 39.028163],
              [-120.492735, 38.943351],
              [-120.564258, 38.913644],
              [-120.684428, 38.989029],
              [-120.808224, 39.001059],
              [-120.859863, 38.951653],
              [-120.937269, 38.963684],
              [-121.040511, 38.915538],
              [-121.134507, 38.712032],
              [-121.484396, 38.734598],
              [-121.48444, 38.751354]
            ]
          ],
          [
            [
              [-121.027406, 38.50354],
              [-120.812953, 38.562209],
              [-120.606157, 38.502349],
              [-120.317142, 38.54511],
              [-120.214632, 38.628869],
              [-120.140494, 38.638168],
              [-120.098322, 38.709029],
              [-120.072484, 38.509869],
              [-120.423215, 38.473322],
              [-120.608736, 38.397538],
              [-120.63129, 38.340263],
              [-120.972104, 38.217951],
              [-121.027084, 38.300252],
              [-121.02771, 38.500068],
              [-121.027406, 38.50354]
            ]
          ],
          [
            [
              [-120.394425, 37.67504],
              [-120.312572, 37.653668],
              [-120.34521, 37.725664],
              [-120.259074, 37.734269],
              [-120.17431, 37.799342],
              [-120.127226, 37.781566],
              [-120.079508, 37.828808],
              [-119.938414, 37.763026],
              [-119.808509, 37.754925],
              [-119.667203, 37.801224],
              [-119.5586, 37.903122],
              [-119.307284, 37.782828],
              [-119.583585, 37.560335],
              [-119.58422, 37.494696],
              [-119.651172, 37.461351],
              [-119.651191, 37.417832],
              [-119.761809, 37.417114],
              [-120.052055, 37.183108],
              [-120.18207, 37.267548],
              [-120.395345, 37.672256],
              [-120.394425, 37.67504]
            ]
          ],
          [
            [
              [-118.604415, 33.478552],
              [-118.370323, 33.409285],
              [-118.310213, 33.335795],
              [-118.325244, 33.299075],
              [-118.465368, 33.326056],
              [-118.48875, 33.419826],
              [-118.607243, 33.478449],
              [-118.604415, 33.478552]
            ]
          ],
          [
            [
              [-118.6105, 33.032941],
              [-118.354185, 32.820919],
              [-118.431809, 32.801462],
              [-118.506206, 32.852985],
              [-118.610262, 33.015803],
              [-118.6105, 33.032941]
            ]
          ],
          [
            [
              [-118.944502, 34.046563],
              [-118.788889, 34.168214],
              [-118.668152, 34.168195],
              [-118.667714, 34.240345],
              [-118.632494, 34.240391],
              [-118.894634, 34.817972],
              [-117.667292, 34.822526],
              [-117.646374, 34.28917],
              [-117.730125, 34.021371],
              [-117.802539, 33.975551],
              [-117.783252, 33.946261],
              [-117.976498, 33.94605],
              [-118.09197, 33.758472],
              [-118.180801, 33.765054],
              [-118.185726, 33.73296],
              [-118.24277, 33.743355],
              [-118.278159, 33.707682],
              [-118.411315, 33.741701],
              [-118.390549, 33.838779],
              [-118.524356, 34.03068],
              [-118.742354, 34.03294],
              [-118.806552, 34.000448],
              [-118.944593638436, 34.0458150893772],
              [-118.944502, 34.046563]
            ]
          ],
          [
            [
              [-122.317682, 37.186945],
              [-122.152774, 37.215444],
              [-122.152278, 37.286055],
              [-121.99109, 37.14427],
              [-121.82402, 37.08757],
              [-121.725771, 37.02065],
              [-121.738697, 36.989991],
              [-121.581154, 36.919252],
              [-121.745365, 36.909293],
              [-121.810551858284, 36.8506482495196],
              [-121.930069, 36.97815],
              [-122.065642, 36.948466],
              [-122.153586, 36.976808],
              [-122.292973615833, 37.1073182889556],
              [-122.316981, 37.182238],
              [-122.317682, 37.186945]
            ]
          ],
          [
            [
              [-120.545536, 37.027582],
              [-120.476692, 37.09639],
              [-120.056921, 37.180835],
              [-119.761809, 37.417114],
              [-119.651191, 37.417832],
              [-119.651172, 37.461351],
              [-119.58422, 37.494696],
              [-119.583585, 37.560335],
              [-119.308995, 37.777986],
              [-119.257878, 37.724631],
              [-119.124312, 37.733944],
              [-119.065166, 37.684556],
              [-119.022363, 37.585737],
              [-119.312186, 37.352725],
              [-119.361762, 37.167998],
              [-119.432125, 37.162571],
              [-119.474807, 37.109963],
              [-119.506733, 37.150554],
              [-119.560839, 37.142901],
              [-119.561432, 37.065485],
              [-119.698075, 37.008748],
              [-119.818746, 36.848068],
              [-120.291823, 36.763449],
              [-120.454082, 36.860206],
              [-120.450825, 36.913471],
              [-120.544566, 37.026085],
              [-120.545536, 37.027582]
            ]
          ],
          [
            [
              [-120.909422, 36.747696],
              [-120.65595, 36.952832],
              [-120.590566, 36.952641],
              [-120.598564, 36.99863],
              [-120.541696, 37.044505],
              [-120.450825, 36.913471],
              [-120.454082, 36.860206],
              [-120.291823, 36.763449],
              [-119.818746, 36.848068],
              [-119.698075, 37.008748],
              [-119.561432, 37.065485],
              [-119.560839, 37.142901],
              [-119.506733, 37.150554],
              [-119.474807, 37.109963],
              [-119.432125, 37.162571],
              [-119.361762, 37.167998],
              [-119.312186, 37.352725],
              [-119.022363, 37.585737],
              [-118.763287, 37.456537],
              [-118.786736, 37.34338],
              [-118.716016, 37.328208],
              [-118.665332, 37.261917],
              [-118.654593, 37.141826],
              [-118.437137, 37.059818],
              [-118.360831, 36.887734],
              [-118.393724, 36.829668],
              [-118.360586, 36.744773],
              [-118.982441, 36.741646],
              [-118.984779, 36.657147],
              [-119.304625, 36.660606],
              [-119.305102, 36.573725],
              [-119.466322, 36.575238],
              [-119.66692, 36.418728],
              [-119.959227, 36.400975],
              [-119.958916, 36.181414],
              [-120.318719, 35.906914],
              [-120.360402, 35.964418],
              [-120.433053, 35.968933],
              [-120.648784, 36.10799],
              [-120.672105, 36.163844],
              [-120.627055, 36.203039],
              [-120.682723, 36.294441],
              [-120.596562, 36.328488],
              [-120.597155, 36.488235],
              [-120.918731, 36.740381],
              [-120.909422, 36.747696]
            ]
          ],
          [
            [
              [-123.533535, 38.768408],
              [-123.136253, 38.809136],
              [-123.080997, 38.852438],
              [-122.817651, 38.849839],
              [-122.695451, 38.71309],
              [-122.646569, 38.706177],
              [-122.631832, 38.569367],
              [-122.482991, 38.45271],
              [-122.497191, 38.423811],
              [-122.396336, 38.309179],
              [-122.366215, 38.160855],
              [-122.498801216835, 38.111297326741],
              [-122.570732, 38.187142],
              [-122.7399, 38.207018],
              [-122.908105, 38.320752],
              [-123.058239, 38.298355],
              [-123.128825, 38.450418],
              [-123.331899, 38.565542],
              [-123.531108, 38.764179],
              [-123.533535, 38.768408]
            ]
          ],
          [
            [
              [-121.486775, 37.475652],
              [-121.110208, 37.742043],
              [-120.920599, 37.738329],
              [-120.926449, 38.077421],
              [-120.387613, 37.633704],
              [-120.983756, 37.39964],
              [-120.964685, 37.345385],
              [-121.226804, 37.134774],
              [-121.281107, 37.183603],
              [-121.404636, 37.155989],
              [-121.459068, 37.282319],
              [-121.405753, 37.31099],
              [-121.409075, 37.380672],
              [-121.456651, 37.395535],
              [-121.486252, 37.474333],
              [-121.486775, 37.475652]
            ]
          ],
          [
            [
              [-119.566468, 36.494339],
              [-119.466322, 36.575238],
              [-119.305102, 36.573725],
              [-119.304625, 36.660606],
              [-118.984779, 36.657147],
              [-118.982441, 36.741646],
              [-118.351329, 36.741034],
              [-118.334728, 36.705534],
              [-118.366128, 36.690435],
              [-118.274624, 36.597334],
              [-118.24992, 36.482435],
              [-118.209819, 36.430336],
              [-118.137919, 36.418036],
              [-118.163019, 36.389636],
              [-118.100317, 36.346137],
              [-118.127601, 36.280348],
              [-117.983287, 35.926563],
              [-118.008094, 35.788935],
              [-119.53812, 35.789898],
              [-119.529358, 36.26985],
              [-119.474607, 36.269025],
              [-119.474892, 36.400953],
              [-119.528792, 36.401465],
              [-119.527194, 36.488886],
              [-119.573194, 36.488835],
              [-119.566468, 36.494339]
            ]
          ],
          [
            [
              [-122.42976, 37.965405],
              [-122.300823, 38.010893],
              [-122.269666188168, 38.0603362895779],
              [-122.146866, 38.031727],
              [-121.862462, 38.06603],
              [-121.78139, 38.018612],
              [-121.604923, 38.099878],
              [-121.557554, 38.017037],
              [-121.57865, 37.858041],
              [-121.534247, 37.849891],
              [-121.556997, 37.816488],
              [-121.96004, 37.718531],
              [-122.045473, 37.798126],
              [-122.177873, 37.816323],
              [-122.257113, 37.899856],
              [-122.390546, 37.90911],
              [-122.430087, 37.963115],
              [-122.42976, 37.965405]
            ]
          ],
          [
            [
              [-121.248461, 37.033488],
              [-121.208378, 37.060932],
              [-121.245484, 37.089148],
              [-121.226804, 37.134774],
              [-120.964685, 37.345385],
              [-120.988724, 37.396512],
              [-120.38767, 37.633364],
              [-120.177636, 37.261526],
              [-120.052055, 37.183108],
              [-120.476692, 37.09639],
              [-120.598564, 36.99863],
              [-120.590566, 36.952641],
              [-120.65595, 36.952832],
              [-120.918731, 36.740381],
              [-121.141523, 36.836656],
              [-121.234683, 36.926894],
              [-121.211794, 36.957113],
              [-121.247499, 37.0311],
              [-121.248461, 37.033488]
            ]
          ],
          [
            [
              [-123.622387, 40.931703],
              [-123.560163, 40.950257],
              [-123.481457, 40.914957],
              [-123.447956, 40.943758],
              [-123.407218, 41.030619],
              [-123.464222, 41.094408],
              [-123.408291, 41.179944],
              [-123.295065, 41.14065],
              [-123.23948, 41.075763],
              [-123.109333, 41.075459],
              [-123.037118, 41.004176],
              [-122.917529, 40.99399],
              [-122.897363, 41.02918],
              [-122.97097, 41.09016],
              [-122.961347, 41.181525],
              [-122.802109, 41.203048],
              [-122.572326, 41.368025],
              [-122.478771, 41.320085],
              [-122.522636, 41.213525],
              [-122.446023, 41.159241],
              [-122.451864, 41.108235],
              [-122.539775, 41.072605],
              [-122.527753, 41.014395],
              [-122.598528, 40.975847],
              [-122.658204, 40.787646],
              [-122.752266, 40.689642],
              [-122.693075, 40.575338],
              [-122.998682, 40.418142],
              [-123.065552, 40.344813],
              [-123.061241, 40.277764],
              [-122.97755, 40.241285],
              [-122.989407, 40.144906],
              [-122.934013, 39.978131],
              [-123.544563, 39.977015],
              [-123.543102, 40.734014],
              [-123.623891, 40.928674],
              [-123.622387, 40.931703]
            ]
          ],
          [
            [
              [-116.106166, 32.640202],
              [-116.085165, 33.425932],
              [-114.627125, 33.433554],
              [-114.725535, 33.404056],
              [-114.698035, 33.352442],
              [-114.731223, 33.302434],
              [-114.672088, 33.258499],
              [-114.707819, 33.091102],
              [-114.662317, 33.032671],
              [-114.5149, 33.026524],
              [-114.462929, 32.907944],
              [-114.526856, 32.757094],
              [-114.615585, 32.728446],
              [-116.106173784949, 32.6186419785708],
              [-116.106166, 32.640202]
            ]
          ],
          [
            [
              [-120.072391, 38.702675],
              [-119.880303, 38.864776],
              [-119.904315, 38.933324],
              [-119.579476, 38.706653],
              [-119.621072, 38.614423],
              [-119.542862, 38.499694],
              [-119.561995, 38.410734],
              [-119.622093, 38.393875],
              [-119.639205, 38.32688],
              [-119.700029, 38.365215],
              [-119.708452, 38.417437],
              [-119.884749, 38.356185],
              [-120.072566, 38.447081],
              [-120.073331, 38.70109],
              [-120.072391, 38.702675]
            ]
          ],
          [
            [
              [-121.948283, 39.241767],
              [-121.908269, 39.303878],
              [-121.63015, 39.305668],
              [-121.57892, 38.92169],
              [-121.543306, 38.972404],
              [-121.414625, 38.996014],
              [-121.414399, 38.926214],
              [-121.469356, 38.925992],
              [-121.484396, 38.734598],
              [-121.602894, 38.735838],
              [-121.625284, 38.785338],
              [-121.673454, 38.743035],
              [-121.728529, 38.857269],
              [-121.814814, 38.876582],
              [-121.791109, 38.904538],
              [-121.840374, 38.95452],
              [-121.795606, 38.996678],
              [-121.937953, 39.133001],
              [-121.948177, 39.240387],
              [-121.948283, 39.241767]
            ]
          ],
          [
            [
              [-118.790031, 37.394032],
              [-118.775014, 37.463052],
              [-117.832726, 37.464929],
              [-115.648020311818, 35.8096294219517],
              [-118.008094, 35.788935],
              [-117.983287, 35.926563],
              [-118.127601, 36.280348],
              [-118.100317, 36.346137],
              [-118.163019, 36.389636],
              [-118.141219, 36.420936],
              [-118.21442, 36.434336],
              [-118.239021, 36.523635],
              [-118.291223, 36.559335],
              [-118.274624, 36.597334],
              [-118.366128, 36.690435],
              [-118.336029, 36.716334],
              [-118.393724, 36.829668],
              [-118.360831, 36.887734],
              [-118.437137, 37.059818],
              [-118.654593, 37.141826],
              [-118.665332, 37.261917],
              [-118.716016, 37.328208],
              [-118.780107, 37.334873],
              [-118.789032, 37.391649],
              [-118.790031, 37.394032]
            ]
          ],
          [
            [
              [-120.653237, 37.83282],
              [-120.542643, 37.920178],
              [-120.513439, 37.956444],
              [-120.534985, 37.990939],
              [-120.463749, 38.01039],
              [-120.176613, 38.37351],
              [-120.019951, 38.433521],
              [-119.884749, 38.356185],
              [-119.704042, 38.415324],
              [-119.604895, 38.239198],
              [-119.632671, 38.198858],
              [-119.545551, 38.143072],
              [-119.497132, 38.156885],
              [-119.459805, 38.096277],
              [-119.345922, 38.083113],
              [-119.30459, 38.023891],
              [-119.313089, 37.953024],
              [-119.211083, 37.899626],
              [-119.196182, 37.844028],
              [-119.268979, 37.73923],
              [-119.375511, 37.840873],
              [-119.535699, 37.904122],
              [-119.667203, 37.801224],
              [-119.808509, 37.754925],
              [-119.938414, 37.763026],
              [-120.079508, 37.828808],
              [-120.127226, 37.781566],
              [-120.17431, 37.799342],
              [-120.259074, 37.734269],
              [-120.34521, 37.725664],
              [-120.309838, 37.655977],
              [-120.391931, 37.683559],
              [-120.387613, 37.633704],
              [-120.653274, 37.831858],
              [-120.653237, 37.83282]
            ]
          ],
          [
            [
              [-122.78509, 39.382975],
              [-122.008857, 39.413567],
              [-122.009735, 39.383864],
              [-121.88387, 39.373926],
              [-121.945698, 39.181242],
              [-121.894127, 39.078003],
              [-121.795606, 38.996678],
              [-121.835488, 38.924481],
              [-122.337967, 38.923945],
              [-122.409214, 38.963001],
              [-122.411507, 39.019087],
              [-122.492175, 39.053951],
              [-122.47729, 39.17395],
              [-122.679729, 39.22453],
              [-122.758114, 39.28538],
              [-122.742212, 39.365293],
              [-122.784695, 39.381954],
              [-122.78509, 39.382975]
            ]
          ],
          [
            [
              [-121.279749, 39.109845],
              [-121.266911, 39.271609],
              [-121.128007, 39.379752],
              [-120.800904, 39.437484],
              [-120.655217, 39.526699],
              [-120.560823, 39.516207],
              [-120.505445, 39.446117],
              [-120.003871869173, 39.445057041725],
              [-120.006315645404, 39.3164959768657],
              [-120.702347, 39.299824],
              [-120.988717, 39.111777],
              [-121.068611, 39.00516],
              [-121.279533, 39.034618],
              [-121.279746, 39.108957],
              [-121.279749, 39.109845]
            ]
          ],
          [
            [
              [-124.217495, 41.95081],
              [-124.217038, 41.951292],
              [-124.216809, 41.95183],
              [-124.216181, 41.952212],
              [-124.215248, 41.952099],
              [-124.21422, 41.951872],
              [-124.213326, 41.951376],
              [-124.213201074902, 41.9512314145587],
              [-124.213021, 41.951023],
              [-124.213333335478, 41.9505787420022],
              [-124.213459, 41.9504],
              [-124.214354, 41.949918],
              [-124.215001, 41.949734],
              [-124.2162, 41.94989],
              [-124.217057, 41.95023],
              [-124.217495, 41.95081]
            ]
          ],
          [
            [
              [-124.255149542579, 41.7845290559611],
              [-124.208439, 41.888192],
              [-124.211605, 41.99846],
              [-123.517910995163, 42.0007581373596],
              [-123.559492, 41.905968],
              [-123.703768, 41.829117],
              [-123.660205, 41.714055],
              [-123.719089, 41.595258],
              [-123.682203, 41.594561],
              [-123.693887, 41.551858],
              [-123.648046, 41.535024],
              [-123.612395, 41.448954],
              [-123.661363, 41.38209],
              [-123.770239, 41.380776],
              [-123.770551, 41.464193],
              [-124.065520896835, 41.4647394649382],
              [-124.147412, 41.717955],
              [-124.255994, 41.783014],
              [-124.255149542579, 41.7845290559611]
            ]
          ],
          [
            [
              [-117.802539, 33.975551],
              [-117.730125, 34.021371],
              [-117.646374, 34.28917],
              [-117.667292, 34.822526],
              [-117.632151, 34.822271],
              [-117.634283, 35.79726],
              [-115.648020311818, 35.8096294219517],
              [-114.633487, 35.001857],
              [-114.634382, 34.87289],
              [-114.470477, 34.711368],
              [-114.380838, 34.529724],
              [-114.386699, 34.457911],
              [-114.176909, 34.349306],
              [-114.131211, 34.26273],
              [-114.435429, 34.079727],
              [-115.316065, 34.077843],
              [-115.316212, 34.03411],
              [-116.929558, 34.034113],
              [-116.929537, 34.004914],
              [-117.558312, 34.033451],
              [-117.558377, 33.98842],
              [-117.610386, 33.971614],
              [-117.673019, 33.871039],
              [-117.802445, 33.968308],
              [-117.802539, 33.975551]
            ]
          ],
          [
            [
              [-122.446316, 37.861046],
              [-122.441271, 37.863106],
              [-122.440174, 37.867111],
              [-122.438749, 37.868519],
              [-122.436897, 37.866839],
              [-122.435872, 37.866653],
              [-122.434375, 37.867337],
              [-122.435084, 37.868052],
              [-122.434611, 37.86967],
              [-122.43272, 37.870603],
              [-122.432222, 37.871598],
              [-122.430958, 37.872242],
              [-122.428636, 37.871688],
              [-122.427204, 37.870727],
              [-122.426337, 37.87051],
              [-122.424651, 37.870736],
              [-122.423303, 37.869514],
              [-122.421924, 37.866466],
              [-122.421963, 37.864662],
              [-122.421333, 37.863417],
              [-122.420365736738, 37.8633422971737],
              [-122.419585, 37.863282],
              [-122.418879387974, 37.862321355107],
              [-122.41847, 37.861764],
              [-122.419827346383, 37.8600830120157],
              [-122.420978, 37.858658],
              [-122.419757, 37.856667],
              [-122.41952, 37.854396],
              [-122.41847, 37.852721],
              [-122.419087, 37.852373],
              [-122.423106, 37.85452],
              [-122.427283, 37.8548],
              [-122.430829, 37.855391],
              [-122.433232, 37.854178],
              [-122.434533, 37.853493],
              [-122.436936, 37.854147],
              [-122.439773, 37.855547],
              [-122.441271, 37.855142],
              [-122.44265, 37.856169],
              [-122.442921, 37.857074],
              [-122.442453, 37.858222],
              [-122.446316, 37.861046]
            ]
          ],
          [
            [
              [-123.024066, 37.994878],
              [-122.949074, 38.15406],
              [-123.002911201262, 38.2957083549502],
              [-122.911319, 38.321209],
              [-122.7399, 38.207018],
              [-122.570732, 38.187142],
              [-122.519019, 38.139742],
              [-122.486046, 38.101191],
              [-122.497828, 38.019402],
              [-122.447304, 37.984387],
              [-122.503064, 37.928753],
              [-122.438268, 37.880974],
              [-122.501019, 37.893662],
              [-122.472684, 37.832397],
              [-122.529885, 37.817563],
              [-122.641963, 37.897507],
              [-122.725181, 37.902691],
              [-122.856573, 38.016717],
              [-122.939711, 38.031908],
              [-122.981776, 38.009119],
              [-122.963544, 37.989914],
              [-123.022673101208, 37.9947429784522],
              [-123.024066, 37.994878]
            ]
          ],
          [
            [
              [-121.497032, 40.437017],
              [-121.061417, 40.446536],
              [-121.061493, 40.256417],
              [-120.928582, 40.191931],
              [-120.872201, 40.199388],
              [-120.871782, 40.24164],
              [-120.764403, 40.31601],
              [-120.576825, 40.28543],
              [-120.379399, 40.12951],
              [-120.209641, 40.086008],
              [-120.201264, 40.013474],
              [-120.099556, 39.910339],
              [-120.110627, 39.765779],
              [-120.147149, 39.707658],
              [-120.654124, 39.706234],
              [-120.679907, 39.67659],
              [-120.870988, 39.776821],
              [-120.934366, 39.738792],
              [-120.949435, 39.672548],
              [-121.076695, 39.597264],
              [-121.429957, 39.900313],
              [-121.41948, 40.015766],
              [-121.366818, 40.086054],
              [-121.444111, 40.190745],
              [-121.367735, 40.212728],
              [-121.3768, 40.297989],
              [-121.342264, 40.309751],
              [-121.47242, 40.35162],
              [-121.49788, 40.432003],
              [-121.497032, 40.437017]
            ]
          ],
          [
            [
              [-121.346362833935, 35.7951826441526],
              [-120.194369, 35.789363],
              [-120.193988, 35.614389],
              [-120.08618, 35.614397],
              [-120.086766, 35.526432],
              [-119.99315, 35.43947],
              [-119.880045, 35.439133],
              [-119.880356, 35.351124],
              [-119.80921, 35.35094],
              [-119.809407, 35.263693],
              [-119.666585, 35.262635],
              [-119.667304, 35.174982],
              [-119.553819, 35.180123],
              [-119.561752, 35.087831],
              [-119.472552, 35.076669],
              [-119.490455, 34.897475],
              [-120.082084, 35.114678],
              [-120.209907, 35.020582],
              [-120.323823, 35.017314],
              [-120.301827, 34.905571],
              [-120.44025, 34.988323],
              [-120.634144, 34.959562],
              [-120.646147, 35.143943],
              [-120.770192, 35.163731],
              [-120.89679, 35.247877],
              [-120.862062, 35.346995],
              [-120.884757, 35.430196],
              [-121.003359, 35.46071],
              [-121.165758, 35.635283],
              [-121.28653, 35.665524],
              [-121.332449, 35.783106],
              [-121.346362833935, 35.7951826441526]
            ]
          ],
          [
            [
              [-120.993595, 38.225582],
              [-120.893792, 38.221277],
              [-120.423215, 38.473322],
              [-120.072484, 38.509869],
              [-120.072566, 38.447081],
              [-120.021072, 38.431833],
              [-120.176613, 38.37351],
              [-120.653274, 37.831858],
              [-120.93885, 38.088321],
              [-120.995497, 38.225402],
              [-120.993595, 38.225582]
            ]
          ],
          [
            [
              [-121.862542, 38.06795],
              [-121.710888, 38.086489],
              [-121.685586, 38.159705],
              [-121.612102, 38.200068],
              [-121.583954, 38.331652],
              [-121.520777, 38.36212],
              [-121.504139, 38.466563],
              [-121.559036, 38.499592],
              [-121.506835, 38.589022],
              [-121.63019, 38.677445],
              [-121.602894, 38.735838],
              [-121.11866, 38.71707],
              [-121.027472, 38.508218],
              [-121.027084, 38.300252],
              [-121.344024, 38.22826],
              [-121.470958, 38.259902],
              [-121.584074, 38.120228],
              [-121.567184, 38.097321],
              [-121.673065, 38.093518],
              [-121.777485, 38.018917],
              [-121.862462, 38.06603],
              [-121.862542, 38.06795]
            ]
          ],
          [
            [
              [-117.595891, 33.388162],
              [-117.57848, 33.453927],
              [-117.508614, 33.469614],
              [-117.509722, 33.505019],
              [-117.364272, 33.505025],
              [-117.241271, 33.431993],
              [-116.085165, 33.425932],
              [-116.106173784949, 32.6186419785708],
              [-117.123668, 32.534435],
              [-117.160719, 32.66568],
              [-117.243128, 32.66454],
              [-117.281883, 32.832839],
              [-117.253679, 32.903835],
              [-117.328359, 33.121842],
              [-117.595996031481, 33.3877884344227],
              [-117.595891, 33.388162]
            ]
          ],
          [
            [
              [-123.068838, 40.308255],
              [-122.998682, 40.418142],
              [-122.693075, 40.575338],
              [-122.752266, 40.689642],
              [-122.658204, 40.787646],
              [-122.598528, 40.975847],
              [-122.527753, 41.014395],
              [-122.539775, 41.072605],
              [-122.457144, 41.096611],
              [-122.446023, 41.159241],
              [-122.498376, 41.182675],
              [-121.331786, 41.183886],
              [-121.327826, 40.445367],
              [-121.850984, 40.442601],
              [-122.310412, 40.371064],
              [-122.524566, 40.394477],
              [-122.651341, 40.328288],
              [-122.749393, 40.365522],
              [-122.918213, 40.306846],
              [-123.068032, 40.306173],
              [-123.068838, 40.308255]
            ]
          ],
          [
            [
              [-119.648938, 38.289121],
              [-119.622093, 38.393875],
              [-119.563028, 38.408999],
              [-119.542452, 38.480649],
              [-119.620517, 38.610669],
              [-119.585437, 38.713212],
              [-117.832726, 37.464929],
              [-118.850474, 37.475796],
              [-118.917158, 37.550336],
              [-119.020463, 37.583437],
              [-119.114446, 37.728195],
              [-119.260078, 37.726631],
              [-119.20328, 37.794929],
              [-119.200783, 37.887427],
              [-119.313089, 37.953024],
              [-119.30459, 38.023891],
              [-119.345922, 38.083113],
              [-119.459805, 38.096277],
              [-119.497132, 38.156885],
              [-119.545551, 38.143072],
              [-119.632671, 38.198858],
              [-119.604895, 38.239198],
              [-119.651375, 38.286638],
              [-119.648938, 38.289121]
            ]
          ],
          [
            [
              [-121.057479, 39.539991],
              [-120.934366, 39.738792],
              [-120.870988, 39.776821],
              [-120.679907, 39.67659],
              [-120.654124, 39.706234],
              [-120.001319, 39.72242],
              [-120.003871869173, 39.445057041725],
              [-120.505445, 39.446117],
              [-120.560823, 39.516207],
              [-120.655217, 39.526699],
              [-120.755729, 39.452663],
              [-121.022085, 39.391558],
              [-121.058203, 39.537043],
              [-121.057479, 39.539991]
            ]
          ],
          [
            [
              [-124.408601, 40.443201],
              [-124.137066, 40.925732],
              [-124.111756, 41.026883],
              [-124.165414, 41.129822],
              [-124.106986, 41.229678],
              [-124.065520896835, 41.4647394649382],
              [-123.770551, 41.464193],
              [-123.770239, 41.380776],
              [-123.489411, 41.37767],
              [-123.408291, 41.179944],
              [-123.464006, 41.076348],
              [-123.40604, 41.012897],
              [-123.481457, 40.914957],
              [-123.560163, 40.950257],
              [-123.623891, 40.928674],
              [-123.543102, 40.734014],
              [-123.544458, 40.001923],
              [-124.072509, 40.022657],
              [-124.110549, 40.103765],
              [-124.360604, 40.257206],
              [-124.347853, 40.314634],
              [-124.409591, 40.438076],
              [-124.408601, 40.443201]
            ]
          ],
          [
            [
              [-121.331921, 40.913358],
              [-121.331786, 41.183886],
              [-119.999866, 41.183974],
              [-120.001319, 39.72242],
              [-120.147149, 39.707658],
              [-120.099556, 39.910339],
              [-120.246788, 40.107885],
              [-120.379399, 40.12951],
              [-120.510817, 40.248945],
              [-120.652158, 40.307656],
              [-120.764403, 40.31601],
              [-120.871782, 40.24164],
              [-120.872201, 40.199388],
              [-120.928582, 40.191931],
              [-121.061493, 40.256417],
              [-121.061417, 40.446536],
              [-121.327826, 40.445367],
              [-121.332338, 40.905394],
              [-121.331921, 40.913358]
            ]
          ],
          [
            [
              [-124.02325190922, 40.0012763404289],
              [-122.934013, 39.978131],
              [-122.909787, 39.936385],
              [-122.959947, 39.845022],
              [-122.892676, 39.708898],
              [-122.89031, 39.529014],
              [-123.063181, 39.503539],
              [-123.075114, 39.407683],
              [-122.994839, 39.235924],
              [-123.077812, 39.173791],
              [-123.094207, 39.080524],
              [-123.028035, 38.996593],
              [-122.98664, 38.997283],
              [-122.948865, 38.90022],
              [-122.821592, 38.85014],
              [-123.080997, 38.852438],
              [-123.136253, 38.809136],
              [-123.368394, 38.80664],
              [-123.368236, 38.777066],
              [-123.520961, 38.758575],
              [-123.727976, 38.919429],
              [-123.69124, 39.050795],
              [-123.827716, 39.348433],
              [-123.766475, 39.552803],
              [-123.794235, 39.689995],
              [-123.851714, 39.832041],
              [-124.021277820006, 39.9996076931301],
              [-124.02325190922, 40.0012763404289]
            ]
          ],
          [
            [
              [-118.11442, 33.745176],
              [-117.976498, 33.94605],
              [-117.783252, 33.946261],
              [-117.536448, 33.757665],
              [-117.533999, 33.710355],
              [-117.413314, 33.659302],
              [-117.51021, 33.533999],
              [-117.508614, 33.469614],
              [-117.57848, 33.453927],
              [-117.595996031481, 33.3877884344227],
              [-118.115411077283, 33.7432945549888],
              [-118.11442, 33.745176]
            ]
          ],
          [
            [
              [-122.068744, 39.842222],
              [-122.044865, 39.883771],
              [-121.776224, 39.888858],
              [-121.703241, 39.98423],
              [-121.646032, 39.982527],
              [-121.586407, 40.100522],
              [-121.404509, 40.151648],
              [-121.367142, 40.071888],
              [-121.41948, 40.015766],
              [-121.429957, 39.900313],
              [-121.079543, 39.585263],
              [-121.159296, 39.519595],
              [-121.305122, 39.519585],
              [-121.407527, 39.339754],
              [-121.62376, 39.295621],
              [-121.908269, 39.303878],
              [-121.856532, 39.536904],
              [-121.994021, 39.533926],
              [-121.966623, 39.652444],
              [-121.997348, 39.668483],
              [-121.944915, 39.690919],
              [-121.946937, 39.730653],
              [-122.069431, 39.84053],
              [-122.068744, 39.842222]
            ]
          ],
          [
            [
              [-121.976591, 36.580058],
              [-121.93643, 36.636746],
              [-121.887168, 36.600937],
              [-121.83726, 36.634901],
              [-121.793216, 36.880017],
              [-121.655227, 36.912863],
              [-121.622089, 36.846203],
              [-121.462368, 36.743851],
              [-121.469023, 36.685434],
              [-121.342314, 36.639523],
              [-121.309017, 36.499568],
              [-121.239295, 36.504782],
              [-121.040797, 36.323969],
              [-121.026833, 36.259761],
              [-120.918142, 36.310561],
              [-120.718426, 36.196848],
              [-120.75834, 36.308604],
              [-120.703747, 36.287055],
              [-120.627055, 36.203039],
              [-120.672105, 36.163844],
              [-120.646108, 36.104745],
              [-120.27576, 35.905881],
              [-120.213979, 35.789276],
              [-121.346362833935, 35.7951826441526],
              [-121.459364, 35.882952],
              [-121.500832, 35.998099],
              [-121.574602, 36.025156],
              [-121.675205, 36.16294],
              [-121.902729, 36.306379],
              [-121.954209, 36.522231],
              [-121.932508, 36.559935],
              [-121.976763, 36.579435],
              [-121.976591, 36.580058]
            ]
          ],
          [
            [
              [-121.141595, 38.711939],
              [-121.040511, 38.915538],
              [-120.937269, 38.963684],
              [-120.859863, 38.951653],
              [-120.747656, 39.010397],
              [-120.564258, 38.913644],
              [-120.492735, 38.943351],
              [-120.435299, 39.028163],
              [-120.002461, 39.067489],
              [-120.001014, 38.999574],
              [-119.887643, 38.918295],
              [-119.87775, 38.868311],
              [-119.947927, 38.781642],
              [-120.112009, 38.705016],
              [-120.140494, 38.638168],
              [-120.214632, 38.628869],
              [-120.301721, 38.549109],
              [-120.606157, 38.502349],
              [-120.812953, 38.562209],
              [-121.027507, 38.508292],
              [-121.139199, 38.710644],
              [-121.141595, 38.711939]
            ]
          ],
          [
            [
              [-121.584719, 38.043545],
              [-121.584074, 38.120228],
              [-121.476221, 38.25778],
              [-121.344024, 38.22826],
              [-121.027084, 38.300252],
              [-120.926449, 38.077421],
              [-120.917171, 37.752444],
              [-121.155849, 37.719844],
              [-121.471925, 37.481783],
              [-121.556655, 37.542732],
              [-121.534247, 37.849891],
              [-121.579503, 37.861072],
              [-121.557554, 38.017037],
              [-121.585078, 38.040267],
              [-121.584719, 38.043545]
            ]
          ],
          [
            [
              [-122.93795, 39.749883],
              [-122.937654, 39.798156],
              [-122.026498, 39.800137],
              [-121.941583, 39.698113],
              [-121.997348, 39.668483],
              [-121.966623, 39.652444],
              [-121.998279, 39.542461],
              [-121.856532, 39.536904],
              [-121.875199, 39.427911],
              [-121.890013, 39.383864],
              [-122.136161, 39.414499],
              [-122.136006, 39.385494],
              [-122.739062, 39.383266],
              [-122.735639, 39.580668],
              [-122.885352, 39.580108],
              [-122.892676, 39.708898],
              [-122.938413, 39.748112],
              [-122.93795, 39.749883]
            ]
          ],
          [
            [
              [-122.202591, 37.36272],
              [-122.190506, 37.430956],
              [-122.115388465084, 37.4664027296649],
              [-121.472952, 37.482333],
              [-121.456651, 37.395535],
              [-121.409075, 37.380672],
              [-121.405753, 37.31099],
              [-121.459068, 37.282319],
              [-121.40653, 37.158835],
              [-121.281107, 37.183603],
              [-121.208228, 37.062013],
              [-121.248461, 37.033488],
              [-121.215406, 36.961248],
              [-121.488949, 36.983148],
              [-121.575402, 36.893033],
              [-121.738697, 36.989991],
              [-121.75492, 37.04845],
              [-122.026174, 37.166854],
              [-122.202467, 37.360272],
              [-122.202591, 37.36272]
            ]
          ],
          [
            [
              [-122.646421, 38.598593],
              [-122.627396, 38.667506],
              [-122.46389, 38.705203],
              [-122.379388, 38.802101],
              [-122.395056, 38.864245],
              [-122.287998, 38.839931],
              [-122.128987, 38.586993],
              [-122.126389, 38.428918],
              [-122.061379, 38.329611],
              [-122.205982, 38.315713],
              [-122.19538, 38.155017],
              [-122.406786, 38.155632],
              [-122.349564, 38.193972],
              [-122.396336, 38.309179],
              [-122.497191, 38.423811],
              [-122.482991, 38.45271],
              [-122.645063, 38.597769],
              [-122.646421, 38.598593]
            ]
          ],
          [
            [
              [-121.644001, 36.893996],
              [-121.560272, 36.897111],
              [-121.488949, 36.983148],
              [-121.214536, 36.961248],
              [-121.234683, 36.926894],
              [-121.141523, 36.836656],
              [-120.933428, 36.751704],
              [-120.597155, 36.488235],
              [-120.596562, 36.328488],
              [-120.663131, 36.314385],
              [-120.678582, 36.267319],
              [-120.75834, 36.308604],
              [-120.711873, 36.19836],
              [-120.918142, 36.310561],
              [-121.026833, 36.259761],
              [-121.040797, 36.323969],
              [-121.239295, 36.504782],
              [-121.311788, 36.502736],
              [-121.350092, 36.648357],
              [-121.469023, 36.685434],
              [-121.462368, 36.743851],
              [-121.643626, 36.891845],
              [-121.644001, 36.893996]
            ]
          ],
          [
            [
              [-122.421488, 38.90233],
              [-121.804805, 38.914521],
              [-121.814814, 38.876582],
              [-121.728529, 38.857269],
              [-121.674502, 38.743692],
              [-121.628984, 38.784383],
              [-121.595374, 38.768268],
              [-121.631918, 38.680644],
              [-121.506275, 38.586288],
              [-121.559036, 38.499592],
              [-121.504139, 38.466563],
              [-121.520777, 38.36212],
              [-121.593273, 38.313089],
              [-121.693697, 38.313732],
              [-121.712034, 38.537962],
              [-121.940285, 38.533384],
              [-122.013377, 38.488721],
              [-122.103281, 38.513348],
              [-122.287998, 38.839931],
              [-122.371552, 38.844651],
              [-122.422048, 38.90089],
              [-122.421488, 38.90233]
            ]
          ],
          [
            [
              [-121.457213, 41.949945],
              [-121.447537949131, 41.9974692924328],
              [-119.999234, 41.994944],
              [-119.998287, 41.749892],
              [-119.999866, 41.183974],
              [-121.446495, 41.183484],
              [-121.456922, 41.776302],
              [-121.457213, 41.949945]
            ]
          ],
          [
            [
              [-122.331615467306, 37.7870695682435],
              [-122.328024583922, 37.7813728248168],
              [-122.332037, 37.782035],
              [-122.331615467306, 37.7870695682435]
            ]
          ],
          [
            [
              [-122.377679, 37.83046],
              [-122.373453, 37.832298],
              [-122.368752, 37.831286],
              [-122.362911, 37.822696],
              [-122.364289, 37.81887],
              [-122.36427675666, 37.8188597964759],
              [-122.359544374146, 37.8149158580908],
              [-122.358779, 37.814278],
              [-122.360775, 37.812831],
              [-122.361107, 37.808029],
              [-122.362294, 37.807016],
              [-122.367138, 37.807429],
              [-122.371649, 37.809379],
              [-122.372809634429, 37.8110304840351],
              [-122.372836, 37.811068],
              [-122.371269, 37.814669],
              [-122.374518441801, 37.8198339778162],
              [-122.378962, 37.826897],
              [-122.377679, 37.83046]
            ]
          ],
          [
            [
              [-122.425227, 37.828586],
              [-122.423245, 37.828721],
              [-122.420248, 37.826513],
              [-122.420722, 37.82525],
              [-122.42277, 37.825256],
              [-122.425407, 37.827269],
              [-122.425227, 37.828586]
            ]
          ],
          [
            [
              [-122.514483, 37.780829],
              [-122.409529, 37.8089],
              [-122.359279, 37.728593],
              [-122.502426880724, 37.7081329861058],
              [-122.514060822742, 37.7778332550994],
              [-122.514483, 37.780829]
            ]
          ],
          [
            [
              [-123.013916, 37.700355],
              [-123.007786, 37.698943],
              [-123.007548, 37.70214],
              [-123.003507, 37.704396],
              [-123.000893, 37.701011],
              [-122.998754, 37.697438],
              [-123.002794, 37.692736],
              [-123.005884, 37.693489],
              [-123.007548, 37.695934],
              [-123.012777, 37.696498],
              [-123.013916, 37.700355]
            ]
          ],
          [
            [
              [-120.315068, 35.907186],
              [-119.958916, 36.181414],
              [-119.959227, 36.400975],
              [-119.66692, 36.418728],
              [-119.527194, 36.488886],
              [-119.528792, 36.401465],
              [-119.474892, 36.400953],
              [-119.474607, 36.269025],
              [-119.529358, 36.26985],
              [-119.53812, 35.789898],
              [-120.213979, 35.789276],
              [-120.259182, 35.845287],
              [-120.243275, 35.877669],
              [-120.312574, 35.907894],
              [-120.315068, 35.907186]
            ]
          ],
          [
            [
              [-120.194369, 35.789363],
              [-117.634291, 35.797658],
              [-117.652184, 35.680771],
              [-117.616518, 35.680687],
              [-117.632151, 34.822271],
              [-118.894634, 34.817972],
              [-118.880405, 34.788655],
              [-118.978022, 34.789809],
              [-119.242534, 34.814323],
              [-119.276435, 34.872481],
              [-119.472494, 34.901378],
              [-119.472552, 35.076669],
              [-119.561752, 35.087831],
              [-119.553819, 35.180123],
              [-119.667304, 35.174982],
              [-119.666585, 35.262635],
              [-119.809407, 35.263693],
              [-119.80921, 35.35094],
              [-119.880356, 35.351124],
              [-119.880045, 35.439133],
              [-119.99315, 35.43947],
              [-120.086766, 35.526432],
              [-120.08618, 35.614397],
              [-120.193988, 35.614389],
              [-120.193842, 35.726492],
              [-120.194369, 35.789363]
            ]
          ]
        ]
      }
    },
    {
      "type": "Feature",
      "id": "12",
      "properties": {
        "state_name": "Florida",
        "state_fips": "12"
      },
      "geometry": {
        "type": "MultiPolygon",
        "coordinates": [
          [
            [
              [-82.311697, 28.960391],
              [-81.95419, 28.960053],
              [-81.957805, 28.308888],
              [-81.985781, 28.30532],
              [-82.055819, 28.312794],
              [-82.054469, 28.521367],
              [-82.213724, 28.575363],
              [-82.274823, 28.656198],
              [-82.169141, 28.792954],
              [-82.311268, 28.958428],
              [-82.311697, 28.960391]
            ]
          ],
          [
            [
              [-81.95616, 28.41358],
              [-81.95419, 28.960053],
              [-81.658698, 28.960345],
              [-81.641916, 29.276766],
              [-81.61234, 29.202943],
              [-81.531465, 29.176919],
              [-81.502055, 29.097802],
              [-81.355898, 28.987047],
              [-81.349723, 28.939641],
              [-81.414682, 28.785564],
              [-81.658597, 28.766423],
              [-81.657268, 28.347098],
              [-81.957641, 28.34518],
              [-81.95616, 28.41358]
            ]
          ],
          [
            [
              [-83.820463, 30.309231],
              [-83.787711, 30.328375],
              [-83.804607, 30.376903],
              [-83.721711, 30.43484],
              [-83.72997, 30.518751],
              [-83.604186, 30.581916],
              [-83.6117200011691, 30.6512579664548],
              [-83.3092496470182, 30.6344048972559],
              [-83.269107, 30.622204],
              [-83.243599, 30.472984],
              [-83.170969, 30.385225],
              [-83.236954, 30.261628],
              [-83.821862, 30.307397],
              [-83.820463, 30.309231]
            ]
          ],
          [
            [
              [-81.680903, 29.32443],
              [-81.422945, 29.400448],
              [-81.41729, 29.261156],
              [-81.150081, 29.265957],
              [-81.155881, 29.410954],
              [-81.1019097824214, 29.4270547299613],
              [-80.7329248249869, 28.7912445868159],
              [-80.967895, 28.790197],
              [-80.964466, 28.612992],
              [-80.989885, 28.613926],
              [-81.076085, 28.819325],
              [-81.178936, 28.781886],
              [-81.225678, 28.832453],
              [-81.359339, 28.84894],
              [-81.355898, 28.987047],
              [-81.502055, 29.097802],
              [-81.531465, 29.176919],
              [-81.61234, 29.202943],
              [-81.679584, 29.320157],
              [-81.680903, 29.32443]
            ]
          ],
          [
            [
              [-80.886014, 26.652887],
              [-80.885639, 26.958919],
              [-80.079948827411, 26.9705170314788],
              [-80.031362, 26.796339],
              [-80.0748372451019, 26.3210316022663],
              [-80.296881, 26.355431],
              [-80.881833, 26.3338],
              [-80.886013, 26.652696],
              [-80.886014, 26.652887]
            ]
          ],
          [
            [
              [-87.313908, 30.848708],
              [-87.286882, 30.925441],
              [-87.176004, 30.996586],
              [-86.785692460564, 30.9969741853795],
              [-86.7994809735241, 30.3872241102845],
              [-87.231429, 30.343309],
              [-87.121451, 30.497419],
              [-87.259508, 30.612049],
              [-87.313611, 30.847266],
              [-87.313908, 30.848708]
            ]
          ],
          [
            [
              [-82.575991, 29.990857],
              [-82.458364, 30.136449],
              [-82.142578, 30.143117],
              [-82.184015, 30.066846],
              [-82.358025, 29.933574],
              [-82.529705, 29.940881],
              [-82.574424, 29.988916],
              [-82.575991, 29.990857]
            ]
          ],
          [
            [
              [-81.213926, 27.529471],
              [-81.142164, 27.643238],
              [-80.778047, 27.643195],
              [-80.777166, 27.558733],
              [-80.679821, 27.55847],
              [-80.677427, 27.121619],
              [-80.885639, 26.958919],
              [-80.878669, 27.169221],
              [-80.985302, 27.231706],
              [-81.034645, 27.359319],
              [-81.121296, 27.389808],
              [-81.214284, 27.528709],
              [-81.213926, 27.529471]
            ]
          ],
          [
            [
              [-85.417495, 29.829933],
              [-85.391232, 29.87432],
              [-85.409696, 29.802353],
              [-85.363594, 29.680544],
              [-85.30396, 29.720621],
              [-85.302789, 29.808864],
              [-85.3891744104151, 29.92478455112],
              [-85.389679, 30.200973],
              [-85.11566, 30.199976],
              [-85.135254, 30.04327],
              [-85.017939, 29.950973],
              [-85.053757, 29.910296],
              [-85.038614, 29.781188],
              [-85.109401, 29.776793],
              [-85.232229, 29.677355],
              [-85.356743, 29.66956],
              [-85.416682, 29.820246],
              [-85.417495, 29.829933]
            ]
          ],
          [
            [
              [-83.830048, 29.973025],
              [-83.827844, 29.972811],
              [-83.827012, 29.971061],
              [-83.829032, 29.969825],
              [-83.830815, 29.971061],
              [-83.830048, 29.973025]
            ]
          ],
          [
            [
              [-83.991984, 30.093408],
              [-83.915827, 30.245152],
              [-83.820235, 30.30354],
              [-83.468768, 30.304212],
              [-83.469267, 30.260351],
              [-83.36726, 30.26044],
              [-83.37089, 29.887934],
              [-83.319462, 29.778328],
              [-83.366398, 29.665701],
              [-83.483691, 29.688209],
              [-83.584222, 29.758503],
              [-83.586836, 29.818941],
              [-83.680791, 29.921574],
              [-83.992284, 30.089108],
              [-83.991984, 30.093408]
            ]
          ],
          [
            [
              [-81.658561, 28.745827],
              [-81.646513, 28.785872],
              [-81.414682, 28.785564],
              [-81.459728, 28.640196],
              [-80.952222, 28.604244],
              [-80.939311, 28.535018],
              [-80.875273, 28.488696],
              [-80.90118, 28.433158],
              [-80.862908, 28.347487],
              [-81.657268, 28.347098],
              [-81.658603, 28.740313],
              [-81.658561, 28.745827]
            ]
          ],
          [
            [
              [-82.799145, 28.185282],
              [-82.6698903209957, 28.4335756565858],
              [-82.253439, 28.434824],
              [-82.253293, 28.478491],
              [-82.054694, 28.478397],
              [-82.055531, 28.258928],
              [-82.106205, 28.259226],
              [-82.105853, 28.17165],
              [-82.7987451499573, 28.1844666506503],
              [-82.799145, 28.185282]
            ]
          ],
          [
            [
              [-82.8007235904649, 28.174991580989],
              [-82.800717, 28.175013],
              [-82.799476, 28.175418],
              [-82.798318, 28.174915],
              [-82.798433, 28.173887],
              [-82.800115, 28.173231],
              [-82.801029, 28.173999],
              [-82.8007235904649, 28.174991580989]
            ]
          ],
          [
            [
              [-82.804328, 28.177312],
              [-82.80352, 28.177909],
              [-82.801881, 28.177413],
              [-82.801632, 28.176547],
              [-82.802525, 28.175925],
              [-82.804278, 28.176409],
              [-82.8043020177086, 28.1768427598173],
              [-82.804328, 28.177312]
            ]
          ],
          [
            [
              [-82.806128, 28.174061],
              [-82.80524492014, 28.174480418691],
              [-82.80513, 28.174535],
              [-82.804164, 28.174098],
              [-82.804101, 28.173094],
              [-82.805048, 28.172574],
              [-82.8054159582061, 28.172744490899],
              [-82.806071, 28.173048],
              [-82.806128, 28.174061]
            ]
          ],
          [
            [
              [-82.8509621056592, 28.2117655524176],
              [-82.8430268926063, 28.1717337038355],
              [-82.852432, 28.210173],
              [-82.8509621056592, 28.2117655524176]
            ]
          ],
          [
            [
              [-82.183575, 26.695016],
              [-82.125795, 26.699536],
              [-82.08779, 26.647228],
              [-82.0598739239255, 26.7704052700131],
              [-81.565748, 26.769601],
              [-81.56218, 26.422625],
              [-81.659506, 26.421077],
              [-81.6579, 26.317563],
              [-81.819019, 26.316245],
              [-82.012715, 26.486878],
              [-81.998117, 26.532724],
              [-82.05808, 26.548404],
              [-82.056892, 26.493748],
              [-82.105672, 26.48393],
              [-82.183813, 26.687796],
              [-82.183575, 26.695016]
            ]
          ],
          [
            [
              [-82.224073, 26.602896],
              [-82.17783, 26.492217],
              [-82.013713, 26.454258],
              [-82.126671, 26.436279],
              [-82.224443, 26.593249],
              [-82.224073, 26.602896]
            ]
          ],
          [
            [
              [-82.262485, 26.683974],
              [-82.246085, 26.706057],
              [-82.218514, 26.623221],
              [-82.262485, 26.677602],
              [-82.262485, 26.683974]
            ]
          ],
          [
            [
              [-82.270054, 26.789551],
              [-82.2010205343136, 26.7707662433106],
              [-82.249888, 26.762946],
              [-82.261941, 26.717085],
              [-82.2720923576117, 26.7895176293629],
              [-82.270054, 26.789551]
            ]
          ],
          [
            [
              [-82.106205, 28.259226],
              [-82.055531, 28.258928],
              [-82.039893, 28.320315],
              [-81.957805, 28.308888],
              [-81.957641, 28.34518],
              [-81.657268, 28.347098],
              [-81.657189, 28.259217],
              [-81.557459, 28.259362],
              [-81.524227, 28.142805],
              [-81.456214, 28.143163],
              [-81.455758, 28.08489],
              [-81.346418, 28.084696],
              [-81.378718, 28.011743],
              [-81.458814, 28.040069],
              [-81.308696, 27.92188],
              [-81.302147, 27.862383],
              [-81.215292, 27.829731],
              [-81.131044, 27.659307],
              [-82.054349, 27.646382],
              [-82.056261, 28.171592],
              [-82.105853, 28.17165],
              [-82.106205, 28.224196],
              [-82.106205, 28.259226]
            ]
          ],
          [
            [
              [-80.98725, 28.612997],
              [-80.967895, 28.790197],
              [-80.7329248249869, 28.7912445868159],
              [-80.57424, 28.585339],
              [-80.525094, 28.459454],
              [-80.594149, 28.395323],
              [-80.603339, 28.252555],
              [-80.4471635247752, 27.8598979972078],
              [-80.509075, 27.822058],
              [-80.868881, 27.822522],
              [-80.862815, 28.347221],
              [-80.90118, 28.433158],
              [-80.870796, 28.471355],
              [-80.9863, 28.611823],
              [-80.98725, 28.612997]
            ]
          ],
          [
            [
              [-81.657268, 28.347098],
              [-80.862815, 28.347221],
              [-80.87315, 27.642288],
              [-81.142164, 27.643238],
              [-81.208124, 27.821125],
              [-81.302147, 27.862383],
              [-81.308696, 27.92188],
              [-81.458814, 28.040069],
              [-81.378718, 28.011743],
              [-81.346418, 28.084696],
              [-81.455758, 28.08489],
              [-81.456214, 28.143163],
              [-81.524227, 28.142805],
              [-81.557459, 28.259362],
              [-81.657189, 28.259217],
              [-81.657153, 28.343084],
              [-81.657268, 28.347098]
            ]
          ],
          [
            [
              [-85.600062, 30.833783],
              [-85.4979920209678, 30.9969323496585],
              [-85.0019, 31.000681],
              [-84.914322, 30.753591],
              [-84.857921, 30.698409],
              [-84.932519, 30.606393],
              [-85.434782, 30.56756],
              [-85.432274, 30.785457],
              [-85.482718, 30.785892],
              [-85.482276, 30.829509],
              [-85.599934, 30.830552],
              [-85.600062, 30.833783]
            ]
          ],
          [
            [
              [-82.757334, 28.800728],
              [-82.751154, 28.802186],
              [-82.742123, 28.803228],
              [-82.734041, 28.799062],
              [-82.730476, 28.797396],
              [-82.723815, 28.790452],
              [-82.7286387908088, 28.7864045023783],
              [-82.731427, 28.784065],
              [-82.7323199877277, 28.7819272973522],
              [-82.734334, 28.777106],
              [-82.736707, 28.77371],
              [-82.741172, 28.77719],
              [-82.7461490219497, 28.7820739345206],
              [-82.747481, 28.783381],
              [-82.746401, 28.791355],
              [-82.749253, 28.797604],
              [-82.756146, 28.799062],
              [-82.757334, 28.800728]
            ]
          ],
          [
            [
              [-82.758848, 28.993401],
              [-82.702833, 29.032821],
              [-82.612653, 29.009271],
              [-82.458911, 29.047651],
              [-82.315836, 28.973271],
              [-82.183637, 28.823626],
              [-82.183361, 28.763503],
              [-82.263052, 28.667634],
              [-82.6745857464645, 28.6940608503586],
              [-82.720838, 28.713698],
              [-82.691497, 28.792188],
              [-82.738695, 28.824796],
              [-82.696013, 28.930821],
              [-82.7594208602979, 28.992412212969],
              [-82.758848, 28.993401]
            ]
          ],
          [
            [
              [-82.3749868195969, 26.9456214736575],
              [-82.255521, 26.945264],
              [-82.255169, 27.03302],
              [-81.562531, 27.033687],
              [-81.565748, 26.769601],
              [-82.0598739239255, 26.7704052700131],
              [-82.051105, 26.864955],
              [-82.097114, 26.914514],
              [-82.053802, 26.939799],
              [-82.117841, 26.965136],
              [-82.141428, 26.92393],
              [-82.1831, 26.935773],
              [-82.146259, 26.782893],
              [-82.205562, 26.770528],
              [-82.2720923576117, 26.7895176293629],
              [-82.371007, 26.938653],
              [-82.3749868195969, 26.9456214736575]
            ]
          ],
          [
            [
              [-82.055487, 27.473096],
              [-82.054349, 27.646382],
              [-81.563533, 27.646645],
              [-81.56379, 27.414913],
              [-81.564062, 27.340641],
              [-82.055753, 27.338264],
              [-82.055487, 27.473096]
            ]
          ],
          [
            [
              [-85.153811, 30.092849],
              [-85.134773, 30.18077],
              [-85.03429, 30.312478],
              [-85.031882, 30.422648],
              [-84.981229, 30.444129],
              [-85.004307, 30.476211],
              [-84.965418, 30.580194],
              [-84.883316, 30.605589],
              [-84.882616, 30.533094],
              [-84.781813, 30.518693],
              [-84.781111, 30.459794],
              [-84.714097, 30.460401],
              [-84.714124, 30.417199],
              [-84.646408, 30.388281],
              [-84.737846, 30.265646],
              [-84.681871, 30.21771],
              [-84.63079, 30.065128],
              [-84.543032, 30.011732],
              [-85.007626, 30.013883],
              [-85.025439, 29.971399],
              [-85.154015, 30.092043],
              [-85.153811, 30.092849]
            ]
          ],
          [
            [
              [-85.389755, 30.226486],
              [-85.383948, 30.566856],
              [-84.932519, 30.606393],
              [-84.992279, 30.519315],
              [-84.981229, 30.444129],
              [-85.032931, 30.420299],
              [-85.014607, 30.387394],
              [-85.079847, 30.229715],
              [-85.11566, 30.199976],
              [-85.389679, 30.200973],
              [-85.389755, 30.226486]
            ]
          ],
          [
            [
              [-83.3092496470182, 30.6344048972559],
              [-82.6895389472297, 30.5977337059943],
              [-82.728622, 30.525707],
              [-82.645478, 30.407096],
              [-82.684158, 30.337964],
              [-82.745411, 30.317369],
              [-83.00422, 30.431933],
              [-83.122103, 30.43261],
              [-83.170969, 30.385225],
              [-83.243599, 30.472984],
              [-83.269107, 30.622204],
              [-83.309287, 30.632946],
              [-83.3092496470182, 30.6344048972559]
            ]
          ],
          [
            [
              [-84.736557, 30.26812],
              [-84.713351, 30.30017],
              [-84.378532, 30.303428],
              [-84.075539, 30.273617],
              [-84.0760425771092, 30.0954641099777],
              [-84.167881, 30.071422],
              [-84.205589, 30.114323],
              [-84.203413, 30.08461],
              [-84.262263, 30.103724],
              [-84.366115, 30.008662],
              [-84.341754, 29.970258],
              [-84.521743, 29.98075],
              [-84.63079, 30.065128],
              [-84.681871, 30.21771],
              [-84.737846, 30.265646],
              [-84.736557, 30.26812]
            ]
          ],
          [
            [
              [-82.420554, 27.846539],
              [-82.4146, 27.848361],
              [-82.40605, 27.849954],
              [-82.405218, 27.849009],
              [-82.405601, 27.847959],
              [-82.4105802727518, 27.8470290360535],
              [-82.417027, 27.845825],
              [-82.418129, 27.844197],
              [-82.419878, 27.843628],
              [-82.421396, 27.844604],
              [-82.420554, 27.846539]
            ]
          ],
          [
            [
              [-82.43746, 27.867023],
              [-82.435448, 27.884199],
              [-82.424622, 27.884199],
              [-82.424454, 27.884027],
              [-82.424278, 27.868217],
              [-82.429779, 27.863234],
              [-82.434803, 27.863491],
              [-82.437417, 27.864331],
              [-82.43746, 27.867023]
            ]
          ],
          [
            [
              [-82.4412503879094, 27.8312435225602],
              [-82.440982, 27.835961],
              [-82.438576, 27.839603],
              [-82.431221, 27.838608],
              [-82.431597128401, 27.8324638164403],
              [-82.43222, 27.822289],
              [-82.438606, 27.822299],
              [-82.441689, 27.823534],
              [-82.4412503879094, 27.8312435225602]
            ]
          ],
          [
            [
              [-82.576403, 27.637754],
              [-82.572698, 27.636943],
              [-82.5726353851295, 27.6368727092786],
              [-82.5766945787129, 27.6350782198384],
              [-82.576403, 27.637754]
            ]
          ],
          [
            [
              [-82.651165, 28.173266],
              [-82.056261, 28.171592],
              [-82.056351, 27.646229],
              [-82.5540885876195, 27.6458028420481],
              [-82.385854, 27.819651],
              [-82.461894, 27.938602],
              [-82.491717, 27.914706],
              [-82.47244, 27.822559],
              [-82.554572, 27.847961],
              [-82.531643, 27.936412],
              [-82.6485277932049, 28.0181267990881],
              [-82.650602, 28.144928],
              [-82.651165, 28.173266]
            ]
          ],
          [
            [
              [-82.764241, 27.591285],
              [-82.763482, 27.596287],
              [-82.763373, 27.600663],
              [-82.763102, 27.602394],
              [-82.762551, 27.603149],
              [-82.761494, 27.603077],
              [-82.760463, 27.602423],
              [-82.75885, 27.60047],
              [-82.758652, 27.59696],
              [-82.759194, 27.594315],
              [-82.760351, 27.587463],
              [-82.760636, 27.585564],
              [-82.760056, 27.582769],
              [-82.758977, 27.579885],
              [-82.756698, 27.577624],
              [-82.756101, 27.576085],
              [-82.757566, 27.576037],
              [-82.758927, 27.577112],
              [-82.761297, 27.579809],
              [-82.762505, 27.581184],
              [-82.763319, 27.582146],
              [-82.764176, 27.58859],
              [-82.764241, 27.591285]
            ]
          ],
          [
            [
              [-81.459689, 28.644357],
              [-81.416846, 28.824569],
              [-81.36694, 28.879227],
              [-81.178936, 28.781886],
              [-81.076085, 28.819325],
              [-80.986941, 28.618298],
              [-81.459728, 28.640196],
              [-81.459689, 28.644357]
            ]
          ],
          [
            [
              [-81.564086, 27.373302],
              [-81.563533, 27.646645],
              [-81.142164, 27.643238],
              [-81.205388, 27.490254],
              [-81.121296, 27.389808],
              [-81.034645, 27.359319],
              [-80.940676, 27.205939],
              [-81.169138, 27.209585],
              [-81.168281, 27.121734],
              [-81.267677, 27.121097],
              [-81.267216, 27.032474],
              [-81.562531, 27.033687],
              [-81.563957, 27.373233],
              [-81.564086, 27.373302]
            ]
          ],
          [
            [
              [-82.04932, 30.27343],
              [-81.721883, 30.571934],
              [-81.663733, 30.550842],
              [-81.624513, 30.586232],
              [-81.543018, 30.523889],
              [-81.499575, 30.563793],
              [-81.413197, 30.482909],
              [-81.3798769128199, 30.2529135364396],
              [-81.436929, 30.252335],
              [-81.434653, 30.105277],
              [-81.680215, 30.12124],
              [-81.679626, 30.190495],
              [-82.049411, 30.186933],
              [-82.04932, 30.27343]
            ]
          ],
          [
            [
              [-82.056071, 29.656846],
              [-82.055625, 29.718232],
              [-81.81243, 29.83649],
              [-81.581207, 29.840176],
              [-81.52523, 29.759497],
              [-81.520467, 29.496513],
              [-81.476293, 29.396152],
              [-81.433583, 29.398166],
              [-81.680903, 29.32443],
              [-81.668525, 29.371704],
              [-81.741422, 29.371049],
              [-81.776205, 29.487448],
              [-81.842779, 29.486533],
              [-81.843009, 29.521004],
              [-82.055899, 29.471232],
              [-82.056151, 29.645355],
              [-82.056071, 29.656846]
            ]
          ],
          [
            [
              [-81.690458, 30.042834],
              [-81.680215, 30.12124],
              [-81.433783, 30.105536],
              [-81.436929, 30.252335],
              [-81.3798769128199, 30.2529135364396],
              [-81.2128778426699, 29.6706669347027],
              [-81.324345, 29.653478],
              [-81.324059, 29.62561],
              [-81.52366, 29.622432],
              [-81.52523, 29.759497],
              [-81.599013, 29.875422],
              [-81.60099, 29.956017],
              [-81.690001, 30.035553],
              [-81.690458, 30.042834]
            ]
          ],
          [
            [
              [-84.076189, 30.171036],
              [-84.074691, 30.434302],
              [-84.041152, 30.521901],
              [-83.977165, 30.521987],
              [-84.007454, 30.6721003570368],
              [-83.6117200011691, 30.6512579664548],
              [-83.604186, 30.581916],
              [-83.72997, 30.518751],
              [-83.721711, 30.43484],
              [-83.804607, 30.376903],
              [-83.792544, 30.319186],
              [-83.915827, 30.245152],
              [-83.9913855796933, 30.0860221582292],
              [-84.0760425771092, 30.0954641099777],
              [-84.076229, 30.12529],
              [-84.076189, 30.171036]
            ]
          ],
          [
            [
              [-82.418728, 29.923093],
              [-82.307409, 29.956156],
              [-82.142578, 30.143117],
              [-82.049425, 30.143136],
              [-82.049244, 29.71867],
              [-82.133126, 29.835949],
              [-82.281837, 29.844448],
              [-82.416413, 29.922325],
              [-82.418728, 29.923093]
            ]
          ],
          [
            [
              [-82.918708, 29.824083],
              [-82.903956, 29.824294],
              [-82.907862, 29.821843],
              [-82.909496, 29.821183],
              [-82.91231, 29.820766],
              [-82.913241, 29.821001],
              [-82.916827, 29.823524],
              [-82.918708, 29.824083]
            ]
          ],
          [
            [
              [-83.414774, 29.663559],
              [-83.363207, 29.668238],
              [-83.318859, 29.822623],
              [-82.920608, 29.824143],
              [-82.973054, 29.624281],
              [-82.937096, 29.588255],
              [-82.984923, 29.469077],
              [-83.060528, 29.349457],
              [-83.164817, 29.289161],
              [-83.218075, 29.420492],
              [-83.400252, 29.517242],
              [-83.411712, 29.657041],
              [-83.414774, 29.663559]
            ]
          ],
          [
            [
              [-82.658554, 29.830144],
              [-82.510972, 29.945207],
              [-82.281837, 29.844448],
              [-82.133126, 29.835949],
              [-82.049052, 29.713368],
              [-82.055643, 29.441847],
              [-82.095629, 29.420499],
              [-82.200079, 29.422761],
              [-82.211449, 29.484067],
              [-82.556766, 29.480055],
              [-82.55703, 29.537362],
              [-82.656331, 29.53562],
              [-82.658128, 29.828068],
              [-82.658554, 29.830144]
            ]
          ],
          [
            [
              [-82.535916, 29.126665],
              [-82.53486, 29.21468],
              [-82.403237, 29.215623],
              [-82.40662, 29.485048],
              [-82.211449, 29.484067],
              [-82.209725, 29.428232],
              [-82.099886, 29.418664],
              [-82.026295, 29.494739],
              [-81.844929, 29.521678],
              [-81.842779, 29.486533],
              [-81.776205, 29.487448],
              [-81.741422, 29.371049],
              [-81.668525, 29.371704],
              [-81.641916, 29.276766],
              [-81.658698, 28.960345],
              [-82.311697, 28.960391],
              [-82.458911, 29.047651],
              [-82.534922, 29.040866],
              [-82.535913, 29.126516],
              [-82.535916, 29.126665]
            ]
          ],
          [
            [
              [-82.69547, 27.665486],
              [-82.693907, 27.668738],
              [-82.687888, 27.668012],
              [-82.685555, 27.664742],
              [-82.687219, 27.662637],
              [-82.691201, 27.662837],
              [-82.695062, 27.661584],
              [-82.69547, 27.665486]
            ]
          ],
          [
            [
              [-82.8430428503104, 28.1211934661377],
              [-82.842201, 28.125402],
              [-82.838145, 28.12939],
              [-82.833786, 28.13026],
              [-82.832237, 28.129057],
              [-82.837837, 28.124039],
              [-82.8390297949804, 28.1211900829829],
              [-82.839809, 28.119329],
              [-82.838383, 28.113459],
              [-82.832679, 28.109895],
              [-82.832405, 28.106716],
              [-82.842743, 28.111225],
              [-82.843374, 28.119538],
              [-82.8430428503104, 28.1211934661377]
            ]
          ],
          [
            [
              [-82.8480484540197, 28.1717169638104],
              [-82.844579, 28.17171],
              [-82.8430268926063, 28.1717337038355],
              [-82.840401, 28.166864],
              [-82.842651, 28.163849],
              [-82.846601, 28.165307],
              [-82.8480484540197, 28.1717169638104]
            ]
          ],
          [
            [
              [-82.852168, 27.885972],
              [-82.818497, 28.048696],
              [-82.80487, 27.965983],
              [-82.786064, 28.047945],
              [-82.836244, 28.091864],
              [-82.800354, 28.052647],
              [-82.779201, 28.072782],
              [-82.800882, 28.17091],
              [-82.651165, 28.173266],
              [-82.6485277932049, 28.0181267990881],
              [-82.690071, 28.027473],
              [-82.725855, 27.93622],
              [-82.629653, 27.906965],
              [-82.587625, 27.81901],
              [-82.63982, 27.703907],
              [-82.713363, 27.703679],
              [-82.698203, 27.637786],
              [-82.734653, 27.611854],
              [-82.740323, 27.718206],
              [-82.8512752862242, 27.8759685044889],
              [-82.852168, 27.885972]
            ]
          ],
          [
            [
              [-82.973054, 29.624281],
              [-82.935355, 29.809455],
              [-82.863266, 29.91105],
              [-82.769861, 29.927813],
              [-82.732941, 29.85647],
              [-82.658554, 29.830144],
              [-82.656301, 29.564811],
              [-82.952162, 29.584474],
              [-82.972431, 29.621494],
              [-82.973054, 29.624281]
            ]
          ],
          [
            [
              [-87.6348442887865, 30.866109347267],
              [-87.598928, 30.997457],
              [-87.1636472414627, 30.9990236362357],
              [-87.286882, 30.925441],
              [-87.313908, 30.848708],
              [-87.259508, 30.612049],
              [-87.121451, 30.497419],
              [-87.231429, 30.343309],
              [-86.9188716905368, 30.3709250843817],
              [-87.518324, 30.280435],
              [-87.452378, 30.300201],
              [-87.504701, 30.324039],
              [-87.366591, 30.436648],
              [-87.447702, 30.510458],
              [-87.396177, 30.650454],
              [-87.634938, 30.865886],
              [-87.6348442887865, 30.866109347267]
            ]
          ],
          [
            [
              [-82.681222, 28.464239],
              [-82.644269, 28.584178],
              [-82.6745857464645, 28.6940608503586],
              [-82.263052, 28.667634],
              [-82.213724, 28.575363],
              [-82.054469, 28.521367],
              [-82.054694, 28.478397],
              [-82.253293, 28.478491],
              [-82.253439, 28.434824],
              [-82.6698903209957, 28.4335756565858],
              [-82.680473, 28.460808],
              [-82.681222, 28.464239]
            ]
          ],
          [
            [
              [-86.397205, 30.385581],
              [-86.3886460004315, 30.9941810207682],
              [-86.035039, 30.99332],
              [-86.037591, 30.704572],
              [-85.844421, 30.70313],
              [-85.915174, 30.636974],
              [-85.859769, 30.490134],
              [-85.98659, 30.423515],
              [-85.9959271127585, 30.2691392913069],
              [-86.3973611301775, 30.3786613877174],
              [-86.397205, 30.385581]
            ]
          ],
          [
            [
              [-84.674683, 29.786234],
              [-84.57248, 29.828459],
              [-84.673919, 29.783212],
              [-84.674683, 29.786234]
            ]
          ],
          [
            [
              [-85.097168, 29.626242],
              [-84.981498, 29.608642],
              [-84.692027, 29.764924],
              [-84.956452, 29.613997],
              [-85.045074, 29.586991],
              [-85.097726, 29.624028],
              [-85.097168, 29.626242]
            ]
          ],
          [
            [
              [-85.206226, 29.711188],
              [-85.020534, 29.807373],
              [-85.054359, 29.90186],
              [-85.007626, 30.013883],
              [-84.469004, 30.00237],
              [-84.438904, 29.960232],
              [-84.338625, 29.94649],
              [-84.341555, 29.902189],
              [-84.521814, 29.914078],
              [-84.888031, 29.722406],
              [-84.877661, 29.798144],
              [-84.993264, 29.714961],
              [-85.2174996110487, 29.6947430959589],
              [-85.206226, 29.711188]
            ]
          ],
          [
            [
              [-85.222476, 29.679336],
              [-85.074308, 29.673981],
              [-85.120454, 29.630015],
              [-85.222456, 29.677804],
              [-85.222476, 29.679336]
            ]
          ],
          [
            [
              [-82.798903, 29.933637],
              [-82.758583, 29.975707],
              [-82.793975, 29.986202],
              [-82.794594, 30.337024],
              [-82.71643, 30.321242],
              [-82.646699, 30.397364],
              [-82.728622, 30.525707],
              [-82.69652, 30.596047],
              [-82.4597918101678, 30.5842868523055],
              [-82.45258, 30.122069],
              [-82.573116, 30.010651],
              [-82.529439, 29.934277],
              [-82.641377, 29.827423],
              [-82.732941, 29.85647],
              [-82.800477, 29.932126],
              [-82.798903, 29.933637]
            ]
          ],
          [
            [
              [-84.931919, 30.606893],
              [-84.864693, 30.711542],
              [-84.2825612156871, 30.6853214444398],
              [-84.378384, 30.573467],
              [-84.402926, 30.475769],
              [-84.680632, 30.387973],
              [-84.714097, 30.460401],
              [-84.781111, 30.459794],
              [-84.781813, 30.518693],
              [-84.882616, 30.533094],
              [-84.883316, 30.605589],
              [-84.932519, 30.606393],
              [-84.931919, 30.606893]
            ]
          ],
          [
            [
              [-83.034469, 29.125343],
              [-83.032805, 29.127835],
              [-83.027814, 29.127004],
              [-83.02386, 29.124034],
              [-83.024011, 29.119322],
              [-83.026542, 29.11788],
              [-83.034469, 29.121813],
              [-83.034469, 29.125343]
            ]
          ],
          [
            [
              [-83.034469, 29.099594],
              [-83.030666, 29.098971],
              [-83.025912, 29.096271],
              [-83.029477, 29.093779],
              [-83.03405, 29.095547],
              [-83.035325, 29.096307],
              [-83.034469, 29.099594]
            ]
          ],
          [
            [
              [-83.075959, 29.101632],
              [-83.069854, 29.102777],
              [-83.061802, 29.102502],
              [-83.059928, 29.09966],
              [-83.062039, 29.09731],
              [-83.065367, 29.095648],
              [-83.070718, 29.096609],
              [-83.077251, 29.100217],
              [-83.075959, 29.101632]
            ]
          ],
          [
            [
              [-83.093413, 29.131779],
              [-83.088422, 29.134894],
              [-83.085094, 29.132195],
              [-83.082604, 29.128917],
              [-83.083291, 29.12454],
              [-83.085651, 29.12019],
              [-83.090253, 29.118715],
              [-83.089973, 29.122751],
              [-83.090086, 29.126381],
              [-83.093922, 29.128523],
              [-83.093413, 29.131779]
            ]
          ],
          [
            [
              [-83.164817, 29.289161],
              [-83.023897, 29.397726],
              [-82.937329, 29.591196],
              [-82.557565, 29.537606],
              [-82.556766, 29.480055],
              [-82.40662, 29.485048],
              [-82.403237, 29.215623],
              [-82.53486, 29.21468],
              [-82.535591, 29.044855],
              [-82.607473, 29.010443],
              [-82.702833, 29.032821],
              [-82.760551, 28.993087],
              [-82.761612, 29.051609],
              [-82.816925, 29.076215],
              [-82.813902, 29.162502],
              [-82.994776, 29.175162],
              [-83.05316, 29.126747],
              [-83.077265, 29.255331],
              [-83.1669507949147, 29.288592886733],
              [-83.164817, 29.289161]
            ]
          ],
          [
            [
              [-85.995732, 30.274656],
              [-85.964967, 30.410708],
              [-85.487968, 30.436655],
              [-85.486358, 30.567574],
              [-85.383948, 30.566856],
              [-85.388465, 29.926076],
              [-85.9959271127585, 30.2691392913069],
              [-85.995732, 30.274656]
            ]
          ],
          [
            [
              [-81.566527, 26.713919],
              [-81.565748, 26.769601],
              [-81.459328, 26.783467],
              [-80.945319, 26.769099],
              [-80.885639, 26.958919],
              [-80.87971, 26.259308],
              [-81.268236, 26.253069],
              [-81.271768, 26.517069],
              [-81.563763, 26.513331],
              [-81.566515, 26.709544],
              [-81.566527, 26.713919]
            ]
          ],
          [
            [
              [-80.685636, 27.114689],
              [-80.677862, 27.205988],
              [-80.28551, 27.206025],
              [-80.284771, 27.263723],
              [-80.199841, 27.263458],
              [-80.079948827411, 26.9705170314788],
              [-80.885639, 26.958919],
              [-80.685636, 27.114689]
            ]
          ],
          [
            [
              [-82.049435, 30.153723],
              [-82.049411, 30.186933],
              [-81.679626, 30.190495],
              [-81.688876, 30.028566],
              [-81.604867, 29.963498],
              [-81.581207, 29.840176],
              [-81.81243, 29.83649],
              [-82.049244, 29.71867],
              [-82.049425, 30.143136],
              [-82.049435, 30.153723]
            ]
          ],
          [
            [
              [-80.296177, 25.327095],
              [-80.294843, 25.327697],
              [-80.293668, 25.326819],
              [-80.293713, 25.324611],
              [-80.295262, 25.324495],
              [-80.296776, 25.325538],
              [-80.296177, 25.327095]
            ]
          ],
          [
            [
              [-80.3794, 25.296829],
              [-80.379021, 25.305895],
              [-80.3761037521012, 25.3058748956487],
              [-80.376288, 25.30448],
              [-80.377064, 25.30219],
              [-80.375891, 25.299487],
              [-80.37378, 25.296235],
              [-80.3740965541981, 25.2952000054046],
              [-80.37447, 25.293979],
              [-80.374113, 25.292797],
              [-80.372061, 25.292076],
              [-80.371261, 25.2914],
              [-80.372305, 25.289024],
              [-80.372449, 25.287102],
              [-80.37649, 25.287532],
              [-80.379136596166, 25.288301994072],
              [-80.379231, 25.293993],
              [-80.3794, 25.296829]
            ]
          ],
          [
            [
              [-80.460852, 25.050808],
              [-80.459311, 25.051727],
              [-80.455927, 25.052598],
              [-80.451726, 25.053226],
              [-80.448638, 25.053666],
              [-80.44749, 25.053628],
              [-80.446311, 25.052813],
              [-80.446662, 25.051173],
              [-80.448275, 25.050149],
              [-80.451744, 25.04929],
              [-80.455781, 25.048353],
              [-80.459074, 25.048056],
              [-80.460428, 25.048837],
              [-80.460984, 25.049575],
              [-80.460852, 25.050808]
            ]
          ],
          [
            [
              [-80.482307, 25.112364],
              [-80.480673, 25.116026],
              [-80.476915, 25.114316],
              [-80.477147, 25.112259],
              [-80.475008, 25.109784],
              [-80.475942, 25.10832],
              [-80.477416, 25.107891],
              [-80.479189, 25.110561],
              [-80.4812630844854, 25.1117603503295],
              [-80.482307, 25.112364]
            ]
          ],
          [
            [
              [-80.482614, 25.086431],
              [-80.482376, 25.088368],
              [-80.481426, 25.089444],
              [-80.481544, 25.091489],
              [-80.480475, 25.092673],
              [-80.478573, 25.091704],
              [-80.477029, 25.090951],
              [-80.474889, 25.092135],
              [-80.473939, 25.093642],
              [-80.474295, 25.095364],
              [-80.476316, 25.096225],
              [-80.477504, 25.098054],
              [-80.478573, 25.101713],
              [-80.477742, 25.103543],
              [-80.476672, 25.102466],
              [-80.475721, 25.098807],
              [-80.473939, 25.097085],
              [-80.471087, 25.094503],
              [-80.470492, 25.093319],
              [-80.4692045471916, 25.0923187660683],
              [-80.468829, 25.092027],
              [-80.471443, 25.091597],
              [-80.474652, 25.090736],
              [-80.476316, 25.088906],
              [-80.478455, 25.089014],
              [-80.48, 25.088045],
              [-80.480831, 25.086],
              [-80.482495, 25.084278],
              [-80.483802, 25.085139],
              [-80.482614, 25.086431]
            ]
          ],
          [
            [
              [-80.498063, 25.102682],
              [-80.495582, 25.102244],
              [-80.493787, 25.103203],
              [-80.490794, 25.10354],
              [-80.488993, 25.104994],
              [-80.488722, 25.107218],
              [-80.488348, 25.10888],
              [-80.48784, 25.109293],
              [-80.486371697371, 25.1086803969164],
              [-80.486179, 25.1086],
              [-80.486892, 25.106771],
              [-80.487249, 25.105049],
              [-80.489031, 25.102574],
              [-80.490457, 25.100852],
              [-80.491527, 25.099561],
              [-80.493169, 25.09947],
              [-80.494498, 25.097839],
              [-80.496994, 25.099668],
              [-80.498063, 25.102682]
            ]
          ],
          [
            [
              [-80.502891, 25.076204],
              [-80.500417, 25.077993],
              [-80.499054, 25.080866],
              [-80.496256, 25.081809],
              [-80.49285, 25.079996],
              [-80.493276, 25.078446],
              [-80.495951, 25.078551],
              [-80.498465, 25.075912],
              [-80.5002430542575, 25.0753114893045],
              [-80.501873, 25.074761],
              [-80.502891, 25.076204]
            ]
          ],
          [
            [
              [-80.510599, 25.138971],
              [-80.509938, 25.139974],
              [-80.508409, 25.139516],
              [-80.506898, 25.138007],
              [-80.505356, 25.137824],
              [-80.504928, 25.135743],
              [-80.506187, 25.133476],
              [-80.506548, 25.131713],
              [-80.507737, 25.13096],
              [-80.509163, 25.13139],
              [-80.507737, 25.13408],
              [-80.508093, 25.135263],
              [-80.509989, 25.137033],
              [-80.510599, 25.138971]
            ]
          ],
          [
            [
              [-80.514404, 25.150354],
              [-80.510928, 25.151559],
              [-80.510744, 25.153764],
              [-80.509337, 25.155186],
              [-80.508152, 25.154562],
              [-80.505434, 25.148743],
              [-80.506644, 25.147339],
              [-80.509759, 25.149258],
              [-80.51397, 25.148711],
              [-80.514404, 25.150354]
            ]
          ],
          [
            [
              [-80.518681, 25.08598],
              [-80.51478, 25.084861],
              [-80.511144, 25.083179],
              [-80.510588, 25.081913],
              [-80.512066, 25.081322],
              [-80.517832, 25.083],
              [-80.519306, 25.085122],
              [-80.518681, 25.08598]
            ]
          ],
          [
            [
              [-80.545464, 25.183296],
              [-80.543032, 25.185173],
              [-80.540418, 25.186356],
              [-80.537803, 25.186786],
              [-80.535783, 25.187001],
              [-80.534832, 25.188292],
              [-80.535783, 25.189905],
              [-80.536734, 25.190658],
              [-80.537447, 25.193024],
              [-80.535636, 25.195097],
              [-80.534844, 25.192785],
              [-80.534052, 25.19017],
              [-80.532745, 25.188545],
              [-80.530332, 25.187603],
              [-80.531294, 25.185605],
              [-80.532443, 25.185019],
              [-80.533944, 25.18462],
              [-80.536225, 25.183256],
              [-80.53795, 25.182683],
              [-80.540588, 25.181968],
              [-80.542796, 25.181875],
              [-80.544387, 25.182293],
              [-80.545464, 25.183296]
            ]
          ],
          [
            [
              [-80.553221, 25.161413],
              [-80.550578, 25.162393],
              [-80.550058, 25.161854],
              [-80.550354, 25.160433],
              [-80.551437, 25.159321],
              [-80.55281, 25.158287],
              [-80.555867, 25.158177],
              [-80.553221, 25.161413]
            ]
          ],
          [
            [
              [-80.559789, 25.064558],
              [-80.558136, 25.06596],
              [-80.558291, 25.067391],
              [-80.556801, 25.070396],
              [-80.555844, 25.072206],
              [-80.554878, 25.071278],
              [-80.554459, 25.069696],
              [-80.554779, 25.067808],
              [-80.553772, 25.065321],
              [-80.551945, 25.064774],
              [-80.552658, 25.062944],
              [-80.554787, 25.064049],
              [-80.556223, 25.063482],
              [-80.558363, 25.062513],
              [-80.559907, 25.063267],
              [-80.559789, 25.064558]
            ]
          ],
          [
            [
              [-80.570603, 25.131175],
              [-80.569652, 25.131498],
              [-80.568161, 25.12944],
              [-80.566328, 25.129099],
              [-80.564955, 25.127871],
              [-80.564991, 25.12476],
              [-80.566466, 25.123918],
              [-80.567972, 25.122476],
              [-80.567731, 25.125708],
              [-80.570198, 25.127871],
              [-80.570833, 25.129247],
              [-80.570603, 25.131175]
            ]
          ],
          [
            [
              [-80.570841, 25.148065],
              [-80.570128, 25.149464],
              [-80.568345, 25.150217],
              [-80.565018, 25.149679],
              [-80.563377, 25.148339],
              [-80.560873, 25.145691],
              [-80.557983, 25.142091],
              [-80.557233, 25.140384],
              [-80.558503, 25.139762],
              [-80.561944, 25.13957],
              [-80.561763, 25.141408],
              [-80.563734, 25.142476],
              [-80.564164, 25.144612],
              [-80.564272, 25.146897],
              [-80.5655, 25.148438],
              [-80.568226, 25.147958],
              [-80.570365, 25.147205],
              [-80.570841, 25.148065]
            ]
          ],
          [
            [
              [-80.574168, 25.104597],
              [-80.570841, 25.106427],
              [-80.567157, 25.108256],
              [-80.567294, 25.109665],
              [-80.567621, 25.112577],
              [-80.568345, 25.115681],
              [-80.568583, 25.118801],
              [-80.567632, 25.119124],
              [-80.566563, 25.115681],
              [-80.563354, 25.110946],
              [-80.56169, 25.10987],
              [-80.560739, 25.107395],
              [-80.562047, 25.106534],
              [-80.565018, 25.106534],
              [-80.567157, 25.105781],
              [-80.568107, 25.10449],
              [-80.57096, 25.103736],
              [-80.573099, 25.103951],
              [-80.574168, 25.104597]
            ]
          ],
          [
            [
              [-80.57905, 25.159949],
              [-80.577513, 25.159899],
              [-80.574561, 25.159899],
              [-80.573799, 25.157826],
              [-80.572928, 25.156745],
              [-80.57412, 25.155424],
              [-80.574615, 25.153866],
              [-80.574525, 25.151723],
              [-80.574406, 25.149679],
              [-80.575119, 25.148388],
              [-80.576426, 25.150217],
              [-80.57675, 25.153778],
              [-80.577779, 25.156029],
              [-80.578941, 25.158033],
              [-80.57905, 25.159949]
            ]
          ],
          [
            [
              [-80.589027, 25.060463],
              [-80.587558, 25.061086],
              [-80.586356, 25.062545],
              [-80.585524, 25.062536],
              [-80.582693, 25.061169],
              [-80.582813, 25.058791],
              [-80.583278, 25.056946],
              [-80.585049, 25.056974],
              [-80.586409, 25.055623],
              [-80.588246, 25.056483],
              [-80.589322, 25.058228],
              [-80.589027, 25.060463]
            ]
          ],
          [
            [
              [-80.607696, 25.174917],
              [-80.604354, 25.174849],
              [-80.602333, 25.173558],
              [-80.599481, 25.173558],
              [-80.598055, 25.171622],
              [-80.596154, 25.170977],
              [-80.594371, 25.170224],
              [-80.592113, 25.170762],
              [-80.590568, 25.171192],
              [-80.589136, 25.171734],
              [-80.586631, 25.171442],
              [-80.586044, 25.16924],
              [-80.586007, 25.168018],
              [-80.587241, 25.16641],
              [-80.587283, 25.164153],
              [-80.586799, 25.16264],
              [-80.587645, 25.161638],
              [-80.589327, 25.161549],
              [-80.591384, 25.162551],
              [-80.593102, 25.16309],
              [-80.596193, 25.162434],
              [-80.59762, 25.1631],
              [-80.599853, 25.163732],
              [-80.602037, 25.166011],
              [-80.602927, 25.169738],
              [-80.603666, 25.171483],
              [-80.605645, 25.173624],
              [-80.607412, 25.174421],
              [-80.607696, 25.174917]
            ]
          ],
          [
            [
              [-80.619408, 25.071509],
              [-80.618544, 25.072358],
              [-80.615601, 25.072612],
              [-80.610627, 25.074975],
              [-80.610578, 25.072553],
              [-80.610058, 25.070371],
              [-80.608528, 25.07017],
              [-80.606715, 25.070578],
              [-80.60553, 25.070358],
              [-80.605916, 25.069433],
              [-80.606871, 25.068723],
              [-80.608521, 25.067698],
              [-80.60982, 25.06585],
              [-80.60982, 25.064235],
              [-80.608275, 25.061114],
              [-80.607562, 25.059391],
              [-80.607919, 25.056915],
              [-80.609464, 25.055946],
              [-80.613385, 25.056161],
              [-80.614217, 25.057776],
              [-80.613385, 25.066065],
              [-80.613375, 25.068715],
              [-80.615944, 25.069116],
              [-80.61802, 25.068864],
              [-80.619565, 25.069833],
              [-80.619408, 25.071509]
            ]
          ],
          [
            [
              [-80.619782, 25.002903],
              [-80.618351, 25.004027],
              [-80.617783, 25.005651],
              [-80.615531, 25.007777],
              [-80.614348, 25.007883],
              [-80.612751, 25.00666],
              [-80.613028, 25.004414],
              [-80.614146, 25.003219],
              [-80.615982, 25.003532],
              [-80.618984, 25.001389],
              [-80.620159, 25.001352],
              [-80.619782, 25.002903]
            ]
          ],
          [
            [
              [-80.627171, 25.000401],
              [-80.626002, 25.002625],
              [-80.623225, 25.001586],
              [-80.622785, 24.999997],
              [-80.623887, 24.998781],
              [-80.626172, 24.999077],
              [-80.627171, 25.000401]
            ]
          ],
          [
            [
              [-80.627357, 24.959814],
              [-80.625146, 24.961366],
              [-80.623882, 24.963673],
              [-80.623036, 24.962022],
              [-80.622944, 24.959853],
              [-80.623203, 24.95862],
              [-80.627334, 24.959076],
              [-80.627357, 24.959814]
            ]
          ],
          [
            [
              [-80.637434, 25.027073],
              [-80.636835, 25.02813],
              [-80.634152, 25.028118],
              [-80.632255, 25.027517],
              [-80.631628, 25.025463],
              [-80.633242, 25.024247],
              [-80.634227, 25.024297],
              [-80.635229, 25.025624],
              [-80.636854, 25.026445],
              [-80.637434, 25.027073]
            ]
          ],
          [
            [
              [-80.648224, 25.05087],
              [-80.647629, 25.052054],
              [-80.644777, 25.052808],
              [-80.642748, 25.052305],
              [-80.641298, 25.0516],
              [-80.641141, 25.049794],
              [-80.641855, 25.048044],
              [-80.644236, 25.046938],
              [-80.646376, 25.047462],
              [-80.648224, 25.049147],
              [-80.648224, 25.05087]
            ]
          ],
          [
            [
              [-80.649208, 25.035533],
              [-80.646681, 25.036429],
              [-80.64586, 25.036275],
              [-80.645564, 25.035444],
              [-80.646338, 25.033159],
              [-80.648532, 25.032356],
              [-80.649498, 25.034344],
              [-80.649208, 25.035533]
            ]
          ],
          [
            [
              [-80.653553, 24.982826],
              [-80.651058, 24.984334],
              [-80.651414, 24.98638],
              [-80.651414, 24.98735],
              [-80.651177, 24.988858],
              [-80.650226, 24.989504],
              [-80.647744, 24.988515],
              [-80.646576, 24.987369],
              [-80.646438, 24.986296],
              [-80.647894, 24.985189],
              [-80.649984, 24.982933],
              [-80.65077, 24.982162],
              [-80.652685, 24.980814],
              [-80.654128, 24.98164],
              [-80.653553, 24.982826]
            ]
          ],
          [
            [
              [-80.658672, 25.107111],
              [-80.632135, 25.118588],
              [-80.640643, 25.073373],
              [-80.658544, 25.105377],
              [-80.658672, 25.107111]
            ]
          ],
          [
            [
              [-80.661032, 24.900218],
              [-80.433296, 25.107847],
              [-80.461342, 25.132487],
              [-80.442684, 25.191647],
              [-80.495536, 25.225395],
              [-80.3978630482615, 25.2534798450631],
              [-80.416658, 25.198744],
              [-80.352841, 25.207561],
              [-80.332163, 25.263031],
              [-80.365913, 25.285383],
              [-80.253015, 25.340494],
              [-80.385352, 25.12132],
              [-80.6606658533677, 24.8991469754084],
              [-80.661032, 24.900218]
            ]
          ],
          [
            [
              [-80.665556, 24.989396],
              [-80.663488, 24.992999],
              [-80.661826, 24.995273],
              [-80.660582, 24.99574],
              [-80.658582, 24.995371],
              [-80.65651, 24.996103],
              [-80.65529, 24.995998],
              [-80.654271, 24.994916],
              [-80.654148, 24.993382],
              [-80.655098, 24.992305],
              [-80.656405, 24.991551],
              [-80.657713, 24.990797],
              [-80.657832, 24.989504],
              [-80.657594, 24.987781],
              [-80.659614, 24.987888],
              [-80.661634, 24.987565],
              [-80.664962, 24.988104],
              [-80.665556, 24.989396]
            ]
          ],
          [
            [
              [-80.669088, 25.035768],
              [-80.667106, 25.036676],
              [-80.66464, 25.037154],
              [-80.663816, 25.035153],
              [-80.664029, 25.033643],
              [-80.66498, 25.033104],
              [-80.667058, 25.033312],
              [-80.668406, 25.033527],
              [-80.66936, 25.034634],
              [-80.669088, 25.035768]
            ]
          ],
          [
            [
              [-80.669914, 24.923468],
              [-80.668503, 24.926441],
              [-80.666542, 24.927647],
              [-80.665154, 24.928158],
              [-80.662079, 24.926638],
              [-80.660828, 24.924028],
              [-80.661392, 24.921898],
              [-80.663322, 24.92024],
              [-80.666389, 24.918518],
              [-80.669006, 24.918413],
              [-80.670837, 24.92021],
              [-80.669914, 24.923468]
            ]
          ],
          [
            [
              [-80.671843, 24.988712],
              [-80.671317, 24.989472],
              [-80.670085, 24.990165],
              [-80.668408, 24.989504],
              [-80.667339, 24.988104],
              [-80.666745, 24.987242],
              [-80.667322, 24.986395],
              [-80.669288, 24.987082],
              [-80.671384, 24.987638],
              [-80.671843, 24.988712]
            ]
          ],
          [
            [
              [-80.680244, 25.100754],
              [-80.678202, 25.101563],
              [-80.676926, 25.103644],
              [-80.6745, 25.104106],
              [-80.671181, 25.102257],
              [-80.66965, 25.100869],
              [-80.668756, 25.098326],
              [-80.666841, 25.097402],
              [-80.666932, 25.095962],
              [-80.669786, 25.096914],
              [-80.672736, 25.098286],
              [-80.674368, 25.098523],
              [-80.676781, 25.099024],
              [-80.678855, 25.098804],
              [-80.68042, 25.099282],
              [-80.680244, 25.100754]
            ]
          ],
          [
            [
              [-80.680636, 25.032945],
              [-80.678061, 25.035262],
              [-80.675101, 25.033831],
              [-80.67379, 25.03355],
              [-80.673729, 25.032916],
              [-80.676237, 25.03099],
              [-80.678648, 25.031937],
              [-80.680001, 25.032251],
              [-80.680636, 25.032945]
            ]
          ],
          [
            [
              [-80.684712, 25.114624],
              [-80.683691, 25.115202],
              [-80.683308, 25.11682],
              [-80.684457, 25.117629],
              [-80.685223, 25.119363],
              [-80.683691, 25.120403],
              [-80.684074, 25.122946],
              [-80.682159, 25.123639],
              [-80.680755, 25.122137],
              [-80.679479, 25.123177],
              [-80.677691, 25.120981],
              [-80.677691, 25.118554],
              [-80.676798, 25.116358],
              [-80.675904, 25.114509],
              [-80.677691, 25.114624],
              [-80.678713, 25.115318],
              [-80.679479, 25.117167],
              [-80.680627, 25.117629],
              [-80.681393, 25.116358],
              [-80.681776, 25.114162],
              [-80.68318, 25.112659],
              [-80.685861, 25.112891],
              [-80.684712, 25.114624]
            ]
          ],
          [
            [
              [-80.685989, 25.030594],
              [-80.68483, 25.031134],
              [-80.682053, 25.03072],
              [-80.681831, 25.02795],
              [-80.682111, 25.025314],
              [-80.684639, 25.026108],
              [-80.687065, 25.027197],
              [-80.685989, 25.030594]
            ]
          ],
          [
            [
              [-80.700645, 25.055092],
              [-80.698705, 25.057795],
              [-80.695635, 25.062084],
              [-80.69485, 25.062122],
              [-80.692643, 25.060086],
              [-80.692698, 25.057272],
              [-80.695012, 25.054426],
              [-80.692504, 25.052169],
              [-80.69448, 25.050071],
              [-80.697726, 25.04962],
              [-80.69998, 25.053237],
              [-80.700645, 25.055092]
            ]
          ],
          [
            [
              [-80.702173, 25.09877],
              [-80.700157, 25.101447],
              [-80.700709, 25.104341],
              [-80.700892, 25.108069],
              [-80.699136, 25.107342],
              [-80.698498, 25.105609],
              [-80.698243, 25.102257],
              [-80.697222, 25.10006],
              [-80.697222, 25.098326],
              [-80.698672, 25.0962],
              [-80.701538, 25.095759],
              [-80.702173, 25.09877]
            ]
          ],
          [
            [
              [-80.701562, 25.122599],
              [-80.700157, 25.122252],
              [-80.698626, 25.121212],
              [-80.696711, 25.122483],
              [-80.694541, 25.122252],
              [-80.694413, 25.119941],
              [-80.697094, 25.118438],
              [-80.699519, 25.115896],
              [-80.700903, 25.11582],
              [-80.7007, 25.118386],
              [-80.702838, 25.121328],
              [-80.701562, 25.122599]
            ]
          ],
          [
            [
              [-80.704003, 24.902058],
              [-80.702567, 24.904965],
              [-80.700491, 24.90807],
              [-80.69935, 24.908538],
              [-80.698058, 24.908869],
              [-80.696965, 24.908076],
              [-80.69519, 24.904162],
              [-80.693404, 24.899532],
              [-80.694436, 24.897467],
              [-80.696421, 24.896647],
              [-80.698975, 24.896603],
              [-80.70259, 24.897037],
              [-80.704353, 24.898529],
              [-80.704003, 24.902058]
            ]
          ],
          [
            [
              [-80.714958, 25.140795],
              [-80.71356, 25.141667],
              [-80.712539, 25.143169],
              [-80.711135, 25.143054],
              [-80.709603, 25.14132],
              [-80.710369, 25.139702],
              [-80.709603, 25.137507],
              [-80.708199, 25.136814],
              [-80.705263, 25.135542],
              [-80.703476, 25.133693],
              [-80.701689, 25.133347],
              [-80.700923, 25.131498],
              [-80.700285, 25.12988],
              [-80.698626, 25.127106],
              [-80.699647, 25.125719],
              [-80.701179, 25.126182],
              [-80.701817, 25.127684],
              [-80.704373, 25.128191],
              [-80.706017, 25.128904],
              [-80.707711, 25.132593],
              [-80.710028, 25.13486],
              [-80.71186, 25.136385],
              [-80.713633, 25.139346],
              [-80.714958, 25.140795]
            ]
          ],
          [
            [
              [-80.714756, 25.149787],
              [-80.712498, 25.148065],
              [-80.710953, 25.145806],
              [-80.711309, 25.144408],
              [-80.712973, 25.143977],
              [-80.714637, 25.146559],
              [-80.715231, 25.148818],
              [-80.714756, 25.149787]
            ]
          ],
          [
            [
              [-80.728296, 25.094736],
              [-80.725196, 25.099155],
              [-80.723231, 25.098128],
              [-80.723228, 25.095847],
              [-80.724637, 25.093824],
              [-80.726205, 25.093192],
              [-80.72734, 25.093261],
              [-80.728296, 25.094736]
            ]
          ],
          [
            [
              [-80.731633, 24.995539],
              [-80.730168, 25.000389],
              [-80.730093, 25.002447],
              [-80.723687, 25.005051],
              [-80.72388, 25.003847],
              [-80.725605, 24.999998],
              [-80.726251, 24.996229],
              [-80.728903, 24.994097],
              [-80.73063, 24.993232],
              [-80.731633, 24.995539]
            ]
          ],
          [
            [
              [-80.737149, 25.065548],
              [-80.736344, 25.066948],
              [-80.735795, 25.068964],
              [-80.736097, 25.070643],
              [-80.734321, 25.072157],
              [-80.733335, 25.071442],
              [-80.733002, 25.069267],
              [-80.731781, 25.068012],
              [-80.73058, 25.06874],
              [-80.729867, 25.070463],
              [-80.728203, 25.070893],
              [-80.727965, 25.069494],
              [-80.72844, 25.068525],
              [-80.727997, 25.067182],
              [-80.727065, 25.065052],
              [-80.727119, 25.06356],
              [-80.727989, 25.062618],
              [-80.729941, 25.062012],
              [-80.731012, 25.063614],
              [-80.731979, 25.065144],
              [-80.733835, 25.065766],
              [-80.735672, 25.064835],
              [-80.736778, 25.064829],
              [-80.737149, 25.065548]
            ]
          ],
          [
            [
              [-80.739, 25.010466],
              [-80.73785, 25.01044],
              [-80.735532, 25.005445],
              [-80.735857, 25.002888],
              [-80.736917, 25.002469],
              [-80.7384, 25.004321],
              [-80.740108, 25.008277],
              [-80.739, 25.010466]
            ]
          ],
          [
            [
              [-80.7410595553448, 24.853715041322],
              [-80.689872, 24.881761],
              [-80.741319, 24.852514],
              [-80.7410595553448, 24.853715041322]
            ]
          ],
          [
            [
              [-80.759065, 25.032709],
              [-80.758024, 25.036293],
              [-80.755697, 25.038571],
              [-80.754511, 25.03908],
              [-80.753691, 25.037893],
              [-80.753988, 25.036473],
              [-80.75559, 25.034525],
              [-80.75567, 25.030914],
              [-80.753117, 25.030363],
              [-80.749776, 25.028221],
              [-80.749596, 25.027061],
              [-80.750672, 25.026353],
              [-80.753951, 25.028585],
              [-80.758285, 25.0293],
              [-80.759065, 25.032709]
            ]
          ],
          [
            [
              [-80.762529, 25.145268],
              [-80.760509, 25.146344],
              [-80.758845, 25.145268],
              [-80.759271, 25.143857],
              [-80.760886, 25.143528],
              [-80.762767, 25.143655],
              [-80.762529, 25.145268]
            ]
          ],
          [
            [
              [-80.788172, 24.940462],
              [-80.786331, 24.940963],
              [-80.783891, 24.940841],
              [-80.782672, 24.939327],
              [-80.783246, 24.938033],
              [-80.783693, 24.937186],
              [-80.784714, 24.936768],
              [-80.786893, 24.937544],
              [-80.787986, 24.938723],
              [-80.788172, 24.940462]
            ]
          ],
          [
            [
              [-80.791243, 25.025307],
              [-80.789648, 25.026551],
              [-80.786301, 25.026556],
              [-80.785232, 25.024756],
              [-80.785788, 25.023655],
              [-80.787135, 25.023011],
              [-80.789232, 25.023182],
              [-80.791534, 25.023567],
              [-80.791243, 25.025307]
            ]
          ],
          [
            [
              [-80.792239, 25.131713],
              [-80.791289, 25.132573],
              [-80.789268, 25.132036],
              [-80.78701, 25.129561],
              [-80.784277, 25.127302],
              [-80.780918, 25.123904],
              [-80.781182, 25.122027],
              [-80.782186, 25.121587],
              [-80.784417, 25.123399],
              [-80.786703, 25.124423],
              [-80.789617, 25.128105],
              [-80.791292, 25.129316],
              [-80.792239, 25.131713]
            ]
          ],
          [
            [
              [-80.791594, 25.094558],
              [-80.790252, 25.093804],
              [-80.789454, 25.092091],
              [-80.787115, 25.092223],
              [-80.78567, 25.092476],
              [-80.785495, 25.091837],
              [-80.787672, 25.089118],
              [-80.790053, 25.090038],
              [-80.791123, 25.09147],
              [-80.792398, 25.09398],
              [-80.791594, 25.094558]
            ]
          ],
          [
            [
              [-80.792444, 25.071177],
              [-80.788673, 25.071034],
              [-80.787519, 25.068677],
              [-80.789755, 25.066734],
              [-80.7923, 25.067924],
              [-80.792952, 25.069454],
              [-80.792444, 25.071177]
            ]
          ],
          [
            [
              [-80.832726, 24.993469],
              [-80.831711, 24.994608],
              [-80.829887, 24.994453],
              [-80.829231, 24.992121],
              [-80.827771, 24.990621],
              [-80.827196, 24.988895],
              [-80.827909, 24.987926],
              [-80.829315, 24.987165],
              [-80.829765, 24.987682],
              [-80.830025, 24.989725],
              [-80.832497, 24.992512],
              [-80.832726, 24.993469]
            ]
          ],
          [
            [
              [-80.834154, 25.119772],
              [-80.833471, 25.121408],
              [-80.832298, 25.121699],
              [-80.831826, 25.120114],
              [-80.831118, 25.119349],
              [-80.830114, 25.117587],
              [-80.828657, 25.114961],
              [-80.829219, 25.11467],
              [-80.830858, 25.115236],
              [-80.831934, 25.116657],
              [-80.833488, 25.11768],
              [-80.834154, 25.119772]
            ]
          ],
          [
            [
              [-80.848245, 24.805826],
              [-80.786881, 24.822771],
              [-80.849276, 24.803514],
              [-80.848245, 24.805826]
            ]
          ],
          [
            [
              [-80.852636, 25.109865],
              [-80.852044, 25.110801],
              [-80.850375, 25.110719],
              [-80.8498, 25.109667],
              [-80.849757, 25.108473],
              [-80.851471, 25.107736],
              [-80.8524, 25.10851],
              [-80.852636, 25.109865]
            ]
          ],
          [
            [
              [-80.865385, 25.032385],
              [-80.864135, 25.03298],
              [-80.8626, 25.03396],
              [-80.862189, 25.033801],
              [-80.861578, 25.031676],
              [-80.860895, 25.031059],
              [-80.863547, 25.029655],
              [-80.865342, 25.029951],
              [-80.865802, 25.031146],
              [-80.865385, 25.032385]
            ]
          ],
          [
            [
              [-80.883118, 25.110668],
              [-80.881195, 25.113785],
              [-80.88089, 25.115562],
              [-80.880875, 25.117054],
              [-80.881142, 25.117611],
              [-80.881348, 25.118399],
              [-80.880821, 25.119213],
              [-80.879288, 25.118916],
              [-80.876534, 25.117168],
              [-80.875381, 25.115257],
              [-80.875795, 25.112098],
              [-80.876076, 25.110876],
              [-80.878067, 25.109367],
              [-80.880226, 25.108561],
              [-80.8825, 25.108339],
              [-80.88343, 25.109129],
              [-80.883118, 25.110668]
            ]
          ],
          [
            [
              [-80.887311, 25.059835],
              [-80.885781, 25.061062],
              [-80.884814, 25.061199],
              [-80.883582, 25.059878],
              [-80.88392, 25.059201],
              [-80.885359, 25.058095],
              [-80.886369, 25.058447],
              [-80.887148, 25.059383],
              [-80.887311, 25.059835]
            ]
          ],
          [
            [
              [-80.904955, 25.051648],
              [-80.903444, 25.05233],
              [-80.901776, 25.052214],
              [-80.901583, 25.050331],
              [-80.902273, 25.049313],
              [-80.904055, 25.04966],
              [-80.904901, 25.050657],
              [-80.904955, 25.051648]
            ]
          ],
          [
            [
              [-80.909391, 25.133438],
              [-80.904231, 25.137429],
              [-80.900209, 25.137411],
              [-80.900573, 25.134901],
              [-80.905406, 25.132562],
              [-80.908605, 25.132541],
              [-80.909391, 25.133438]
            ]
          ],
          [
            [
              [-80.914995, 25.108624],
              [-80.913332, 25.110077],
              [-80.91202, 25.110325],
              [-80.9115, 25.109653],
              [-80.910624, 25.107968],
              [-80.908792, 25.106135],
              [-80.907384, 25.104329],
              [-80.907814, 25.102897],
              [-80.909767, 25.101874],
              [-80.911067, 25.101951],
              [-80.912179, 25.103493],
              [-80.912832, 25.105056],
              [-80.913992, 25.107044],
              [-80.914995, 25.108624]
            ]
          ],
          [
            [
              [-80.923153, 24.766678],
              [-80.922203, 24.767973],
              [-80.920658, 24.769052],
              [-80.916736, 24.770563],
              [-80.91531, 24.773261],
              [-80.914478, 24.774555],
              [-80.91424, 24.776498],
              [-80.91531, 24.7779],
              [-80.914003, 24.778656],
              [-80.912458, 24.777037],
              [-80.910913, 24.777469],
              [-80.90876, 24.777604],
              [-80.908386, 24.776872],
              [-80.907862, 24.774555],
              [-80.907362, 24.772584],
              [-80.906531, 24.770652],
              [-80.907616, 24.76862],
              [-80.909643, 24.767393],
              [-80.912115, 24.765968],
              [-80.913188, 24.765863],
              [-80.9134900332314, 24.7659288475725],
              [-80.916119, 24.766502],
              [-80.919652, 24.766497],
              [-80.922944, 24.765688],
              [-80.923153, 24.766678]
            ]
          ],
          [
            [
              [-80.931591, 24.768729],
              [-80.9312027101707, 24.769645468587],
              [-80.930997, 24.770131],
              [-80.929333, 24.770023],
              [-80.928264, 24.769268],
              [-80.9282280432483, 24.7692628405724],
              [-80.926006, 24.768944],
              [-80.9258165978028, 24.7679134292209],
              [-80.925768, 24.767649],
              [-80.926362, 24.765923],
              [-80.928353, 24.764257],
              [-80.931531, 24.763398],
              [-80.931235, 24.764412],
              [-80.9312461767716, 24.7646368614888],
              [-80.931353, 24.766786],
              [-80.9313576871635, 24.7668242653726],
              [-80.931591, 24.768729]
            ]
          ],
          [
            [
              [-80.931574, 25.080643],
              [-80.929533, 25.08089],
              [-80.925168, 25.080554],
              [-80.926009, 25.079249],
              [-80.927345, 25.078445],
              [-80.929877, 25.078468],
              [-80.931183, 25.079211],
              [-80.932211, 25.080004],
              [-80.931574, 25.080643]
            ]
          ],
          [
            [
              [-80.943413, 25.108626],
              [-80.939217, 25.109694],
              [-80.935317, 25.111092],
              [-80.932481, 25.109231],
              [-80.935245, 25.107811],
              [-80.938159, 25.107178],
              [-80.939187, 25.106341],
              [-80.941642, 25.10617],
              [-80.944036, 25.107662],
              [-80.943413, 25.108626]
            ]
          ],
          [
            [
              [-81.124761, 24.707129],
              [-80.931416, 24.774344],
              [-81.0773, 24.689974],
              [-81.124094, 24.704873],
              [-81.124761, 24.707129]
            ]
          ],
          [
            [
              [-81.230997, 24.782133],
              [-81.227978, 24.781785],
              [-81.227076, 24.77828],
              [-81.226135, 24.775721],
              [-81.227745, 24.775318],
              [-81.230055, 24.776859],
              [-81.231461, 24.780889],
              [-81.230997, 24.782133]
            ]
          ],
          [
            [
              [-81.280808, 24.655625],
              [-81.242992, 24.672462],
              [-81.281778, 24.65375],
              [-81.280808, 24.655625]
            ]
          ],
          [
            [
              [-81.295626, 24.777344],
              [-81.294433, 24.779573],
              [-81.293233, 24.780834],
              [-81.290616, 24.778092],
              [-81.287758, 24.776352],
              [-81.286384, 24.774171],
              [-81.284979, 24.771682],
              [-81.285734, 24.768242],
              [-81.289243, 24.769035],
              [-81.293946, 24.77257],
              [-81.295242, 24.775444],
              [-81.295626, 24.777344]
            ]
          ],
          [
            [
              [-81.314255, 24.7521320185185],
              [-81.314255, 24.752541],
              [-81.312948, 24.753297],
              [-81.31176, 24.756103],
              [-81.310947307887, 24.7564108066213],
              [-81.309793, 24.756848],
              [-81.306097, 24.757079],
              [-81.305054, 24.755185],
              [-81.302811, 24.751446],
              [-81.299509, 24.747033],
              [-81.298959, 24.743645],
              [-81.303203, 24.74639],
              [-81.307244, 24.748332],
              [-81.30974, 24.748548],
              [-81.311997, 24.749843],
              [-81.314255, 24.750815],
              [-81.314255, 24.7521320185185]
            ]
          ],
          [
            [
              [-81.327073, 24.763855],
              [-81.325126, 24.767115],
              [-81.324221, 24.76706],
              [-81.321643, 24.764026],
              [-81.319265, 24.761026],
              [-81.317702, 24.758153],
              [-81.317345, 24.75675],
              [-81.318415, 24.756642],
              [-81.324, 24.759556],
              [-81.327592, 24.762307],
              [-81.327073, 24.763855]
            ]
          ],
          [
            [
              [-81.330645, 24.729531],
              [-81.302253, 24.730308],
              [-81.329348, 24.726638],
              [-81.330645, 24.729531]
            ]
          ],
          [
            [
              [-81.342183, 24.739158],
              [-81.338736, 24.73959],
              [-81.33636, 24.740022],
              [-81.335765, 24.740885],
              [-81.33636, 24.74326],
              [-81.33636, 24.744771],
              [-81.335884, 24.744987],
              [-81.333626, 24.744231],
              [-81.330893, 24.741641],
              [-81.331487, 24.738835],
              [-81.331606, 24.734733],
              [-81.332081, 24.732682],
              [-81.332913, 24.731603],
              [-81.334102, 24.73387],
              [-81.336122, 24.735273],
              [-81.337667, 24.737216],
              [-81.340281, 24.737216],
              [-81.342064, 24.738187],
              [-81.342183, 24.739158]
            ]
          ],
          [
            [
              [-81.355986, 25.703526],
              [-81.352154, 25.707345],
              [-81.341238, 25.712577],
              [-81.338386, 25.710863],
              [-81.336009, 25.707865],
              [-81.336009, 25.704439],
              [-81.337988, 25.697514],
              [-81.338242, 25.692895],
              [-81.341146, 25.692179],
              [-81.350556, 25.689832],
              [-81.355624, 25.692516],
              [-81.357004, 25.696645],
              [-81.355986, 25.703526]
            ]
          ],
          [
            [
              [-81.444252, 24.635283],
              [-81.442945, 24.636241],
              [-81.441716, 24.636031],
              [-81.440764, 24.634611],
              [-81.440873, 24.632971],
              [-81.442059, 24.632513],
              [-81.444312, 24.632921],
              [-81.444252, 24.635283]
            ]
          ],
          [
            [
              [-81.4700316575126, 25.8035785650911],
              [-80.873096, 25.805377],
              [-80.8578514508822, 25.1766112834722],
              [-81.08393, 25.116194],
              [-81.140985, 25.157189],
              [-81.170907, 25.245857],
              [-81.117265, 25.354953],
              [-81.16797, 25.469489],
              [-81.290328, 25.687506],
              [-81.389012, 25.781297],
              [-81.470229, 25.803327],
              [-81.4700316575126, 25.8035785650911]
            ]
          ],
          [
            [
              [-81.482815, 24.618093],
              [-81.480986, 24.618613],
              [-81.47917, 24.617838],
              [-81.475905, 24.616027],
              [-81.472917, 24.61425],
              [-81.471213, 24.614079],
              [-81.469039, 24.613155],
              [-81.467557, 24.611586],
              [-81.467665, 24.609973],
              [-81.468893, 24.60847],
              [-81.471471, 24.609851],
              [-81.473471, 24.612284],
              [-81.477095, 24.614798],
              [-81.480265, 24.616758],
              [-81.482815, 24.617157],
              [-81.482815, 24.618093]
            ]
          ],
          [
            [
              [-81.812306, 24.567331],
              [-81.810945, 24.569536],
              [-81.809588, 24.569509],
              [-81.809222, 24.568361],
              [-81.8093997770549, 24.5680958505201],
              [-81.810805, 24.566],
              [-81.81204, 24.566092],
              [-81.812306, 24.567331]
            ]
          ],
          [
            [
              [-81.812048, 24.548805],
              [-81.799495, 24.594168],
              [-81.721995, 24.606654],
              [-81.754281, 24.654043],
              [-81.44351, 24.813364],
              [-81.451517, 24.76687],
              [-81.371822, 24.779089],
              [-81.296895, 24.655382],
              [-81.394795, 24.621135],
              [-81.505944, 24.65451],
              [-81.604333, 24.586164],
              [-81.812536, 24.545469],
              [-81.812048, 24.548805]
            ]
          ],
          [
            [
              [-81.815293, 24.56284],
              [-81.812797, 24.563589],
              [-81.812076, 24.562805],
              [-81.812259, 24.560775],
              [-81.813356, 24.560332],
              [-81.814591, 24.560424],
              [-81.815622, 24.562065],
              [-81.815293, 24.56284]
            ]
          ],
          [
            [
              [-81.89309, 24.562733],
              [-81.890429, 24.562567],
              [-81.885878, 24.562968],
              [-81.883857, 24.561216],
              [-81.883743, 24.56033],
              [-81.885875, 24.559287],
              [-81.888228, 24.557772],
              [-81.889455, 24.559016],
              [-81.891917, 24.559909],
              [-81.893114, 24.562144],
              [-81.89309, 24.562733]
            ]
          ],
          [
            [
              [-81.923515, 24.602646],
              [-81.923531, 24.605001],
              [-81.92308, 24.606625],
              [-81.921471, 24.606747],
              [-81.920479, 24.605673],
              [-81.919472, 24.60548],
              [-81.918884, 24.604279],
              [-81.920189, 24.602749],
              [-81.921082, 24.60129],
              [-81.922508, 24.600519],
              [-81.923309, 24.600487],
              [-81.924232, 24.601097],
              [-81.923515, 24.602646]
            ]
          ],
          [
            [
              [-81.925132, 24.54482],
              [-81.924476, 24.546311],
              [-81.922562, 24.547902],
              [-81.921328, 24.54848],
              [-81.919859, 24.548265],
              [-81.917976, 24.547494],
              [-81.916977, 24.546757],
              [-81.916766, 24.545353],
              [-81.917549, 24.543877],
              [-81.919631, 24.542325],
              [-81.921654, 24.541797],
              [-81.922857, 24.541142],
              [-81.924892, 24.539964],
              [-81.925379, 24.541891],
              [-81.925132, 24.54482]
            ]
          ],
          [
            [
              [-81.928337, 24.529245],
              [-81.927238, 24.530643],
              [-81.925584, 24.532863],
              [-81.924411, 24.532807],
              [-81.919807, 24.531277],
              [-81.917725, 24.530521],
              [-81.917809, 24.52924],
              [-81.918999, 24.528551],
              [-81.921173, 24.528442],
              [-81.923508, 24.527777],
              [-81.925995, 24.526514],
              [-81.928329, 24.526587],
              [-81.928337, 24.529245]
            ]
          ],
          [
            [
              [-81.964362, 24.525122],
              [-81.9636305696814, 24.52503264751],
              [-81.963085, 24.524966],
              [-81.962379, 24.522129],
              [-81.962652217086, 24.5218050991647],
              [-81.963069, 24.521311],
              [-81.964274, 24.521304],
              [-81.965055, 24.524211],
              [-81.964362, 24.525122]
            ]
          ],
          [
            [
              [-81.978873, 24.524629],
              [-81.974621, 24.526871],
              [-81.970856, 24.526957],
              [-81.96818, 24.524852],
              [-81.968177, 24.523495],
              [-81.978544, 24.523246],
              [-81.978873, 24.524629]
            ]
          ],
          [
            [
              [-82.009772, 24.534914],
              [-82.009314, 24.536455],
              [-82.007484, 24.537902],
              [-82.004487, 24.536602],
              [-82.001943, 24.534928],
              [-81.999817, 24.533531],
              [-81.998308, 24.530863],
              [-81.998994, 24.529629],
              [-82.000977, 24.528855],
              [-82.00271, 24.528129],
              [-82.004293, 24.527932],
              [-82.006453, 24.527437],
              [-82.00759, 24.528307],
              [-82.009315, 24.532618],
              [-82.009772, 24.534914]
            ]
          ],
          [
            [
              [-82.145407, 24.5899],
              [-82.099551, 24.57458],
              [-82.130253, 24.548207],
              [-82.110364, 24.568616],
              [-82.145602, 24.586473],
              [-82.145407, 24.5899]
            ]
          ],
          [
            [
              [-82.148868, 24.551646],
              [-82.147442, 24.552402],
              [-82.145184, 24.552511],
              [-82.144114, 24.551321],
              [-82.144503, 24.549864],
              [-82.146016, 24.548943],
              [-82.148868, 24.550673],
              [-82.148868, 24.551646]
            ]
          ],
          [
            [
              [-82.165664, 24.556589],
              [-82.165218, 24.558314],
              [-82.164717, 24.560433],
              [-82.16452, 24.563393],
              [-82.161672, 24.56598],
              [-82.159445, 24.566346],
              [-82.157662, 24.566886],
              [-82.156711, 24.56613],
              [-82.158256, 24.564184],
              [-82.161702, 24.562887],
              [-82.162653, 24.561158],
              [-82.162891, 24.557267],
              [-82.16301, 24.553808],
              [-82.162178, 24.55197],
              [-82.160633, 24.551105],
              [-82.159207, 24.552078],
              [-82.158613, 24.553375],
              [-82.157068, 24.553483],
              [-82.15576, 24.55143],
              [-82.156426, 24.549107],
              [-82.159034, 24.547935],
              [-82.16126, 24.548656],
              [-82.162638, 24.549708],
              [-82.16522, 24.552802],
              [-82.165664, 24.556589]
            ]
          ],
          [
            [
              [-82.8752, 24.629252],
              [-82.873122, 24.630579],
              [-82.870764, 24.630099],
              [-82.867653, 24.628907],
              [-82.863299, 24.628879],
              [-82.862886, 24.625699],
              [-82.863492, 24.624434],
              [-82.864144, 24.624733],
              [-82.864393, 24.626569],
              [-82.868254, 24.627095],
              [-82.872302, 24.626329],
              [-82.873656, 24.626469],
              [-82.8752, 24.629252]
            ]
          ],
          [
            [
              [-82.92429, 24.630827],
              [-82.921802, 24.633418],
              [-82.919339, 24.635162],
              [-82.917623, 24.636016],
              [-82.91672, 24.636246],
              [-82.917406, 24.634784],
              [-82.918617, 24.633421],
              [-82.920749, 24.631451],
              [-82.922519, 24.629726],
              [-82.923621, 24.628905],
              [-82.926114, 24.628051],
              [-82.92429, 24.630827]
            ]
          ],
          [
            [
              [-81.8457752770578, 26.3303814585148],
              [-81.6579, 26.317563],
              [-81.659506, 26.421077],
              [-81.56218, 26.422625],
              [-81.563763, 26.513331],
              [-81.271768, 26.517069],
              [-81.268236, 26.253069],
              [-80.87971, 26.259308],
              [-80.873096, 25.805377],
              [-81.4700316575126, 25.8035785650911],
              [-81.63858, 25.905431],
              [-81.68954, 25.85271],
              [-81.801748, 26.091405],
              [-81.844555, 26.327712],
              [-81.8457752770578, 26.3303814585148]
            ]
          ],
          [
            [
              [-84.715144, 30.333077],
              [-84.626025, 30.408454],
              [-84.402926, 30.475769],
              [-84.297497, 30.682522],
              [-84.007454, 30.6721003570368],
              [-83.977165, 30.521987],
              [-84.041152, 30.521901],
              [-84.075539, 30.273617],
              [-84.713351, 30.30017],
              [-84.715138, 30.33014],
              [-84.715144, 30.333077]
            ]
          ],
          [
            [
              [-80.176276, 25.525054],
              [-80.17395, 25.525375],
              [-80.173116, 25.524181],
              [-80.172863, 25.523173],
              [-80.17268, 25.522087],
              [-80.176024, 25.521154],
              [-80.17706, 25.521704],
              [-80.176276, 25.525054]
            ]
          ],
          [
            [
              [-80.258601, 25.359611],
              [-80.176668, 25.485896],
              [-80.258957, 25.354349],
              [-80.258601, 25.359611]
            ]
          ],
          [
            [
              [-80.303522, 25.38012],
              [-80.301621, 25.381194],
              [-80.298175, 25.38216],
              [-80.295679, 25.383664],
              [-80.294912, 25.385445],
              [-80.293678, 25.385452],
              [-80.29268, 25.382585],
              [-80.29279, 25.37955],
              [-80.295002, 25.376714],
              [-80.29914, 25.377252],
              [-80.30227, 25.377444],
              [-80.303641, 25.37851],
              [-80.303522, 25.38012]
            ]
          ],
          [
            [
              [-80.303541, 25.406007],
              [-80.301833, 25.406823],
              [-80.300239, 25.406652],
              [-80.299741, 25.405385],
              [-80.300281, 25.404348],
              [-80.301963, 25.403001],
              [-80.303463, 25.404093],
              [-80.304046, 25.405288],
              [-80.303541, 25.406007]
            ]
          ],
          [
            [
              [-80.624794, 25.182807],
              [-80.622893, 25.182807],
              [-80.621467, 25.183668],
              [-80.620159, 25.182915],
              [-80.617094, 25.182464],
              [-80.614481, 25.182312],
              [-80.612322, 25.18174],
              [-80.609847, 25.182407],
              [-80.610637, 25.180263],
              [-80.6109402224694, 25.1796515246424],
              [-80.611722, 25.178075],
              [-80.6125, 25.176424],
              [-80.614448, 25.175779],
              [-80.617693, 25.176784],
              [-80.6192440109265, 25.1779343257974],
              [-80.619462, 25.178096],
              [-80.618005, 25.180132],
              [-80.619622, 25.181164],
              [-80.621451, 25.180667],
              [-80.6215462452318, 25.1806880881179],
              [-80.624319, 25.181302],
              [-80.624794, 25.182807]
            ]
          ],
          [
            [
              [-80.873153, 25.66618],
              [-80.872932, 25.979434],
              [-80.1178961449456, 25.9752479199449],
              [-80.15293, 25.671584],
              [-80.175116, 25.74445],
              [-80.249122, 25.713383],
              [-80.339773, 25.500249],
              [-80.31036, 25.3731],
              [-80.3978630482615, 25.2534798450631],
              [-80.496015, 25.20043],
              [-80.652231, 25.192793],
              [-80.673709, 25.138297],
              [-80.670979, 25.174519],
              [-80.776821, 25.13807],
              [-80.798037, 25.181841],
              [-80.858167, 25.176607],
              [-80.87327, 25.625385],
              [-80.873153, 25.66618]
            ]
          ],
          [
            [
              [-82.057492, 27.135262],
              [-82.055753, 27.338264],
              [-81.564062, 27.340641],
              [-81.562503, 27.037436],
              [-82.057506, 27.032119],
              [-82.057631, 27.125331],
              [-82.057492, 27.135262]
            ]
          ],
          [
            [
              [-82.6428345450266, 27.3897369770961],
              [-82.252264, 27.386243],
              [-82.253596, 27.208916],
              [-82.056497, 27.207769],
              [-82.057506, 27.032119],
              [-82.255169, 27.03302],
              [-82.255521, 26.945264],
              [-82.3749868195969, 26.9456214736575],
              [-82.642821, 27.38972],
              [-82.6428345450266, 27.3897369770961]
            ]
          ],
          [
            [
              [-80.881566, 27.822511],
              [-80.509075, 27.822058],
              [-80.4471635247752, 27.8598979972078],
              [-80.3215593152909, 27.5573637757683],
              [-80.777166, 27.558733],
              [-80.778047, 27.643195],
              [-80.87315, 27.642288],
              [-80.881495, 27.821987],
              [-80.881566, 27.822511]
            ]
          ],
          [
            [
              [-81.565028, 26.85736],
              [-81.562531, 27.033687],
              [-81.267216, 27.032474],
              [-81.267677, 27.121097],
              [-81.168281, 27.121734],
              [-81.169138, 27.209585],
              [-80.961824, 27.210771],
              [-80.870236, 27.152273],
              [-80.945319, 26.769099],
              [-81.565748, 26.769601],
              [-81.565028, 26.85736]
            ]
          ],
          [
            [
              [-83.370394, 29.965502],
              [-83.36726, 30.26044],
              [-83.247253, 30.26067],
              [-83.225659, 30.113321],
              [-83.069553, 30.081252],
              [-82.87522, 29.877265],
              [-82.903956, 29.824294],
              [-83.35286, 29.822222],
              [-83.37089, 29.887934],
              [-83.370394, 29.965502]
            ]
          ],
          [
            [
              [-81.52366, 29.622432],
              [-81.324059, 29.62561],
              [-81.324345, 29.653478],
              [-81.2128778426699, 29.6706669347027],
              [-81.1019097824214, 29.4270547299613],
              [-81.155881, 29.410954],
              [-81.150081, 29.265957],
              [-81.41729, 29.261156],
              [-81.420745, 29.399645],
              [-81.478793, 29.399052],
              [-81.522689, 29.579473],
              [-81.52366, 29.622432]
            ]
          ],
          [
            [
              [-82.5766945787129, 27.6350782198384],
              [-82.5726353851295, 27.6368727092786],
              [-82.569329, 27.633161],
              [-82.569178, 27.630531],
              [-82.573608, 27.631266],
              [-82.576697, 27.635056],
              [-82.5766945787129, 27.6350782198384]
            ]
          ],
          [
            [
              [-82.745748, 27.538834],
              [-82.686133, 27.498128],
              [-82.5540885876195, 27.6458028420481],
              [-82.054349, 27.646382],
              [-82.056497, 27.207769],
              [-82.253596, 27.208916],
              [-82.252264, 27.386243],
              [-82.6428345450266, 27.3897369770961],
              [-82.7444747192513, 27.5352216311823],
              [-82.745748, 27.538834]
            ]
          ],
          [
            [
              [-80.679821, 27.55847],
              [-80.3215593152909, 27.5573637757683],
              [-80.1994351436366, 27.263023139554],
              [-80.284771, 27.263723],
              [-80.28551, 27.206025],
              [-80.677862, 27.205988],
              [-80.679715, 27.557646],
              [-80.679821, 27.55847]
            ]
          ],
          [
            [
              [-86.799162, 30.393261],
              [-86.785692460564, 30.9969741853795],
              [-86.3886460004315, 30.9941810207682],
              [-86.3973611301775, 30.3786613877174],
              [-86.7994809735241, 30.3872241102845],
              [-86.799162, 30.393261]
            ]
          ],
          [
            [
              [-86.037642, 30.778267],
              [-86.035039, 30.99332],
              [-85.4979920209678, 30.9969323496585],
              [-85.582995, 30.884473],
              [-85.619011, 30.743868],
              [-85.821616, 30.790775],
              [-85.844421, 30.70313],
              [-86.037527, 30.722085],
              [-86.037642, 30.778267]
            ]
          ],
          [
            [
              [-80.881285, 26.333806],
              [-80.296881, 26.355431],
              [-80.0748372451019, 26.3210316022663],
              [-80.1178961449456, 25.9752479199449],
              [-80.680016, 25.956857],
              [-80.872932, 25.979434],
              [-80.881232, 26.331461],
              [-80.881285, 26.333806]
            ]
          ],
          [
            [
              [-82.050432, 30.676266],
              [-82.021972, 30.788233],
              [-81.977722, 30.776636],
              [-81.938788, 30.828836],
              [-81.610656, 30.716217],
              [-81.425846, 30.700452],
              [-81.437594, 30.518685],
              [-81.514014, 30.567337],
              [-81.543018, 30.523889],
              [-81.610212, 30.55438],
              [-81.605968, 30.585512],
              [-81.663733, 30.550842],
              [-81.721883, 30.571934],
              [-82.049236, 30.273432],
              [-82.005477, 30.563495],
              [-82.048473, 30.668947],
              [-82.050432, 30.676266]
            ]
          ],
          [
            [
              [-83.253236, 30.253646],
              [-83.158052, 30.414109],
              [-83.082017, 30.442865],
              [-82.799669, 30.344262],
              [-82.793975, 29.986202],
              [-82.758776, 29.980094],
              [-82.913001, 29.889777],
              [-82.930782, 29.957399],
              [-83.069553, 30.081252],
              [-83.225659, 30.113321],
              [-83.253093, 30.251098],
              [-83.253236, 30.253646]
            ]
          ],
          [
            [
              [-85.993596, 30.405082],
              [-85.859769, 30.490134],
              [-85.915174, 30.636974],
              [-85.82512, 30.726091],
              [-85.821616, 30.790775],
              [-85.685151, 30.744582],
              [-85.619011, 30.743868],
              [-85.599934, 30.830552],
              [-85.482276, 30.829509],
              [-85.482718, 30.785892],
              [-85.432274, 30.785457],
              [-85.434782, 30.56756],
              [-85.486358, 30.567574],
              [-85.487968, 30.436655],
              [-85.8535, 30.440623],
              [-85.993458, 30.396115],
              [-85.993596, 30.405082]
            ]
          ],
          [
            [
              [-82.459544, 30.584272],
              [-82.214839, 30.568591],
              [-82.240403, 30.53777],
              [-82.19294, 30.378779],
              [-82.0499660029255, 30.3623823672342],
              [-82.049236, 30.273432],
              [-82.049425, 30.143136],
              [-82.458364, 30.136449],
              [-82.4597918101678, 30.5842868523055],
              [-82.459544, 30.584272]
            ]
          ]
        ]
      }
    },
    {
      "type": "Feature",
      "id": "36",
      "properties": {
        "state_name": "New York",
        "state_fips": "36"
      },
      "geometry": {
        "type": "MultiPolygon",
        "coordinates": [
          [
            [
              [-73.96262, 40.739033],
              [-73.912456, 40.796096],
              [-73.817418, 40.80579],
              [-73.70036, 40.741031],
              [-73.768761, 40.624352],
              [-73.737185, 40.592965],
              [-73.937988, 40.543737],
              [-73.833041, 40.628261],
              [-73.868917, 40.69515],
              [-73.962478, 40.736802],
              [-73.96262, 40.739033]
            ]
          ],
          [
            [
              [-76.74006, 42.789419],
              [-76.702325, 43.080393],
              [-76.7225013128626, 43.3436862821829],
              [-76.6169252975653, 43.4180442652892],
              [-76.605012, 43.25357],
              [-76.481148, 43.256641],
              [-76.471774, 43.104983],
              [-76.499274, 43.097201],
              [-76.450738, 42.84576],
              [-76.357018, 42.849448],
              [-76.286198, 42.794443],
              [-76.265584, 42.623588],
              [-76.666543, 42.623457],
              [-76.740201, 42.782885],
              [-76.74006, 42.789419]
            ]
          ],
          [
            [
              [-75.422637, 42.055913],
              [-75.415319, 42.314151],
              [-75.197237, 42.358329],
              [-74.844121, 42.512591],
              [-74.71158, 42.517799],
              [-74.618895, 42.424389],
              [-74.428196, 42.349075],
              [-74.53731, 42.201424],
              [-74.451713, 42.169225],
              [-75.152898, 41.848564],
              [-75.260527, 41.8638],
              [-75.279094, 41.938917],
              [-75.423038, 42.054022],
              [-75.422637, 42.055913]
            ]
          ],
          [
            [
              [-73.636215, 43.498238],
              [-73.61323, 43.562932],
              [-73.494314, 43.653966],
              [-73.469801, 43.777437],
              [-73.357547, 43.785933],
              [-73.431229, 43.588285],
              [-73.395767, 43.568087],
              [-73.371889, 43.624489],
              [-73.306234, 43.628018],
              [-73.241589, 43.534973],
              [-73.274294, 42.943652],
              [-73.635463, 42.94129],
              [-73.573342, 43.100545],
              [-73.636651, 43.497242],
              [-73.636215, 43.498238]
            ]
          ],
          [
            [
              [-74.041712, 40.626379],
              [-73.955087, 40.7394],
              [-73.868917, 40.69515],
              [-73.833041, 40.628261],
              [-73.879222, 40.574656],
              [-73.990899, 40.570628],
              [-74.0416815445561, 40.6261478910369],
              [-74.041712, 40.626379]
            ]
          ],
          [
            [
              [-73.7724178973261, 40.8595369572044],
              [-73.770495, 40.860144],
              [-73.765621, 40.855657],
              [-73.7657871315972, 40.8548814490806],
              [-73.765826, 40.8547],
              [-73.76791, 40.853525],
              [-73.768854, 40.851731],
              [-73.7688459027361, 40.8512786919014],
              [-73.768826413037, 40.8501900094894],
              [-73.76879, 40.848156],
              [-73.767863, 40.845692],
              [-73.7679683899774, 40.8456523899774],
              [-73.769792, 40.844967],
              [-73.77156, 40.847161],
              [-73.7715921557934, 40.8475242807407],
              [-73.7719339215133, 40.8513853860222],
              [-73.7721779046184, 40.8541417901935],
              [-73.772649, 40.859464],
              [-73.7724178973261, 40.8595369572044]
            ]
          ],
          [
            [
              [-73.792287998482, 40.8554424402514],
              [-73.7920967570715, 40.8557890653078],
              [-73.790579, 40.85854],
              [-73.7891466296806, 40.8584549480443],
              [-73.788777, 40.858433],
              [-73.7879159378464, 40.8541326265149],
              [-73.787905, 40.854078],
              [-73.7876055880747, 40.853804769835],
              [-73.785395771813, 40.8517881886275],
              [-73.7850237574773, 40.8514487046934],
              [-73.784783, 40.851229],
              [-73.784534058298, 40.8507993993812],
              [-73.7843072092199, 40.850407924174],
              [-73.782937062872, 40.8480434520336],
              [-73.782169, 40.846718],
              [-73.7828318002357, 40.8451848002873],
              [-73.78313, 40.844495],
              [-73.781802, 40.841067],
              [-73.781534, 40.838948],
              [-73.7828903661547, 40.837578724854],
              [-73.783005, 40.837463],
              [-73.784163, 40.837105],
              [-73.785637, 40.838021],
              [-73.7882736857973, 40.8424246064601],
              [-73.7892911096714, 40.8441238359812],
              [-73.7901486261856, 40.8455559995198],
              [-73.791124, 40.847185],
              [-73.790915217534, 40.8477281419471],
              [-73.7906203390167, 40.8484952604466],
              [-73.789902, 40.850364],
              [-73.792643, 40.854799],
              [-73.792287998482, 40.8554424402514]
            ]
          ],
          [
            [
              [-73.9325634797383, 40.884204169247],
              [-73.918317529127, 40.9177052097217],
              [-73.784803, 40.878528],
              [-73.817976, 40.863639],
              [-73.79024, 40.805032],
              [-73.92725, 40.802558],
              [-73.907198, 40.876389],
              [-73.9337868955222, 40.882206616177],
              [-73.9325634797383, 40.884204169247]
            ]
          ],
          [
            [
              [-73.772371, 40.884793],
              [-73.771462, 40.887452],
              [-73.770373, 40.887804],
              [-73.7672555901763, 40.8861315657864],
              [-73.76707, 40.886032],
              [-73.7671347396069, 40.8858403122672],
              [-73.768221, 40.882624],
              [-73.767715, 40.881038],
              [-73.769903, 40.880021],
              [-73.774013, 40.882641],
              [-73.772371, 40.884793]
            ]
          ],
          [
            [
              [-73.982532, 41.321824],
              [-73.5447070189854, 41.3665399980477],
              [-73.550961, 41.295422],
              [-73.482709, 41.21276],
              [-73.727775, 41.100696],
              [-73.656297, 40.979725],
              [-73.7936809343305, 40.8823465207937],
              [-73.918317529127, 40.9177052097217],
              [-73.88748, 41.138295],
              [-73.983284, 41.317393],
              [-73.982532, 41.321824]
            ]
          ],
          [
            [
              [-74.762466, 41.449525],
              [-74.752399, 41.493743],
              [-74.475619, 41.503953],
              [-74.418399, 41.569397],
              [-74.264093, 41.632738],
              [-74.187505, 41.590793],
              [-74.126393, 41.582544],
              [-74.134511, 41.615695],
              [-73.953307, 41.589977],
              [-74.000108, 41.456549],
              [-73.947355, 41.395254],
              [-73.981384, 41.324693],
              [-74.2341633829452, 41.1430920081385],
              [-74.696398, 41.357339],
              [-74.762309, 41.444352],
              [-74.762466, 41.449525]
            ]
          ],
          [
            [
              [-76.6169252975653, 43.4180442652892],
              [-76.417581, 43.521285],
              [-76.228701, 43.532987],
              [-76.1996693718617, 43.6801913412181],
              [-75.774553, 43.688884],
              [-75.756213, 43.470388],
              [-75.814627, 43.483578],
              [-75.886756, 43.325021],
              [-75.884275, 43.155562],
              [-76.079397, 43.199758],
              [-76.202573, 43.271539],
              [-76.198748, 43.212568],
              [-76.272851, 43.240168],
              [-76.281027, 43.201091],
              [-76.307541, 43.230788],
              [-76.605012, 43.25357],
              [-76.616585, 43.415262],
              [-76.6169252975653, 43.4180442652892]
            ]
          ],
          [
            [
              [-77.61167, 42.763169],
              [-77.587997, 42.854011],
              [-77.546309, 42.86569],
              [-77.580377, 42.943963],
              [-77.482517, 42.943164],
              [-77.485418, 43.034564],
              [-76.963926, 43.013157],
              [-76.971392, 42.764223],
              [-77.313004, 42.761265],
              [-77.367106, 42.667866],
              [-77.366505, 42.576368],
              [-77.490889, 42.577288],
              [-77.486875, 42.670279],
              [-77.598815, 42.671965],
              [-77.611506, 42.759055],
              [-77.61167, 42.763169]
            ]
          ],
          [
            [
              [-77.376046, 43.2762243589198],
              [-76.950964, 43.270522],
              [-76.7225013128626, 43.3436862821829],
              [-76.702325, 43.080393],
              [-76.713806, 43.024035],
              [-77.371478, 43.034696],
              [-77.376055, 43.269596],
              [-77.376046, 43.2762243589198]
            ]
          ],
          [
            [
              [-78.060752, 42.536709],
              [-77.956334, 42.667322],
              [-77.95553, 42.905861],
              [-77.909832, 42.987762],
              [-77.730957, 42.988372],
              [-77.758727, 42.940461],
              [-77.567004, 42.936089],
              [-77.546309, 42.86569],
              [-77.587997, 42.854011],
              [-77.598815, 42.671965],
              [-77.486875, 42.670279],
              [-77.490889, 42.577288],
              [-77.659917, 42.580409],
              [-77.661315, 42.535067],
              [-77.720617, 42.535066],
              [-77.722964, 42.471216],
              [-78.061058, 42.534454],
              [-78.060752, 42.536709]
            ]
          ],
          [
            [
              [-73.999911, 41.459656],
              [-73.942482, 41.684093],
              [-73.964413, 41.913148],
              [-73.929626, 42.078778],
              [-73.527072, 41.97798],
              [-73.521416, 42.049966],
              [-73.487314, 42.049638],
              [-73.489615, 42.000092],
              [-73.530067, 41.527194],
              [-74.000108, 41.456549],
              [-73.999911, 41.459656]
            ]
          ],
          [
            [
              [-75.416385, 42.314599],
              [-75.374905, 42.410784],
              [-75.403459, 42.508699],
              [-75.330143, 42.568082],
              [-75.330394, 42.674195],
              [-75.25099, 42.784941],
              [-75.242745, 42.877869],
              [-75.13987, 42.85976],
              [-75.100999, 42.908363],
              [-74.906738, 42.824943],
              [-74.878822, 42.898274],
              [-74.648298, 42.829558],
              [-74.667512, 42.75071],
              [-74.630652, 42.62677],
              [-74.712513, 42.516585],
              [-74.844121, 42.512591],
              [-75.197237, 42.358329],
              [-75.416932, 42.314094],
              [-75.416385, 42.314599]
            ]
          ],
          [
            [
              [-74.214625, 43.728703],
              [-73.43661, 43.801271],
              [-73.494314, 43.653966],
              [-73.61323, 43.562932],
              [-73.636212, 43.50013],
              [-73.59496, 43.306118],
              [-73.73469, 43.268897],
              [-73.767498, 43.222123],
              [-73.834917, 43.251004],
              [-73.824615, 43.30427],
              [-73.883299, 43.397988],
              [-74.1601, 43.371532],
              [-74.20378, 43.658798],
              [-74.214625, 43.728703]
            ]
          ],
          [
            [
              [-79.059082, 42.086725],
              [-79.060777, 42.537853],
              [-78.995326, 42.531796],
              [-78.88299, 42.438286],
              [-78.488476, 42.534845],
              [-78.308839, 42.521217],
              [-78.308128, 41.999415],
              [-79.061265, 41.999259],
              [-79.059082, 42.086725]
            ]
          ],
          [
            [
              [-79.762152, 42.243054],
              [-79.354483, 42.494071],
              [-79.1368929076035, 42.5697987744532],
              [-79.060777, 42.537853],
              [-79.061265, 41.999259],
              [-79.761374, 41.999067],
              [-79.7621431314725, 42.2414018683975],
              [-79.762152, 42.243054]
            ]
          ],
          [
            [
              [-75.889832, 42.723844],
              [-75.292825, 42.737751],
              [-75.330143, 42.568082],
              [-75.403459, 42.508699],
              [-75.374617, 42.415998],
              [-75.419895, 42.194918],
              [-75.63711, 42.195628],
              [-75.639055, 42.248675],
              [-75.83631, 42.244091],
              [-75.889546, 42.720494],
              [-75.889832, 42.723844]
            ]
          ],
          [
            [
              [-75.992428, 43.185164],
              [-75.868099, 43.146699],
              [-75.719899, 43.161053],
              [-75.596879, 43.035399],
              [-75.552774, 43.037554],
              [-75.542803, 42.931774],
              [-75.444173, 42.933089],
              [-75.437167, 42.863319],
              [-75.247963, 42.871604],
              [-75.25099, 42.784941],
              [-75.295877, 42.744106],
              [-75.889832, 42.723844],
              [-75.917219, 43.085926],
              [-75.975588, 43.091278],
              [-75.950094, 43.134981],
              [-75.993394, 43.183376],
              [-75.992428, 43.185164]
            ]
          ],
          [
            [
              [-79.1368929076035, 42.5697987744532],
              [-79.046754, 42.691346],
              [-78.853455, 42.783958],
              [-78.918859, 42.946857],
              [-79.019964, 42.994756],
              [-79.0192327742718, 43.0679314265877],
              [-78.841745, 43.018863],
              [-78.727647, 43.08622],
              [-78.464449, 43.088703],
              [-78.46394, 42.536332],
              [-78.88299, 42.438286],
              [-78.995326, 42.531796],
              [-79.134199, 42.568164],
              [-79.1368929076035, 42.5697987744532]
            ]
          ],
          [
            [
              [-72.037695, 41.251282],
              [-71.922614, 41.29234],
              [-72.0368669793306, 41.2498307694275],
              [-72.037695, 41.251282]
            ]
          ],
          [
            [
              [-72.142929, 41.097811],
              [-72.077929, 41.099873],
              [-72.095123, 41.054208],
              [-72.141921, 41.094371],
              [-72.142929, 41.097811]
            ]
          ],
          [
            [
              [-72.211393, 41.176562],
              [-72.161542, 41.188776],
              [-72.211999, 41.173544],
              [-72.211393, 41.176562]
            ]
          ],
          [
            [
              [-73.496886, 40.925667],
              [-73.357556, 40.893045],
              [-73.399239, 40.955677],
              [-73.228384, 40.905961],
              [-73.147077, 40.928721],
              [-73.158129, 40.967517],
              [-73.118434, 40.977294],
              [-72.635562, 40.981957],
              [-72.278789, 41.158722],
              [-72.234026, 41.160032],
              [-72.254744, 41.133986],
              [-72.339163, 41.115045],
              [-72.277427, 41.078723],
              [-72.275875, 41.03657],
              [-72.16037, 41.053827],
              [-72.10216, 40.991509],
              [-71.955203, 41.07307],
              [-71.856214, 41.070598],
              [-72.474097, 40.840837],
              [-73.262348, 40.621962],
              [-73.4240200623355, 40.6095801139079],
              [-73.496518, 40.923141],
              [-73.496886, 40.925667]
            ]
          ],
          [
            [
              [-75.886756, 43.325021],
              [-75.814627, 43.483578],
              [-75.5335, 43.419756],
              [-75.11016, 43.615229],
              [-75.076581, 43.330705],
              [-75.162432, 43.261282],
              [-75.069165, 43.227333],
              [-75.219106, 43.052469],
              [-75.201444, 42.880664],
              [-75.437167, 42.863319],
              [-75.444173, 42.933089],
              [-75.542803, 42.931774],
              [-75.552774, 43.037554],
              [-75.596879, 43.035399],
              [-75.719899, 43.161053],
              [-75.884275, 43.155562],
              [-75.885857, 43.324742],
              [-75.886756, 43.325021]
            ]
          ],
          [
            [
              [-76.147437, 43.942825],
              [-76.145659, 43.943653],
              [-76.14299, 43.944029],
              [-76.141999, 43.942805],
              [-76.1429689909012, 43.9421884884848],
              [-76.145034, 43.940876],
              [-76.147194, 43.941757],
              [-76.147437, 43.942825]
            ]
          ],
          [
            [
              [-76.187253, 44.013777],
              [-76.185114, 44.016683],
              [-76.180122, 44.01976],
              [-76.173467, 44.024716],
              [-76.169664, 44.024887],
              [-76.169427, 44.022494],
              [-76.176557, 44.017196],
              [-76.18345, 44.014632],
              [-76.1871756182312, 44.0137943971634],
              [-76.187253, 44.013777]
            ]
          ],
          [
            [
              [-76.217856, 43.895616],
              [-76.2170553752303, 43.8960389805335],
              [-76.214483, 43.897398],
              [-76.211542, 43.897516],
              [-76.210928, 43.895798],
              [-76.215752, 43.89266],
              [-76.217171, 43.892367],
              [-76.218847, 43.893659],
              [-76.217856, 43.895616]
            ]
          ],
          [
            [
              [-76.226382, 43.887673],
              [-76.222446, 43.88931],
              [-76.221419, 43.889193],
              [-76.221001, 43.888496],
              [-76.221001, 43.88847],
              [-76.221874, 43.886004],
              [-76.223793, 43.885646],
              [-76.226009, 43.886158],
              [-76.226382, 43.887673]
            ]
          ],
          [
            [
              [-76.336539, 44.034548],
              [-76.33295, 44.036678],
              [-76.333191, 44.039536],
              [-76.329628, 44.044296],
              [-76.318951, 44.050536],
              [-76.317583, 44.050281],
              [-76.317658, 44.049531],
              [-76.322255, 44.045733],
              [-76.3260662290293, 44.0407101600591],
              [-76.326533, 44.040095],
              [-76.321942, 44.03661],
              [-76.321297, 44.031208],
              [-76.324156, 44.030526],
              [-76.329033, 44.034184],
              [-76.335475, 44.033269],
              [-76.336609, 44.03356],
              [-76.336539, 44.034548]
            ]
          ],
          [
            [
              [-76.3559740350339, 43.8800949275693],
              [-76.3536092195883, 43.8831213457745],
              [-76.344997, 43.894143],
              [-76.330977, 43.902754],
              [-76.326969, 43.903975],
              [-76.321751, 43.902945],
              [-76.315124, 43.905478],
              [-76.314174, 43.908389],
              [-76.315233, 43.911076],
              [-76.313963, 43.913706],
              [-76.305182, 43.918133],
              [-76.302894, 43.917231],
              [-76.305754, 43.910997],
              [-76.307487, 43.905376],
              [-76.314305, 43.898447],
              [-76.32708, 43.88187],
              [-76.334297, 43.878567],
              [-76.341019, 43.879539],
              [-76.341899, 43.880578],
              [-76.340039, 43.882417],
              [-76.340736, 43.884031],
              [-76.34395, 43.883797],
              [-76.35387, 43.878463],
              [-76.356267, 43.87972],
              [-76.3559740350339, 43.8800949275693]
            ]
          ],
          [
            [
              [-76.369699, 44.104671],
              [-76.312647, 44.199044],
              [-76.191328, 44.221244],
              [-76.161833, 44.280777],
              [-75.8600599283155, 44.4032818662487],
              [-75.446124, 44.217655],
              [-75.545886, 44.102978],
              [-75.484528, 44.074172],
              [-75.50183, 44.009556],
              [-75.549993, 44.008163],
              [-75.542898, 43.967795],
              [-75.60367, 43.971363],
              [-75.758157, 43.878785],
              [-75.84056, 43.883976],
              [-75.850534, 43.791886],
              [-75.786759, 43.78832],
              [-75.774553, 43.688884],
              [-76.1996693718617, 43.6801913412181],
              [-76.234986, 43.822625],
              [-76.297392, 43.855925],
              [-76.233163, 43.886267],
              [-76.203012, 43.850752],
              [-76.061034, 43.997261],
              [-76.199811, 43.968345],
              [-76.118753, 44.034472],
              [-76.20164, 44.079039],
              [-76.272841, 44.051777],
              [-76.282217, 44.012306],
              [-76.201164, 44.024177],
              [-76.281393, 43.960945],
              [-76.294902, 44.058274],
              [-76.370706, 44.100499],
              [-76.369699, 44.104671]
            ]
          ],
          [
            [
              [-76.373974, 43.875261],
              [-76.367849, 43.879004],
              [-76.364403, 43.87886],
              [-76.364198, 43.877943],
              [-76.367346, 43.875744],
              [-76.373132, 43.874181],
              [-76.3731432905059, 43.874195481884],
              [-76.373974, 43.875261]
            ]
          ],
          [
            [
              [-76.381711, 44.039633],
              [-76.342769, 44.054103],
              [-76.380867, 44.038602],
              [-76.381711, 44.039633]
            ]
          ],
          [
            [
              [-76.398833, 43.884789],
              [-76.397144, 43.886503],
              [-76.39378, 43.888447],
              [-76.392347, 43.887859],
              [-76.394285, 43.883949],
              [-76.395758, 43.882896],
              [-76.39781, 43.883318],
              [-76.398833, 43.884789]
            ]
          ],
          [
            [
              [-76.445999, 43.890255],
              [-76.379412, 43.921099],
              [-76.444626, 43.887505],
              [-76.445999, 43.890255]
            ]
          ],
          [
            [
              [-75.1446761338745, 41.8514646551538],
              [-74.780693, 42.016375],
              [-74.453685, 41.875595],
              [-74.575086, 41.745258],
              [-74.364486, 41.593783],
              [-74.475619, 41.503953],
              [-74.752399, 41.493743],
              [-74.754708208531, 41.4249933746765],
              [-74.790417, 41.42166],
              [-74.981652, 41.479945],
              [-75.074613, 41.605711],
              [-75.044224, 41.617978],
              [-75.053431, 41.752538],
              [-75.10464, 41.774203],
              [-75.072172, 41.813732],
              [-75.143824, 41.851737],
              [-75.1446761338745, 41.8514646551538]
            ]
          ],
          [
            [
              [-74.336826, 43.925223],
              [-74.255998, 43.969797],
              [-74.28187, 44.120552],
              [-74.09349, 44.137615],
              [-74.141424, 44.407268],
              [-73.669281, 44.441355],
              [-73.496604, 44.486081],
              [-73.463838, 44.537681],
              [-73.322026, 44.525289],
              [-73.293613, 44.440559],
              [-73.334939, 44.364441],
              [-73.312852, 44.265346],
              [-73.390583, 44.190886],
              [-73.43774, 44.045006],
              [-73.3793298267232, 43.808476322237],
              [-74.057005, 43.744513],
              [-74.047062, 43.796343],
              [-74.213734, 43.810875],
              [-74.336407, 43.924667],
              [-74.336826, 43.925223]
            ]
          ],
          [
            [
              [-76.563589, 42.152463],
              [-76.536507, 42.155403],
              [-76.538349, 42.281755],
              [-76.416199, 42.262976],
              [-76.415305, 42.318368],
              [-76.250149, 42.296676],
              [-76.238555, 42.356621],
              [-76.293186, 42.406403],
              [-76.124521, 42.402013],
              [-76.080666, 42.257985],
              [-76.086683, 42.186858],
              [-76.116225, 42.18561],
              [-76.10584, 41.998858],
              [-76.5576986691569, 42.0001498257895],
              [-76.561746, 42.149724],
              [-76.563589, 42.152463]
            ]
          ],
          [
            [
              [-75.219106, 43.052469],
              [-75.069165, 43.227333],
              [-75.162432, 43.261282],
              [-75.076581, 43.330705],
              [-75.170159, 44.096959],
              [-75.062779, 44.0504],
              [-74.854171, 44.070089],
              [-74.775617, 43.486677],
              [-74.867712, 43.339826],
              [-74.712615, 43.286143],
              [-74.696213, 43.179905],
              [-74.77015, 43.112505],
              [-74.740237, 43.014483],
              [-74.763303, 42.863237],
              [-74.878822, 42.898274],
              [-74.906738, 42.824943],
              [-75.100999, 42.908363],
              [-75.13987, 42.85976],
              [-75.210666, 42.856957],
              [-75.217984, 43.043495],
              [-75.219106, 43.052469]
            ]
          ],
          [
            [
              [-74.0273915898679, 44.9957655091112],
              [-73.343124, 45.01084],
              [-73.381359, 44.845021],
              [-73.333154, 44.788759],
              [-73.390231, 44.618353],
              [-73.33863, 44.546844],
              [-73.463838, 44.537681],
              [-73.496604, 44.486081],
              [-73.674479, 44.440649],
              [-73.909687, 44.429699],
              [-74.021613, 44.961624],
              [-74.0273915898679, 44.9957655091112]
            ]
          ],
          [
            [
              [-74.161536, 40.644157],
              [-74.160925, 40.644952],
              [-74.158829, 40.644591],
              [-74.1580494082502, 40.6438148469031],
              [-74.157242, 40.643011],
              [-74.158905, 40.641369],
              [-74.161255, 40.64179],
              [-74.161536, 40.644157]
            ]
          ],
          [
            [
              [-74.255629, 40.507919],
              [-74.187715, 40.642636],
              [-74.079042, 40.648171],
              [-74.053125, 40.603678],
              [-74.135401, 40.530407],
              [-74.255594215735, 40.5077313454058],
              [-74.255629, 40.507919]
            ]
          ],
          [
            [
              [-76.499312, 43.097949],
              [-76.471774, 43.104983],
              [-76.479224, 43.227519],
              [-76.307541, 43.230788],
              [-76.281027, 43.201091],
              [-76.272851, 43.240168],
              [-76.217646, 43.204821],
              [-76.202573, 43.271539],
              [-75.991437, 43.18325],
              [-75.950094, 43.134981],
              [-75.975588, 43.091278],
              [-75.917219, 43.085926],
              [-75.896079, 42.790964],
              [-76.274673, 42.771257],
              [-76.357018, 42.849448],
              [-76.450738, 42.84576],
              [-76.499274, 43.097201],
              [-76.499312, 43.097949]
            ]
          ],
          [
            [
              [-77.997248, 43.136519],
              [-77.9955962913432, 43.3652387952246],
              [-77.760231, 43.341161],
              [-77.551022, 43.235763],
              [-77.376046, 43.2762243589198],
              [-77.371364, 43.039491],
              [-77.485418, 43.034564],
              [-77.482517, 42.943164],
              [-77.758727, 42.940461],
              [-77.730957, 42.988372],
              [-77.909832, 42.987762],
              [-77.904121, 43.037056],
              [-77.951044, 43.039544],
              [-77.905934, 43.133561],
              [-77.99729, 43.132981],
              [-77.997248, 43.136519]
            ]
          ],
          [
            [
              [-79.075367, 43.081355],
              [-79.042366, 43.143655],
              [-79.070469, 43.262454],
              [-78.4655020828508, 43.3712326509368],
              [-78.469736, 43.082797],
              [-78.727647, 43.08622],
              [-78.841745, 43.018863],
              [-79.074467, 43.077855],
              [-79.075367, 43.081355]
            ]
          ],
          [
            [
              [-74.1601, 43.371532],
              [-73.883299, 43.397988],
              [-73.824615, 43.30427],
              [-73.834917, 43.251004],
              [-73.767498, 43.222123],
              [-73.730478, 43.270774],
              [-73.588549, 43.299414],
              [-73.578155, 43.055787],
              [-73.683074, 42.903776],
              [-73.658462, 42.809077],
              [-73.688362, 42.775477],
              [-73.726663, 42.822577],
              [-73.809369, 42.778869],
              [-73.895938, 42.851076],
              [-73.904386, 42.911163],
              [-73.955458, 42.897306],
              [-74.09298, 42.955868],
              [-74.158083, 43.359527],
              [-74.1601, 43.371532]
            ]
          ],
          [
            [
              [-77.74851, 42.031893],
              [-77.720617, 42.535066],
              [-77.661315, 42.535067],
              [-77.659917, 42.580409],
              [-77.143795, 42.576869],
              [-77.149502, 42.50007],
              [-77.107581, 42.505365],
              [-77.099657, 42.272356],
              [-76.965028, 42.278495],
              [-76.9657926446341, 42.0012728405422],
              [-77.749931, 41.998782],
              [-77.74851, 42.031893]
            ]
          ],
          [
            [
              [-74.264731, 42.420127],
              [-74.233995, 42.575688],
              [-74.169725, 42.667426],
              [-74.180274, 42.729979],
              [-73.809603, 42.775016],
              [-73.726663, 42.822577],
              [-73.676762, 42.783277],
              [-73.761265, 42.610379],
              [-73.783721, 42.464231],
              [-74.264755, 42.418876],
              [-74.264731, 42.420127]
            ]
          ],
          [
            [
              [-78.465505, 43.128619],
              [-77.905934, 43.133561],
              [-77.951044, 43.039544],
              [-77.904121, 43.037056],
              [-77.911413, 42.945064],
              [-77.954964, 42.862754],
              [-78.464381, 42.867461],
              [-78.464962, 43.117341],
              [-78.465505, 43.128619]
            ]
          ],
          [
            [
              [-75.850534, 43.791886],
              [-75.84056, 43.883976],
              [-75.758157, 43.878785],
              [-75.50183, 44.009556],
              [-75.484528, 44.074172],
              [-75.545886, 44.102978],
              [-75.446124, 44.217655],
              [-75.170159, 44.096959],
              [-75.11016, 43.615229],
              [-75.5335, 43.419756],
              [-75.756213, 43.470388],
              [-75.786759, 43.78832],
              [-75.849899, 43.791862],
              [-75.850534, 43.791886]
            ]
          ],
          [
            [
              [-74.774233, 43.082269],
              [-74.696333, 43.173515],
              [-74.713005, 43.289003],
              [-74.534657, 43.228115],
              [-74.326378, 43.241635],
              [-74.322375, 43.214684],
              [-74.140147, 43.253979],
              [-74.097467, 42.982934],
              [-74.542367, 42.98553],
              [-74.774199, 43.078472],
              [-74.774233, 43.082269]
            ]
          ],
          [
            [
              [-76.130181, 42.410337],
              [-75.86402, 42.415702],
              [-75.83631, 42.244091],
              [-75.639055, 42.248675],
              [-75.63711, 42.195628],
              [-75.418421, 42.195032],
              [-75.421776, 42.04203],
              [-75.3596448764317, 41.99944492537],
              [-76.10584, 41.998858],
              [-76.116225, 42.18561],
              [-76.086683, 42.186858],
              [-76.080666, 42.257985],
              [-76.129673, 42.402038],
              [-76.130181, 42.410337]
            ]
          ],
          [
            [
              [-74.867712, 43.339826],
              [-74.775617, 43.486677],
              [-74.854171, 44.070089],
              [-74.28187, 44.120552],
              [-74.255998, 43.969797],
              [-74.336826, 43.925223],
              [-74.213734, 43.810875],
              [-74.047062, 43.796343],
              [-74.057005, 43.744513],
              [-74.214625, 43.728703],
              [-74.140147, 43.253979],
              [-74.292702, 43.216609],
              [-74.534657, 43.228115],
              [-74.85156, 43.334218],
              [-74.867712, 43.339826]
            ]
          ],
          [
            [
              [-74.707573, 42.522675],
              [-74.630652, 42.62677],
              [-74.667512, 42.75071],
              [-74.648298, 42.829558],
              [-74.454911, 42.772979],
              [-74.254442, 42.795297],
              [-74.258507, 42.757398],
              [-74.306665, 42.750074],
              [-74.272295, 42.71427],
              [-74.164678, 42.717207],
              [-74.241572, 42.550802],
              [-74.244692, 42.377159],
              [-74.443506, 42.355017],
              [-74.618895, 42.424389],
              [-74.71158, 42.517799],
              [-74.707573, 42.522675]
            ]
          ],
          [
            [
              [-78.488118, 42.781571],
              [-78.486256, 42.867731],
              [-77.954964, 42.862754],
              [-77.956334, 42.667322],
              [-78.050827, 42.576008],
              [-78.038261, 42.521522],
              [-78.464556, 42.519166],
              [-78.488143, 42.78066],
              [-78.488118, 42.781571]
            ]
          ],
          [
            [
              [-77.107203, 42.483771],
              [-76.889805, 42.463054],
              [-76.895596, 42.541537],
              [-76.696655, 42.54679],
              [-76.691406, 42.284307],
              [-76.619303, 42.282853],
              [-76.642256, 42.233721],
              [-76.732677, 42.248052],
              [-76.733912, 42.29372],
              [-77.099657, 42.272356],
              [-77.106753, 42.469675],
              [-77.107203, 42.483771]
            ]
          ],
          [
            [
              [-76.696655, 42.54679],
              [-76.585989, 42.54991],
              [-76.666543, 42.623457],
              [-76.265584, 42.623588],
              [-76.253359, 42.407568],
              [-76.299493, 42.385012],
              [-76.237818, 42.350998],
              [-76.250149, 42.296676],
              [-76.415305, 42.318368],
              [-76.416199, 42.262976],
              [-76.691406, 42.284307],
              [-76.695963, 42.536477],
              [-76.696655, 42.54679]
            ]
          ],
          [
            [
              [-76.966091, 42.143547],
              [-76.964761, 42.28744],
              [-76.733912, 42.29372],
              [-76.732677, 42.248052],
              [-76.642256, 42.233721],
              [-76.619303, 42.282853],
              [-76.538349, 42.281755],
              [-76.541489, 42.051728],
              [-76.5576986691569, 42.0001498257895],
              [-76.9657926446341, 42.0012728405422],
              [-76.966109, 42.143461],
              [-76.966091, 42.143547]
            ]
          ],
          [
            [
              [-74.749602, 42.030755],
              [-74.451713, 42.169225],
              [-74.307571, 42.114346],
              [-74.074797, 42.096589],
              [-74.042393, 42.170386],
              [-74.00245, 42.176992],
              [-73.910675, 42.127293],
              [-73.964413, 41.913148],
              [-73.953307, 41.589977],
              [-74.134511, 41.615695],
              [-74.126393, 41.582544],
              [-74.187505, 41.590793],
              [-74.264093, 41.632738],
              [-74.368191, 41.591353],
              [-74.395071, 41.644876],
              [-74.575086, 41.745258],
              [-74.453685, 41.875595],
              [-74.780693, 42.016375],
              [-74.749602, 42.030755]
            ]
          ],
          [
            [
              [-77.367106, 42.667866],
              [-77.313004, 42.761265],
              [-76.947429, 42.76443],
              [-76.895349, 42.656255],
              [-76.889805, 42.463054],
              [-77.143946, 42.494705],
              [-77.143795, 42.576869],
              [-77.366505, 42.576368],
              [-77.367071, 42.66374],
              [-77.367106, 42.667866]
            ]
          ],
          [
            [
              [-74.511284, 42.236697],
              [-74.443506, 42.355017],
              [-73.783721, 42.464231],
              [-73.789502, 42.267738],
              [-73.910675, 42.127293],
              [-74.042393, 42.170386],
              [-74.074797, 42.096589],
              [-74.307571, 42.114346],
              [-74.53731, 42.201424],
              [-74.511284, 42.236697]
            ]
          ],
          [
            [
              [-73.929114, 42.081658],
              [-73.784116, 42.280465],
              [-73.783721, 42.464231],
              [-73.352527, 42.510002],
              [-73.527072, 41.97798],
              [-73.929626, 42.078778],
              [-73.929114, 42.081658]
            ]
          ],
          [
            [
              [-76.981021, 42.861649],
              [-76.963926, 43.013157],
              [-76.713806, 43.024035],
              [-76.731636, 42.72074],
              [-76.585989, 42.54991],
              [-76.895596, 42.541537],
              [-76.897117, 42.66365],
              [-76.977888, 42.77324],
              [-76.981334, 42.861213],
              [-76.981021, 42.861649]
            ]
          ],
          [
            [
              [-73.981384, 41.324693],
              [-73.947355, 41.395254],
              [-73.981486, 41.438905],
              [-73.933775, 41.488279],
              [-73.580153, 41.526382],
              [-73.530067, 41.527194],
              [-73.5447070189854, 41.3665399980477],
              [-73.982532, 41.321824],
              [-73.981384, 41.324693]
            ]
          ],
          [
            [
              [-74.305932, 42.751493],
              [-74.083883, 42.897354],
              [-74.09298, 42.955868],
              [-73.955458, 42.897306],
              [-73.904386, 42.911163],
              [-73.895938, 42.851076],
              [-73.809603, 42.775016],
              [-74.202713, 42.710826],
              [-74.306665, 42.750074],
              [-74.305932, 42.751493]
            ]
          ],
          [
            [
              [-75.8600599283155, 44.4032818662487],
              [-75.76623, 44.515851],
              [-75.30763, 44.836813],
              [-74.972463, 44.983402],
              [-74.826578, 45.01585],
              [-74.7262280632075, 44.9948630722006],
              [-74.720307, 44.953011],
              [-74.641872, 44.952621],
              [-74.535156, 44.09925],
              [-75.062779, 44.0504],
              [-75.839732, 44.393852],
              [-75.8600599283155, 44.4032818662487]
            ]
          ],
          [
            [
              [-78.466256, 43.317433],
              [-78.451877, 43.372679],
              [-77.9955962913432, 43.3652387952246],
              [-77.996853, 43.14906],
              [-78.465505, 43.128619],
              [-78.466429, 43.302775],
              [-78.466256, 43.317433]
            ]
          ],
          [
            [
              [-78.309316, 42.231684],
              [-78.308839, 42.521217],
              [-77.840694, 42.517771],
              [-77.840231, 42.474576],
              [-77.722964, 42.471216],
              [-77.749931, 41.998782],
              [-78.308128, 41.999415],
              [-78.309159, 42.22458],
              [-78.309316, 42.231684]
            ]
          ],
          [
            [
              [-74.0054175790186, 40.6901568421252],
              [-74.0048835194936, 40.6909361394837],
              [-74.0044031676455, 40.6916370668312],
              [-74.0034518194388, 40.6930252700364],
              [-74.0024020737427, 40.6945570544344],
              [-74.0017706378558, 40.6954784429606],
              [-74.0010211025658, 40.696572161627],
              [-74.0007893442333, 40.6969103423875],
              [-74.0002894402924, 40.6976398000646],
              [-73.999232809395, 40.6991816313187],
              [-73.9986442072213, 40.700040517075],
              [-73.998459260799, 40.7003103900978],
              [-73.9975, 40.699653],
              [-73.998032, 40.698762],
              [-73.998847, 40.697141],
              [-73.99942, 40.696361],
              [-73.999461, 40.69628],
              [-73.999604, 40.696069],
              [-74.000277, 40.694959],
              [-74.000701, 40.694388],
              [-74.000959, 40.694069],
              [-74.001744, 40.692407],
              [-74.001969, 40.691843],
              [-74.000699, 40.690612],
              [-74.001963, 40.690136],
              [-74.002993, 40.690427],
              [-74.003409, 40.689613],
              [-74.004593, 40.688215],
              [-74.0064144965104, 40.6887021444156],
              [-74.0054175790186, 40.6901568421252]
            ]
          ],
          [
            [
              [-74.0230657739048, 40.7204139707265],
              [-73.9337868955222, 40.882206616177],
              [-73.910296, 40.790657],
              [-73.969613, 40.707634],
              [-74.023193, 40.719891],
              [-74.0230657739048, 40.7204139707265]
            ]
          ],
          [
            [
              [-74.026288, 40.686317],
              [-74.0259168178744, 40.6867033290685],
              [-74.0198387221505, 40.6930294555106],
              [-74.0195, 40.693382],
              [-74.01546, 40.693382],
              [-74.012132, 40.690679],
              [-74.013429, 40.687953],
              [-74.016173, 40.687075],
              [-74.0169482450655, 40.686760273645],
              [-74.0170293162959, 40.6867273611455],
              [-74.019858, 40.685579],
              [-74.024638, 40.683943],
              [-74.026302, 40.684844],
              [-74.026288, 40.686317]
            ]
          ],
          [
            [
              [-74.039944, 40.70082],
              [-74.037615, 40.69921],
              [-74.038997, 40.697619],
              [-74.042196, 40.699966],
              [-74.039944, 40.70082]
            ]
          ],
          [
            [
              [-74.047083, 40.691062],
              [-74.04583, 40.691291],
              [-74.043577, 40.690305],
              [-74.043247, 40.689338],
              [-74.044451, 40.688445],
              [-74.045733, 40.688605],
              [-74.04741, 40.690232],
              [-74.047083, 40.691062]
            ]
          ],
          [
            [
              [-74.758626, 42.887775],
              [-74.759895, 43.047423],
              [-74.542367, 42.98553],
              [-74.097467, 42.982934],
              [-74.083883, 42.897354],
              [-74.289446, 42.783805],
              [-74.454911, 42.772979],
              [-74.763303, 42.863237],
              [-74.758626, 42.887775]
            ]
          ],
          [
            [
              [-73.768761, 40.624352],
              [-73.700384, 40.73919],
              [-73.757221, 40.833888],
              [-73.713404, 40.803467],
              [-73.714053, 40.869989],
              [-73.648602, 40.828821],
              [-73.639807, 40.89662],
              [-73.569969, 40.915398],
              [-73.46253, 40.867295],
              [-73.423509, 40.671413],
              [-73.4240200623355, 40.6095801139079],
              [-73.571791, 40.578257],
              [-73.754332, 40.584542],
              [-73.768553, 40.623155],
              [-73.768761, 40.624352]
            ]
          ],
          [
            [
              [-74.227305, 41.14804],
              [-73.981384, 41.324693],
              [-73.945783, 41.287593],
              [-73.970784, 41.247893],
              [-73.88748, 41.138295],
              [-73.893984026369, 40.9971701917234],
              [-74.2341633829452, 41.1430920081385],
              [-74.227305, 41.14804]
            ]
          ],
          [
            [
              [-73.786047, 42.483835],
              [-73.658462, 42.809077],
              [-73.684535, 42.892837],
              [-73.650897, 42.938138],
              [-73.274294, 42.943652],
              [-73.264957, 42.74594],
              [-73.352527, 42.510002],
              [-73.786078, 42.475249],
              [-73.786047, 42.483835]
            ]
          ],
          [
            [
              [-76.274673, 42.771257],
              [-75.896079, 42.790964],
              [-75.86402, 42.415702],
              [-76.253359, 42.407568],
              [-76.274198, 42.764518],
              [-76.274673, 42.771257]
            ]
          ],
          [
            [
              [-74.7262280632075, 44.9948630722006],
              [-74.0273915898679, 44.9957655091112],
              [-73.909687, 44.429699],
              [-74.141424, 44.407268],
              [-74.09349, 44.137615],
              [-74.535156, 44.09925],
              [-74.641872, 44.952621],
              [-74.723813, 44.97654],
              [-74.7262280632075, 44.9948630722006]
            ]
          ]
        ]
      }
    },
    {
      "type": "Feature",
      "id": "47",
      "properties": {
        "state_name": "Tennessee",
        "state_fips": "47"
      },
      "geometry": {
        "type": "MultiPolygon",
        "coordinates": [
          [
            [
              [-86.522556, 36.141284],
              [-86.521057, 36.141141],
              [-86.52168, 36.137606],
              [-86.521736, 36.137294],
              [-86.523452, 36.137463],
              [-86.522556, 36.141284]
            ]
          ],
          [
            [
              [-87.054705, 36.049986],
              [-86.909198, 36.390256],
              [-86.825053, 36.349817],
              [-86.754795, 36.405496],
              [-86.594286, 36.245105],
              [-86.515589, 36.10061],
              [-86.614415, 35.967785],
              [-86.928602, 36.052909],
              [-87.039386, 35.989242],
              [-87.05453, 36.048776],
              [-87.054705, 36.049986]
            ]
          ],
          [
            [
              [-89.733056, 36.000809],
              [-89.672463, 36.091837],
              [-89.594, 36.12719],
              [-89.629452, 36.185382],
              [-89.154464, 36.204678],
              [-89.163862, 36.02619],
              [-89.280148, 35.886499],
              [-89.342829, 35.880934],
              [-89.406965, 35.946599],
              [-89.6410718557004, 35.9062360721498],
              [-89.731096, 35.99662],
              [-89.733056, 36.000809]
            ]
          ],
          [
            [
              [-84.914155, 36.20829],
              [-84.870967, 36.289234],
              [-84.700785, 36.370824],
              [-84.573299, 36.22977],
              [-84.471037, 36.203778],
              [-84.341812, 36.048977],
              [-84.680633, 35.908454],
              [-84.80546, 36.090501],
              [-84.905735, 36.153537],
              [-84.913458, 36.205787],
              [-84.914155, 36.20829]
            ]
          ],
          [
            [
              [-82.702079, 36.455899],
              [-82.610175, 36.5193],
              [-82.609176, 36.594099],
              [-81.829171, 36.609263],
              [-82.188053, 36.400608],
              [-82.386163, 36.392104],
              [-82.421572, 36.447254],
              [-82.601798, 36.423454],
              [-82.702279, 36.455499],
              [-82.702079, 36.455899]
            ]
          ],
          [
            [
              [-87.232054, 35.292704],
              [-87.206578, 35.433207],
              [-87.122529, 35.456061],
              [-86.924802, 35.409075],
              [-86.910636, 35.318151],
              [-86.8285, 35.293376],
              [-86.836306, 34.991764],
              [-87.224053220297, 34.9993266591169],
              [-87.197359, 35.159439],
              [-87.232442, 35.28767],
              [-87.232054, 35.292704]
            ]
          ],
          [
            [
              [-84.858702, 35.352545],
              [-84.689814, 35.577603],
              [-84.584472, 35.644424],
              [-84.522511, 35.622269],
              [-84.401025, 35.330374],
              [-84.51613, 35.266472],
              [-84.703607, 35.241043],
              [-84.752702, 35.272598],
              [-84.72534, 35.289471],
              [-84.860164, 35.350074],
              [-84.858702, 35.352545]
            ]
          ],
          [
            [
              [-86.279905, 35.387452],
              [-86.234529, 35.453308],
              [-86.249052, 35.66504],
              [-86.221631, 35.706429],
              [-86.08889, 35.646823],
              [-85.985062, 35.660108],
              [-85.948192, 35.573422],
              [-85.880025, 35.535405],
              [-85.869478, 35.380435],
              [-85.913593, 35.289189],
              [-86.15212, 35.361921],
              [-86.261489, 35.333579],
              [-86.274321, 35.387035],
              [-86.279905, 35.387452]
            ]
          ],
          [
            [
              [-84.007298, 36.270304],
              [-83.950919, 36.401278],
              [-83.805515, 36.435879],
              [-83.733054, 36.345043],
              [-83.667408, 36.344381],
              [-83.714704, 36.173783],
              [-83.905169, 36.160906],
              [-84.009753, 36.27031],
              [-84.007298, 36.270304]
            ]
          ],
          [
            [
              [-86.595088, 36.241461],
              [-86.546578, 36.321255],
              [-86.522074, 36.278015],
              [-86.438225, 36.339441],
              [-86.393113, 36.307671],
              [-86.366388, 36.357746],
              [-86.358539, 36.309236],
              [-86.27911, 36.348523],
              [-86.263446, 36.299448],
              [-86.230096, 36.349172],
              [-86.175916, 36.328836],
              [-86.115607, 36.268886],
              [-86.014849, 35.96106],
              [-86.326252, 35.985008],
              [-86.535943, 36.108166],
              [-86.595439, 36.239407],
              [-86.595088, 36.241461]
            ],
            [
              [-86.523452, 36.137463],
              [-86.521736, 36.137294],
              [-86.52168, 36.137606],
              [-86.521057, 36.141141],
              [-86.522556, 36.141284],
              [-86.523452, 36.137463]
            ]
          ],
          [
            [
              [-89.958336, 35.72656],
              [-89.911984, 35.758313],
              [-89.825451, 35.745188],
              [-89.781662, 35.805228],
              [-89.696497, 35.820583],
              [-89.773858, 35.86766],
              [-89.743132, 35.911176],
              [-89.663284, 35.874703],
              [-89.635957, 35.923664],
              [-89.406965, 35.946599],
              [-89.339556, 35.862383],
              [-89.43264, 35.780464],
              [-89.469993, 35.595226],
              [-89.502118, 35.580621],
              [-89.623015, 35.652344],
              [-89.758116, 35.650361],
              [-89.911948, 35.535926],
              [-89.956592, 35.590622],
              [-89.851176, 35.657432],
              [-89.92735, 35.659461],
              [-89.958877, 35.723049],
              [-89.958336, 35.72656]
            ]
          ],
          [
            [
              [-88.529397, 36.170176],
              [-88.5163456859488, 36.5014314866172],
              [-88.0532916180151, 36.4971306477427],
              [-88.061456, 36.444093],
              [-87.99092, 36.360133],
              [-88.095985, 36.358716],
              [-88.083157, 36.256724],
              [-88.208803, 36.121072],
              [-88.530322, 36.152023],
              [-88.529397, 36.170176]
            ]
          ],
          [
            [
              [-86.663296, 35.471221],
              [-86.619446, 35.702676],
              [-86.402726, 35.618571],
              [-86.34194, 35.664259],
              [-86.245165, 35.631913],
              [-86.234529, 35.453308],
              [-86.422338, 35.318846],
              [-86.485098, 35.360545],
              [-86.61822, 35.366795],
              [-86.665555, 35.456207],
              [-86.663296, 35.471221]
            ]
          ],
          [
            [
              [-85.273288, 35.787948],
              [-85.213115, 35.910379],
              [-85.265489, 35.965754],
              [-85.246362, 36.100698],
              [-85.15275, 36.099544],
              [-85.028641, 36.170509],
              [-84.906165, 36.155778],
              [-84.80546, 36.090501],
              [-84.68306, 35.904113],
              [-84.916062, 35.761939],
              [-85.272664, 35.787718],
              [-85.273288, 35.787948]
            ]
          ],
          [
            [
              [-89.206182, 36.013764],
              [-89.163862, 36.02619],
              [-89.154464, 36.204678],
              [-88.959839, 36.222834],
              [-88.840884, 36.123495],
              [-88.694209, 36.066356],
              [-88.701978, 35.862378],
              [-88.706811, 35.791075],
              [-88.916181, 35.797307],
              [-89.109285, 35.862089],
              [-89.135958, 35.967841],
              [-89.206297, 36.011814],
              [-89.206182, 36.013764]
            ]
          ],
          [
            [
              [-86.136803, 36.295859],
              [-85.978893, 36.426073],
              [-85.828026, 36.411836],
              [-85.846483, 36.288167],
              [-85.780148, 36.238011],
              [-85.809168, 36.206598],
              [-85.783732, 36.174819],
              [-85.865045, 36.093751],
              [-86.059706, 36.086024],
              [-86.135661, 36.294603],
              [-86.136803, 36.295859]
            ]
          ],
          [
            [
              [-86.754795, 36.405496],
              [-86.690759, 36.409742],
              [-86.550054, 36.644817],
              [-86.2054686100012, 36.6397833130926],
              [-86.218933, 36.498081],
              [-86.268788, 36.452897],
              [-86.300075, 36.312374],
              [-86.360512, 36.309843],
              [-86.363902, 36.358063],
              [-86.393113, 36.307671],
              [-86.438225, 36.339441],
              [-86.522074, 36.278015],
              [-86.546578, 36.321255],
              [-86.615092, 36.245104],
              [-86.753895, 36.404295],
              [-86.754795, 36.405496]
            ]
          ],
          [
            [
              [-86.700265, 35.722621],
              [-86.662855, 35.790934],
              [-86.613328, 35.790331],
              [-86.612335, 36.009994],
              [-86.515589, 36.10061],
              [-86.310363, 35.978563],
              [-86.161094, 35.963214],
              [-86.141766, 35.914374],
              [-86.245165, 35.631913],
              [-86.34194, 35.664259],
              [-86.402726, 35.618571],
              [-86.515516, 35.688396],
              [-86.699281, 35.717837],
              [-86.700265, 35.722621]
            ]
          ],
          [
            [
              [-85.474889, 34.986972],
              [-85.382255, 35.04473],
              [-85.388448, 35.145504],
              [-85.168302, 35.455614],
              [-85.125385, 35.459232],
              [-85.016661, 35.409101],
              [-85.030369, 35.379122],
              [-84.977749, 35.36107],
              [-84.94233, 35.282242],
              [-85.026643, 35.136171],
              [-84.961146, 35.015175],
              [-84.9769733744412, 34.9876687952914],
              [-85.475513, 34.985644],
              [-85.474889, 34.986972]
            ]
          ],
          [
            [
              [-83.710114, 36.091497],
              [-83.66206, 36.082239],
              [-83.667179, 36.12666],
              [-83.631073, 36.100236],
              [-83.637201, 36.144385],
              [-83.607259, 36.130407],
              [-83.563013, 36.191976],
              [-83.293689, 36.138193],
              [-83.234585, 36.085094],
              [-83.310782, 35.895846],
              [-83.490299, 35.928044],
              [-83.71029, 36.089061],
              [-83.710114, 36.091497]
            ]
          ],
          [
            [
              [-88.224728, 35.886389],
              [-88.212559, 36.12029],
              [-88.083157, 36.256724],
              [-88.095985, 36.358716],
              [-87.982743, 36.356083],
              [-87.915654, 36.16075],
              [-88.021706, 35.97586],
              [-87.926676, 35.93557],
              [-87.970738, 35.815705],
              [-88.217436, 35.846582],
              [-88.225048, 35.877192],
              [-88.224728, 35.886389]
            ]
          ],
          [
            [
              [-85.274319, 35.784433],
              [-85.273533, 35.787037],
              [-85.272664, 35.787718],
              [-85.26038, 35.78258],
              [-85.257467, 35.787169],
              [-85.247784, 35.78666],
              [-85.249636, 35.779577],
              [-85.249965, 35.777464],
              [-85.253518, 35.766927],
              [-85.25429, 35.768218],
              [-85.256125, 35.768277],
              [-85.257842, 35.771483],
              [-85.255871, 35.774128],
              [-85.25678, 35.775167],
              [-85.2586, 35.774874],
              [-85.259497, 35.775945],
              [-85.258988, 35.777206],
              [-85.255304, 35.777754],
              [-85.256585, 35.779418],
              [-85.256846, 35.780818],
              [-85.257667, 35.781476],
              [-85.260971, 35.779112],
              [-85.26294, 35.778764],
              [-85.266535, 35.780011],
              [-85.268056, 35.779556],
              [-85.270213, 35.78227],
              [-85.273945, 35.78365],
              [-85.274319, 35.784433]
            ]
          ],
          [
            [
              [-85.682886, 35.829359],
              [-85.632449, 35.847385],
              [-85.673224, 35.854607],
              [-85.636062, 35.883783],
              [-85.669666, 35.884209],
              [-85.643274, 36.024191],
              [-85.5454, 36.077798],
              [-85.309363, 36.031592],
              [-85.311302, 35.992997],
              [-85.213115, 35.910379],
              [-85.263012, 35.790519],
              [-85.265064, 35.821973],
              [-85.362267, 35.796774],
              [-85.474213, 35.822656],
              [-85.524109, 35.791531],
              [-85.682602, 35.827246],
              [-85.682886, 35.829359]
            ]
          ],
          [
            [
              [-86.062809, 36.07119],
              [-85.807415, 36.131582],
              [-85.767136, 36.070087],
              [-85.688333, 36.069524],
              [-85.630493, 36.006469],
              [-85.669666, 35.884209],
              [-85.636062, 35.883783],
              [-85.673224, 35.854607],
              [-85.632449, 35.847385],
              [-85.894269, 35.844095],
              [-86.014849, 35.96106],
              [-86.063413, 36.070052],
              [-86.062809, 36.07119]
            ]
          ],
          [
            [
              [-84.449881, 36.151046],
              [-84.372731, 36.216778],
              [-84.241925, 36.177678],
              [-84.227527, 36.244879],
              [-84.073718, 36.227878],
              [-84.033719, 36.301779],
              [-83.941711, 36.186378],
              [-84.092759, 36.073724],
              [-84.076618, 36.02],
              [-84.192287, 35.995488],
              [-84.271587, 35.910165],
              [-84.341812, 36.048977],
              [-84.449834, 36.142277],
              [-84.449881, 36.151046]
            ]
          ],
          [
            [
              [-83.315188, 35.893322],
              [-83.253886, 36.082194],
              [-83.225484, 36.082795],
              [-83.245787, 36.124194],
              [-83.219195, 36.151095],
              [-83.17551, 36.12667],
              [-83.168186, 36.182295],
              [-82.8984628586304, 35.9450880979247],
              [-82.896324, 35.8803],
              [-82.992053, 35.773948],
              [-83.078732, 35.789472],
              [-83.270809, 35.712982],
              [-83.261715, 35.825364],
              [-83.316491, 35.889998],
              [-83.315188, 35.893322]
            ]
          ],
          [
            [
              [-84.789292, 35.815673],
              [-84.60346, 35.954125],
              [-84.346025, 36.049054],
              [-84.263383, 35.89694],
              [-84.32997, 35.892904],
              [-84.388607, 35.768352],
              [-84.584472, 35.644424],
              [-84.619865, 35.644651],
              [-84.636309, 35.72429],
              [-84.69873, 35.717869],
              [-84.789191, 35.814677],
              [-84.789292, 35.815673]
            ],
            [
              [-84.539963, 35.670465],
              [-84.539962, 35.67051],
              [-84.539774, 35.67684],
              [-84.544214, 35.676893],
              [-84.544534, 35.673179],
              [-84.548777, 35.673213],
              [-84.548774, 35.670536],
              [-84.540219, 35.670466],
              [-84.539963, 35.670465]
            ]
          ],
          [
            [
              [-84.188319, 35.610549],
              [-84.134468, 35.647399],
              [-84.179499, 35.768449],
              [-84.139473, 35.8001],
              [-84.146595, 35.848845],
              [-84.054959, 35.827578],
              [-83.995816, 35.884087],
              [-83.853457, 35.841138],
              [-83.78872, 35.884119],
              [-83.662814, 35.690618],
              [-83.6630236045826, 35.5691430430619],
              [-83.771736, 35.562118],
              [-83.949389, 35.461164],
              [-83.939643, 35.488937],
              [-84.009842, 35.510955],
              [-83.995926, 35.55294],
              [-84.085507, 35.541372],
              [-84.186617, 35.607502],
              [-84.188319, 35.610549]
            ]
          ],
          [
            [
              [-87.150233, 36.567702],
              [-87.114976, 36.642414],
              [-86.5639157484191, 36.6335518059595],
              [-86.690759, 36.409742],
              [-86.748341, 36.418508],
              [-86.825053, 36.349817],
              [-86.898938, 36.389979],
              [-86.984496, 36.365097],
              [-87.128677, 36.46195],
              [-87.117722, 36.549641],
              [-87.150004, 36.564016],
              [-87.150233, 36.567702]
            ]
          ],
          [
            [
              [-85.809168, 36.206598],
              [-85.777624, 36.249079],
              [-85.557527, 36.223177],
              [-85.466481, 36.304961],
              [-85.419398, 36.236215],
              [-85.100213, 36.138561],
              [-85.246362, 36.100698],
              [-85.257012, 35.978492],
              [-85.311302, 35.992997],
              [-85.309363, 36.031592],
              [-85.507677, 36.082012],
              [-85.651048, 36.012328],
              [-85.688333, 36.069524],
              [-85.775976, 36.078328],
              [-85.806661, 36.203944],
              [-85.809168, 36.206598]
            ]
          ],
          [
            [
              [-87.146906, 36.293344],
              [-87.144301, 36.292109],
              [-87.14252, 36.294339],
              [-87.142315, 36.294607],
              [-87.141847, 36.294602],
              [-87.141287, 36.294318],
              [-87.140482, 36.293691],
              [-87.139968, 36.293158],
              [-87.139332, 36.292418],
              [-87.139466, 36.292342],
              [-87.142372, 36.290684],
              [-87.152398, 36.288627],
              [-87.146906, 36.293344]
            ]
          ],
          [
            [
              [-87.566798, 36.177857],
              [-87.513533, 36.334713],
              [-87.153043, 36.30535],
              [-87.194168, 36.24633],
              [-87.150002, 36.17779],
              [-87.204242, 35.959186],
              [-87.53453, 35.993074],
              [-87.551806, 36.137514],
              [-87.566798, 36.177857]
            ]
          ],
          [
            [
              [-85.026643, 35.136171],
              [-84.877546, 35.357871],
              [-84.72534, 35.289471],
              [-84.752702, 35.272598],
              [-84.697033, 35.228397],
              [-84.7758524571709, 34.9877996152421],
              [-84.9769733744412, 34.9876687952914],
              [-85.026737, 35.131953],
              [-85.026643, 35.136171]
            ]
          ],
          [
            [
              [-82.057745, 36.368215],
              [-81.94984, 36.472385],
              [-81.972544, 36.523414],
              [-81.871443, 36.602015],
              [-81.6469, 36.611918],
              [-81.741995, 36.41096],
              [-81.707438, 36.335171],
              [-81.793597, 36.362209],
              [-81.9515, 36.261763],
              [-82.058946, 36.367415],
              [-82.057745, 36.368215]
            ]
          ],
          [
            [
              [-88.043503, 35.449809],
              [-87.974353, 35.514049],
              [-88.035213, 35.616679],
              [-88.034788, 35.717261],
              [-87.96274, 35.840921],
              [-87.853246, 35.803911],
              [-87.71676, 35.83875],
              [-87.710669, 35.703616],
              [-87.74375, 35.663952],
              [-87.64853, 35.590012],
              [-87.717559, 35.483347],
              [-87.973806, 35.460199],
              [-88.007709, 35.423381],
              [-88.043458, 35.448189],
              [-88.043503, 35.449809]
            ]
          ],
          [
            [
              [-88.95977, 36.223926],
              [-88.950205, 36.409248],
              [-88.81642, 36.410732],
              [-88.8273011555617, 36.5028524305169],
              [-88.5163456859488, 36.5014314866172],
              [-88.531534, 36.124796],
              [-88.655488, 36.117338],
              [-88.653843, 36.064294],
              [-88.692709, 36.062746],
              [-88.959839, 36.222834],
              [-88.95977, 36.223926]
            ]
          ],
          [
            [
              [-85.146393, 35.491299],
              [-84.905133, 35.773738],
              [-84.789924, 35.825077],
              [-84.711472, 35.726883],
              [-84.781207, 35.678405],
              [-84.795946, 35.551102],
              [-84.869963, 35.553024],
              [-84.85811, 35.500228],
              [-84.909848, 35.444571],
              [-84.980056, 35.470075],
              [-85.016661, 35.409101],
              [-85.102158, 35.428442],
              [-85.144969, 35.491305],
              [-85.146393, 35.491299]
            ]
          ],
          [
            [
              [-86.539485, 35.335435],
              [-86.492356, 35.362113],
              [-86.422338, 35.318846],
              [-86.251504, 35.409038],
              [-86.279905, 35.387452],
              [-86.244723, 35.314877],
              [-86.316224, 35.219745],
              [-86.326369, 35.122904],
              [-86.368303, 35.127042],
              [-86.410992, 35.25948],
              [-86.5382, 35.334614],
              [-86.539485, 35.335435]
            ]
          ],
          [
            [
              [-85.614561, 35.761595],
              [-85.601085, 35.806515],
              [-85.265064, 35.821973],
              [-85.265387, 35.721237],
              [-85.423804, 35.567422],
              [-85.557535, 35.532977],
              [-85.615146, 35.760531],
              [-85.614561, 35.761595]
            ]
          ],
          [
            [
              [-84.355297, 35.640924],
              [-84.349251, 35.644264],
              [-84.342871, 35.636585],
              [-84.346546, 35.634706],
              [-84.350001, 35.632939],
              [-84.355297, 35.640924]
            ]
          ],
          [
            [
              [-84.540355, 35.619427],
              [-84.526775, 35.618672],
              [-84.522373, 35.618625],
              [-84.522577, 35.617213],
              [-84.52271, 35.607783],
              [-84.525132, 35.607798],
              [-84.525999, 35.607853],
              [-84.525653, 35.611695],
              [-84.540328, 35.611744],
              [-84.540351, 35.61824],
              [-84.540355, 35.619427]
            ]
          ],
          [
            [
              [-84.548777, 35.673213],
              [-84.544534, 35.673179],
              [-84.544214, 35.676893],
              [-84.539774, 35.67684],
              [-84.539962, 35.67051],
              [-84.539963, 35.670465],
              [-84.540219, 35.670466],
              [-84.548774, 35.670536],
              [-84.548777, 35.673213]
            ]
          ],
          [
            [
              [-84.58441, 35.651607],
              [-84.388607, 35.768352],
              [-84.32997, 35.892904],
              [-84.28383, 35.874865],
              [-84.281159, 35.902984],
              [-84.165653, 35.807019],
              [-84.172812, 35.712756],
              [-84.133072, 35.660733],
              [-84.188319, 35.610549],
              [-84.317628, 35.672107],
              [-84.385011, 35.639841],
              [-84.504274, 35.665866],
              [-84.504746, 35.619542],
              [-84.584472, 35.644424],
              [-84.58441, 35.651607]
            ]
          ],
          [
            [
              [-90.310453, 35.002696],
              [-90.292348, 35.041356],
              [-90.207315, 35.025773],
              [-90.154697, 35.130924],
              [-90.066547, 35.136844],
              [-90.117383, 35.190059],
              [-90.086352, 35.238183],
              [-90.168794, 35.279088],
              [-90.109966, 35.304988],
              [-90.0809533836107, 35.3859117613597],
              [-89.70928, 35.409483],
              [-89.632776, 35.375824],
              [-89.6440499795058, 34.9952920623604],
              [-90.3099773374116, 35.0011039400364],
              [-90.310453, 35.002696]
            ]
          ],
          [
            [
              [-83.9876109506828, 36.5895922860725],
              [-83.432626, 36.573098],
              [-83.377917, 36.422008],
              [-83.658807, 36.331982],
              [-83.696909, 36.365681],
              [-83.733054, 36.345043],
              [-83.805515, 36.435879],
              [-83.922618, 36.427779],
              [-83.982492, 36.585315],
              [-83.9876109506828, 36.5895922860725]
            ]
          ],
          [
            [
              [-85.026818, 35.385222],
              [-84.982354, 35.468874],
              [-84.923649, 35.437371],
              [-84.859949, 35.497072],
              [-84.873969, 35.550217],
              [-84.795946, 35.551102],
              [-84.781207, 35.678405],
              [-84.721082, 35.691725],
              [-84.723853, 35.752896],
              [-84.672223, 35.702943],
              [-84.619031, 35.70788],
              [-84.619865, 35.644651],
              [-84.927446, 35.288869],
              [-85.030369, 35.379122],
              [-85.026818, 35.385222]
            ]
          ],
          [
            [
              [-83.468297, 36.187288],
              [-83.358696, 36.28199],
              [-83.280357, 36.262597],
              [-83.16259, 36.345292],
              [-83.081726, 36.244752],
              [-83.186186, 36.176295],
              [-83.17551, 36.12667],
              [-83.225193, 36.148593],
              [-83.228453, 36.081353],
              [-83.274501, 36.130794],
              [-83.458695, 36.155289],
              [-83.468697, 36.185388],
              [-83.468297, 36.187288]
            ]
          ],
          [
            [
              [-83.288896, 36.378789],
              [-83.010789, 36.563691],
              [-82.600569, 36.578819],
              [-82.626776, 36.4954],
              [-82.702279, 36.455499],
              [-82.676177, 36.4234],
              [-82.937183, 36.334797],
              [-83.07348, 36.242068],
              [-83.16259, 36.345292],
              [-83.255292, 36.289092],
              [-83.287495, 36.375089],
              [-83.288896, 36.378789]
            ]
          ],
          [
            [
              [-89.361544, 35.823712],
              [-89.342829, 35.880934],
              [-89.280148, 35.886499],
              [-89.187272, 36.000212],
              [-89.135958, 35.967841],
              [-89.109285, 35.862089],
              [-88.892938, 35.783842],
              [-89.021364, 35.670953],
              [-89.271224, 35.754922],
              [-89.361348, 35.822466],
              [-89.361544, 35.823712]
            ]
          ],
          [
            [
              [-87.74375, 35.663952],
              [-87.710669, 35.703616],
              [-87.70696, 35.905884],
              [-87.557168, 35.950665],
              [-87.53453, 35.993074],
              [-87.204242, 35.959186],
              [-87.234143, 35.724691],
              [-87.325284, 35.657768],
              [-87.459587, 35.615124],
              [-87.586867, 35.653304],
              [-87.660235, 35.608937],
              [-87.743122, 35.663436],
              [-87.74375, 35.663952]
            ]
          ],
          [
            [
              [-84.27347, 35.939278],
              [-84.076618, 36.02],
              [-84.092759, 36.073724],
              [-83.944413, 36.186379],
              [-83.732704, 36.164583],
              [-83.667026, 36.086238],
              [-83.71029, 36.089061],
              [-83.654605, 35.971937],
              [-83.853457, 35.841138],
              [-83.995816, 35.884087],
              [-84.054959, 35.827578],
              [-84.145659, 35.849586],
              [-84.155339, 35.794083],
              [-84.272889, 35.936694],
              [-84.27347, 35.939278]
            ]
          ],
          [
            [
              [-84.375633, 36.255679],
              [-84.329927, 36.284686],
              [-84.312086, 36.384573],
              [-84.355414, 36.459636],
              [-84.330434, 36.50948],
              [-84.259593, 36.513985],
              [-84.261333, 36.591981],
              [-83.9876109506828, 36.5895922860725],
              [-83.902717, 36.405379],
              [-83.952419, 36.399978],
              [-83.981016, 36.284978],
              [-84.035819, 36.301278],
              [-84.073718, 36.227878],
              [-84.227527, 36.244879],
              [-84.241925, 36.177678],
              [-84.299929, 36.220878],
              [-84.370632, 36.214978],
              [-84.376533, 36.252279],
              [-84.375633, 36.255679]
            ]
          ],
          [
            [
              [-88.024741, 35.392307],
              [-87.97486, 35.40197],
              [-88.012618, 35.426585],
              [-87.973806, 35.460199],
              [-87.645896, 35.472745],
              [-87.575205, 35.406308],
              [-87.572654, 35.190451],
              [-87.606178379167, 35.0036420906069],
              [-87.9849162019114, 35.005880673227],
              [-87.981585, 35.295678],
              [-88.017443, 35.299988],
              [-88.024739, 35.389652],
              [-88.024741, 35.392307]
            ]
          ],
          [
            [
              [-83.732704, 36.164583],
              [-83.667408, 36.344381],
              [-83.455902, 36.371886],
              [-83.415357, 36.42063],
              [-83.274095, 36.384689],
              [-83.280357, 36.262597],
              [-83.328977, 36.296149],
              [-83.471197, 36.172288],
              [-83.5651, 36.191686],
              [-83.607259, 36.130407],
              [-83.637201, 36.144385],
              [-83.631073, 36.100236],
              [-83.674237, 36.125008],
              [-83.665378, 36.080864],
              [-83.731538, 36.161028],
              [-83.732704, 36.164583]
            ]
          ],
          [
            [
              [-82.342282, 36.263977],
              [-82.299859, 36.396505],
              [-82.188053, 36.400608],
              [-81.986944, 36.510614],
              [-81.94984, 36.472385],
              [-82.058946, 36.367415],
              [-81.933019683861, 36.2648426504234],
              [-82.033141, 36.120422],
              [-82.127146, 36.104417],
              [-82.147948, 36.149516],
              [-82.222052, 36.156911],
              [-82.256356, 36.233208],
              [-82.341535, 36.261353],
              [-82.342282, 36.263977]
            ]
          ],
          [
            [
              [-87.354146, 35.610309],
              [-87.339232, 35.65911],
              [-87.234143, 35.724691],
              [-87.215099, 35.850651],
              [-86.782016, 35.706595],
              [-86.849573, 35.525515],
              [-86.964911, 35.411913],
              [-87.122529, 35.456061],
              [-87.295242, 35.442128],
              [-87.269432, 35.505851],
              [-87.354349, 35.597134],
              [-87.354146, 35.610309]
            ]
          ],
          [
            [
              [-87.281957, 36.342875],
              [-87.122691, 36.455711],
              [-86.984496, 36.365097],
              [-86.906254, 36.366218],
              [-87.041362, 36.041312],
              [-87.182573, 36.049726],
              [-87.150002, 36.17779],
              [-87.194168, 36.24633],
              [-87.153043, 36.30535],
              [-87.286501, 36.321933],
              [-87.281957, 36.342875]
            ],
            [
              [-87.152398, 36.288627],
              [-87.142372, 36.290684],
              [-87.139466, 36.292342],
              [-87.139332, 36.292418],
              [-87.139968, 36.293158],
              [-87.140482, 36.293691],
              [-87.141287, 36.294318],
              [-87.141847, 36.294602],
              [-87.142315, 36.294607],
              [-87.14252, 36.294339],
              [-87.144301, 36.292109],
              [-87.146906, 36.293344],
              [-87.152398, 36.288627]
            ]
          ],
          [
            [
              [-85.121757, 36.328401],
              [-85.088459, 36.500065],
              [-85.010715, 36.574078],
              [-84.731839, 36.524674],
              [-84.659082, 36.395227],
              [-84.79568, 36.297689],
              [-84.875211, 36.285597],
              [-84.925869, 36.146951],
              [-85.119583, 36.144719],
              [-85.082497, 36.196171],
              [-85.122245, 36.304599],
              [-85.121757, 36.328401]
            ]
          ],
          [
            [
              [-88.022635, 35.969497],
              [-87.919043, 36.130049],
              [-87.949603, 36.24316],
              [-87.586335, 36.197714],
              [-87.529791, 35.975647],
              [-87.70696, 35.905884],
              [-87.71676, 35.83875],
              [-87.853246, 35.803911],
              [-87.96274, 35.840921],
              [-87.926676, 35.93557],
              [-88.02239, 35.965818],
              [-88.022635, 35.969497]
            ]
          ],
          [
            [
              [-82.698878, 36.4127],
              [-82.662877, 36.4425],
              [-82.421572, 36.447254],
              [-82.386163, 36.392104],
              [-82.299859, 36.396505],
              [-82.34046, 36.252807],
              [-82.420661, 36.163207],
              [-82.527605, 36.148951],
              [-82.595065, 36.096205],
              [-82.651808, 36.176824],
              [-82.631794, 36.418769],
              [-82.702566, 36.410412],
              [-82.698878, 36.4127]
            ]
          ],
          [
            [
              [-84.52585, 35.624186],
              [-84.504274, 35.665866],
              [-84.385011, 35.639841],
              [-84.317628, 35.672107],
              [-84.253071, 35.617852],
              [-84.112319, 35.587456],
              [-84.085507, 35.541372],
              [-83.995926, 35.55294],
              [-84.009842, 35.510955],
              [-83.93854, 35.487773],
              [-84.023007, 35.411684],
              [-84.052612, 35.269982],
              [-84.188417, 35.239979],
              [-84.223718, 35.269078],
              [-84.344323, 35.204276],
              [-84.495529, 35.285472],
              [-84.400623, 35.344278],
              [-84.52575, 35.622291],
              [-84.52585, 35.624186]
            ],
            [
              [-84.350001, 35.632939],
              [-84.346546, 35.634706],
              [-84.342871, 35.636585],
              [-84.349251, 35.644264],
              [-84.355297, 35.640924],
              [-84.350001, 35.632939]
            ]
          ],
          [
            [
              [-84.785341, 36.603372],
              [-84.261333, 36.591981],
              [-84.259593, 36.513985],
              [-84.330434, 36.50948],
              [-84.355414, 36.459636],
              [-84.312086, 36.384573],
              [-84.329927, 36.284686],
              [-84.441034, 36.163478],
              [-84.573299, 36.22977],
              [-84.700785, 36.370824],
              [-84.664341, 36.412979],
              [-84.7853995566039, 36.6033748414415],
              [-84.785341, 36.603372]
            ]
          ],
          [
            [
              [-85.873031, 35.220685],
              [-85.740113, 35.215295],
              [-85.693581, 35.239257],
              [-85.707736, 35.290729],
              [-85.558551, 35.319292],
              [-85.402913, 35.223106],
              [-85.39577, 35.105638],
              [-85.361959, 35.087773],
              [-85.4741053158651, 34.9830630878201],
              [-85.8639354755464, 34.9883790198068],
              [-85.873032, 35.220397],
              [-85.873031, 35.220685]
            ]
          ],
          [
            [
              [-90.048086, 35.411737],
              [-90.002675, 35.430529],
              [-90.047678, 35.50261],
              [-90.034505, 35.552631],
              [-89.911923, 35.512841],
              [-89.886066, 35.583291],
              [-89.793566, 35.639949],
              [-89.623015, 35.652344],
              [-89.484156, 35.574362],
              [-89.474171, 35.403039],
              [-89.644985, 35.371211],
              [-89.70928, 35.409483],
              [-90.056782, 35.403863],
              [-90.048086, 35.411737]
            ]
          ],
          [
            [
              [-90.179265, 35.385194],
              [-90.114412, 35.472467],
              [-90.067798, 35.466224],
              [-90.054322, 35.389277],
              [-90.129342, 35.41383],
              [-90.13551, 35.376668],
              [-90.178341, 35.382092],
              [-90.179265, 35.385194]
            ]
          ],
          [
            [
              [-86.330797, 35.148543],
              [-86.250174, 35.344644],
              [-86.02704, 35.343837],
              [-85.863327, 35.22028],
              [-85.8639354755464, 34.9883790198068],
              [-86.3187611440952, 34.9911469680432],
              [-86.333353, 35.146485],
              [-86.330797, 35.148543]
            ]
          ],
          [
            [
              [-86.960804, 35.417021],
              [-86.849573, 35.525515],
              [-86.811864, 35.696412],
              [-86.641978, 35.689037],
              [-86.665555, 35.456207],
              [-86.602613, 35.327013],
              [-86.746899, 35.252878],
              [-86.828301, 35.263677],
              [-86.845688, 35.321021],
              [-86.906451, 35.314075],
              [-86.922802, 35.406775],
              [-86.958054, 35.417934],
              [-86.960804, 35.417021]
            ]
          ],
          [
            [
              [-87.2122, 35.867363],
              [-87.182573, 36.049726],
              [-87.053722, 36.045582],
              [-87.039386, 35.989242],
              [-86.928602, 36.052909],
              [-86.6186, 35.971336],
              [-86.600032, 35.849994],
              [-86.613328, 35.790331],
              [-86.696904, 35.752334],
              [-86.686193, 35.710051],
              [-86.751651, 35.696447],
              [-87.215099, 35.850651],
              [-87.2122, 35.867363]
            ]
          ],
          [
            [
              [-83.172285, 36.159395],
              [-82.937183, 36.334797],
              [-82.631794, 36.418769],
              [-82.647769, 36.146404],
              [-82.5772, 36.078387],
              [-82.602877, 36.039833],
              [-82.637165, 36.065805],
              [-82.776001, 36.000103],
              [-82.821861, 35.921839],
              [-83.172485, 36.157095],
              [-83.172285, 36.159395]
            ]
          ],
          [
            [
              [-83.794275, 35.887125],
              [-83.68306, 35.937598],
              [-83.655748, 36.042966],
              [-83.490299, 35.928044],
              [-83.330258, 35.911609],
              [-83.261715, 35.825364],
              [-83.287421, 35.795423],
              [-83.25561, 35.696061],
              [-83.297154, 35.65775],
              [-83.35156, 35.659858],
              [-83.498335, 35.562981],
              [-83.645481, 35.565825],
              [-83.662814, 35.690618],
              [-83.793568, 35.885858],
              [-83.794275, 35.887125]
            ]
          ],
          [
            [
              [-83.472108, 36.597284],
              [-82.830433, 36.593761],
              [-82.950519, 36.543005],
              [-83.040489, 36.551891],
              [-83.193894, 36.42429],
              [-83.304197, 36.388189],
              [-83.389443, 36.408162],
              [-83.376201, 36.482661],
              [-83.456761, 36.587912],
              [-83.472108, 36.597284]
            ]
          ],
          [
            [
              [-85.846483, 36.288167],
              [-85.813885, 36.499473],
              [-85.704075, 36.522395],
              [-85.564358, 36.475229],
              [-85.495422, 36.403074],
              [-85.490441, 36.286801],
              [-85.526197, 36.239626],
              [-85.739626, 36.22751],
              [-85.837995, 36.281787],
              [-85.846483, 36.288167]
            ]
          ],
          [
            [
              [-86.836218, 34.994901],
              [-86.828301, 35.263677],
              [-86.746899, 35.252878],
              [-86.582709, 35.370814],
              [-86.392192, 35.235381],
              [-86.368303, 35.127042],
              [-86.318168, 35.126986],
              [-86.3187611440952, 34.9911469680432],
              [-86.836306, 34.991764],
              [-86.836218, 34.994901]
            ]
          ],
          [
            [
              [-87.716609, 35.491818],
              [-87.651755, 35.564864],
              [-87.658189, 35.609349],
              [-87.586867, 35.653304],
              [-87.459587, 35.615124],
              [-87.331606, 35.656301],
              [-87.352305, 35.584621],
              [-87.269432, 35.505851],
              [-87.294534, 35.444676],
              [-87.448485, 35.457844],
              [-87.44882, 35.420622],
              [-87.516794, 35.398188],
              [-87.717559, 35.483347],
              [-87.716609, 35.491818]
            ]
          ],
          [
            [
              [-85.497587, 36.375051],
              [-85.446372, 36.49797],
              [-85.269219, 36.540265],
              [-85.120445, 36.407164],
              [-85.082497, 36.196171],
              [-85.119583, 36.144719],
              [-85.204156, 36.152489],
              [-85.419398, 36.236215],
              [-85.458963, 36.304146],
              [-85.495124, 36.302278],
              [-85.497317, 36.372612],
              [-85.497587, 36.375051]
            ]
          ],
          [
            [
              [-89.501401, 35.581836],
              [-89.469993, 35.595226],
              [-89.431327, 35.78264],
              [-89.356033, 35.817635],
              [-89.069544, 35.692679],
              [-89.078876, 35.431428],
              [-89.182551, 35.432816],
              [-89.183944, 35.397126],
              [-89.474171, 35.403039],
              [-89.469862, 35.546566],
              [-89.502118, 35.580621],
              [-89.501401, 35.581836]
            ]
          ],
          [
            [
              [-85.607326, 35.531651],
              [-85.423804, 35.567422],
              [-85.403298, 35.49228],
              [-85.225877, 35.354276],
              [-85.387089, 35.147169],
              [-85.426, 35.246494],
              [-85.556757, 35.308294],
              [-85.485635, 35.406433],
              [-85.605136, 35.529673],
              [-85.607326, 35.531651]
            ]
          ],
          [
            [
              [-85.436214, 35.541959],
              [-85.256886, 35.764771],
              [-84.918986, 35.765202],
              [-85.107762, 35.571359],
              [-85.146393, 35.491299],
              [-85.115946, 35.47567],
              [-85.168302, 35.455614],
              [-85.225877, 35.354276],
              [-85.43452, 35.540733],
              [-85.436214, 35.541959]
            ]
          ],
          [
            [
              [-88.613611, 35.588089],
              [-88.606862, 35.789354],
              [-88.569047, 35.824829],
              [-88.179177, 35.816785],
              [-88.246192, 35.416307],
              [-88.360829, 35.418972],
              [-88.364005, 35.492801],
              [-88.469106, 35.495882],
              [-88.612212, 35.58791],
              [-88.613611, 35.588089]
            ]
          ],
          [
            [
              [-84.77303, 34.997826],
              [-84.699937, 35.170974],
              [-84.714761, 35.235484],
              [-84.495529, 35.285472],
              [-84.292319677455, 35.2066890084035],
              [-84.321869, 34.988408],
              [-84.7758524571709, 34.9877996152421],
              [-84.77303, 34.997826]
            ]
          ],
          [
            [
              [-86.228434, 36.487472],
              [-86.2054686100012, 36.6397833130926],
              [-85.7886129951215, 36.6218452013294],
              [-85.828026, 36.411836],
              [-86.168261, 36.444293],
              [-86.228724, 36.486405],
              [-86.228434, 36.487472]
            ]
          ],
          [
            [
              [-89.078847, 35.432067],
              [-89.069544, 35.692679],
              [-89.021364, 35.670953],
              [-88.892938, 35.783842],
              [-88.916181, 35.797307],
              [-88.606862, 35.789354],
              [-88.603575, 35.626084],
              [-88.675867, 35.489163],
              [-88.815798, 35.427451],
              [-89.078876, 35.431428],
              [-89.078847, 35.432067]
            ]
          ],
          [
            [
              [-85.997426, 35.711955],
              [-85.875877, 35.845776],
              [-85.608493, 35.804237],
              [-85.557535, 35.532977],
              [-85.876962, 35.524095],
              [-85.948192, 35.573422],
              [-85.997732, 35.709926],
              [-85.997426, 35.711955]
            ]
          ],
          [
            [
              [-86.208123, 35.715601],
              [-86.154505, 35.963097],
              [-85.99721, 35.952926],
              [-85.885595, 35.830539],
              [-85.987838, 35.734879],
              [-85.994462, 35.653725],
              [-86.143394, 35.661652],
              [-86.208769, 35.7124],
              [-86.208123, 35.715601]
            ]
          ],
          [
            [
              [-88.246854, 35.447626],
              [-88.190465, 35.609088],
              [-88.177859, 35.845841],
              [-88.051772, 35.849975],
              [-88.028195, 35.811021],
              [-87.970738, 35.815705],
              [-88.034819, 35.715117],
              [-88.035213, 35.616679],
              [-87.974353, 35.514049],
              [-88.043503, 35.449809],
              [-87.973414, 35.409611],
              [-88.196462, 35.379561],
              [-88.247986, 35.42352],
              [-88.246854, 35.447626]
            ]
          ],
          [
            [
              [-89.643916, 35.006373],
              [-89.628966, 35.382599],
              [-89.183944, 35.397126],
              [-89.198288, 34.994484],
              [-89.6440499795058, 34.9952920623604],
              [-89.643916, 35.006373]
            ]
          ],
          [
            [
              [-89.485818, 36.220931],
              [-89.428816, 36.259735],
              [-89.346053, 36.50321],
              [-88.8273011555617, 36.5028524305169],
              [-88.814016, 36.470802],
              [-88.81642, 36.410732],
              [-88.950205, 36.409248],
              [-88.961232, 36.201635],
              [-89.483604, 36.213649],
              [-89.485818, 36.220931]
            ]
          ],
          [
            [
              [-88.786924, 35.115809],
              [-88.781768, 35.247587],
              [-88.719761, 35.24755],
              [-88.641054, 35.360926],
              [-88.362572, 35.380994],
              [-88.380508, 34.99561],
              [-88.786612, 34.995252],
              [-88.786703, 35.105419],
              [-88.786924, 35.115809]
            ]
          ],
          [
            [
              [-82.614362, 36.003506],
              [-82.595065, 36.096205],
              [-82.527605, 36.148951],
              [-82.420661, 36.163207],
              [-82.346641, 36.250864],
              [-82.256356, 36.233208],
              [-82.222052, 36.156911],
              [-82.389958, 36.096909],
              [-82.557874, 35.953901],
              [-82.615062, 36.000306],
              [-82.614362, 36.003506]
            ]
          ],
          [
            [
              [-88.841607, 35.427826],
              [-88.675867, 35.489163],
              [-88.594334, 35.592296],
              [-88.472346, 35.49725],
              [-88.364005, 35.492801],
              [-88.351765, 35.406735],
              [-88.370629, 35.374818],
              [-88.641054, 35.360926],
              [-88.719761, 35.24755],
              [-88.781768, 35.247587],
              [-88.842036, 35.384447],
              [-88.841607, 35.427826]
            ]
          ],
          [
            [
              [-85.812979, 36.508635],
              [-85.7886129951215, 36.6218452013294],
              [-85.276289, 36.626511],
              [-85.267057, 36.573238],
              [-85.299, 36.522286],
              [-85.446372, 36.49797],
              [-85.495422, 36.403074],
              [-85.564358, 36.475229],
              [-85.704075, 36.522395],
              [-85.813885, 36.499473],
              [-85.812979, 36.508635]
            ]
          ],
          [
            [
              [-89.197672, 35.011822],
              [-89.182551, 35.432816],
              [-88.841607, 35.427826],
              [-88.781768, 35.247587],
              [-88.786138, 35.000088],
              [-89.198288, 34.994484],
              [-89.197672, 35.011822]
            ]
          ],
          [
            [
              [-85.285371, 36.534722],
              [-85.276289, 36.626511],
              [-85.195372, 36.625498],
              [-84.7853995566039, 36.6033748414415],
              [-84.731839, 36.524674],
              [-85.010715, 36.574078],
              [-85.128846, 36.405614],
              [-85.185359, 36.490359],
              [-85.284878, 36.531293],
              [-85.285371, 36.534722]
            ]
          ],
          [
            [
              [-86.28526, 36.35359],
              [-86.234198, 36.489159],
              [-86.168261, 36.444293],
              [-85.971063, 36.419439],
              [-86.126152, 36.294086],
              [-86.228669, 36.349217],
              [-86.263446, 36.299448],
              [-86.285215, 36.350842],
              [-86.28526, 36.35359]
            ]
          ],
          [
            [
              [-87.98074, 36.353307],
              [-87.821816, 36.328724],
              [-87.592358, 36.367663],
              [-87.513533, 36.334713],
              [-87.566798, 36.177857],
              [-87.758, 36.241522],
              [-87.949603, 36.24316],
              [-87.978795, 36.350586],
              [-87.98074, 36.353307]
            ]
          ],
          [
            [
              [-85.913593, 35.289189],
              [-85.869478, 35.380435],
              [-85.874019, 35.528956],
              [-85.607326, 35.531651],
              [-85.485635, 35.406433],
              [-85.558551, 35.319292],
              [-85.707736, 35.290729],
              [-85.693581, 35.239257],
              [-85.740113, 35.215295],
              [-85.873025, 35.223362],
              [-85.913574, 35.288645],
              [-85.913593, 35.289189]
            ]
          ],
          [
            [
              [-87.64115, 36.638036],
              [-87.114976, 36.642414],
              [-87.150233, 36.567702],
              [-87.117722, 36.549641],
              [-87.120443, 36.45546],
              [-87.303129, 36.312442],
              [-87.586957, 36.34178],
              [-87.626107, 36.543051],
              [-87.64115, 36.638036]
            ]
          ],
          [
            [
              [-88.38013, 35.000086],
              [-88.360829, 35.418972],
              [-88.241677, 35.423263],
              [-88.196462, 35.379561],
              [-88.065809, 35.41764],
              [-88.024741, 35.392307],
              [-88.017443, 35.299988],
              [-87.981585, 35.295678],
              [-87.9849162019114, 35.005880673227],
              [-88.380508, 34.99561],
              [-88.38013, 35.000086]
            ]
          ],
          [
            [
              [-88.706002, 35.796042],
              [-88.692709, 36.062746],
              [-88.653843, 36.064294],
              [-88.655488, 36.117338],
              [-88.532233, 36.115416],
              [-88.530322, 36.152023],
              [-88.211698, 36.145974],
              [-88.225048, 35.877192],
              [-88.179177, 35.816785],
              [-88.569047, 35.824829],
              [-88.599836, 35.789165],
              [-88.706811, 35.791075],
              [-88.706002, 35.796042]
            ]
          ],
          [
            [
              [-87.611925, 35.019006],
              [-87.57275, 35.049051],
              [-87.575352, 35.398454],
              [-87.44882, 35.420622],
              [-87.448485, 35.457844],
              [-87.206578, 35.433207],
              [-87.224053220297, 34.9993266591169],
              [-87.611341, 35.01683],
              [-87.611925, 35.019006]
            ]
          ],
          [
            [
              [-89.705328, 36.239898],
              [-89.534745, 36.252576],
              [-89.620255, 36.323006],
              [-89.513178, 36.359897],
              [-89.539232, 36.497934],
              [-89.485427, 36.497491],
              [-89.471718, 36.457001],
              [-89.417275, 36.499011],
              [-89.340158, 36.47717],
              [-89.488283, 36.187544],
              [-89.629452, 36.185382],
              [-89.705545, 36.238136],
              [-89.705328, 36.239898]
            ]
          ],
          [
            [
              [-88.070532, 36.678118],
              [-87.64115, 36.638036],
              [-87.592358, 36.367663],
              [-87.821816, 36.328724],
              [-87.98074, 36.353307],
              [-88.061456, 36.444093],
              [-88.032489, 36.540662],
              [-88.068208, 36.659747],
              [-88.070532, 36.678118]
            ]
          ]
        ]
      }
    },
    {
      "type": "Feature",
      "id": "48",
      "properties": {
        "state_name": "Texas",
        "state_fips": "48"
      },
      "geometry": {
        "type": "MultiPolygon",
        "coordinates": [
          [
            [
              [-98.806552, 29.690709],
              [-98.650938, 29.754002],
              [-98.352589, 29.734365],
              [-98.384341, 29.676534],
              [-98.298524, 29.561141],
              [-98.223112, 29.549236],
              [-98.185085, 29.486089],
              [-98.116902, 29.463884],
              [-98.407336, 29.114435],
              [-98.804763, 29.250693],
              [-98.806415, 29.675817],
              [-98.806552, 29.690709]
            ]
          ],
          [
            [
              [-95.594541, 32.687026],
              [-95.4748, 32.606141],
              [-94.986935, 32.537246],
              [-94.985411, 32.37082],
              [-94.985272, 32.137989],
              [-95.459908, 32.135559],
              [-95.488473, 32.232577],
              [-95.449456, 32.359878],
              [-95.5943, 32.479858],
              [-95.594524, 32.66975],
              [-95.594541, 32.687026]
            ]
          ],
          [
            [
              [-94.978386, 29.683654],
              [-94.977435, 29.685202],
              [-94.976128, 29.685202],
              [-94.973751, 29.686131],
              [-94.97185, 29.685305],
              [-94.969948, 29.683654],
              [-94.968576, 29.682546],
              [-94.969379, 29.682517],
              [-94.969366, 29.681676],
              [-94.970049, 29.681519],
              [-94.976099, 29.678265],
              [-94.977911, 29.681176],
              [-94.978386, 29.683654]
            ]
          ],
          [
            [
              [-94.992053, 29.698416],
              [-94.989676, 29.698004],
              [-94.986705, 29.6979],
              [-94.985635, 29.69852],
              [-94.982783, 29.697487],
              [-94.980169, 29.696042],
              [-94.979931, 29.695113],
              [-94.979337, 29.693874],
              [-94.977673, 29.694184],
              [-94.976009, 29.69439],
              [-94.975177, 29.693977],
              [-94.975059, 29.692945],
              [-94.973276, 29.691397],
              [-94.973276, 29.690364],
              [-94.973751, 29.689125],
              [-94.975177, 29.687886],
              [-94.979574, 29.688299],
              [-94.98207, 29.690158],
              [-94.984566, 29.691293],
              [-94.985516, 29.692842],
              [-94.98718, 29.69439],
              [-94.9876561152156, 29.6947150401953],
              [-94.988844, 29.695526],
              [-94.990386426105, 29.6959446701053],
              [-94.990745, 29.696042],
              [-94.992409, 29.697797],
              [-94.992053, 29.698416]
            ]
          ],
          [
            [
              [-95.95911, 30.163243],
              [-95.817045, 30.081779],
              [-95.668303, 30.101723],
              [-95.541399, 30.170279],
              [-95.487878, 30.107808],
              [-95.424216, 30.115491],
              [-95.292997, 30.027905],
              [-95.096708, 30.167214],
              [-95.031179, 29.993324],
              [-94.982095, 29.964754],
              [-94.977138, 29.868181],
              [-94.908971, 29.82673],
              [-94.945858, 29.716812],
              [-94.91581, 29.698434],
              [-94.930708691215, 29.6737462591277],
              [-95.019685, 29.704371],
              [-94.982154, 29.676865],
              [-95.0170022544903, 29.5484617569936],
              [-95.065065, 29.558478],
              [-95.160724, 29.49749],
              [-95.261606, 29.593157],
              [-95.424286, 29.580312],
              [-95.825975, 29.788616],
              [-95.960733, 30.163415],
              [-95.95911, 30.163243]
            ]
          ],
          [
            [
              [-95.862266, 30.865361],
              [-95.629597, 30.900084],
              [-95.434781, 31.058098],
              [-95.398351, 30.859651],
              [-95.32748, 30.859547],
              [-95.359156, 30.504369],
              [-95.598878, 30.50898],
              [-95.83024, 30.630284],
              [-95.863059, 30.864125],
              [-95.862266, 30.865361]
            ]
          ],
          [
            [
              [-96.529412, 32.545277],
              [-96.51897, 32.813616],
              [-96.076801, 32.838489],
              [-96.075899, 32.357505],
              [-96.452372, 32.358659],
              [-96.434278, 32.410853],
              [-96.498216, 32.453729],
              [-96.528952, 32.542442],
              [-96.529412, 32.545277]
            ]
          ],
          [
            [
              [-95.863326, 33.049892],
              [-95.861778, 33.21933],
              [-95.758192, 33.29666],
              [-95.584092, 33.359442],
              [-95.308593, 33.37719],
              [-95.307716, 33.300334],
              [-95.308957, 32.962572],
              [-95.665389, 32.960434],
              [-95.863296, 33.000117],
              [-95.863326, 33.049892]
            ]
          ],
          [
            [
              [-96.3783265241194, 28.3907774793216],
              [-96.309178, 28.963291],
              [-95.874028, 29.229702],
              [-95.841499, 29.09862],
              [-95.765049, 29.060458],
              [-95.768249, 28.969872],
              [-95.67513, 28.964244],
              [-95.572958, 28.832364],
              [-95.504075, 28.82865],
              [-96.371241, 28.395904],
              [-96.3783265241194, 28.3907774793216]
            ]
          ],
          [
            [
              [-96.191782, 30.13842],
              [-96.152527, 30.143128],
              [-96.15901, 30.206613],
              [-96.117159, 30.227275],
              [-95.804306, 30.24557],
              [-95.8096, 30.085314],
              [-95.960733, 30.163415],
              [-95.825975, 29.788616],
              [-96.032711, 29.727944],
              [-96.042242, 29.795314],
              [-96.121898, 29.840067],
              [-96.092739, 29.882765],
              [-96.125949, 29.897709],
              [-96.125572, 29.966337],
              [-96.092768, 29.961488],
              [-96.084541, 30.005137],
              [-96.192208, 30.136664],
              [-96.191782, 30.13842]
            ]
          ],
          [
            [
              [-98.585295, 26.26027],
              [-98.32067, 26.783081],
              [-97.985494, 26.780917],
              [-97.985303, 26.615809],
              [-97.957405, 26.611769],
              [-98.004189, 26.448784],
              [-97.862227, 26.433579],
              [-97.8617592374405, 26.0697492816372],
              [-98.193985, 26.053324],
              [-98.443406, 26.223653],
              [-98.48274, 26.201644],
              [-98.5866993125035, 26.2575704070883],
              [-98.585295, 26.26027]
            ]
          ],
          [
            [
              [-100.667522988428, 29.0842931847587],
              [-100.111406, 29.086318],
              [-100.113719, 28.197819],
              [-100.212165531128, 28.1968371629783],
              [-100.348122, 28.398052],
              [-100.368108, 28.478999],
              [-100.333814, 28.499252],
              [-100.38886, 28.515748],
              [-100.398385, 28.584884],
              [-100.500354, 28.66196],
              [-100.53583, 28.805888],
              [-100.640568, 28.914212],
              [-100.666848, 29.082596],
              [-100.667522988428, 29.0842931847587]
            ]
          ],
          [
            [
              [-98.310928, 29.594473],
              [-98.089941, 29.683479],
              [-97.875259, 29.858208],
              [-97.763364, 29.713042],
              [-97.631432, 29.650606],
              [-97.840383, 29.376791],
              [-98.113175, 29.365667],
              [-98.123119, 29.478549],
              [-98.185085, 29.486089],
              [-98.312058, 29.590854],
              [-98.310928, 29.594473]
            ]
          ],
          [
            [
              [-94.817709, 33.037202],
              [-94.808428, 33.365606],
              [-94.781447, 33.318722],
              [-94.652448, 33.275709],
              [-94.653994, 32.879506],
              [-94.705878, 32.879177],
              [-94.819828, 32.982886],
              [-94.817709, 33.037202]
            ]
          ],
          [
            [
              [-104.101034, 31.12474],
              [-104.024521, 32.00001],
              [-103.950089, 31.986838],
              [-103.880828, 31.864845],
              [-103.829718, 31.888352],
              [-103.797232, 31.770187],
              [-103.691717, 31.747783],
              [-103.625726, 31.705032],
              [-103.615997, 31.650681],
              [-103.509379, 31.625934],
              [-103.462313, 31.429872],
              [-103.010487, 31.373438],
              [-103.585084, 30.76647],
              [-104.102351, 31.105203],
              [-104.101034, 31.12474]
            ]
          ],
          [
            [
              [-94.718296, 29.728855],
              [-94.717207, 29.732114],
              [-94.716514, 29.733515],
              [-94.714443, 29.732992],
              [-94.713849, 29.731445],
              [-94.715156, 29.729793],
              [-94.716185, 29.727775],
              [-94.716746, 29.727687],
              [-94.717886, 29.728116],
              [-94.718296, 29.728855]
            ]
          ],
          [
            [
              [-94.928592, 29.58356],
              [-94.927879, 29.584593],
              [-94.921581, 29.588107],
              [-94.91956, 29.588313],
              [-94.91861, 29.58759],
              [-94.907676, 29.573741],
              [-94.90732, 29.572604],
              [-94.907439, 29.571364],
              [-94.909102, 29.570227],
              [-94.913975, 29.567333],
              [-94.91552, 29.567229],
              [-94.916827, 29.567643],
              [-94.927998, 29.582216],
              [-94.928592, 29.58356]
            ]
          ],
          [
            [
              [-94.976099, 29.678265],
              [-94.941427, 29.653398],
              [-94.947369, 29.613423],
              [-94.975554, 29.67618],
              [-94.976099, 29.678265]
            ]
          ],
          [
            [
              [-94.98146, 29.884276],
              [-94.357976, 29.887464],
              [-94.3540940185201, 29.5625650084448],
              [-94.405958, 29.598241],
              [-94.503474, 29.543847],
              [-94.560965, 29.574434],
              [-94.762569, 29.524162],
              [-94.788582, 29.546092],
              [-94.713433, 29.610141],
              [-94.695946, 29.759147],
              [-94.726247, 29.795108],
              [-94.797784, 29.76679],
              [-94.920454, 29.657106],
              [-94.945858, 29.716812],
              [-94.908971, 29.82673],
              [-94.978735, 29.879773],
              [-94.98146, 29.884276]
            ]
          ],
          [
            [
              [-93.911126, 31.158071],
              [-93.531744, 31.180817],
              [-93.563472, 31.093989],
              [-93.50846, 31.029441],
              [-93.578207, 30.999995],
              [-93.526013, 30.937535],
              [-93.57408, 30.884529],
              [-93.554057, 30.824941],
              [-93.740253, 30.539569],
              [-93.6978, 30.440583],
              [-93.765822, 30.333318],
              [-93.704584, 30.289949],
              [-93.7051585596811, 30.2438609876218],
              [-93.901452, 30.242672],
              [-93.865711, 30.947218],
              [-93.897761, 31.095634],
              [-93.911126, 31.158071]
            ]
          ],
          [
            [
              [-96.8093527035728, 28.2205944147045],
              [-96.7987181122199, 28.2759479998208],
              [-96.776789, 28.244826],
              [-96.804479, 28.223153],
              [-96.8093527035728, 28.2205944147045]
            ]
          ],
          [
            [
              [-96.930367, 28.586728],
              [-96.587544, 28.726175],
              [-96.57829, 28.696939],
              [-96.39954, 28.730231],
              [-96.404445, 28.674409],
              [-96.323522, 28.675597],
              [-96.407197, 28.348733],
              [-96.8530539631559, 28.0608472718433],
              [-96.803171, 28.135579],
              [-96.816957, 28.17508],
              [-96.720379, 28.186001],
              [-96.603639, 28.292554],
              [-96.440591, 28.34298],
              [-96.471252, 28.367557],
              [-96.416348, 28.413871],
              [-96.573097, 28.358773],
              [-96.620396, 28.30396],
              [-96.684355, 28.314464],
              [-96.706171, 28.404596],
              [-96.79307, 28.480432],
              [-96.827415, 28.46612],
              [-96.7842032768908, 28.4468223251528],
              [-96.815736, 28.431864],
              [-96.928424, 28.585785],
              [-96.930367, 28.586728]
            ]
          ],
          [
            [
              [-95.434781, 31.058098],
              [-94.95811, 31.38693],
              [-94.95782, 31.342847],
              [-94.877834, 31.287497],
              [-94.897578, 31.257834],
              [-94.842947, 31.146578],
              [-95.20018, 30.824566],
              [-95.252385, 30.906719],
              [-95.396697, 30.857706],
              [-95.434711, 31.04663],
              [-95.434781, 31.058098]
            ]
          ],
          [
            [
              [-97.317802, 27.494562],
              [-97.315901, 27.499095],
              [-97.314356, 27.502995],
              [-97.313881, 27.50542],
              [-97.312454, 27.507106],
              [-97.311266, 27.507001],
              [-97.310078, 27.505947],
              [-97.310791, 27.503733],
              [-97.31186, 27.501941],
              [-97.313049, 27.500044],
              [-97.313999, 27.497514],
              [-97.315425, 27.495195],
              [-97.317446, 27.493824],
              [-97.317802, 27.494562]
            ]
          ],
          [
            [
              [-97.318872, 27.480225],
              [-97.316852, 27.483282],
              [-97.315782, 27.486656],
              [-97.313524, 27.490451],
              [-97.311979, 27.490451],
              [-97.307939, 27.491611],
              [-97.305562, 27.494879],
              [-97.304492, 27.495511],
              [-97.303779, 27.494457],
              [-97.305086, 27.491505],
              [-97.309721, 27.488553],
              [-97.31293, 27.48655],
              [-97.313881, 27.483387],
              [-97.315544, 27.48149],
              [-97.316376, 27.480014],
              [-97.316733, 27.477905],
              [-97.319704, 27.4778],
              [-97.318872, 27.480225]
            ]
          ],
          [
            [
              [-97.370971, 27.298776],
              [-97.281318, 27.552737],
              [-97.2226506131795, 27.5764948600858],
              [-97.3475797525063, 27.2779639491206],
              [-97.371803, 27.294024],
              [-97.370971, 27.298776]
            ]
          ],
          [
            [
              [-97.405642, 27.294747],
              [-97.404097, 27.301928],
              [-97.402909, 27.306468],
              [-97.402077, 27.310481],
              [-97.400532, 27.310903],
              [-97.399106, 27.309108],
              [-97.400294, 27.306363],
              [-97.401364, 27.303089],
              [-97.402433, 27.298971],
              [-97.403146, 27.295908],
              [-97.403503, 27.291261],
              [-97.404335, 27.290205],
              [-97.405642, 27.290205],
              [-97.405642, 27.294747]
            ]
          ],
          [
            [
              [-97.406593, 27.315655],
              [-97.404335, 27.319878],
              [-97.402909, 27.323151],
              [-97.400651, 27.325474],
              [-97.399581, 27.324524],
              [-97.400532, 27.322096],
              [-97.402314, 27.3184],
              [-97.403859, 27.314916],
              [-97.40481, 27.313754],
              [-97.405998, 27.313543],
              [-97.406593, 27.315655]
            ]
          ],
          [
            [
              [-98.0598, 27.635869],
              [-97.932261, 27.635834],
              [-97.840678, 27.558358],
              [-97.3246374442316, 27.5610768378161],
              [-97.414436, 27.321568],
              [-97.544437, 27.284175],
              [-97.481462, 27.340465],
              [-97.493583, 27.390597],
              [-97.613017, 27.285241],
              [-97.708802, 27.385638],
              [-97.66368, 27.286419],
              [-97.784181, 27.283811],
              [-97.985887, 27.209308],
              [-97.986076, 27.260494],
              [-98.058078, 27.260981],
              [-98.059668, 27.609234],
              [-98.0598, 27.635869]
            ]
          ],
          [
            [
              [-101.086364, 35.241151],
              [-101.085935, 35.619102],
              [-100.540158, 35.619296],
              [-100.538283, 35.312669],
              [-100.538978, 35.183144],
              [-101.086281, 35.18214],
              [-101.086364, 35.241151]
            ]
          ],
          [
            [
              [-101.623915, 36.499528],
              [-101.085156, 36.499244],
              [-101.084793, 36.37503],
              [-101.085735, 36.055276],
              [-101.623466, 36.055405],
              [-101.623829, 36.416633],
              [-101.623915, 36.499528]
            ]
          ],
          [
            [
              [-95.987259, 32.876415],
              [-95.9453, 32.979877],
              [-95.667728, 32.979554],
              [-95.659042, 32.711563],
              [-95.863949, 32.777061],
              [-95.986282, 32.875121],
              [-95.987259, 32.876415]
            ]
          ],
          [
            [
              [-95.85772, 33.462718],
              [-95.851222, 33.836299],
              [-95.593827, 33.943031],
              [-95.545197, 33.880294],
              [-95.3104056193911, 33.8773685301904],
              [-95.308072, 33.37845],
              [-95.603675, 33.484721],
              [-95.857738, 33.461722],
              [-95.85772, 33.462718]
            ]
          ],
          [
            [
              [-102.566873, 30.134165],
              [-102.566937, 30.283269],
              [-102.343085, 30.284116],
              [-102.342986, 30.598759],
              [-102.138406, 30.597521],
              [-102.137778, 30.655982],
              [-101.760671, 30.658323],
              [-101.669833, 30.637907],
              [-101.646245, 30.560763],
              [-101.740552, 30.421321],
              [-101.657927, 30.345903],
              [-101.758381, 30.289685],
              [-101.760923744511, 29.7818615288962],
              [-101.818275, 29.811621],
              [-102.115682, 29.79239],
              [-102.320703761477, 29.8788549124151],
              [-102.567049, 30.052808],
              [-102.566873, 30.134165]
            ]
          ],
          [
            [
              [-103.042186, 35.825217],
              [-103.040824, 36.055231],
              [-102.163015, 36.055249],
              [-102.162809, 35.627515],
              [-103.041554, 35.622487],
              [-103.041716, 35.814072],
              [-103.042186, 35.825217]
            ]
          ],
          [
            [
              [-94.398984, 31.650208],
              [-94.090812, 31.620618],
              [-93.984461, 31.569419],
              [-93.983239, 31.466114],
              [-94.044154, 31.409979],
              [-94.042298, 31.119435],
              [-94.129632, 31.09928],
              [-94.339773, 31.24082],
              [-94.305583, 31.570929],
              [-94.39962, 31.649194],
              [-94.398984, 31.650208]
            ]
          ],
          [
            [
              [-95.86168, 33.228116],
              [-95.857738, 33.461722],
              [-95.778965, 33.491842],
              [-95.565836, 33.47706],
              [-95.30664, 33.378027],
              [-95.586852, 33.358711],
              [-95.861778, 33.21933],
              [-95.86168, 33.228116]
            ]
          ],
          [
            [
              [-103.983936, 31.994113],
              [-103.326501, 32.00037],
              [-103.327538, 31.65142],
              [-103.615997, 31.650681],
              [-103.627801, 31.706521],
              [-103.797232, 31.770187],
              [-103.829718, 31.888352],
              [-103.883213, 31.866258],
              [-103.98406, 31.99342],
              [-103.983936, 31.994113]
            ]
          ],
          [
            [
              [-100.047962, 34.006272],
              [-100.037843, 34.238412],
              [-99.772043, 34.093286],
              [-99.624954, 34.096646],
              [-99.5485, 34.055774],
              [-99.475294, 34.085618],
              [-99.474498, 33.733849],
              [-99.544475, 33.795494],
              [-99.685332, 33.8273],
              [-99.725026, 33.797473],
              [-99.835143, 33.8358],
              [-100.04848, 33.835974],
              [-100.047962, 34.006272]
            ]
          ],
          [
            [
              [-96.454555, 32.35232],
              [-95.448049, 32.352986],
              [-95.488473, 32.232577],
              [-95.428512, 32.084475],
              [-96.052786, 32.005895],
              [-96.06601, 32.085812],
              [-96.117827, 32.094977],
              [-96.104429, 32.152656],
              [-96.17584, 32.168241],
              [-96.146799, 32.211937],
              [-96.189536, 32.202316],
              [-96.28507, 32.254592],
              [-96.29868, 32.301156],
              [-96.453882, 32.348844],
              [-96.454555, 32.35232]
            ]
          ],
          [
            [
              [-94.74663, 33.441922],
              [-94.732309, 33.715987],
              [-94.639003, 33.697681],
              [-94.663195, 33.661084],
              [-94.587072, 33.68582],
              [-94.560339, 33.666591],
              [-94.59083, 33.645563],
              [-94.546366, 33.659161],
              [-94.569523, 33.627832],
              [-94.521837, 33.640728],
              [-94.527376, 33.615833],
              [-94.448637, 33.642766],
              [-94.471974, 33.602665],
              [-94.382887, 33.583268],
              [-94.386086, 33.544923],
              [-94.242777, 33.589709],
              [-94.231844, 33.552088],
              [-94.183913, 33.594682],
              [-94.128658, 33.550952],
              [-94.071353, 33.57484],
              [-94.04345, 33.552253],
              [-94.0429900210002, 33.2712431650494],
              [-94.164377, 33.312057],
              [-94.259313, 33.237046],
              [-94.468442, 33.294313],
              [-94.617767, 33.246811],
              [-94.746925, 33.328938],
              [-94.74663, 33.441922]
            ]
          ],
          [
            [
              [-97.315485, 30.752363],
              [-97.258959, 30.889579],
              [-96.829603, 31.110411],
              [-96.747091, 31.000951],
              [-96.75633, 30.927206],
              [-96.683875, 30.904356],
              [-96.621423, 30.730764],
              [-97.155219, 30.457344],
              [-97.269949, 30.735362],
              [-97.307818, 30.749572],
              [-97.315485, 30.752363]
            ]
          ],
          [
            [
              [-94.709446, 32.871308],
              [-94.0428857174211, 32.881088560255],
              [-94.0431469938267, 32.6930300000381],
              [-94.074978, 32.687093],
              [-94.117205, 32.707248],
              [-94.101032, 32.738143],
              [-94.176401, 32.694694],
              [-94.256091, 32.751792],
              [-94.383855, 32.69334],
              [-94.507323, 32.693738],
              [-94.70214, 32.793088],
              [-94.672351, 32.834756],
              [-94.709329, 32.869889],
              [-94.709446, 32.871308]
            ]
          ],
          [
            [
              [-100.825311, 31.703856],
              [-100.821594, 32.08661],
              [-100.235137, 32.082372],
              [-100.235761, 31.69297],
              [-100.82537, 31.696155],
              [-100.825311, 31.703856]
            ]
          ],
          [
            [
              [-103.610887, 31.651802],
              [-102.767246, 31.651714],
              [-102.767365, 31.293803],
              [-102.826735, 31.266881],
              [-103.011383, 31.377548],
              [-103.106554, 31.361222],
              [-103.244934, 31.389368],
              [-103.261677, 31.42757],
              [-103.453923, 31.425673],
              [-103.503505, 31.505477],
              [-103.509379, 31.625934],
              [-103.610174, 31.650539],
              [-103.610887, 31.651802]
            ]
          ],
          [
            [
              [-99.41388, 29.091335],
              [-98.8049, 29.090434],
              [-98.800841, 28.647487],
              [-99.409021, 28.640566],
              [-99.413383, 29.03308],
              [-99.41388, 29.091335]
            ]
          ],
          [
            [
              [-96.24102, 30.973737],
              [-95.973841, 31.09215],
              [-95.663546, 31.083884],
              [-95.629983, 31.05175],
              [-95.681305, 30.987499],
              [-95.614108, 30.912991],
              [-95.829952, 30.862096],
              [-96.16837, 30.822997],
              [-96.239356, 30.970934],
              [-96.24102, 30.973737]
            ]
          ],
          [
            [
              [-99.722403, 31.576085],
              [-99.713971, 32.082089],
              [-99.195871, 32.079235],
              [-99.202768, 31.467234],
              [-99.247184, 31.479712],
              [-99.314014, 31.409778],
              [-99.440824, 31.475009],
              [-99.470901, 31.421733],
              [-99.511477, 31.424401],
              [-99.536723, 31.483429],
              [-99.677404, 31.497693],
              [-99.654537, 31.532165],
              [-99.721802, 31.572676],
              [-99.722403, 31.576085]
            ]
          ],
          [
            [
              [-96.330635, 31.254289],
              [-96.322853, 31.374067],
              [-95.7873, 31.618385],
              [-95.760961, 31.60008],
              [-95.739373, 31.653827],
              [-95.710035, 31.614694],
              [-95.715497, 31.554358],
              [-95.758748, 31.533644],
              [-95.721842, 31.472754],
              [-95.746837, 31.45817],
              [-95.712117, 31.455783],
              [-95.656125, 31.322183],
              [-95.725728, 31.26987],
              [-95.76441, 31.094211],
              [-95.975218, 31.091967],
              [-96.24102, 30.973737],
              [-96.33109, 31.25223],
              [-96.330635, 31.254289]
            ]
          ],
          [
            [
              [-95.004883, 31.42396],
              [-94.865857, 31.526916],
              [-94.822528, 31.48386],
              [-94.545121, 31.431855],
              [-94.334961, 31.223238],
              [-94.129632, 31.09928],
              [-94.473218, 31.026393],
              [-94.751342, 31.105462],
              [-94.856263, 31.150079],
              [-94.89703, 31.323423],
              [-94.95782, 31.342847],
              [-94.95025, 31.382214],
              [-95.005525, 31.421076],
              [-95.004883, 31.42396]
            ]
          ],
          [
            [
              [-96.794552, 30.160545],
              [-96.629478, 30.301156],
              [-96.178661, 30.394718],
              [-96.080839, 30.244305],
              [-96.147428, 30.217976],
              [-96.152527, 30.143128],
              [-96.191782, 30.13842],
              [-96.13378, 30.07096],
              [-96.160472, 30.053409],
              [-96.288998, 30.096829],
              [-96.62198, 30.044283],
              [-96.647223, 30.145174],
              [-96.780669, 30.152096],
              [-96.794552, 30.160545]
            ]
          ],
          [
            [
              [-100.417056, 34.407039],
              [-100.415895, 34.747525],
              [-100.000381, 34.746358],
              [-99.99772, 34.311829],
              [-100.417783, 34.313524],
              [-100.417056, 34.407039]
            ]
          ],
          [
            [
              [-99.475589, 33.83874],
              [-99.4750806916433, 34.395998351528],
              [-99.40296, 34.373481],
              [-99.375365, 34.458845],
              [-99.206905, 34.338277],
              [-99.189511, 34.214312],
              [-98.9523575349127, 34.2125787665873],
              [-98.953202, 33.834025],
              [-99.47565, 33.834005],
              [-99.475589, 33.83874]
            ]
          ],
          [
            [
              [-98.994723, 31.470985],
              [-98.779951, 31.610735],
              [-98.759983, 31.687906],
              [-98.492802, 31.723608],
              [-98.266794, 31.410521],
              [-98.562732, 31.230443],
              [-98.628369, 31.274251],
              [-98.58704, 31.325167],
              [-98.646656, 31.314446],
              [-98.653977, 31.370088],
              [-98.712352, 31.347157],
              [-98.693029, 31.389975],
              [-98.724463, 31.427402],
              [-98.763724, 31.375216],
              [-98.775969, 31.413564],
              [-98.995029, 31.466674],
              [-98.994723, 31.470985]
            ]
          ],
          [
            [
              [-99.092317, 30.941002],
              [-99.090622, 31.460927],
              [-99.041052, 31.490579],
              [-98.987428, 31.482076],
              [-98.966878, 31.435548],
              [-98.942737, 31.458629],
              [-98.775969, 31.413564],
              [-98.77878, 31.377672],
              [-98.726094, 31.428278],
              [-98.702695, 31.339148],
              [-98.653977, 31.370088],
              [-98.646656, 31.314446],
              [-98.58704, 31.325167],
              [-98.628369, 31.274251],
              [-98.57981, 31.265386],
              [-98.568217, 31.197825],
              [-98.50438, 31.16645],
              [-98.547196, 31.129205],
              [-98.527102, 31.090675],
              [-98.455598, 31.110905],
              [-98.48404, 31.06301],
              [-98.414508, 30.94211],
              [-99.092431, 30.921968],
              [-99.092317, 30.941002]
            ]
          ],
          [
            [
              [-94.511431, 31.973984],
              [-94.0154203807042, 31.9801588291318],
              [-93.897412, 31.894436],
              [-93.794548, 31.702076],
              [-93.834924, 31.586211],
              [-93.899218, 31.61171],
              [-93.977139, 31.569768],
              [-94.090812, 31.620618],
              [-94.399091, 31.653596],
              [-94.433945, 31.824547],
              [-94.511471, 31.926245],
              [-94.511431, 31.973984]
            ]
          ],
          [
            [
              [-102.388804, 31.087156],
              [-100.962176, 31.08249],
              [-100.960643, 30.287776],
              [-101.7584, 30.288044],
              [-101.658886, 30.342622],
              [-101.740552, 30.421321],
              [-101.646599, 30.550952],
              [-101.652446, 30.620471],
              [-101.809759, 30.702138],
              [-101.877641, 30.920096],
              [-101.984718, 30.987439],
              [-102.189777, 31.003352],
              [-102.390534, 31.085451],
              [-102.388804, 31.087156]
            ]
          ],
          [
            [
              [-96.96363, 30.557198],
              [-96.599467, 30.728634],
              [-96.566983, 30.69567],
              [-96.601047, 30.639808],
              [-96.425527, 30.590272],
              [-96.416356, 30.541917],
              [-96.35941, 30.542604],
              [-96.371015, 30.513285],
              [-96.271816, 30.416388],
              [-96.296325, 30.379062],
              [-96.663716, 30.295549],
              [-96.743672, 30.319757],
              [-96.963326, 30.555465],
              [-96.96363, 30.557198]
            ]
          ],
          [
            [
              [-97.038523, 32.559998],
              [-97.031007, 32.989691],
              [-96.517011, 32.982862],
              [-96.520745, 32.677822],
              [-96.523118, 32.545214],
              [-97.038685, 32.548666],
              [-97.038523, 32.559998]
            ]
          ],
          [
            [
              [-96.844097, 32.988908],
              [-96.83411, 33.405498],
              [-96.386474, 33.398075],
              [-96.384495, 33.341119],
              [-96.295413, 33.351936],
              [-96.29674, 33.004829],
              [-96.844122, 32.987435],
              [-96.844097, 32.988908]
            ]
          ],
          [
            [
              [-98.161673, 30.372897],
              [-98.049886, 30.624155],
              [-97.956734, 30.628249],
              [-97.77634, 30.429768],
              [-97.596162, 30.501481],
              [-97.369539, 30.419563],
              [-97.492482, 30.210011],
              [-97.70879, 30.023451],
              [-98.172977, 30.356312],
              [-98.161673, 30.372897]
            ]
          ],
          [
            [
              [-96.944611, 33.949217],
              [-96.907387, 33.950025],
              [-96.866438, 33.853149],
              [-96.794276, 33.868886],
              [-96.761588, 33.824406],
              [-96.699574, 33.839049],
              [-96.667187, 33.91694],
              [-96.587934, 33.894784],
              [-96.62929, 33.845488],
              [-96.526655, 33.820891],
              [-96.500268, 33.772583],
              [-96.422643, 33.776041],
              [-96.3794039922769, 33.7258163072446],
              [-96.384602, 33.397826],
              [-96.94386, 33.41641],
              [-96.944703, 33.798011],
              [-96.944611, 33.949217]
            ]
          ],
          [
            [
              [-106.645479, 31.89867],
              [-106.611846, 31.920003],
              [-106.618486, 32.000495],
              [-105.998003, 32.002328],
              [-105.993255, 31.478392],
              [-105.959262, 31.478417],
              [-105.954328, 31.423468],
              [-105.997132001253, 31.387246427542],
              [-106.076857, 31.397892],
              [-106.205042, 31.465042],
              [-106.381039, 31.73211],
              [-106.489542, 31.748408],
              [-106.645646, 31.895649],
              [-106.645479, 31.89867]
            ]
          ],
          [
            [
              [-95.874028, 29.229702],
              [-95.752866, 29.324503],
              [-95.626535, 29.293146],
              [-95.550622, 29.438306],
              [-95.462602, 29.439238],
              [-95.424286, 29.580312],
              [-95.288028, 29.598331],
              [-95.214799, 29.557136],
              [-95.233081, 29.465566],
              [-95.0570919119968, 29.2005222228872],
              [-95.156967, 29.195046],
              [-95.167068, 29.113057],
              [-95.123837, 29.07064],
              [-95.383683, 28.87],
              [-95.567519, 28.829724],
              [-95.655071, 28.95153],
              [-95.764937, 28.967359],
              [-95.765049, 29.060458],
              [-95.846379, 29.10743],
              [-95.844667, 29.204676],
              [-95.874028, 29.229702]
            ]
          ],
          [
            [
              [-97.238558, 27.836015],
              [-97.2343, 27.835824],
              [-97.229997, 27.831511],
              [-97.229997, 27.830039],
              [-97.230995, 27.828921],
              [-97.2338061072007, 27.8289141769243],
              [-97.233879, 27.828914],
              [-97.235892, 27.831308],
              [-97.240054, 27.833566],
              [-97.238558, 27.836015]
            ]
          ],
          [
            [
              [-97.908774, 28.091866],
              [-97.817716, 28.176848],
              [-97.567622, 28.129683],
              [-97.475528, 28.179296],
              [-97.403932, 28.109003],
              [-97.316632, 28.136798],
              [-97.136312, 27.90439],
              [-97.201044, 27.821279],
              [-97.263566, 27.880815],
              [-97.354949, 27.851081],
              [-97.337784, 27.883624],
              [-97.493239, 27.884076],
              [-97.520743, 27.860747],
              [-97.488949, 27.840338],
              [-97.626973, 27.895398],
              [-97.638174, 27.865594],
              [-97.690514, 27.916969],
              [-97.806798, 27.934712],
              [-97.79607, 28.031258],
              [-97.908203, 28.087992],
              [-97.908774, 28.091866]
            ]
          ],
          [
            [
              [-94.732732, 30.490066],
              [-94.537926, 30.491059],
              [-94.545717, 30.526977],
              [-94.071689, 30.526033],
              [-94.119394, 30.426298],
              [-94.08292, 30.345654],
              [-94.120039, 30.287576],
              [-94.110884, 30.164755],
              [-94.209577, 30.187724],
              [-94.275451, 30.170265],
              [-94.292629, 30.117671],
              [-94.399233, 30.097403],
              [-94.596338, 30.112101],
              [-94.723096, 30.463517],
              [-94.732732, 30.490066]
            ]
          ],
          [
            [
              [-95.152586, 32.949289],
              [-95.137213, 33.030938],
              [-94.939152, 33.074514],
              [-94.719942, 32.904502],
              [-95.15211, 32.902641],
              [-95.152297, 32.941335],
              [-95.152586, 32.949289]
            ]
          ],
          [
            [
              [-102.20852, 32.958956],
              [-101.691284, 32.961838],
              [-101.68874, 32.525222],
              [-102.202703, 32.523271],
              [-102.208433, 32.952105],
              [-102.20852, 32.958956]
            ]
          ],
          [
            [
              [-97.306478, 30.411174],
              [-96.96363, 30.557198],
              [-96.743672, 30.319757],
              [-96.640883, 30.296786],
              [-96.845857, 30.116027],
              [-97.019163, 30.032],
              [-97.081834, 30.259357],
              [-97.334463, 30.402843],
              [-97.306478, 30.411174]
            ]
          ],
          [
            [
              [-95.358856, 30.506194],
              [-95.32748, 30.859547],
              [-95.252385, 30.906719],
              [-95.230989, 30.841149],
              [-95.13194, 30.783162],
              [-95.115005, 30.661005],
              [-95.010278, 30.656671],
              [-95.030889, 30.580259],
              [-94.829719, 30.539512],
              [-94.867393, 30.510755],
              [-94.842621, 30.487458],
              [-95.225581, 30.319534],
              [-95.203801, 30.352012],
              [-95.308395, 30.40575],
              [-95.359156, 30.504369],
              [-95.358856, 30.506194]
            ]
          ],
          [
            [
              [-95.310907, 33.776758],
              [-95.3104056193911, 33.8773685301904],
              [-95.252694, 33.894234],
              [-95.217633, 33.962646],
              [-95.122038, 33.904795],
              [-95.082387, 33.921758],
              [-95.089607, 33.880857],
              [-95.06569, 33.915966],
              [-95.046568, 33.862565],
              [-94.968895, 33.860916],
              [-94.8693, 33.745871],
              [-94.76444, 33.760178],
              [-94.788251, 33.735316],
              [-94.73263, 33.723917],
              [-94.761671, 33.317456],
              [-94.889304, 33.39848],
              [-95.30664, 33.378027],
              [-95.311035, 33.7501],
              [-95.310907, 33.776758]
            ]
          ],
          [
            [
              [-97.897071, 29.864369],
              [-97.653693, 30.071564],
              [-97.315823, 29.786541],
              [-97.597695, 29.630745],
              [-97.73572, 29.691198],
              [-97.846645, 29.841671],
              [-97.89859, 29.857121],
              [-97.897071, 29.864369]
            ]
          ],
          [
            [
              [-95.46214, 32.128716],
              [-94.985272, 32.137989],
              [-94.984768, 31.846144],
              [-94.934616, 31.834748],
              [-94.978134, 31.793514],
              [-94.926078, 31.760342],
              [-94.967268, 31.753816],
              [-94.965223, 31.693885],
              [-94.865857, 31.526916],
              [-95.003345, 31.42571],
              [-95.100323, 31.468196],
              [-95.099966, 31.518869],
              [-95.168446, 31.583406],
              [-95.260257, 31.577104],
              [-95.283208, 31.676247],
              [-95.402125, 31.76159],
              [-95.401038, 31.818675],
              [-95.446747, 31.843116],
              [-95.422038, 32.047264],
              [-95.461159, 32.127434],
              [-95.46214, 32.128716]
            ]
          ],
          [
            [
              [-98.802513, 28.103051],
              [-98.800848, 28.647306],
              [-98.335047, 28.648275],
              [-98.334323, 28.0578],
              [-98.803325, 28.05748],
              [-98.802513, 28.103051]
            ]
          ],
          [
            [
              [-105.998003, 32.002328],
              [-104.918359749142, 32.000415489556],
              [-104.907592, 30.835919],
              [-104.917163, 30.663626],
              [-104.97995674349, 30.6292311244086],
              [-105.006222, 30.685599],
              [-105.061577, 30.685743],
              [-105.215017, 30.805893],
              [-105.400462, 30.852617],
              [-105.399866, 30.889074],
              [-105.55743, 30.990229],
              [-105.604467, 31.083744],
              [-105.773257, 31.166897],
              [-105.997132001253, 31.387246427542],
              [-105.954328, 31.423468],
              [-105.959262, 31.478417],
              [-105.993255, 31.478392],
              [-105.997806, 32.000104],
              [-105.998003, 32.002328]
            ]
          ],
          [
            [
              [-95.12599, 33.04652],
              [-95.125451, 33.389454],
              [-94.889304, 33.39848],
              [-94.808783, 33.363636],
              [-94.819828, 32.982886],
              [-94.939152, 33.074514],
              [-95.12613, 33.034581],
              [-95.12599, 33.04652]
            ]
          ],
          [
            [
              [-96.8311, 31.10234],
              [-96.319165, 31.357129],
              [-96.33109, 31.25223],
              [-96.239984, 31.048267],
              [-96.24102, 30.973737],
              [-96.349364, 30.911423],
              [-96.45763, 30.744474],
              [-96.566983, 30.69567],
              [-96.632969, 30.741488],
              [-96.684868, 30.906045],
              [-96.75633, 30.927206],
              [-96.766889, 31.047169],
              [-96.830691, 31.100415],
              [-96.8311, 31.10234]
            ]
          ],
          [
            [
              [-103.064679, 32.964373],
              [-103.056655304753, 33.3884164031742],
              [-102.594234, 33.375097],
              [-102.595023, 32.958831],
              [-103.064657, 32.959097],
              [-103.064679, 32.964373]
            ]
          ],
          [
            [
              [-94.44491, 30.113015],
              [-94.30043, 30.114146],
              [-94.275451, 30.170265],
              [-94.203709, 30.188819],
              [-94.117932, 30.164054],
              [-94.03058, 30.026222],
              [-93.843896, 29.954805],
              [-93.8543426408309, 29.8649909997958],
              [-93.929208, 29.802952],
              [-93.837725, 29.679024],
              [-94.056506, 29.671163],
              [-94.3540940185201, 29.5625650084448],
              [-94.357976, 29.887464],
              [-94.442204, 29.887053],
              [-94.445106, 30.112019],
              [-94.44491, 30.113015]
            ]
          ],
          [
            [
              [-95.665389, 32.960434],
              [-95.172947, 32.961829],
              [-95.150535, 33.011412],
              [-95.15341, 32.570115],
              [-95.183548, 32.540968],
              [-95.34595, 32.609291],
              [-95.4748, 32.606141],
              [-95.626279, 32.708703],
              [-95.664324, 32.951993],
              [-95.665389, 32.960434]
            ]
          ],
          [
            [
              [-95.20018, 30.824566],
              [-94.842947, 31.146578],
              [-94.561602, 31.063014],
              [-94.657992, 31.012007],
              [-94.537926, 30.491059],
              [-94.865509, 30.495023],
              [-94.830429, 30.541613],
              [-95.028628, 30.578485],
              [-95.010278, 30.656671],
              [-95.115005, 30.661005],
              [-95.13194, 30.783162],
              [-95.198712, 30.824241],
              [-95.20018, 30.824566]
            ]
          ],
          [
            [
              [-99.171404, 26.549848],
              [-99.011112, 26.675023],
              [-98.95423, 26.785694],
              [-98.32067, 26.783081],
              [-98.5866993125035, 26.2575704070883],
              [-98.654221, 26.23596],
              [-98.807348, 26.369421],
              [-99.082002, 26.39651],
              [-99.105031, 26.500335],
              [-99.171748, 26.543706],
              [-99.171404, 26.549848]
            ]
          ],
          [
            [
              [-96.088912, 29.601658],
              [-96.024825, 29.602899],
              [-96.016769, 29.667491],
              [-96.060001, 29.675963],
              [-96.015031, 29.682672],
              [-96.032711, 29.727944],
              [-95.825975, 29.788616],
              [-95.424286, 29.580312],
              [-95.462602, 29.439238],
              [-95.550622, 29.438306],
              [-95.626535, 29.293146],
              [-95.752866, 29.324503],
              [-95.877043, 29.265743],
              [-96.059627, 29.473329],
              [-96.022418, 29.501893],
              [-96.08439, 29.601054],
              [-96.088912, 29.601658]
            ]
          ],
          [
            [
              [-96.076801, 32.838489],
              [-95.934433, 32.837217],
              [-95.850646, 32.770713],
              [-95.604653, 32.704589],
              [-95.5943, 32.479858],
              [-95.449456, 32.359878],
              [-96.075899, 32.357505],
              [-96.07662, 32.837024],
              [-96.076801, 32.838489]
            ]
          ],
          [
            [
              [-101.76032, 29.872049],
              [-101.7584, 30.288044],
              [-100.700393, 30.288276],
              [-100.699141, 29.419747],
              [-100.745564, 29.254809],
              [-100.794855840552, 29.2415970894515],
              [-101.010614, 29.368669],
              [-101.060151, 29.458661],
              [-101.254895, 29.520342],
              [-101.250383, 29.624171],
              [-101.305533, 29.577925],
              [-101.302371, 29.649994],
              [-101.361312, 29.650063],
              [-101.403067, 29.771437],
              [-101.535847, 29.758934],
              [-101.544392, 29.811856],
              [-101.642883, 29.754548],
              [-101.760923744511, 29.7818615288962],
              [-101.76032, 29.872049]
            ]
          ],
          [
            [
              [-96.640315, 29.247804],
              [-96.348621, 29.406792],
              [-96.307672, 29.514523],
              [-96.175422, 29.633806],
              [-96.062322, 29.591524],
              [-96.022418, 29.501893],
              [-96.059627, 29.473329],
              [-95.841948, 29.258707],
              [-95.965196, 29.146865],
              [-96.309178, 28.963291],
              [-96.634506, 29.242625],
              [-96.640315, 29.247804]
            ]
          ],
          [
            [
              [-102.767687, 31.638548],
              [-102.31805, 31.651327],
              [-102.300886, 31.127273],
              [-102.301212, 31.086212],
              [-102.406153, 31.08787],
              [-102.442056, 31.212566],
              [-102.676104, 31.330084],
              [-102.754796, 31.280199],
              [-102.767533, 31.625179],
              [-102.767687, 31.638548]
            ]
          ],
          [
            [
              [-98.000683, 32.020279],
              [-97.630885, 32.207403],
              [-97.522235, 32.13481],
              [-97.462487, 32.172463],
              [-97.497086, 32.134345],
              [-97.485968, 32.017611],
              [-97.426387, 32.028557],
              [-97.378754, 31.982624],
              [-97.439471, 31.929775],
              [-97.279529, 31.841271],
              [-97.32653, 31.78836],
              [-97.277265, 31.745492],
              [-97.60523, 31.587762],
              [-97.689834, 31.711019],
              [-97.766431, 31.672461],
              [-98.005462, 32.017897],
              [-98.000683, 32.020279]
            ]
          ],
          [
            [
              [-100.114336, 28.648122],
              [-99.395736, 28.640784],
              [-99.394414, 28.349792],
              [-99.394177, 28.204627],
              [-100.113719, 28.197819],
              [-100.114269, 28.629686],
              [-100.114336, 28.648122]
            ]
          ],
          [
            [
              [-97.77853, 28.668027],
              [-97.41734, 28.925228],
              [-97.300508, 28.844109],
              [-97.231971, 28.865303],
              [-97.186665, 28.834079],
              [-97.153588, 28.569076],
              [-97.375579, 28.388684],
              [-97.551369, 28.450441],
              [-97.563024, 28.516408],
              [-97.696572, 28.541537],
              [-97.778336, 28.667649],
              [-97.77853, 28.668027]
            ]
          ],
          [
            [
              [-96.822899, 28.167432],
              [-96.821267, 28.168361],
              [-96.8194604590773, 28.1680715818538],
              [-96.8203305524285, 28.1634171288584],
              [-96.821354, 28.165651],
              [-96.822899, 28.167432]
            ]
          ],
          [
            [
              [-97.056063, 27.849732],
              [-96.997028, 27.940376],
              [-97.035748, 27.940428],
              [-96.98543, 27.955045],
              [-96.925458, 28.08841],
              [-96.873881, 28.133483],
              [-96.8302008306531, 28.1108816440637],
              [-97.055231, 27.847315],
              [-97.056063, 27.849732]
            ]
          ],
          [
            [
              [-97.078917, 27.917014],
              [-97.050394, 27.874369],
              [-97.079068, 27.91632],
              [-97.078917, 27.917014]
            ]
          ],
          [
            [
              [-97.125604, 28.253709],
              [-96.7905346464136, 28.3192330118032],
              [-96.811711, 28.213512],
              [-96.923818, 28.114743],
              [-96.90718, 28.146917],
              [-96.967625, 28.125343],
              [-96.914203, 28.269583],
              [-96.968513, 28.21996],
              [-96.945934, 28.196501],
              [-96.983368, 28.124941],
              [-97.025384, 28.14963],
              [-97.0088, 28.20268],
              [-97.125337, 28.253263],
              [-97.125604, 28.253709]
            ]
          ],
          [
            [
              [-97.260818, 28.075759],
              [-97.121935, 28.020922],
              [-97.135246, 28.04788],
              [-97.024962, 28.113307],
              [-97.075077, 27.919354],
              [-97.07964, 27.975539],
              [-97.1337829631538, 27.9012317118527],
              [-97.259645, 28.07364],
              [-97.260818, 28.075759]
            ]
          ],
          [
            [
              [-101.086046, 35.806768],
              [-101.085716, 36.057572],
              [-100.540221, 36.056491],
              [-100.540088, 35.621176],
              [-101.085935, 35.619102],
              [-101.086146, 35.742717],
              [-101.086046, 35.806768]
            ]
          ],
          [
            [
              [-100.236043, 31.782974],
              [-100.235137, 32.082372],
              [-99.713971, 32.082089],
              [-99.721698, 31.576759],
              [-100.233783, 31.582196],
              [-100.236094, 31.726617],
              [-100.236043, 31.782974]
            ]
          ],
          [
            [
              [-96.620848, 30.045203],
              [-96.288998, 30.096829],
              [-96.114671, 30.048808],
              [-96.084541, 30.005137],
              [-96.092768, 29.961488],
              [-96.125572, 29.966337],
              [-96.125949, 29.897709],
              [-96.092739, 29.882765],
              [-96.121898, 29.840067],
              [-96.046947, 29.80099],
              [-96.006498, 29.714865],
              [-96.059565, 29.679328],
              [-96.016769, 29.667491],
              [-96.024825, 29.602899],
              [-96.256696, 29.667061],
              [-96.342742, 29.828976],
              [-96.485091, 29.867335],
              [-96.62198, 30.044283],
              [-96.620848, 30.045203]
            ]
          ],
          [
            [
              [-96.064804, 31.980664],
              [-95.424107, 32.083892],
              [-95.446747, 31.843116],
              [-95.401038, 31.818675],
              [-95.402125, 31.76159],
              [-95.283208, 31.676247],
              [-95.262, 31.603237],
              [-95.739279, 31.504056],
              [-95.718468, 31.632402],
              [-95.753488, 31.64896],
              [-95.77198, 31.598621],
              [-95.787553, 31.692596],
              [-95.862206, 31.687465],
              [-95.875937, 31.755503],
              [-95.980568, 31.784561],
              [-95.968119, 31.87246],
              [-96.024683, 31.873524],
              [-96.00617, 31.924292],
              [-96.063641, 31.979135],
              [-96.064804, 31.980664]
            ]
          ],
          [
            [
              [-98.089764, 28.662979],
              [-97.915106, 28.719648],
              [-97.788002, 28.675832],
              [-97.696572, 28.541537],
              [-97.563024, 28.516408],
              [-97.551369, 28.450441],
              [-97.375579, 28.388684],
              [-97.567622, 28.129683],
              [-97.817716, 28.176848],
              [-98.082555, 28.650797],
              [-98.089764, 28.662979]
            ]
          ],
          [
            [
              [-94.985957, 32.364017],
              [-94.600776, 32.360044],
              [-94.555726, 32.4075],
              [-94.491818, 32.394137],
              [-94.5805, 32.201363],
              [-94.599978, 31.973193],
              [-94.511431, 31.973984],
              [-94.452513, 31.844113],
              [-94.984768, 31.846144],
              [-94.985885, 32.35038],
              [-94.985957, 32.364017]
            ]
          ],
          [
            [
              [-101.623466, 36.055405],
              [-101.085728, 36.054066],
              [-101.086068, 35.625267],
              [-101.622831, 35.624057],
              [-101.623435, 36.035255],
              [-101.623466, 36.055405]
            ]
          ],
          [
            [
              [-97.540851, 28.164963],
              [-97.375268, 28.389116],
              [-97.160751, 28.553475],
              [-96.883034, 28.5055],
              [-96.813494, 28.430261],
              [-96.7842032768908, 28.4468223251528],
              [-96.780948, 28.401118],
              [-96.85962, 28.413348],
              [-96.7905346464136, 28.3192330118032],
              [-97.12396, 28.27231],
              [-97.102162, 28.22649],
              [-97.0175433562033, 28.2028650363719],
              [-97.234426, 28.062458],
              [-97.318406, 28.137554],
              [-97.403932, 28.109003],
              [-97.474137, 28.178758],
              [-97.541071, 28.164669],
              [-97.540851, 28.164963]
            ]
          ],
          [
            [
              [-96.495293, 31.79691],
              [-96.05478, 32.012526],
              [-96.061908, 31.955437],
              [-96.02193, 31.957299],
              [-96.001401, 31.908169],
              [-96.027622, 31.877875],
              [-95.968119, 31.87246],
              [-95.983574, 31.788002],
              [-95.875937, 31.755503],
              [-95.862206, 31.687465],
              [-95.787553, 31.692596],
              [-95.7873, 31.618385],
              [-96.236629, 31.413392],
              [-96.496713, 31.796191],
              [-96.495293, 31.79691]
            ]
          ],
          [
            [
              [-94.048684, 31.151469],
              [-94.044154, 31.409979],
              [-93.983239, 31.466114],
              [-93.984461, 31.569419],
              [-93.899218, 31.61171],
              [-93.711581, 31.512789],
              [-93.749476, 31.46869],
              [-93.639257, 31.371535],
              [-93.68688, 31.305166],
              [-93.595045, 31.221044],
              [-93.600308, 31.176158],
              [-94.048926, 31.148828],
              [-94.048684, 31.151469]
            ]
          ],
          [
            [
              [-94.656638, 31.012665],
              [-94.547491, 31.059126],
              [-94.444212, 31.034037],
              [-94.451127, 31.003445],
              [-94.29319, 31.04282],
              [-94.238424, 31.013705],
              [-94.125824, 30.684052],
              [-94.053078, 30.648482],
              [-94.095864, 30.576781],
              [-94.070092, 30.526624],
              [-94.545717, 30.526977],
              [-94.657992, 31.012007],
              [-94.656638, 31.012665]
            ]
          ],
          [
            [
              [-94.78337, 29.377482],
              [-94.568973, 29.53018],
              [-94.493282, 29.513569],
              [-94.405958, 29.598241],
              [-94.371622, 29.597247],
              [-94.3708230339094, 29.5562445220171],
              [-94.654825, 29.440103],
              [-94.733413, 29.36799],
              [-94.784439, 29.375721],
              [-94.78337, 29.377482]
            ]
          ],
          [
            [
              [-94.823264, 29.323918],
              [-94.810522, 29.352129],
              [-94.781204, 29.332472],
              [-94.823146, 29.316561],
              [-94.823264, 29.323918]
            ]
          ],
          [
            [
              [-94.825908, 29.352648],
              [-94.825232, 29.353795],
              [-94.824328, 29.353902],
              [-94.82097, 29.352668],
              [-94.820212, 29.351562],
              [-94.819946, 29.350169],
              [-94.820581, 29.349083],
              [-94.821872, 29.348448],
              [-94.824248, 29.348919],
              [-94.82601, 29.351726],
              [-94.825908, 29.352648]
            ]
          ],
          [
            [
              [-94.915128, 29.273446],
              [-94.913107, 29.275001],
              [-94.909186, 29.273964],
              [-94.90871, 29.271891],
              [-94.909186, 29.269818],
              [-94.911444, 29.268781],
              [-94.91382, 29.269922],
              [-94.915128, 29.273446]
            ]
          ],
          [
            [
              [-94.928676, 29.287034],
              [-94.922707, 29.28844],
              [-94.919664, 29.286816],
              [-94.9209536208745, 29.2840753425047],
              [-94.921933, 29.281994],
              [-94.924391, 29.281615],
              [-94.9275179007602, 29.2839822774133],
              [-94.928989, 29.285096],
              [-94.928676, 29.287034]
            ]
          ],
          [
            [
              [-95.1222523448321, 29.0887514449895],
              [-94.874366, 29.289927],
              [-94.726172, 29.332517],
              [-95.122265, 29.088551],
              [-95.1222523448321, 29.0887514449895]
            ]
          ],
          [
            [
              [-95.232338, 29.469719],
              [-95.213606, 29.558453],
              [-95.160724, 29.49749],
              [-95.049883, 29.558477],
              [-94.909465, 29.496838],
              [-94.951849, 29.467527],
              [-94.864366, 29.370511],
              [-94.906596, 29.35598],
              [-94.900035, 29.302364],
              [-94.941977, 29.313478],
              [-95.0570919119968, 29.2005222228872],
              [-95.233081, 29.465566],
              [-95.232338, 29.469719]
            ]
          ],
          [
            [
              [-97.087059, 32.36528],
              [-97.087054, 32.549263],
              [-96.529412, 32.545277],
              [-96.498216, 32.453729],
              [-96.434278, 32.410853],
              [-96.451453, 32.344679],
              [-96.38291, 32.328929],
              [-96.940656, 32.052087],
              [-97.087043, 32.266824],
              [-97.087056, 32.36187],
              [-97.087059, 32.36528]
            ]
          ],
          [
            [
              [-98.049886, 30.624155],
              [-97.96286, 30.785641],
              [-97.8281, 30.904414],
              [-97.624051, 30.870004],
              [-97.269949, 30.735362],
              [-97.155219, 30.457344],
              [-97.334463, 30.402843],
              [-97.572076, 30.500257],
              [-97.77634, 30.429768],
              [-97.926985, 30.567654],
              [-97.917063, 30.604871],
              [-98.040294, 30.618204],
              [-98.049886, 30.624155]
            ]
          ],
          [
            [
              [-97.2404693981065, 26.411187847471],
              [-97.153712, 26.067582],
              [-97.241512, 26.408334],
              [-97.2404693981065, 26.411187847471]
            ]
          ],
          [
            [
              [-97.862167, 26.061112],
              [-97.861875, 26.348156],
              [-97.527582, 26.299304],
              [-97.507656, 26.334724],
              [-97.445383, 26.325819],
              [-97.382259, 26.410937],
              [-97.3487421850313, 26.4110407453481],
              [-97.2812, 26.280513],
              [-97.324339, 26.277316],
              [-97.282753, 26.11909],
              [-97.312538, 26.120344],
              [-97.195675, 26.046559],
              [-97.149662, 26.064136],
              [-97.147277, 25.953324],
              [-97.348274, 25.931143],
              [-97.394513, 25.837377],
              [-97.521762, 25.886458],
              [-97.662728, 26.038078],
              [-97.86139, 26.054184],
              [-97.862167, 26.061112]
            ]
          ],
          [
            [
              [-96.870765, 32.086564],
              [-96.38291, 32.328929],
              [-96.193685, 32.204221],
              [-96.146799, 32.211937],
              [-96.17584, 32.168241],
              [-96.104429, 32.152656],
              [-96.117827, 32.094977],
              [-96.06601, 32.085812],
              [-96.05478, 32.012526],
              [-96.496713, 31.796191],
              [-96.719114, 31.814887],
              [-96.896209, 32.073977],
              [-96.870765, 32.086564]
            ]
          ],
          [
            [
              [-96.188314, 30.599614],
              [-96.16837, 30.822997],
              [-95.863059, 30.864125],
              [-95.804306, 30.24557],
              [-96.104367, 30.231473],
              [-96.094404, 30.309371],
              [-96.15463, 30.330288],
              [-96.147418, 30.382322],
              [-96.079969, 30.43003],
              [-96.129821, 30.452384],
              [-96.187765, 30.598737],
              [-96.188314, 30.599614]
            ]
          ],
          [
            [
              [-98.646124, 29.745181],
              [-98.2976, 30.037994],
              [-98.030523, 29.848539],
              [-97.999271, 29.752444],
              [-98.310928, 29.594473],
              [-98.384341, 29.676534],
              [-98.352589, 29.734365],
              [-98.646231, 29.743602],
              [-98.646124, 29.745181]
            ]
          ],
          [
            [
              [-99.484755, 30.940605],
              [-98.964612, 30.921368],
              [-98.963864, 30.795351],
              [-98.964232, 30.498482],
              [-99.484493, 30.499641],
              [-99.484746, 30.933885],
              [-99.484755, 30.940605]
            ]
          ],
          [
            [
              [-97.945625, 32.233468],
              [-97.78276, 32.316493],
              [-97.615557, 32.318617],
              [-97.615055, 32.203581],
              [-97.864864, 32.087328],
              [-97.940474, 32.221738],
              [-97.945625, 32.233468]
            ]
          ],
          [
            [
              [-96.601831, 30.641926],
              [-96.581519, 30.68889],
              [-96.45763, 30.744474],
              [-96.349364, 30.911423],
              [-96.24102, 30.973737],
              [-96.16837, 30.822997],
              [-96.188314, 30.599614],
              [-96.129821, 30.452384],
              [-96.079969, 30.43003],
              [-96.147418, 30.382322],
              [-96.15463, 30.330288],
              [-96.1945, 30.39989],
              [-96.272455, 30.358468],
              [-96.306931, 30.394586],
              [-96.272323, 30.410202],
              [-96.28485, 30.448089],
              [-96.340007, 30.47263],
              [-96.35941, 30.542604],
              [-96.601708, 30.640535],
              [-96.601831, 30.641926]
            ]
          ],
          [
            [
              [-97.258102, 26.425439],
              [-97.255963, 26.427035],
              [-97.252398, 26.426503],
              [-97.251091, 26.424162],
              [-97.250378, 26.420969],
              [-97.251091, 26.417776],
              [-97.251685, 26.415222],
              [-97.25323, 26.414903],
              [-97.254893, 26.415222],
              [-97.256438, 26.418309],
              [-97.25727, 26.421608],
              [-97.258102, 26.425439]
            ]
          ],
          [
            [
              [-97.3099, 26.570253],
              [-97.2901508197356, 26.6003496604565],
              [-97.277559, 26.565788],
              [-97.310048, 26.566509],
              [-97.3099, 26.570253]
            ]
          ],
          [
            [
              [-97.325911, 26.560805],
              [-97.27188, 26.559943],
              [-97.2249460830257, 26.4112025299087],
              [-97.286033, 26.547158],
              [-97.326563, 26.558786],
              [-97.325911, 26.560805]
            ]
          ],
          [
            [
              [-98.004189, 26.448784],
              [-97.957405, 26.611769],
              [-97.4406253935305, 26.5999080179936],
              [-97.413112, 26.481197],
              [-97.3487421850313, 26.4110407453481],
              [-97.527582, 26.299304],
              [-97.861875, 26.348156],
              [-97.862227, 26.433579],
              [-98.000378, 26.448222],
              [-98.004189, 26.448784]
            ]
          ],
          [
            [
              [-102.085733, 33.824675],
              [-101.56358, 33.830451],
              [-101.556884, 33.39476],
              [-102.075929, 33.389586],
              [-102.085391, 33.809869],
              [-102.085733, 33.824675]
            ]
          ],
          [
            [
              [-101.27431, 31.119624],
              [-101.267947, 31.528688],
              [-100.693299, 31.523956],
              [-100.688764, 31.086576],
              [-101.274799, 31.079379],
              [-101.27431, 31.119624]
            ]
          ],
          [
            [
              [-99.991327, 33.36341],
              [-99.99098, 33.397404],
              [-99.472444, 33.399023],
              [-99.471258, 32.957025],
              [-99.988827, 32.960121],
              [-99.990943, 33.340837],
              [-99.991327, 33.36341]
            ]
          ],
          [
            [
              [-98.459241, 31.010378],
              [-97.911689, 31.035009],
              [-97.8281, 30.904414],
              [-97.96286, 30.785641],
              [-98.125481, 30.426164],
              [-98.351041, 30.486096],
              [-98.352057, 30.558472],
              [-98.410599, 30.573589],
              [-98.441643, 30.669157],
              [-98.371434, 30.742064],
              [-98.42663, 30.751527],
              [-98.432543, 30.78858],
              [-98.376877, 30.83489],
              [-98.456352, 30.876455],
              [-98.414508, 30.94211],
              [-98.459235, 31.007745],
              [-98.459241, 31.010378]
            ]
          ],
          [
            [
              [-99.395944, 28.500263],
              [-99.395736, 28.640784],
              [-98.800841, 28.647487],
              [-98.803325, 28.05748],
              [-99.388946, 28.030419],
              [-99.396681, 28.500268],
              [-99.395944, 28.500263]
            ]
          ],
          [
            [
              [-96.938587, 29.063244],
              [-96.658466, 29.263876],
              [-96.309178, 28.963291],
              [-96.323522, 28.675597],
              [-96.404445, 28.674409],
              [-96.39954, 28.730231],
              [-96.57829, 28.696939],
              [-96.587544, 28.726175],
              [-96.658878, 28.719723],
              [-96.723088, 28.821188],
              [-96.702718, 28.851023],
              [-96.791665, 28.918299],
              [-96.832103, 29.021299],
              [-96.923454, 29.05751],
              [-96.938587, 29.063244]
            ]
          ],
          [
            [
              [-101.629396, 34.750056],
              [-101.622941, 35.183117],
              [-101.086281, 35.18214],
              [-101.090749, 34.748246],
              [-101.629257, 34.747649],
              [-101.629396, 34.750056]
            ]
          ],
          [
            [
              [-101.038883, 33.305705],
              [-101.038788, 33.397214],
              [-100.517449, 33.397866],
              [-100.517092, 33.226006],
              [-100.519208, 32.962926],
              [-100.990181, 32.965023],
              [-101.03866, 32.970225],
              [-101.038862, 33.252272],
              [-101.038883, 33.305705]
            ]
          ],
          [
            [
              [-95.152964, 32.607121],
              [-95.15211, 32.902641],
              [-94.719942, 32.904502],
              [-94.672351, 32.834756],
              [-94.702138, 32.820515],
              [-94.70179, 32.652209],
              [-94.745629, 32.667507],
              [-94.820308, 32.590622],
              [-95.008686, 32.516813],
              [-95.15341, 32.570115],
              [-95.152964, 32.607121]
            ]
          ],
          [
            [
              [-103.043979, 34.312764],
              [-103.042769, 34.747361],
              [-102.525184, 34.746931],
              [-102.525631, 34.313034],
              [-103.043978936987, 34.312749083575],
              [-103.043979, 34.312764]
            ]
          ],
          [
            [
              [-97.111715, 27.893067],
              [-97.108388, 27.895588],
              [-97.107199, 27.897058],
              [-97.106486, 27.899264],
              [-97.10613, 27.900629],
              [-97.102921, 27.90336],
              [-97.098049, 27.903885],
              [-97.097217, 27.903465],
              [-97.099831, 27.901574],
              [-97.103278, 27.898529],
              [-97.105179, 27.897373],
              [-97.106011, 27.895273],
              [-97.107675, 27.893907],
              [-97.108982, 27.892017],
              [-97.111715, 27.893067]
            ]
          ],
          [
            [
              [-97.12657, 27.909556],
              [-97.125025, 27.912917],
              [-97.123005, 27.912601],
              [-97.122054, 27.911341],
              [-97.122648, 27.910081],
              [-97.124431, 27.909031],
              [-97.125738, 27.907456],
              [-97.127164, 27.908086],
              [-97.12657, 27.909556]
            ]
          ],
          [
            [
              [-97.127046, 27.841063],
              [-97.0720926836424, 27.9009696492849],
              [-97.060971, 27.846317],
              [-97.129898, 27.839487],
              [-97.127046, 27.841063]
            ]
          ],
          [
            [
              [-97.131716, 27.896018],
              [-97.113415, 27.892132],
              [-97.110206, 27.890662],
              [-97.110206, 27.889191],
              [-97.112107, 27.888351],
              [-97.114247, 27.886985],
              [-97.11591, 27.88583],
              [-97.11698, 27.885515],
              [-97.118287, 27.88562],
              [-97.117931, 27.888246],
              [-97.118287, 27.890662],
              [-97.129577, 27.893393],
              [-97.131954, 27.894443],
              [-97.131716, 27.896018]
            ]
          ],
          [
            [
              [-97.132548, 27.898854],
              [-97.129458, 27.904421],
              [-97.128864, 27.905051],
              [-97.127081, 27.904],
              [-97.1272, 27.902425],
              [-97.127081, 27.90085],
              [-97.127319, 27.900115],
              [-97.129696, 27.897489],
              [-97.132191, 27.898119],
              [-97.132548, 27.898854]
            ]
          ],
          [
            [
              [-97.137131, 27.902861],
              [-97.136312, 27.90439],
              [-97.135251, 27.903003],
              [-97.1337829631538, 27.9012317118527],
              [-97.1338567153459, 27.9011057168011],
              [-97.134806, 27.899484],
              [-97.134910798702, 27.8991665808545],
              [-97.1353500134097, 27.8978362670764],
              [-97.136995, 27.899203],
              [-97.138515, 27.900826],
              [-97.137131, 27.902861]
            ]
          ],
          [
            [
              [-97.141223, 27.853158],
              [-97.138728, 27.855784],
              [-97.136945, 27.853788],
              [-97.13647, 27.851056],
              [-97.13742, 27.849375],
              [-97.14051, 27.849375],
              [-97.143362, 27.84948],
              [-97.141223, 27.853158]
            ]
          ],
          [
            [
              [-97.1488192244165, 27.8852103680431],
              [-97.146449, 27.889031],
              [-97.142634, 27.894718],
              [-97.138613, 27.893729],
              [-97.138377, 27.89363],
              [-97.1375368020641, 27.8936861881803],
              [-97.138133, 27.892657],
              [-97.141342, 27.88667],
              [-97.1434723356801, 27.88420804896],
              [-97.144432, 27.883099],
              [-97.147641, 27.88646],
              [-97.1488192244165, 27.8852103680431]
            ]
          ],
          [
            [
              [-97.150849, 27.875851],
              [-97.149067, 27.877531],
              [-97.146927, 27.878267],
              [-97.14467, 27.880893],
              [-97.143362, 27.881523],
              [-97.142055, 27.881103],
              [-97.14158, 27.879527],
              [-97.142412, 27.878582],
              [-97.143719, 27.878372],
              [-97.145383, 27.876586],
              [-97.147403, 27.875641],
              [-97.149423, 27.874905],
              [-97.150493, 27.874905],
              [-97.150849, 27.875851]
            ]
          ],
          [
            [
              [-97.164081, 27.820608],
              [-97.156335, 27.821671],
              [-97.153359, 27.821892],
              [-97.149675, 27.821534],
              [-97.145975, 27.820915],
              [-97.144241, 27.821221],
              [-97.142876, 27.820424],
              [-97.143894, 27.818665],
              [-97.144236, 27.817428],
              [-97.14509, 27.816568],
              [-97.147657, 27.8161],
              [-97.151424, 27.817099],
              [-97.151189, 27.819594],
              [-97.154096, 27.819916],
              [-97.157504, 27.816902],
              [-97.160594, 27.816376],
              [-97.163449, 27.817218],
              [-97.16404, 27.818058],
              [-97.164081, 27.820608]
            ]
          ],
          [
            [
              [-97.174363, 27.755266],
              [-97.173649, 27.756949],
              [-97.173531, 27.758736],
              [-97.1729589866951, 27.760182533646],
              [-97.172699, 27.76084],
              [-97.170441, 27.761996],
              [-97.168658, 27.764099],
              [-97.167113, 27.76452],
              [-97.164855, 27.763994],
              [-97.164855, 27.762943],
              [-97.166044, 27.761365],
              [-97.166757, 27.759262],
              [-97.168539, 27.758421],
              [-97.168539, 27.757054],
              [-97.167589, 27.755687],
              [-97.1677111292027, 27.7555017511371],
              [-97.168421, 27.754425],
              [-97.170203, 27.753373],
              [-97.172699, 27.752952],
              [-97.1746, 27.753899],
              [-97.174363, 27.755266]
            ]
          ],
          [
            [
              [-97.190304, 27.816481],
              [-97.185432, 27.816902],
              [-97.181985, 27.817007],
              [-97.179846, 27.818268],
              [-97.178539, 27.818373],
              [-97.177469, 27.817532],
              [-97.177469, 27.814589],
              [-97.178895, 27.814484],
              [-97.18555, 27.812802],
              [-97.187808, 27.812802],
              [-97.188759, 27.813959],
              [-97.192918, 27.815325],
              [-97.190304, 27.816481]
            ]
          ],
          [
            [
              [-97.220254, 27.810178],
              [-97.216251, 27.811316],
              [-97.208982, 27.812876],
              [-97.204089, 27.813853],
              [-97.199283, 27.814309],
              [-97.196829, 27.814689],
              [-97.196365, 27.813959],
              [-97.197316, 27.812592],
              [-97.200524, 27.811751],
              [-97.202663, 27.810175],
              [-97.204407, 27.808028],
              [-97.207298, 27.807336],
              [-97.214666, 27.807336],
              [-97.217133, 27.808597],
              [-97.220493, 27.809208],
              [-97.220254, 27.810178]
            ]
          ],
          [
            [
              [-97.246468, 27.682484],
              [-97.215538, 27.682827],
              [-97.231522, 27.640894],
              [-97.2463, 27.675953],
              [-97.246468, 27.682484]
            ]
          ],
          [
            [
              [-97.265632, 27.580339],
              [-97.121479, 27.785129],
              [-97.135383, 27.824549],
              [-97.044846, 27.834466],
              [-97.2226506131795, 27.5764948600858],
              [-97.2681595636956, 27.5759713728181],
              [-97.265632, 27.580339]
            ]
          ],
          [
            [
              [-97.267554, 27.873687],
              [-97.238189, 27.840749],
              [-97.268282, 27.87274],
              [-97.267554, 27.873687]
            ]
          ],
          [
            [
              [-97.940065, 27.670767],
              [-97.934274, 27.885202],
              [-97.798517, 27.995659],
              [-97.806798, 27.934712],
              [-97.690514, 27.916969],
              [-97.638174, 27.865594],
              [-97.626973, 27.895398],
              [-97.472073, 27.824154],
              [-97.385677, 27.840023],
              [-97.368355, 27.741683],
              [-97.243544, 27.689227],
              [-97.325216, 27.560896],
              [-97.840678, 27.558358],
              [-97.942146, 27.635932],
              [-97.940065, 27.670767]
            ]
          ],
          [
            [
              [-99.118404, 32.124739],
              [-99.114293, 32.514811],
              [-98.475177, 32.513039],
              [-98.474685, 32.299084],
              [-98.924401, 32.078018],
              [-99.118665, 32.079585],
              [-99.118404, 32.124739]
            ]
          ],
          [
            [
              [-97.305916, 28.864037],
              [-96.976378, 29.104046],
              [-96.832103, 29.021299],
              [-96.642349, 28.717243],
              [-96.930367, 28.586728],
              [-96.895139, 28.548863],
              [-96.910159, 28.488964],
              [-97.044762, 28.549826],
              [-97.160167, 28.5502],
              [-97.160649, 28.78258],
              [-97.204191, 28.854788],
              [-97.304748, 28.863453],
              [-97.305916, 28.864037]
            ]
          ],
          [
            [
              [-97.398388, 26.867894],
              [-97.389867, 27.20496],
              [-97.3475797525063, 27.2779639491206],
              [-97.376129, 26.960398],
              [-97.2901508197356, 26.6003496604565],
              [-97.394228, 26.855172],
              [-97.398388, 26.867894]
            ]
          ],
          [
            [
              [-97.423463, 26.752176],
              [-97.422037, 26.751752],
              [-97.41455, 26.752919],
              [-97.412648, 26.751858],
              [-97.413837, 26.749099],
              [-97.415144, 26.74687],
              [-97.415738, 26.742944],
              [-97.415382, 26.740715],
              [-97.41764, 26.739972],
              [-97.419898, 26.739972],
              [-97.423106, 26.740715],
              [-97.422987, 26.744854],
              [-97.424057, 26.750478],
              [-97.423463, 26.752176]
            ]
          ],
          [
            [
              [-97.985887, 27.209308],
              [-97.784181, 27.283811],
              [-97.54291, 27.229213],
              [-97.422593, 27.262045],
              [-97.4569, 26.882577],
              [-97.410223, 26.874354],
              [-97.460284, 26.847287],
              [-97.413841, 26.815111],
              [-97.478605, 26.806675],
              [-97.4406253935305, 26.5999080179936],
              [-97.985303, 26.615809],
              [-97.985879, 27.170449],
              [-97.985887, 27.209308]
            ]
          ],
          [
            [
              [-99.631246, 32.145067],
              [-99.629579, 32.514657],
              [-99.114049, 32.500126],
              [-99.118665, 32.079585],
              [-99.631413, 32.081274],
              [-99.631246, 32.145067]
            ]
          ],
          [
            [
              [-103.585084, 30.76647],
              [-103.01104, 31.371306],
              [-102.826735, 31.266881],
              [-102.676104, 31.330084],
              [-102.442056, 31.212566],
              [-102.406153, 31.08787],
              [-102.189777, 31.003352],
              [-101.984718, 30.987439],
              [-101.883436, 30.925647],
              [-101.768377, 30.652938],
              [-102.137778, 30.655982],
              [-102.138406, 30.597521],
              [-102.342986, 30.598759],
              [-102.343085, 30.284116],
              [-102.566937, 30.283269],
              [-102.567049, 30.052808],
              [-103.57414, 30.759137],
              [-103.585084, 30.76647]
            ]
          ],
          [
            [
              [-100.960649, 30.665484],
              [-100.960587, 30.706071],
              [-100.116234, 30.710366],
              [-100.116461, 30.290296],
              [-100.960643, 30.287776],
              [-100.960749, 30.502348],
              [-100.960649, 30.665484]
            ]
          ],
          [
            [
              [-100.116031, 30.944227],
              [-100.115216, 31.087994],
              [-99.603223, 31.087296],
              [-99.603627, 30.940726],
              [-99.484755, 30.940605],
              [-99.483869, 30.710771],
              [-100.116234, 30.710366],
              [-100.116031, 30.944227]
            ]
          ],
          [
            [
              [-101.56358, 33.830451],
              [-101.041158, 33.833625],
              [-101.038788, 33.397214],
              [-101.556884, 33.39476],
              [-101.563064, 33.798143],
              [-101.56358, 33.830451]
            ]
          ],
          [
            [
              [-94.653997, 33.058674],
              [-94.65226, 33.268861],
              [-94.578978, 33.247785],
              [-94.468442, 33.294313],
              [-94.259313, 33.237046],
              [-94.164377, 33.312057],
              [-94.056144, 33.298036],
              [-94.04273, 33.241823],
              [-94.0428857174211, 32.881088560255],
              [-94.653994, 32.879506],
              [-94.653774, 33.028278],
              [-94.653997, 33.058674]
            ]
          ],
          [
            [
              [-103.046907, 33.8503],
              [-103.043978936987, 34.312749083575],
              [-102.61515, 34.312891],
              [-102.615447, 33.825121],
              [-103.047346, 33.824675],
              [-103.046907, 33.8503]
            ]
          ],
          [
            [
              [-95.83024, 30.630284],
              [-95.598878, 30.50898],
              [-95.361866, 30.508916],
              [-95.308395, 30.40575],
              [-95.203801, 30.352012],
              [-95.226494, 30.319865],
              [-95.165897, 30.344976],
              [-95.096708, 30.167214],
              [-95.292997, 30.027905],
              [-95.424216, 30.115491],
              [-95.487878, 30.107808],
              [-95.541399, 30.170279],
              [-95.668303, 30.101723],
              [-95.80333, 30.090096],
              [-95.829039, 30.618219],
              [-95.83024, 30.630284]
            ]
          ],
          [
            [
              [-94.460167, 31.03092],
              [-93.911126, 31.158071],
              [-93.865711, 30.947218],
              [-93.901452, 30.242672],
              [-94.117604, 30.241665],
              [-94.08292, 30.345654],
              [-94.119394, 30.426298],
              [-94.06699, 30.531936],
              [-94.095864, 30.576781],
              [-94.053078, 30.648482],
              [-94.125824, 30.684052],
              [-94.238424, 31.013705],
              [-94.29319, 31.04282],
              [-94.451127, 31.003445],
              [-94.458733, 31.030183],
              [-94.460167, 31.03092]
            ]
          ],
          [
            [
              [-101.691284, 32.961838],
              [-101.173378, 32.963597],
              [-101.174571, 32.524112],
              [-101.68874, 32.525222],
              [-101.691094, 32.886346],
              [-101.691284, 32.961838]
            ]
          ],
          [
            [
              [-101.56504, 34.1898],
              [-101.564856, 34.312493],
              [-101.041484, 34.312444],
              [-101.041158, 33.833625],
              [-101.56358, 33.830451],
              [-101.565006, 34.184523],
              [-101.56504, 34.1898]
            ]
          ],
          [
            [
              [-100.665157, 32.099986],
              [-100.660626, 32.525312],
              [-100.146543, 32.522793],
              [-100.151911, 32.082638],
              [-100.665353, 32.085407],
              [-100.665157, 32.099986]
            ]
          ],
          [
            [
              [-95.775353, 31.122051],
              [-95.728026, 31.161955],
              [-95.725728, 31.26987],
              [-95.656125, 31.322183],
              [-95.743198, 31.500618],
              [-95.651764, 31.541791],
              [-95.171913, 31.584878],
              [-95.099966, 31.518869],
              [-95.100323, 31.468196],
              [-95.007294, 31.444512],
              [-94.95811, 31.38693],
              [-95.624224, 30.927238],
              [-95.681305, 30.987499],
              [-95.629983, 31.05175],
              [-95.776881, 31.120871],
              [-95.775353, 31.122051]
            ]
          ],
          [
            [
              [-94.117956, 30.21685],
              [-93.703113, 30.239176],
              [-93.688552, 30.140374],
              [-93.734085, 30.08613],
              [-93.699396, 30.05925],
              [-93.789431, 29.987812],
              [-93.8543426408309, 29.8649909997958],
              [-93.859017, 29.976549],
              [-94.029476, 30.025513],
              [-94.027476, 30.066012],
              [-94.093539, 30.083684],
              [-94.117764, 30.215874],
              [-94.117956, 30.21685]
            ]
          ],
          [
            [
              [-101.041456, 33.98975],
              [-101.041484, 34.312444],
              [-100.51734, 34.314102],
              [-100.518691, 33.83565],
              [-101.041158, 33.833625],
              [-101.041592, 33.969059],
              [-101.041456, 33.98975]
            ]
          ],
          [
            [
              [-101.090753, 34.749809],
              [-101.086281, 35.18214],
              [-100.538978, 35.183144],
              [-100.540703, 34.747723],
              [-101.090749, 34.748246],
              [-101.090753, 34.749809]
            ]
          ],
          [
            [
              [-101.776085, 32.086925],
              [-101.264216, 32.087136],
              [-101.267122, 31.650854],
              [-101.775802, 31.651319],
              [-101.776016, 32.043894],
              [-101.776085, 32.086925]
            ]
          ],
          [
            [
              [-103.042775, 35.241237],
              [-103.041554, 35.622487],
              [-102.162809, 35.627515],
              [-102.167471, 35.183233],
              [-103.042377, 35.183149],
              [-103.042497, 35.211862],
              [-103.042775, 35.241237]
            ]
          ],
          [
            [
              [-99.4537956917325, 27.2650556463416],
              [-99.370621, 27.319174],
              [-99.33361, 27.273223],
              [-98.954669, 27.269397],
              [-98.95423, 26.785694],
              [-99.011112, 26.675023],
              [-99.1694639664008, 26.571673559574],
              [-99.268613, 26.843213],
              [-99.444932, 27.020419],
              [-99.452391, 27.264046],
              [-99.4537956917325, 27.2650556463416]
            ]
          ],
          [
            [
              [-97.920913, 33.054202],
              [-97.918189, 33.433873],
              [-97.383015, 33.43289],
              [-97.39848, 32.990839],
              [-97.921642, 33.001284],
              [-97.920913, 33.054202]
            ]
          ],
          [
            [
              [-100.112251, 29.450606],
              [-100.112098, 29.623263],
              [-99.411817, 29.627514],
              [-99.41226, 29.344947],
              [-99.41388, 29.091335],
              [-100.111406, 29.086318],
              [-100.112267, 29.441585],
              [-100.112251, 29.450606]
            ]
          ],
          [
            [
              [-100.212165531128, 28.1968371629783],
              [-99.394177, 28.204627],
              [-99.388946, 28.030419],
              [-98.803325, 28.05748],
              [-98.798087, 27.268012],
              [-99.33361, 27.273223],
              [-99.370621, 27.319174],
              [-99.484738, 27.259371],
              [-99.537771, 27.316073],
              [-99.479251, 27.478635],
              [-99.52832, 27.498896],
              [-99.512219, 27.568094],
              [-99.596231, 27.639858],
              [-99.711511, 27.658365],
              [-99.876553, 27.797359],
              [-99.931812, 27.980967],
              [-99.991447, 27.99456],
              [-100.086898, 28.146783],
              [-100.212105, 28.19651],
              [-100.212165531128, 28.1968371629783]
            ]
          ],
          [
            [
              [-94.70215, 32.456126],
              [-94.70214, 32.793088],
              [-94.507323, 32.693738],
              [-94.383855, 32.69334],
              [-94.256091, 32.751792],
              [-94.176401, 32.694694],
              [-94.101032, 32.738143],
              [-94.117205, 32.707248],
              [-94.0431469938267, 32.6930300000381],
              [-94.042901, 32.392283],
              [-94.35064, 32.326583],
              [-94.499876, 32.397805],
              [-94.645865, 32.399506],
              [-94.702195, 32.452408],
              [-94.70215, 32.456126]
            ]
          ],
          [
            [
              [-100.115147, 31.10562],
              [-100.111234, 31.580267],
              [-99.672864, 31.554795],
              [-99.677404, 31.497693],
              [-99.625426, 31.467429],
              [-99.60185, 31.49195],
              [-99.601533, 31.13232],
              [-99.603223, 31.087296],
              [-100.115216, 31.087994],
              [-100.115147, 31.10562]
            ]
          ],
          [
            [
              [-102.090415, 34.313132],
              [-101.564856, 34.312493],
              [-101.56358, 33.830451],
              [-102.085733, 33.824675],
              [-102.090112, 34.276772],
              [-102.090415, 34.313132]
            ]
          ],
          [
            [
              [-102.525793, 34.491399],
              [-102.525184, 34.746931],
              [-101.998493, 34.74819],
              [-101.99802, 34.313039],
              [-102.525631, 34.313034],
              [-102.525767, 34.470345],
              [-102.525793, 34.491399]
            ]
          ],
          [
            [
              [-102.211033, 32.177037],
              [-102.211037, 32.523244],
              [-101.68874, 32.525222],
              [-101.695011, 32.087532],
              [-102.211249, 32.0868],
              [-102.211033, 32.177037]
            ]
          ],
          [
            [
              [-99.996434, 33.835967],
              [-99.725026, 33.797473],
              [-99.639675, 33.818488],
              [-99.474436, 33.730715],
              [-99.472444, 33.399023],
              [-99.99098, 33.397404],
              [-99.996217, 33.824469],
              [-99.996434, 33.835967]
            ]
          ],
          [
            [
              [-98.180006, 31.463717],
              [-97.689834, 31.711019],
              [-97.418606, 31.320202],
              [-97.9071, 31.069374],
              [-98.170774, 31.450507],
              [-98.180006, 31.463717]
            ]
          ],
          [
            [
              [-102.076095, 32.964075],
              [-102.075929, 33.389586],
              [-101.556884, 33.39476],
              [-101.557434, 32.961025],
              [-102.076214, 32.959702],
              [-102.076095, 32.964075]
            ]
          ],
          [
            [
              [-98.190991, 28.882333],
              [-97.728443, 29.221748],
              [-97.613132, 29.109765],
              [-97.75511, 29.007113],
              [-97.574639, 28.8133],
              [-97.77853, 28.668027],
              [-97.915106, 28.719648],
              [-98.005252, 28.690239],
              [-98.184373, 28.875259],
              [-98.190991, 28.882333]
            ]
          ],
          [
            [
              [-97.486972, 33.448187],
              [-97.48403724377, 33.9157618691195],
              [-97.459068, 33.834581],
              [-97.410387, 33.818845],
              [-97.365507, 33.823763],
              [-97.332457, 33.884253],
              [-97.334616, 33.857231],
              [-97.310143, 33.888532],
              [-97.270314, 33.858221],
              [-97.206141, 33.91428],
              [-97.166629, 33.847311],
              [-97.203514, 33.821825],
              [-97.192817, 33.761169],
              [-97.121102, 33.717174],
              [-97.092112, 33.804097],
              [-97.048146, 33.817456],
              [-97.089464, 33.849847],
              [-97.021438, 33.846379],
              [-96.981337, 33.956378],
              [-96.944611, 33.949217],
              [-96.94371, 33.437583],
              [-97.487065, 33.433681],
              [-97.486972, 33.448187]
            ]
          ],
          [
            [
              [-94.978134, 31.793514],
              [-94.937532, 31.845555],
              [-94.451685, 31.844044],
              [-94.395278, 31.638636],
              [-94.310888, 31.589043],
              [-94.333904, 31.222776],
              [-94.502188, 31.410525],
              [-94.822528, 31.48386],
              [-94.883969, 31.529693],
              [-94.965946, 31.697758],
              [-94.967268, 31.753816],
              [-94.926266, 31.761858],
              [-94.977297, 31.791773],
              [-94.978134, 31.793514]
            ]
          ],
          [
            [
              [-98.924401, 32.078018],
              [-98.551158, 32.261436],
              [-98.327499, 31.941261],
              [-98.251211, 31.980127],
              [-98.156568, 31.841713],
              [-98.463736, 31.683989],
              [-98.492802, 31.723608],
              [-98.668441, 31.700514],
              [-98.9188, 32.069724],
              [-98.924401, 32.078018]
            ]
          ],
          [
            [
              [-103.064916, 32.85726],
              [-103.064657, 32.959097],
              [-102.20852, 32.958956],
              [-102.202703, 32.523271],
              [-103.064696, 32.522193],
              [-103.064889, 32.849359],
              [-103.064916, 32.85726]
            ]
          ],
          [
            [
              [-99.47565, 33.834005],
              [-98.953202, 33.834025],
              [-98.953938, 33.397534],
              [-99.472444, 33.399023],
              [-99.474498, 33.733849],
              [-99.47565, 33.834005]
            ]
          ],
          [
            [
              [-98.953191, 33.849934],
              [-98.9523575349127, 34.2125787665873],
              [-98.868116, 34.149635],
              [-98.749291, 34.124238],
              [-98.599789, 34.160571],
              [-98.486328, 34.062598],
              [-98.42523, 34.084799],
              [-98.423003, 33.836056],
              [-98.953202, 33.834025],
              [-98.953191, 33.849934]
            ]
          ],
          [
            [
              [-97.550527, 32.562576],
              [-97.544181, 32.994177],
              [-97.031007, 32.989691],
              [-97.038685, 32.548666],
              [-97.550582, 32.555391],
              [-97.550527, 32.562576]
            ]
          ],
          [
            [
              [-94.601853, 32.070107],
              [-94.491818, 32.394137],
              [-94.35064, 32.326583],
              [-94.042901, 32.392283],
              [-94.04272, 31.999265],
              [-94.0154203807042, 31.9801588291318],
              [-94.599978, 31.973193],
              [-94.60175, 32.056421],
              [-94.601853, 32.070107]
            ]
          ],
          [
            [
              [-98.068077, 32.523409],
              [-98.066836, 32.558822],
              [-97.617066, 32.555484],
              [-97.615557, 32.318617],
              [-97.78276, 32.316493],
              [-97.945625, 32.233468],
              [-98.068545, 32.511626],
              [-98.068077, 32.523409]
            ]
          ],
          [
            [
              [-97.278113, 31.279799],
              [-96.801123, 31.522269],
              [-96.596862, 31.2209],
              [-97.070057, 30.986031],
              [-97.277355, 31.278894],
              [-97.278113, 31.279799]
            ]
          ],
          [
            [
              [-97.979013, 33.617634],
              [-97.9778078897427, 33.8898833742718],
              [-97.834333, 33.857671],
              [-97.671772, 33.99137],
              [-97.590422, 33.954104],
              [-97.581078, 33.899679],
              [-97.48403724377, 33.9157618691195],
              [-97.487065, 33.433681],
              [-97.978967, 33.433748],
              [-97.979046, 33.605273],
              [-97.979013, 33.617634]
            ]
          ],
          [
            [
              [-98.953938, 33.397534],
              [-98.420436, 33.375104],
              [-98.427211, 32.9523],
              [-98.950875, 32.956918],
              [-98.953853, 33.33289],
              [-98.953938, 33.397534]
            ]
          ],
          [
            [
              [-95.165897, 30.344976],
              [-94.849414, 30.493553],
              [-94.732732, 30.490066],
              [-94.596338, 30.112101],
              [-94.44491, 30.113015],
              [-94.442235, 29.889538],
              [-94.98146, 29.884276],
              [-94.982095, 29.964754],
              [-95.031179, 29.993324],
              [-95.162558, 30.336365],
              [-95.165897, 30.344976]
            ]
          ],
          [
            [
              [-98.066726, 32.56236],
              [-98.056094, 33.003332],
              [-97.544172, 32.994651],
              [-97.550582, 32.555391],
              [-98.066836, 32.558822],
              [-98.066726, 32.56236]
            ]
          ],
          [
            [
              [-97.913847, 31.065882],
              [-97.418606, 31.320202],
              [-97.343426, 31.244215],
              [-97.278113, 31.279799],
              [-97.070057, 30.986031],
              [-97.258959, 30.889579],
              [-97.315485, 30.752363],
              [-97.624051, 30.870004],
              [-97.8281, 30.904414],
              [-97.912654, 31.050886],
              [-97.913847, 31.065882]
            ]
          ],
          [
            [
              [-99.413862, 29.093096],
              [-99.411817, 29.627514],
              [-98.983787, 29.62345],
              [-98.971383, 29.551842],
              [-98.806552, 29.690709],
              [-98.8049, 29.090434],
              [-99.41388, 29.091335],
              [-99.413862, 29.093096]
            ]
          ],
          [
            [
              [-99.203411, 31.758221],
              [-99.195871, 32.079235],
              [-98.924401, 32.078018],
              [-98.668441, 31.700514],
              [-98.759983, 31.687906],
              [-98.779951, 31.610735],
              [-99.097937, 31.448186],
              [-99.202768, 31.467234],
              [-99.203488, 31.726688],
              [-99.203411, 31.758221]
            ]
          ],
          [
            [
              [-102.167122, 35.208637],
              [-102.162752, 35.620035],
              [-101.6228, 35.620196],
              [-101.622941, 35.183117],
              [-102.167471, 35.183233],
              [-102.167122, 35.208637]
            ]
          ],
          [
            [
              [-102.163015, 36.055249],
              [-101.623466, 36.055405],
              [-101.623144, 35.985166],
              [-101.6228, 35.620196],
              [-102.162752, 35.620035],
              [-102.162757, 35.939056],
              [-102.163015, 36.055249]
            ]
          ],
          [
            [
              [-100.540158, 35.619296],
              [-100.000392, 35.619115],
              [-100.000385, 35.182702],
              [-100.538978, 35.183144],
              [-100.540101, 35.601236],
              [-100.540158, 35.619296]
            ]
          ],
          [
            [
              [-95.308718, 32.994562],
              [-95.308593, 33.37719],
              [-95.125451, 33.389454],
              [-95.124939, 33.160953],
              [-95.12613, 33.034581],
              [-95.172947, 32.961829],
              [-95.308957, 32.962572],
              [-95.308718, 32.994562]
            ]
          ],
          [
            [
              [-100.518378, 33.910158],
              [-100.51734, 34.314102],
              [-99.99772, 34.311829],
              [-99.997621, 34.224355],
              [-100.047028, 34.22978],
              [-100.04848, 33.835974],
              [-100.518691, 33.83565],
              [-100.518378, 33.910158]
            ]
          ],
          [
            [
              [-98.954304, 27.003078],
              [-98.954669, 27.269397],
              [-98.798087, 27.268012],
              [-98.798323, 27.354029],
              [-98.522293, 27.343284],
              [-98.536646, 27.265196],
              [-98.492943, 27.235012],
              [-98.466542, 27.054711],
              [-98.417883, 27.055285],
              [-98.422616, 26.783535],
              [-98.95423, 26.785694],
              [-98.95477, 26.934794],
              [-98.954304, 27.003078]
            ]
          ],
          [
            [
              [-99.612129, 32.93074],
              [-99.612001, 32.956962],
              [-99.096016, 32.957037],
              [-99.09605, 32.514768],
              [-99.612026, 32.514654],
              [-99.612222, 32.884045],
              [-99.612129, 32.93074]
            ]
          ],
          [
            [
              [-100.518691, 33.83565],
              [-99.996434, 33.835967],
              [-99.99098, 33.397404],
              [-100.517449, 33.397866],
              [-100.518489, 33.762422],
              [-100.518691, 33.83565]
            ]
          ],
          [
            [
              [-97.64937, 30.067944],
              [-97.492482, 30.210011],
              [-97.369491, 30.419642],
              [-97.081834, 30.259357],
              [-97.024461, 30.051435],
              [-97.315823, 29.786541],
              [-97.648097, 30.06689],
              [-97.64937, 30.067944]
            ]
          ],
          [
            [
              [-98.95383, 33.489589],
              [-98.953202, 33.834025],
              [-98.423577, 33.836047],
              [-98.420666, 33.396195],
              [-98.953938, 33.397534],
              [-98.95383, 33.489589]
            ]
          ],
          [
            [
              [-102.31805, 31.651327],
              [-101.775802, 31.651319],
              [-101.776191, 31.079784],
              [-102.301212, 31.086212],
              [-102.317406, 31.587431],
              [-102.31805, 31.651327]
            ]
          ],
          [
            [
              [-98.425741, 33.066165],
              [-98.421419, 33.466797],
              [-97.978919, 33.467129],
              [-97.978967, 33.433748],
              [-97.918189, 33.433873],
              [-97.921642, 33.001284],
              [-98.426553, 33.007913],
              [-98.425741, 33.066165]
            ]
          ],
          [
            [
              [-98.551158, 32.261436],
              [-98.474685, 32.299084],
              [-98.475177, 32.513039],
              [-98.068545, 32.511626],
              [-97.864864, 32.087328],
              [-98.208386, 31.917511],
              [-98.251211, 31.980127],
              [-98.327499, 31.941261],
              [-98.546064, 32.254116],
              [-98.551158, 32.261436]
            ]
          ],
          [
            [
              [-99.096016, 32.63218],
              [-99.096016, 32.957037],
              [-98.575616, 32.954349],
              [-98.576256, 32.515163],
              [-99.09605, 32.514768],
              [-99.096016, 32.63218]
            ]
          ],
          [
            [
              [-102.799086, 32.085795],
              [-102.287048, 32.086991],
              [-102.287345, 31.651276],
              [-102.798939, 31.651783],
              [-102.798782, 32.043351],
              [-102.799086, 32.085795]
            ]
          ],
          [
            [
              [-98.803325, 28.05748],
              [-98.235497, 28.057966],
              [-98.232464, 27.262487],
              [-98.523284, 27.26515],
              [-98.552617, 27.359101],
              [-98.798323, 27.354029],
              [-98.803059, 28.011162],
              [-98.803325, 28.05748]
            ]
          ],
          [
            [
              [-94.98694, 32.436461],
              [-94.986935, 32.537246],
              [-94.820308, 32.590622],
              [-94.745629, 32.667507],
              [-94.70179, 32.652209],
              [-94.701986, 32.421782],
              [-94.579219, 32.394916],
              [-94.600776, 32.360044],
              [-94.9864, 32.370837],
              [-94.986951, 32.43238],
              [-94.98694, 32.436461]
            ]
          ],
          [
            [
              [-101.085628, 36.243061],
              [-101.085156, 36.499244],
              [-100.546145, 36.499343],
              [-100.546037, 36.215326],
              [-100.546724, 36.056536],
              [-101.085716, 36.057572],
              [-101.085628, 36.243061]
            ]
          ],
          [
            [
              [-96.869116, 29.637928],
              [-96.569844, 29.961516],
              [-96.420791, 29.829247],
              [-96.343663, 29.829927],
              [-96.25976, 29.66933],
              [-96.175422, 29.633806],
              [-96.307672, 29.514523],
              [-96.348621, 29.406792],
              [-96.640315, 29.247804],
              [-96.560555, 29.335439],
              [-96.874222, 29.632706],
              [-96.869116, 29.637928]
            ]
          ],
          [
            [
              [-100.700393, 30.288276],
              [-99.754142, 30.290698],
              [-99.757621, 30.074132],
              [-99.967626, 30.082356],
              [-100.034865, 29.843111],
              [-100.024717, 29.728333],
              [-100.063741, 29.71106],
              [-100.014188, 29.623495],
              [-100.699932, 29.623897],
              [-100.699924, 30.261366],
              [-100.700393, 30.288276]
            ]
          ],
          [
            [
              [-97.239601, 29.385512],
              [-97.204087, 29.580613],
              [-97.142643, 29.628101],
              [-96.864996, 29.632706],
              [-96.560555, 29.335439],
              [-96.938587, 29.063244],
              [-97.240108, 29.384488],
              [-97.239601, 29.385512]
            ]
          ],
          [
            [
              [-99.603318, 29.740258],
              [-99.602776, 29.907679],
              [-99.27864, 29.904176],
              [-99.174858, 29.894414],
              [-98.778782, 29.720167],
              [-98.971383, 29.551842],
              [-98.983787, 29.62345],
              [-99.60313, 29.627181],
              [-99.603318, 29.740258]
            ]
          ],
          [
            [
              [-98.964612, 30.921368],
              [-98.445782, 30.921439],
              [-98.456352, 30.876455],
              [-98.376877, 30.83489],
              [-98.428956, 30.754272],
              [-98.371434, 30.742064],
              [-98.441759, 30.666352],
              [-98.351162, 30.512487],
              [-98.351041, 30.486096],
              [-98.964232, 30.498482],
              [-98.964535, 30.907015],
              [-98.964612, 30.921368]
            ]
          ],
          [
            [
              [-100.146071, 32.601172],
              [-100.144224, 32.959978],
              [-99.612001, 32.956962],
              [-99.612026, 32.514654],
              [-100.146543, 32.522793],
              [-100.146071, 32.601172]
            ]
          ],
          [
            [
              [-96.384737, 33.396956],
              [-96.3794039922769, 33.7258163072446],
              [-96.321103, 33.6951],
              [-96.293708, 33.769409],
              [-96.186554, 33.756375],
              [-96.14807, 33.837799],
              [-96.019599, 33.840566],
              [-96.003406, 33.872344],
              [-95.925787, 33.885],
              [-95.8463781777365, 33.8400397456755],
              [-95.858723, 33.40953],
              [-96.384495, 33.341119],
              [-96.384621, 33.396456],
              [-96.384737, 33.396956]
            ]
          ],
          [
            [
              [-96.518869, 32.832728],
              [-96.517011, 32.982862],
              [-96.297227, 32.981752],
              [-96.297376, 32.814185],
              [-96.51897, 32.813616],
              [-96.518869, 32.832728]
            ]
          ],
          [
            [
              [-99.603682, 30.980737],
              [-99.60185, 31.49195],
              [-99.536723, 31.483429],
              [-99.511477, 31.424401],
              [-99.470901, 31.421733],
              [-99.440824, 31.475009],
              [-99.314014, 31.409778],
              [-99.238447, 31.483127],
              [-99.090622, 31.460927],
              [-99.092317, 30.941002],
              [-99.603627, 30.940726],
              [-99.603682, 30.980737]
            ]
          ],
          [
            [
              [-101.693983, 32.163675],
              [-101.68874, 32.525222],
              [-101.174571, 32.524112],
              [-101.174607, 32.495252],
              [-101.183997, 32.087208],
              [-101.695011, 32.087532],
              [-101.693983, 32.163675]
            ]
          ],
          [
            [
              [-100.116657, 30.429348],
              [-100.116234, 30.710366],
              [-99.483869, 30.710771],
              [-99.484493, 30.499641],
              [-99.303996, 30.499832],
              [-99.301718, 30.286653],
              [-100.116461, 30.290296],
              [-100.116701, 30.340406],
              [-100.116657, 30.429348]
            ]
          ],
          [
            [
              [-103.056655, 33.388438],
              [-103.047346, 33.824675],
              [-102.615447, 33.825121],
              [-102.594836, 33.388489],
              [-103.056655304753, 33.3884164031742],
              [-103.056655, 33.388438]
            ]
          ],
          [
            [
              [-102.615447, 33.825121],
              [-102.085733, 33.824675],
              [-102.075929, 33.389586],
              [-102.594836, 33.388489],
              [-102.612245, 33.757045],
              [-102.615447, 33.825121]
            ]
          ],
          [
            [
              [-103.327279, 31.746954],
              [-103.326893, 32.000127],
              [-103.064423, 32.000518],
              [-103.064344, 32.087051],
              [-102.799086, 32.085795],
              [-102.797574, 31.77074],
              [-102.798939, 31.651783],
              [-103.327538, 31.65142],
              [-103.327279, 31.746954]
            ]
          ],
          [
            [
              [-98.920606, 29.989123],
              [-98.920147, 30.13829],
              [-98.587897, 30.138954],
              [-98.414018, 29.937557],
              [-98.646124, 29.745181],
              [-98.744017, 29.716475],
              [-98.917725, 29.781398],
              [-98.920593, 29.986794],
              [-98.920606, 29.989123]
            ]
          ],
          [
            [
              [-98.59167, 30.499875],
              [-98.411924, 30.502093],
              [-98.125556, 30.426186],
              [-98.2976, 30.037994],
              [-98.414018, 29.937557],
              [-98.587897, 30.138954],
              [-98.591523, 30.491159],
              [-98.59167, 30.499875]
            ]
          ],
          [
            [
              [-102.16309, 36.342469],
              [-102.162463, 36.500326],
              [-101.623915, 36.499528],
              [-101.623466, 36.055405],
              [-102.163015, 36.055249],
              [-102.163174, 36.278944],
              [-102.16309, 36.342469]
            ]
          ],
          [
            [
              [-97.315823, 29.786541],
              [-97.024461, 30.051435],
              [-96.794552, 30.160545],
              [-96.687141, 30.16435],
              [-96.569844, 29.961516],
              [-96.874222, 29.632706],
              [-97.143262, 29.628089],
              [-97.317893, 29.784658],
              [-97.315823, 29.786541]
            ]
          ],
          [
            [
              [-101.557618, 33.053168],
              [-101.556884, 33.39476],
              [-101.038788, 33.397214],
              [-101.03866, 32.970225],
              [-101.557434, 32.961025],
              [-101.557596, 33.033882],
              [-101.557618, 33.053168]
            ]
          ],
          [
            [
              [-101.62306, 35.483698],
              [-101.622831, 35.624057],
              [-101.086068, 35.625267],
              [-101.086281, 35.18214],
              [-101.622941, 35.183117],
              [-101.623458, 35.38747],
              [-101.62306, 35.483698]
            ]
          ],
          [
            [
              [-101.998493, 34.74819],
              [-101.471562, 34.747462],
              [-101.471379, 34.625233],
              [-101.47158, 34.31229],
              [-101.99802, 34.313039],
              [-101.998395, 34.647024],
              [-101.998493, 34.74819]
            ]
          ],
          [
            [
              [-100.063741, 29.71106],
              [-100.024717, 29.728333],
              [-100.034865, 29.843111],
              [-99.967626, 30.082356],
              [-99.689879, 30.073948],
              [-99.691215, 29.908582],
              [-99.602776, 29.907679],
              [-99.60313, 29.627181],
              [-100.014188, 29.623495],
              [-100.060339, 29.709552],
              [-100.063741, 29.71106]
            ]
          ],
          [
            [
              [-98.407336, 29.114435],
              [-98.137187, 29.440428],
              [-98.113175, 29.365667],
              [-97.840383, 29.376791],
              [-97.858782, 29.35289],
              [-97.728443, 29.221748],
              [-98.190991, 28.882333],
              [-98.403, 29.109802],
              [-98.407336, 29.114435]
            ]
          ],
          [
            [
              [-98.804878, 29.107015],
              [-98.804763, 29.250693],
              [-98.407336, 29.114435],
              [-98.098315, 28.786949],
              [-98.335031, 28.612658],
              [-98.335047, 28.648275],
              [-98.800848, 28.647306],
              [-98.8049, 29.090434],
              [-98.804878, 29.107015]
            ]
          ],
          [
            [
              [-101.041158, 33.833625],
              [-100.518691, 33.83565],
              [-100.517449, 33.397866],
              [-101.038788, 33.397214],
              [-101.040567, 33.732554],
              [-101.041158, 33.833625]
            ]
          ],
          [
            [
              [-97.840383, 29.376791],
              [-97.633176, 29.649863],
              [-97.597695, 29.630745],
              [-97.317893, 29.784658],
              [-97.130517, 29.643296],
              [-97.204087, 29.580613],
              [-97.240108, 29.384488],
              [-97.613132, 29.109765],
              [-97.858782, 29.35289],
              [-97.840383, 29.376791]
            ]
          ],
          [
            [
              [-96.297344, 32.867055],
              [-96.295413, 33.351936],
              [-95.858723, 33.40953],
              [-95.862521, 32.979571],
              [-95.9453, 32.979877],
              [-95.987259, 32.876415],
              [-95.934433, 32.837217],
              [-96.297236, 32.857287],
              [-96.297344, 32.867055]
            ]
          ],
          [
            [
              [-100.660612, 32.533268],
              [-100.65587, 32.963469],
              [-100.144224, 32.959978],
              [-100.146543, 32.522793],
              [-100.660626, 32.525312],
              [-100.660612, 32.533268]
            ]
          ],
          [
            [
              [-100.945462, 34.484497],
              [-100.944939, 34.748281],
              [-100.415895, 34.747525],
              [-100.415879, 34.528998],
              [-100.417783, 34.313524],
              [-100.946132, 34.312759],
              [-100.945462, 34.484497]
            ]
          ],
          [
            [
              [-102.594984, 33.007481],
              [-102.594836, 33.388489],
              [-102.075929, 33.389586],
              [-102.075382, 33.000093],
              [-102.076214, 32.959702],
              [-102.595023, 32.958831],
              [-102.594984, 33.007481]
            ]
          ],
          [
            [
              [-97.398265, 32.999963],
              [-97.383095, 33.43045],
              [-96.83411, 33.405498],
              [-96.844122, 32.987435],
              [-97.398459, 32.991732],
              [-97.398265, 32.999963]
            ]
          ],
          [
            [
              [-100.151842, 32.090639],
              [-100.146543, 32.522793],
              [-99.629639, 32.520713],
              [-99.631413, 32.081274],
              [-100.151911, 32.082638],
              [-100.151842, 32.090639]
            ]
          ],
          [
            [
              [-103.064696, 32.522193],
              [-102.211037, 32.523244],
              [-102.211249, 32.0868],
              [-102.799086, 32.085795],
              [-103.064344, 32.087051],
              [-103.064695803864, 32.5219230001425],
              [-103.064696, 32.522193]
            ]
          ],
          [
            [
              [-100.541237, 35.758661],
              [-100.540221, 36.056491],
              [-100.000399, 36.055677],
              [-100.000392, 35.619115],
              [-100.540158, 35.619296],
              [-100.54128, 35.750043],
              [-100.541237, 35.758661]
            ]
          ],
          [
            [
              [-99.303996, 30.499832],
              [-98.59167, 30.499875],
              [-98.588, 30.246296],
              [-98.587897, 30.138954],
              [-99.300988, 30.134298],
              [-99.303764, 30.472182],
              [-99.303996, 30.499832]
            ]
          ],
          [
            [
              [-103.043261, 35.125058],
              [-103.042377, 35.183149],
              [-102.167471, 35.183233],
              [-102.168838, 34.746612],
              [-103.042769, 34.747361],
              [-103.042642, 35.109913],
              [-103.043261, 35.125058]
            ]
          ],
          [
            [
              [-100.546265, 36.118284],
              [-100.546145, 36.499343],
              [-100.000406, 36.499702],
              [-100.000399, 36.055677],
              [-100.546724, 36.056536],
              [-100.546265, 36.118284]
            ]
          ],
          [
            [
              [-102.615595, 33.926692],
              [-102.61515, 34.312891],
              [-102.090415, 34.313132],
              [-102.085733, 33.824675],
              [-102.615447, 33.825121],
              [-102.615594, 33.911472],
              [-102.615595, 33.926692]
            ]
          ],
          [
            [
              [-97.60523, 31.587762],
              [-97.037266, 31.863079],
              [-96.801123, 31.522269],
              [-97.343426, 31.244215],
              [-97.593787, 31.572378],
              [-97.60523, 31.587762]
            ]
          ],
          [
            [
              [-98.335031, 28.612658],
              [-98.098315, 28.786949],
              [-98.005252, 28.690239],
              [-98.089764, 28.662979],
              [-97.808774, 28.183415],
              [-97.904081, 28.114228],
              [-97.883148, 28.0569],
              [-98.334323, 28.0578],
              [-98.334857, 28.594666],
              [-98.335031, 28.612658]
            ]
          ],
          [
            [
              [-97.617103, 32.470678],
              [-97.617066, 32.555484],
              [-97.087054, 32.549263],
              [-97.086117, 32.265471],
              [-97.475985, 32.181679],
              [-97.512854, 32.133966],
              [-97.615055, 32.203581],
              [-97.616607, 32.443246],
              [-97.617103, 32.470678]
            ]
          ],
          [
            [
              [-101.267839, 31.538177],
              [-100.865256, 31.562294],
              [-100.861099, 31.705418],
              [-100.235761, 31.69297],
              [-100.233783, 31.582196],
              [-100.111234, 31.580267],
              [-100.115216, 31.087994],
              [-100.688764, 31.086576],
              [-100.693299, 31.523956],
              [-101.267947, 31.528688],
              [-101.267839, 31.538177]
            ]
          ],
          [
            [
              [-98.576131, 32.572477],
              [-98.575616, 32.954349],
              [-98.427211, 32.9523],
              [-98.426553, 33.007913],
              [-98.056094, 33.003332],
              [-98.068545, 32.511626],
              [-98.576256, 32.515163],
              [-98.576131, 32.572477]
            ]
          ],
          [
            [
              [-102.287433, 31.873681],
              [-102.287048, 32.086991],
              [-101.776085, 32.086925],
              [-101.775802, 31.651319],
              [-102.287345, 31.651276],
              [-102.287446, 31.715456],
              [-102.287433, 31.873681]
            ]
          ],
          [
            [
              [-101.47205, 34.439125],
              [-101.471562, 34.747462],
              [-100.944939, 34.748281],
              [-100.946132, 34.312759],
              [-101.47158, 34.31229],
              [-101.472052, 34.434084],
              [-101.47205, 34.439125]
            ]
          ],
          [
            [
              [-100.797046, 29.235586],
              [-100.757822, 29.238325],
              [-100.746554, 29.3257],
              [-100.712195, 29.337884],
              [-100.699932, 29.623897],
              [-100.112098, 29.623263],
              [-100.111406, 29.086318],
              [-100.667522988428, 29.0842931847587],
              [-100.796751, 29.230963],
              [-100.797046, 29.235586]
            ]
          ],
          [
            [
              [-96.932215, 31.708887],
              [-96.719114, 31.814887],
              [-96.496713, 31.796191],
              [-96.236629, 31.413392],
              [-96.596862, 31.2209],
              [-96.91915, 31.690433],
              [-96.932215, 31.708887]
            ]
          ],
          [
            [
              [-97.751977, 29.009365],
              [-97.240108, 29.384488],
              [-96.976378, 29.104046],
              [-97.305916, 28.864037],
              [-97.41734, 28.925228],
              [-97.574639, 28.8133],
              [-97.75511, 29.007113],
              [-97.751977, 29.009365]
            ]
          ],
          [
            [
              [-98.423577, 33.836047],
              [-98.423533, 34.082843],
              [-98.365621, 34.156993],
              [-98.16912, 34.114171],
              [-98.109462, 34.154111],
              [-98.088203, 34.005481],
              [-97.94573, 33.989839],
              [-97.98454, 33.900703],
              [-97.978919, 33.467129],
              [-98.421419, 33.466797],
              [-98.423581, 33.750101],
              [-98.423577, 33.836047]
            ]
          ],
          [
            [
              [-101.174419, 32.627951],
              [-101.173378, 32.963597],
              [-100.65587, 32.963469],
              [-100.660626, 32.525312],
              [-101.174562, 32.527703],
              [-101.174726, 32.621002],
              [-101.174419, 32.627951]
            ]
          ],
          [
            [
              [-98.536646, 27.265196],
              [-97.986076, 27.260494],
              [-97.985494, 26.780917],
              [-98.422616, 26.783535],
              [-98.417883, 27.055285],
              [-98.466542, 27.054711],
              [-98.492943, 27.235012],
              [-98.53411, 27.261885],
              [-98.536646, 27.265196]
            ]
          ],
          [
            [
              [-100.540997, 34.750052],
              [-100.538978, 35.183144],
              [-100.000385, 35.182702],
              [-100.000381, 34.746358],
              [-100.540703, 34.747723],
              [-100.540997, 34.750052]
            ]
          ],
          [
            [
              [-101.775808, 31.122899],
              [-101.775802, 31.651319],
              [-101.267122, 31.650854],
              [-101.26763, 31.556462],
              [-101.274799, 31.079379],
              [-101.776191, 31.079784],
              [-101.775808, 31.122899]
            ]
          ],
          [
            [
              [-100.962176, 31.08249],
              [-100.115216, 31.087994],
              [-100.116234, 30.710366],
              [-100.960587, 30.706071],
              [-100.961911, 30.910537],
              [-100.962176, 31.08249]
            ]
          ],
          [
            [
              [-104.97961, 30.629363],
              [-104.102351, 31.105203],
              [-103.439976, 30.665939],
              [-103.80068, 30.412527],
              [-104.97995674349, 30.6292311244086],
              [-104.97961, 30.629363]
            ]
          ],
          [
            [
              [-104.980144, 30.625142],
              [-103.80068, 30.412527],
              [-103.792677472426, 29.2624694450609],
              [-104.038282, 29.320156],
              [-104.167443, 29.394744],
              [-104.212997, 29.48413],
              [-104.51293, 29.637247],
              [-104.683245, 29.929451],
              [-104.705967, 30.235001],
              [-104.859521, 30.390413],
              [-104.899001, 30.5704],
              [-104.980291, 30.62204],
              [-104.980144, 30.625142]
            ]
          ],
          [
            [
              [-100.518975, 32.993622],
              [-100.517449, 33.397866],
              [-99.99098, 33.397404],
              [-99.988827, 32.960121],
              [-100.519208, 32.962926],
              [-100.518975, 32.993622]
            ]
          ],
          [
            [
              [-102.168674, 34.790345],
              [-102.167471, 35.183233],
              [-101.622941, 35.183117],
              [-101.629257, 34.747649],
              [-102.168839, 34.747417],
              [-102.168674, 34.790345]
            ]
          ],
          [
            [
              [-101.183382, 32.117615],
              [-101.174562, 32.527703],
              [-100.660626, 32.525312],
              [-100.664125, 32.12513],
              [-100.665353, 32.085407],
              [-101.183997, 32.087208],
              [-101.183382, 32.117615]
            ]
          ],
          [
            [
              [-103.041924, 36.500439],
              [-102.162463, 36.500326],
              [-102.163015, 36.055249],
              [-102.539755, 36.055107],
              [-103.040824, 36.055231],
              [-103.041923915598, 36.5003531028134],
              [-103.041924, 36.500439]
            ]
          ],
          [
            [
              [-98.235497, 28.057966],
              [-97.883148, 28.0569],
              [-97.789154, 28.013589],
              [-97.934274, 27.885202],
              [-97.942146, 27.635932],
              [-98.0598, 27.635869],
              [-98.058078, 27.260981],
              [-98.232464, 27.262487],
              [-98.235422, 27.995728],
              [-98.235497, 28.057966]
            ]
          ],
          [
            [
              [-98.447266, 31.692529],
              [-98.156568, 31.841713],
              [-98.208386, 31.917511],
              [-98.005462, 32.017897],
              [-97.766431, 31.672461],
              [-98.27107, 31.416398],
              [-98.463736, 31.683989],
              [-98.447266, 31.692529]
            ]
          ],
          [
            [
              [-99.754142, 30.290698],
              [-99.301718, 30.286653],
              [-99.300988, 30.134298],
              [-98.920147, 30.13829],
              [-98.917725, 29.781398],
              [-99.176988, 29.895063],
              [-99.691215, 29.908582],
              [-99.689879, 30.073948],
              [-99.757621, 30.074132],
              [-99.754142, 30.290698]
            ]
          ],
          [
            [
              [-100.113881, 28.686667],
              [-100.111406, 29.086318],
              [-99.41388, 29.091335],
              [-99.409021, 28.640566],
              [-100.114336, 28.648122],
              [-100.113881, 28.686667]
            ]
          ],
          [
            [
              [-99.998006, 34.396821],
              [-99.9975014109467, 34.5604238870434],
              [-99.94572, 34.579273],
              [-99.69497, 34.378333],
              [-99.600026, 34.374688],
              [-99.574367, 34.418281],
              [-99.4750806916433, 34.395998351528],
              [-99.475294, 34.085618],
              [-99.5485, 34.055774],
              [-99.624954, 34.096646],
              [-99.772043, 34.093286],
              [-99.997621, 34.224355],
              [-99.997832, 34.390816],
              [-99.998006, 34.396821]
            ]
          ],
          [
            [
              [-99.472444, 33.399023],
              [-98.953938, 33.397534],
              [-98.950875, 32.956918],
              [-99.471258, 32.957025],
              [-99.472301, 33.358558],
              [-99.472444, 33.399023]
            ]
          ],
          [
            [
              [-104.917661, 31.885192],
              [-104.918359749142, 32.000415489556],
              [-104.024521, 32.00001],
              [-104.102351, 31.105203],
              [-104.917163, 30.663626],
              [-104.918495, 31.885206],
              [-104.917661, 31.885192]
            ]
          ],
          [
            [
              [-98.569645, 31.203269],
              [-98.180006, 31.463717],
              [-97.9071, 31.069374],
              [-97.911689, 31.035009],
              [-98.439711, 31.029647],
              [-98.48404, 31.06301],
              [-98.455598, 31.110905],
              [-98.527102, 31.090675],
              [-98.547196, 31.129205],
              [-98.50438, 31.16645],
              [-98.56916, 31.20127],
              [-98.569645, 31.203269]
            ]
          ],
          [
            [
              [-98.294174, 30.046801],
              [-98.172977, 30.356312],
              [-97.70879, 30.023451],
              [-97.999271, 29.752444],
              [-98.030523, 29.848539],
              [-98.2976, 30.037994],
              [-98.294174, 30.046801]
            ]
          ],
          [
            [
              [-101.267576, 31.567987],
              [-101.264216, 32.087136],
              [-100.821594, 32.08661],
              [-100.821673, 32.006174],
              [-100.82537, 31.696155],
              [-100.861099, 31.705418],
              [-100.865256, 31.562294],
              [-101.26763, 31.556462],
              [-101.267576, 31.567987]
            ]
          ],
          [
            [
              [-97.497086, 32.134345],
              [-97.475985, 32.181679],
              [-97.086117, 32.265471],
              [-96.940656, 32.052087],
              [-96.896209, 32.073977],
              [-96.719114, 31.814887],
              [-96.932215, 31.708887],
              [-97.037266, 31.863079],
              [-97.277265, 31.745492],
              [-97.32653, 31.78836],
              [-97.279529, 31.841271],
              [-97.439471, 31.929775],
              [-97.37757, 31.980076],
              [-97.426387, 32.028557],
              [-97.485968, 32.017611],
              [-97.497113, 32.132271],
              [-97.497086, 32.134345]
            ]
          ],
          [
            [
              [-103.80068, 30.412527],
              [-103.439976, 30.665939],
              [-102.320703761477, 29.8788549124151],
              [-102.388323, 29.761266],
              [-102.487252, 29.786585],
              [-102.548261, 29.744596],
              [-102.567663, 29.771463],
              [-102.67578, 29.743077],
              [-102.808692, 29.522319],
              [-102.812666, 29.400173],
              [-102.884364, 29.347729],
              [-102.906296, 29.260011],
              [-102.868468, 29.222879],
              [-102.996319, 29.178265],
              [-103.100134, 29.060675],
              [-103.115328, 28.98527],
              [-103.283457, 28.976945],
              [-103.330871, 29.042959],
              [-103.386505, 29.021648],
              [-103.470107, 29.066194],
              [-103.552572, 29.157335],
              [-103.6499, 29.15641],
              [-103.782054, 29.227983],
              [-103.798545, 30.310285],
              [-103.80068, 30.412527]
            ]
          ]
        ]
      }
    }
  ]
}
